rank	overlap	singleton_row	singleton_col	main_singleton	anti_singleton	cap_hex	residual_hex	a_extension_count	b_extension_count
0	20	5	9	0	1	1102040422400280228004844040811	0cbcebfa95b75d7f95375b7bb31f7ec	0	0
1	20	5	4	0	1	11020404224002802280048c0040811	0cbcebfa95b75d7f95375b73f31f7ec	0	0
2	19	7	9	0	1	1102040420400288228004844040811	0cbcebfa97b75d7795375b7bb31f7ec	0	0
3	19	7	4	0	1	11020404204002882280048c0040811	0cbcebfa97b75d7795375b73f31f7ec	0	0
4	18	2	8	0	0	008880a010a10424002450001005048	1d366f5ea7565bdbb7930fffe35afb5	0	0
5	18	6	9	0	1	1102040482400080328004844040811	0cbcebfa35b75f7f85375b7bb31f7ec	0	0
6	16	6	9	0	0	0088882010230024002418041005048	1d3667dea7d45fdbb79347fbe35afb5	0	0
7	16	2	8	0	0	0088882010830424002450001005048	1d3667dea7745bdbb7930fffe35afb5	0	0
8	16	3	8	0	0	00a080a010a10424000610081005060	1d1e6f5ea7565bdbb7b14ff7e35af9d	0	0
9	16	3	6	0	0	00a080a010a10424000610081005120	1d1e6f5ea7565bdbb7b14ff7e35aedd	0	0
10	16	2	8	0	0	00a080a010a10424000650001005060	1d1e6f5ea7565bdbb7b10fffe35af9d	0	0
11	16	3	4	0	1	11000604224002b0028000848040811	0cbee9fa95b75d4fb5375f7b731f7ec	0	0
12	16	4	4	0	0	1102020422400290220014044040809	0cbcedfa95b75d6f95b74bfbb31f7f4	0	0
13	15	3	6	0	0	009041500120028284014000a100904	1d2eaeaeb6d75d7d33b61fff525f6f9	0	0
14	15	2	6	0	0	009080a010a10424000611080005120	1d2e6f5ea7565bdbb7b14ef7f35aedd	0	0
15	15	8	8	0	0	00a0808010a10424000650081005060	1d1e6f7ea7565bdbb7b10ff7e35af9d	0	0
16	15	3	6	0	1	00a0c05001040160800308082110014	1d1e2faeb6f35e9f37b457f7d24ffe9	0	0
17	15	8	9	0	0	0108880010a10224002150041003028	1cb667fea7565ddbb7960ffbe35cfd5	0	0
18	15	1	2	0	1	11000514024000e0228004284040018	0cbeeaeab5b75f1f95375bd7b31ffe5	0	0
19	15	5	7	0	1	11000514024002a0028000a84010814	0cbeeaeab5b75d5fb5375f57b34f7e9	0	0
20	15	5	0	0	1	11000514024002a0028000a84050014	0cbeeaeab5b75d5fb5375f57b30ffe9	0	0
21	15	6	9	0	1	1102040480440088228000a44050011	0cbcebfa37b35f7795375f5bb30ffec	0	0
22	14	7	2	0	1	00184850010000c284014800a104120	1da6a7aeb6f75f3d33b617ff525bedd	0	0
23	14	10	9	0	0	0080089010a101240006180c0005028	1d3ee76ea7565edbb7b147f3f35afd5	0	0
24	14	10	6	0	0	0080089010a101240006500c0005028	1d3ee76ea7565edbb7b10ff3f35afd5	0	0
25	14	10	0	0	0	008008b000a101240006180c0005028	1d3ee74eb7565edbb7b147f3f35afd5	0	0
26	14	4	4	0	0	008808b0008301240004180c0005028	1d36e74eb7745edbb7b347f3f35afd5	0	0
27	14	1	6	0	0	0088882010830424000611081004120	1d3667dea7745bdbb7b14ef7e35bedd	0	0
28	14	6	8	0	0	00a0031801040042840148102110014	1d1eece6b6f35fbd33b617efd24ffe9	0	0
29	14	6	8	0	0	00a00a1801040042800348102110404	1d1ee5e6b6f35fbd37b417efd24fbf9	0	0
30	14	6	10	0	1	00a0481023000042800340908104044	1d1ea7ee94f75fbd37b41f6f725bfb9	0	0
31	14	6	6	0	0	00a080e000a10004100550041009028	1d1e6f1eb7565ffba7b20ffbe356fd5	0	0
32	14	2	4	0	1	00a08250010401608003480081040c0	1d1e6daeb6f35e9f37b417ff725bf3d	0	0
33	14	5	0	0	1	01068006024002a0028001884041014	1cb86ff8b5b75d5fb5375e77b31efe9	0	0
34	14	10	7	0	0	0400088480145021000302980012280	19bee77a37e30fdeb7b45d67f34dd7d	0	0
35	14	4	7	0	0	0c00088480145021000200b80012090	11bee77a37e30fdeb7b55f47f34df6d	0	0
36	14	6	2	0	0	0c000c0820144003040102211210280	11bee3f697e31ffcb3b65ddee14fd7d	0	0
37	14	5	3	0	1	1006021402400290020204824040850	0db8edeab5b75d6fb5b55b7db31f7ad	0	0
38	14	6	8	0	1	1020050c02400082260000a84050011	0d9eeaf2b5b75f7d91b75f57b30ffec	0	0
39	14	8	8	0	1	11000504014002a8028000a84010814	0cbeeafab6b75d57b5375f57b34f7e9	0	0
40	14	8	0	0	1	11000504024002a8028000a05050210	0cbeeafab5b75d57b5375f5fa30fded	0	0
41	14	6	8	0	1	1100050421400228028000a84010814	0cbeeafa96b75dd7b5375f57b34f7e9	0	0
42	14	7	7	0	1	11000514004002a8028000a84010814	0cbeeaeab7b75d57b5375f57b34f7e9	0	0
43	14	7	0	0	1	11000514004002a8028000a84050014	0cbeeaeab7b75d57b5375f57b30ffe9	0	0
44	14	5	7	0	0	1102011400500288028000a84010814	0cbceeeab7a75d77b5375f57b34f7e9	0	0
45	14	5	0	0	0	1102011400500288028000a84050014	0cbceeeab7a75d77b5375f57b30ffe9	0	0
46	14	6	6	0	1	1802040480440088228000a44050011	05bcebfa37b35f7795375f5bb30ffec	0	0
47	13	10	8	0	0	000a080410a002700024500410050a0	1db4e7faa7575d8fb7930ffbe35af5d	0	0
48	13	10	7	0	0	000a080410a00270002450041005120	1db4e7faa7575d8fb7930ffbe35aedd	0	0
49	13	5	4	0	0	000c220a0402111005000142800c500	1db2cdf4b3f54eefb2b75ebd7353afd	0	0
50	13	5	6	0	0	0014280a04020510050001428201108	1daac7f4b3f55aefb2b75ebd715eef5	0	0
51	13	2	4	0	0	0014a00286000914040101420009440	1daa4ffc31f756ebb3b65ebdf356bbd	0	0
52	13	10	4	0	1	002041180022113000034800a210104	1d9eaee6b7d54ecfb7b417ff514fef9	0	0
53	13	7	4	0	0	002441180020113000034800a210104	1d9aaee6b7d74ecfb7b417ff514fef9	0	0
54	13	10	7	0	1	0080089010a101240006480c0005028	1d3ee76ea7565edbb7b117f3f35afd5	0	0
55	13	10	6	0	0	008008b0002301240006180c0005028	1d3ee74eb7d45edbb7b147f3f35afd5	0	0
56	13	10	4	0	0	008008b0008301240006180c0005028	1d3ee74eb7745edbb7b147f3f35afd5	0	0
57	13	1	4	0	0	00888820108510240005110c0002028	1d3667dea7724fdbb7b24ef3f35dfd5	0	0
58	13	5	6	0	0	0088882014810104000511140009028	1d3667dea3765efbb7b24eebf356fd5	0	0
59	13	5	4	0	0	0088a02014810104000511140009028	1d364fdea3765efbb7b24eebf356fd5	0	0
60	13	2	6	0	0	0090091804020a1804010142000a440	1d2ee6e6b3f555e7b3b65ebdf355bbd	0	0
61	13	6	4	0	1	00a0821401040060800348108104084	1d1e6deab6f35f9f37b417ef725bf79	0	0
62	13	3	4	0	1	00a08250010401608003080881040c0	1d1e6daeb6f35e9f37b457f7725bf3d	0	0
63	13	8	6	0	1	00a0c01001040160840208282110014	1d1e2feeb6f35e9f33b557d7d24ffe9	0	0
64	13	8	4	0	1	00a0c01001040160840208288104044	1d1e2feeb6f35e9f33b557d7725bfb9	0	0
65	13	10	10	0	1	01000514014002a8028000a84010814	1cbeeaeab6b75d57b5375f57b34f7e9	0	0
66	13	10	3	0	1	01020114014002a8028000a84010814	1cbceeeab6b75d57b5375f57b34f7e9	0	0
67	13	3	3	0	0	01060114014002a8028000884010814	1cb8eeeab6b75d57b5375f77b34f7e9	0	0
68	13	4	6	0	0	0120882010250824000150041003028	1c9e67dea7d257dbb7b60ffbe35cfd5	0	0
69	13	9	4	0	1	01220004230001a02280042c0014011	1c9ceffa94f75e5f95375bd3f34bfec	0	0
70	13	3	4	0	1	01220084230001a02280040c0014011	1c9cef7a94f75e5f95375bf3f34bfec	0	0
71	13	7	4	0	0	018080a01081040c000611180003028	1c3e6f5ea7765bf3b7b14ee7f35cfd5	0	0
72	13	6	4	0	0	01808820108500240005110c0003028	1c3e67dea7725fdbb7b24ef3f35cfd5	0	0
73	13	5	8	0	0	01820114005002a0028000a05040a10	1c3ceeeab7a75d5fb5375f5fa31f5ed	0	0
74	13	5	10	0	0	0182011402100290028000a05040830	1c3ceeeab5e75d6fb5375f5fa31f7cd	0	0
75	13	6	1	0	1	01820414004200b0028001844040814	1c3cebeab7b55f4fb5375e7bb31f7e9	0	0
76	13	6	0	0	1	01820414004400b0028001844040814	1c3cebeab7b35f4fb5375e7bb31f7e9	0	0
77	13	10	4	0	0	0400482080145021000300b800120c0	19bea7de37e30fdeb7b45f47f34df3d	0	0
78	13	5	4	0	1	0408282080145020040104221012280	19b6c7de37e30fdfb3b65bdde34dd7d	0	0
79	13	5	4	0	0	0408282080145020040110209012280	19b6c7de37e30fdfb3b64fdf634dd7d	0	0
80	13	3	2	0	1	041021082403081800110112000c060	19aecef693f457e7b7a65eedf353f9d	0	0
81	13	6	4	0	1	0410220a00120818040101520009240	19aecdf4b7e557e7b3b65eadf356dbd	0	0
82	13	4	4	0	1	0410220a00130818000101520009240	19aecdf4b7e457e7b7b65eadf356dbd	0	0
83	13	2	4	0	1	0410220a00130818040101420009240	19aecdf4b7e457e7b3b65ebdf356dbd	0	0
84	13	6	4	0	0	0420031201040042840148108104084	199eececb6f35fbd33b617ef725bf79	0	0
85	13	7	10	0	0	0420094801000141800348088006140	199ee6b6b6f75ebe37b417f77359ebd	0	0
86	13	6	4	0	1	0420421201040060800348108104044	199eadecb6f35f9f37b417ef725bfb9	0	0
87	13	7	4	0	0	04800318010000c2840148102104024	193eece6b6f75f3d33b617efd25bfd9	0	0
88	13	6	4	0	0	0480031801040042840148102104024	193eece6b6f35fbd33b617efd25bfd9	0	0
89	13	7	4	0	0	04800550010001608003088881040c0	193eeaaeb6f75e9f37b45777725bf3d	0	0
90	13	6	2	0	0	0480091801040042840148102104024	193ee6e6b6f35fbd33b617efd25bfd9	0	0
91	13	1	6	0	0	048041108104016084010a082100024	193eaeee36f35e9f33b655f7d25ffd9	0	0
92	13	8	4	0	1	04804210010400c2840148102104024	193eadeeb6f35f3d33b617efd25bfd9	0	0
93	13	7	4	0	1	050204042002028c048004881110011	18bcebfa97f55d73b3375b77e24ffec	0	0
94	13	1	0	0	1	05020404220202a4009004881100030	18bcebfa95f55d5bb7275b77e25ffcd	0	0
95	13	5	7	0	0	0880089010a101200006180c0005028	153ee76ea7565edfb7b147f3f35afd5	0	0
96	13	4	7	0	0	0880089010a101201004180c0005028	153ee76ea7565edfa7b347f3f35afd5	0	0
97	13	6	10	0	1	0c000a028104400500030a110002a08	11bee5fc36f31ffab7b455eef35d5f5	0	0
98	13	9	7	0	0	11000114005002a8028000a84010814	0cbeeeeab7a75d57b5375f57b34f7e9	0	0
99	13	9	0	0	0	11000114005002a8028000a84050014	0cbeeeeab7a75d57b5375f57b30ffe9	0	0
100	13	3	4	0	1	1100050422400268028000281050014	0cbeeafa95b75d97b5375fd7e30ffe9	0	0
101	13	6	3	0	1	11000514004200a8028000a84050014	0cbeeaeab7b55f57b5375f57b30ffe9	0	0
102	13	5	9	0	1	1100051400420288048000a84050014	0cbeeaeab7b55d77b3375f57b30ffe9	0	0
103	13	5	2	0	1	1100051400420288048000a84050210	0cbeeaeab7b55d77b3375f57b30fded	0	0
104	13	4	9	0	1	11000514004202a8008000a84050014	0cbeeaeab7b55d57b7375f57b30ffe9	0	0
105	13	4	2	0	1	11000514004202a8008000a84050210	0cbeeaeab7b55d57b7375f57b30fded	0	0
106	13	6	0	0	0	1100051400500088248000a84050210	0cbeeaeab7a75f7793375f57b30fded	0	0
107	13	6	7	0	0	11000514005000a8028000a84010814	0cbeeaeab7a75f57b5375f57b34f7e9	0	0
108	13	6	2	0	0	11000514005000a8028000a84010890	0cbeeaeab7a75f57b5375f57b34f76d	0	0
109	13	6	0	0	0	11000514005000a8028000a84050014	0cbeeaeab7a75f57b5375f57b30ffe9	0	0
110	13	5	9	0	0	1102011400500288028000a24010814	0cbceeeab7a75d77b5375f5db34f7e9	0	0
111	13	5	4	0	0	1102011400500288028000aa0010814	0cbceeeab7a75d77b5375f55f34f7e9	0	0
112	13	5	4	0	1	11022000a3000290020104848040814	0cbccffe14f75d6fb5b65b7b731f7e9	0	0
113	13	6	6	0	0	1400088480144005000302980012280	09bee77a37e31ffab7b45d67f34dd7d	0	0
114	13	6	0	0	0	1400280480144005000302980012280	09bec7fa37e31ffab7b45d67f34dd7d	0	0
115	12	10	6	0	0	00104130012001a084010820a104120	1daeaeceb6d75e5f33b657df525bedd	0	0
116	12	3	6	0	0	0014280a04020510150001028201108	1daac7f4b3f55aefa2b75efd715eef5	0	0
117	12	10	7	0	1	002009180022113000034800a210104	1d9ee6e6b7d54ecfb7b417ff514fef9	0	0
118	12	4	4	0	0	002441180022113000024800a210104	1d9aaee6b7d54ecfb7b517ff514fef9	0	0
119	12	10	8	0	0	00820820102211240006180c0005028	1d3ce7dea7d54edbb7b147f3f35afd5	0	0
120	12	4	4	0	1	0084221204020194040001422208140	1d3acdecb3f55e6bb3b75ebdd157ebd	0	0
121	12	2	6	0	0	0084221204020510150001420208088	1d3acdecb3f55aefa2b75ebdf157f75	0	0
122	12	7	6	0	0	008808a200214024000518003101108	1d36e75cb7d61fdbb7b247ffc25eef5	0	0
123	12	4	4	0	0	00880c30008301240004180c0001828	1d36e3ceb7745edbb7b347f3f35e7d5	0	0
124	12	4	4	0	0	008822201481040c000401340041028	1d36cddea3765bf3b7b35ecbf31efd5	0	0
125	12	5	8	0	0	0088282010a10104000541060005420	1d36c7dea7565efbb7b21ef9f35abdd	0	0
126	12	3	8	0	0	0088282010a10114000501060005420	1d36c7dea7565eebb7b25ef9f35abdd	0	0
127	12	5	8	0	0	0088282014810104000511140009028	1d36c7dea3765efbb7b24eebf356fd5	0	0
128	12	7	4	0	1	0088a02010810114040401260009028	1d364fdea7765eebb3b35ed9f356fd5	0	0
129	12	5	4	0	1	0088a02014810104040401260009028	1d364fdea3765efbb3b35ed9f356fd5	0	0
130	12	6	3	0	0	008a080410a00070002450041005180	1d34e7faa7575f8fb7930ffbe35ae7d	0	0
131	12	6	9	0	0	008a082010a00124010211041004860	1d34e7dea7575edbb6b54efbe35b79d	0	0
132	12	6	4	0	0	008a8024008200b0001410241044028	1d346fdab7755f4fb7a34fdbe31bfd5	0	0
133	12	3	10	0	0	009009180500024a000308102110014	1d2ee6e6b2f75db5b7b457efd24ffe9	0	0
134	12	6	2	0	0	00a008b0002300240006180c0005060	1d1ee74eb7d45fdbb7b147f3f35af9d	0	0
135	12	1	6	0	0	00a008b0002301240006180c0001028	1d1ee74eb7d45edbb7b147f3f35efd5	0	0
136	12	1	6	0	0	00a008b0002501240005180c0001028	1d1ee74eb7d25edbb7b247f3f35efd5	0	0
137	12	6	6	0	0	00a0091015000042808240908006500	1d1ee6eea2f75fbd37351f6f7359afd	0	0
138	12	4	8	0	0	00a00a101105004480024800a102440	1d1ee5eea6f25fbb37b517ff525dbbd	0	0
139	12	4	10	0	0	00a0209010a101041004500c0009028	1d1ecf6ea7565efba7b30ff3f356fd5	0	0
140	12	4	8	0	0	00a04110112001a0840008288104044	1d1eaeeea6d75e5f33b757d7725bfb9	0	0
141	12	1	8	0	0	00a0411201040242840102980100044	1d1eaeecb6f35dbd33b65d67f25ffb9	0	0
142	12	4	4	0	0	00a041120104412200010a18010080c	1d1eaeecb6f31eddb7b655e7f25f7f1	0	0
143	12	2	4	0	0	00a041500104412200050a080100828	1d1eaeaeb6f31eddb7b255f7f25f7d5	0	0
144	12	5	8	0	1	00a042140104016000030a102110210	1d1eadeab6f35e9fb7b455efd24fded	0	0
145	12	5	2	0	0	00a0484013000302000348140101030	1d1ea7bea4f75cfdb7b417ebf25efcd	0	0
146	12	2	6	0	0	00a080b0002204a4000650001204060	1d1e6f4eb7d55b5bb7b10fffe15bf9d	0	0
147	12	4	4	0	0	00a082101105004480024800a102440	1d1e6deea6f25fbb37b517ff525dbbd	0	0
148	12	3	4	0	1	00a0821401050060800340028104044	1d1e6deab6f25f9f37b41ffd725bfb9	0	0
149	12	5	4	0	1	00a0c01021800160040208282110014	1d1e2fee96775e9fb3b557d7d24ffe9	0	0
150	12	10	0	0	0	01020114005002a8028000a05050210	1cbceeeab7a75d57b5375f5fa30fded	0	0
151	12	9	10	0	0	0106001400500298008202884050005	1cb8efeab7a75d67b7355d77b30fff8	0	0
152	12	9	7	0	0	01060014005002a8028000a84011014	1cb8efeab7a75d57b5375f57b34efe9	0	0
153	12	9	2	0	0	01060014005002a8028000a84011090	1cb8efeab7a75d57b5375f57b34ef6d	0	0
154	12	4	3	0	0	01060114014002a8020000a84050014	1cb8eeeab6b75d57b5b75f57b30ffe9	0	0
155	12	1	3	0	0	01060114014002a8028000a84010014	1cb8eeeab6b75d57b5375f57b34ffe9	0	0
156	12	6	2	0	1	01060412024000a0128001890008890	1cb8ebecb5b75f5fa5375e76f35776d	0	0
157	12	4	4	0	1	01064004230002a8020001888010814	1cb8affa94f75d57b5b75e77734f7e9	0	0
158	12	8	3	0	1	01068004014002a8028000a84011014	1cb86ffab6b75d57b5375f57b34efe9	0	0
159	12	5	0	0	1	01068006024002a0028001884009084	1cb86ff8b5b75d5fb5375e77b356f79	0	0
160	12	5	7	0	0	01068014005002a0028000a84011014	1cb86feab7a75d5fb5375f57b34efe9	0	0
161	12	5	2	0	0	01068014005002a0028000a84011090	1cb86feab7a75d5fb5375f57b34ef6d	0	0
162	12	5	1	0	0	0108882010a10040242011021104120	1cb667dea7565fbf93974efde25bedd	0	0
163	12	9	0	0	1	01120004814002a80202028c0050011	1caceffa36b75d57b5b55d73f30ffec	0	0
164	12	5	4	0	1	01128000a28002a0028004209140011	1cac6ffe15775d5fb5375bdf621ffec	0	0
165	12	5	0	0	1	01128004814002a00202028c0050011	1cac6ffa36b75d5fb5b55d73f30ffec	0	0
166	12	4	4	0	1	012002c4030002a02200044c0050011	1c9eed3ab4f75d5f95b75bb3f30ffec	0	0
167	12	1	4	0	0	018002a01281040c000611180001028	1c3eed5ea5765bf3b7b14ee7f35efd5	0	0
168	12	7	0	0	1	01800514004002a8028000a05240210	1c3eeaeab7b75d57b5375f5fa11fded	0	0
169	12	7	4	0	0	018080a01080050c000611180201028	1c3e6f5ea7775af3b7b14ee7f15efd5	0	0
170	12	7	4	0	0	018080a0108005280006111800050a0	1c3e6f5ea7775ad7b7b14ee7f35af5d	0	0
171	12	5	4	0	0	018080a012800504000611180201028	1c3e6f5ea5775afbb7b14ee7f15efd5	0	0
172	12	5	0	0	0	0182011400500288028000a05240210	1c3ceeeab7a75d77b5375f5fa11fded	0	0
173	12	1	0	0	0	01820114005002a8028000a05040210	1c3ceeeab7a75d57b5375f5fa31fded	0	0
174	12	6	2	0	1	01820414004400b0028001244040814	1c3cebeab7b35f4fb5375edbb31f7e9	0	0
175	12	8	0	0	1	01828004005002a8028000a05041210	1c3c6ffab7a75d57b5375f5fa31eded	0	0
176	12	7	4	0	1	01828004204002b0028001241040814	1c3c6ffa97b75d4fb5375edbe31f7e9	0	0
177	12	3	1	0	1	01828014005002b0028000205040814	1c3c6feab7a75d4fb5375fdfa31f7e9	0	0
178	12	10	1	0	0	0400282080145021040100a88042090	19bec7de37e30fdeb3b65f57731df6d	0	0
179	12	8	4	0	0	04080c2000145021040100aa00120c0	19b6e3deb7e30fdeb3b65f55f34df3d	0	0
180	12	9	7	0	1	0420021201050042800342108104044	199eedecb6f25fbd37b41def725bfb9	0	0
181	12	7	4	0	0	0420094801000143000348180006120	199ee6b6b6f75ebcb7b417e7f359edd	0	0
182	12	8	4	0	0	0420411001040920840108288104044	199eaeeeb6f356df33b657d7725bfb9	0	0
183	12	6	4	0	0	0420411201040060840108888104044	199eaeecb6f35f9f33b65777725bfb9	0	0
184	12	3	6	0	1	042048102104084284014010810200c	199ea7ee96f357bd33b61fef725dff1	0	0
185	12	6	4	0	1	0420481081040042140148108102024	199ea7ee36f35fbda3b617ef725dfd9	0	0
186	12	4	8	0	1	042048408104015200010a108101024	199ea7be36f35eadb7b655ef725efd9	0	0
187	12	9	7	0	1	0480021200141060160002290006090	193eedecb7e34f9fa1b75dd6f359f6d	0	0
188	12	9	4	0	1	04800218010400c2840148102104024	193eede6b6f35f3d33b617efd25bfd9	0	0
189	12	8	4	0	0	0480051001800160840208288104084	193eeaeeb6775e9f33b557d7725bf79	0	0
190	12	6	7	0	0	04800a102180004284024020a104404	193ee5ee96775fbd33b51fdf525bbf9	0	0
191	12	4	7	0	0	04800a102181004280024020a104404	193ee5ee96765fbd37b51fdf525bbf9	0	0
192	12	4	7	0	0	04800a1200141060140040212102090	193ee5ecb7e34f9fa3b71fded25df6d	0	0
193	12	6	1	0	1	04800a1801040042840148102104024	193ee5e6b6f35fbd33b617efd25bfd9	0	0
194	12	6	4	0	1	048200a010a001240006090c00050a0	193cef5ea7575edbb7b156f3f35af5d	0	0
195	12	7	4	0	1	05008404200202a4048004881110011	18be6bfa97f55d5bb3375b77e24ffec	0	0
196	12	5	7	0	1	05020404220202a0009000a81110030	18bcebfa95f55d5fb7275f57e24ffcd	0	0
197	12	1	2	0	1	05020404220202a4009004281100030	18bcebfa95f55d5bb7275bd7e25ffcd	0	0
198	12	6	7	0	1	0502042400140088228004205210011	18bcebdab7e35f7795375bdfa14ffec	0	0
199	12	5	6	0	1	08204800940450200402022410120a0	159ea7fe23f30fdfb3b55ddbe34df5d	0	0
200	12	5	8	0	1	09020404204200e0028005041048014	14bcebfa97b55f1fb5375afbe317fe9	0	0
201	12	1	4	0	1	09020404204200e8028005041040014	14bcebfa97b55f17b5375afbe31ffe9	0	0
202	12	6	4	0	1	09020404804400a8028000a41050011	14bcebfa37b35f57b5375f5be30ffec	0	0
203	12	5	6	0	0	0c0008c0801450200003120810120a0	11bee73e37e30fdfb7b44df7e34df5d	0	0
204	12	3	4	0	0	0c00092080145022040100209050084	11bee6de37e30fddb3b65fdf630ff79	0	0
205	12	6	3	0	0	1082201400500090128000a44040814	0d3ccfeab7a75f6fa5375f5bb31f7e9	0	0
206	12	9	3	0	1	11000404230004a8020100a88050014	0cbeebfa94f75b57b5b65f57730ffe9	0	0
207	12	5	7	0	1	110004c400440a080202028c0042011	0cbeeb3ab7b355f7b5b55d73f31dfec	0	0
208	12	3	4	0	0	1100050423000460222000888040908	0cbeeafa94f75b9f95975f77731f6f5	0	0
209	12	4	7	0	0	1100050423000628020000a88010814	0cbeeafa94f759d7b5b75f57734f7e9	0	0
210	12	4	0	0	0	1100050423000628020000a88050014	0cbeeafa94f759d7b5b75f57730ffe9	0	0
211	12	5	7	0	1	1100051400420288048000a84012210	0cbeeaeab7b55d77b3375f57b34dded	0	0
212	12	5	4	0	1	1100051400420288048000a84050204	0cbeeaeab7b55d77b3375f57b30fdf9	0	0
213	12	4	4	0	1	11000514004202a8008000a84050204	0cbeeaeab7b55d57b7375f57b30fdf9	0	0
214	12	6	0	0	0	1100051400500088228000a24210210	0cbeeaeab7a75f7795375f5db14fded	0	0
215	12	6	4	0	0	11000514005000a8028000a84010884	0cbeeaeab7a75f57b5375f57b34f779	0	0
216	12	4	1	0	1	1100060423000628020000a88010890	0cbee9fa94f759d7b5b75f57734f76d	0	0
217	12	6	6	0	1	11004400a1400088260000a44010a10	0cbeabfe16b75f7791b75f5bb34f5ed	0	0
218	12	4	4	0	0	1400090480145024000100a88012280	09bee6fa37e30fdbb7b65f57734dd7d	0	0
219	12	6	4	0	0	1400208480144005000302980012280	09becf7a37e31ffab7b45d67f34dd7d	0	0
220	11	10	4	0	0	0008283000c10054002400a60005408	1db6c7ceb7365fabb7935f59f35abf5	0	0
221	11	10	4	0	1	0008283000c10054040400a60005028	1db6c7ceb7365fabb3b35f59f35afd5	0	0
222	11	7	0	0	0	000c220a0400111015000302800c500	1db2cdf4b3f74eefa2b75cfd7353afd	0	0
223	11	10	10	0	1	0010051804020858041002430006060	1daeeae6b3f557a7b3a75dbcf359f9d	0	0
224	11	10	4	0	1	0010241200130818040100ca00090c0	1daecbecb7e457e7b3b65f35f356f3d	0	0
225	11	10	10	0	0	0010882080a01070000510448041028	1dae67de37574f8fb7b24fbb731efd5	0	0
226	11	7	6	0	0	0014282800020c10150001403240120	1daac7d6b7f553efa2b75ebfc11fedd	0	0
227	11	4	7	0	1	00182812040201b0000105060208048	1da6c7ecb3f55e4fb7b65af9f157fb5	0	0
228	11	1	4	0	0	0028209400254024000550009100028	1d96cf6ab7d21fdbb7b20fff625ffd5	0	0
229	11	10	6	0	0	008008a200254024000518003101108	1d3ee75cb7d21fdbb7b247ffc25eef5	0	0
230	11	10	4	0	0	00800c30008301240006180c0001828	1d3ee3ceb7745edbb7b147f3f35e7d5	0	0
231	11	10	9	0	1	0080281021050042848000a0a104104	1d3ec7ee96f25fbd33375f5f525bef9	0	0
233	11	6	8	0	0	0084220284100058041000d200090c0	1d3acdfc33e75fa7b3a75f2df356f3d	0	0
234	11	6	7	0	0	0084220284100058041000d20009140	1d3acdfc33e75fa7b3a75f2df356ebd	0	0
235	11	3	8	0	0	00842202841001580410005200090c0	1d3acdfc33e75ea7b3a75fadf356f3d	0	0
236	11	7	4	0	1	0084221200020194060001422208140	1d3acdecb7f55e6bb1b75ebdd157ebd	0	0
237	11	5	4	0	1	0084221204020184060001422208140	1d3acdecb3f55e7bb1b75ebdd157ebd	0	0
244	11	9	4	0	0	00880830008210640404104c0006028	1d36e7ceb7754f9bb3b34fb3f359fd5	0	0
245	11	1	6	0	0	0088089010a10114000641060004420	1d36e76ea7565eebb7b11ef9f35bbdd	0	0
246	11	5	4	0	0	008808b0018101001404180c0004828	1d36e74eb6765effa3b347f3f35b7d5	0	0
247	11	3	4	0	1	008808b0018101041404080c0004828	1d36e74eb6765efba3b357f3f35b7d5	0	0
248	11	7	4	0	0	00880c30000301240005180c0005060	1d36e3ceb7f45edbb7b247f3f35af9d	0	0
249	11	5	4	0	0	008820b0018101001404102c000c028	1d36cf4eb6765effa3b34fd3f353fd5	0	0
250	11	3	4	0	1	008820b0018101041404002c000c028	1d36cf4eb6765efba3b35fd3f353fd5	0	0
251	11	3	10	0	0	0088242084810044800510041009120	1d36cbde33765fbb37b24ffbe356edd	0	1
252	11	8	8	0	0	0088280010a10114000541060005420	1d36c7fea7565eebb7b21ef9f35abdd	0	0
253	11	1	8	0	1	0088282010230114040409060001028	1d36c7dea7d45eebb3b356f9f35efd5	0	0
254	11	4	10	0	0	0088282020830414000401241044120	1d36c7de97745bebb7b35edbe31bedd	0	0
255	11	7	4	0	0	0088283000810054002400a60005408	1d36c7ceb7765fabb7935f59f35abf5	0	0
256	11	7	4	0	1	0088283000810054040400a60005028	1d36c7ceb7765fabb3b35f59f35afd5	0	0
257	11	3	6	0	0	008848102012106084804000a102104	1d36a7ee97e54f9f33371fff525def9	0	0
258	11	1	6	0	0	008848102012106084804080a100104	1d36a7ee97e54f9f33371f7f525fef9	0	0
259	11	5	6	0	1	0088485000144220020102211012280	1d36a7aeb7e31ddfb5b65ddee34dd7d	0	0
260	11	2	3	0	0	008880a4018100a0201410204104120	1d366f5ab6765f5f97a34fdfb25bedd	0	0
261	11	5	6	0	0	00888224010300a0001450044004828	1d366ddab6f45f5fb7a30ffbb35b7d5	0	0
262	11	5	7	0	0	00888424008300a0001410205104120	1d366bdab7745f5fb7a34fdfa25bedd	0	0
263	11	5	8	0	0	00888424008300a0001410205140028	1d366bdab7745f5fb7a34fdfa21ffd5	0	0
264	11	4	7	0	0	0088880410820630002050101003108	1d3667faa77559cfb7970fefe35cef5	0	0
265	11	4	7	0	0	0088880410820630002050101005104	1d3667faa77559cfb7970fefe35aef9	0	0
266	11	7	2	0	0	00888820108010640402110c0006030	1d3667dea7774f9bb3b54ef3f359fcd	0	0
267	11	7	0	0	1	00888820108011240404014c000c0a0	1d3667dea7774edbb3b35eb3f353f5d	0	0
268	11	7	2	0	0	00888820108110041401110c000a028	1d3667dea7764ffba3b64ef3f355fd5	0	0
269	11	6	4	0	1	00888820108210240404014c00060a0	1d3667dea7754fdbb3b35eb3f359f5d	0	0
270	11	1	4	0	1	00888820108211240404014c00040a0	1d3667dea7754edbb3b35eb3f35bf5d	0	0
271	11	6	4	0	0	0088882010830020202211021104140	1d3667dea7745fdf97954efde25bebd	0	0
272	11	4	2	0	0	00888820108310041400110c000a028	1d3667dea7744ffba3b74ef3f355fd5	0	0
273	11	6	0	0	0	00888820208210240404110c0006030	1d3667de97754fdbb3b34ef3f359fcd	0	0
274	11	2	4	0	1	0088883000821064040410480006028	1d3667ceb7754f9bb3b34fb7f359fd5	0	0
275	11	6	6	0	1	0088884010a00060212050003005280	1d3667bea7575f9f96970fffc35ad7d	0	0
276	11	8	4	0	1	0088a00014810114040401260009028	1d364ffea3765eebb3b35ed9f356fd5	0	0
277	11	4	8	0	0	008a080410a00270002050041005084	1d34e7faa7575d8fb7970ffbe35af79	0	0
278	11	4	7	0	0	008a080410a00270002050041005104	1d34e7faa7575d8fb7970ffbe35aef9	0	0
279	11	4	2	0	0	008a080410a00270002050041005180	1d34e7faa7575d8fb7970ffbe35ae7d	0	0
280	11	6	8	0	1	008a8024008200b0001410205044028	1d346fdab7755f4fb7a34fdfa31bfd5	0	0
281	11	2	6	0	0	0090061804100858040102420009440	1d2ee9e6b3e757a7b3b65dbdf356bbd	0	0
282	11	3	10	0	1	0090091804020858041000430006048	1d2ee6e6b3f557a7b3a75fbcf359fb5	0	0
283	11	6	3	0	0	009009180500004a040208302110014	1d2ee6e6b2f75fb5b3b557cfd24ffe9	0	0
284	11	3	1	0	0	009009180500024a040108102110014	1d2ee6e6b2f75db5b3b657efd24ffe9	0	0
285	11	3	0	0	0	009009180500024a040208102110014	1d2ee6e6b2f75db5b3b557efd24ffe9	0	0
286	11	4	7	0	0	009009500104024a040008282110014	1d2ee6aeb6f35db5b3b757d7d24ffe9	0	0
287	11	4	4	0	1	00900a1804020a18040000630005440	1d2ee5e6b3f555e7b3b75f9cf35abbd	0	0
288	11	4	4	0	1	00900c1804020a18040000630003440	1d2ee3e6b3f555e7b3b75f9cf35cbbd	0	0
289	11	3	4	0	1	00900c1804020a18040100430003440	1d2ee3e6b3f555e7b3b65fbcf35cbbd	0	0
290	11	2	6	0	1	00900c1804020a18040102420003440	1d2ee3e6b3f555e7b3b65dbdf35cbbd	0	0
291	11	6	10	0	1	009022120006005804101042200c240	1d2ecdecb7f15fa7b3a74fbdd353dbd	0	0
292	11	4	6	0	0	0090281014020310108001460208420	1d2ec7eea3f55cefa7375eb9f157bdd	0	0
293	11	6	0	0	0	009080e000a00412000611120005120	1d2e6f1eb7575bedb7b14eedf35aedd	0	0
294	11	6	6	0	1	0090c01081040060840208282110014	1d2e2fee36f35f9f33b557d7d24ffe9	0	0
295	11	5	6	0	1	00a001c201204120000548082009180	1d1eee3cb6d71edfb7b217f7d356e7d	0	0
296	11	6	4	0	0	00a0061013000040940248018102480	1d1ee9eea4f75fbf23b517fe725db7d	0	0
297	11	4	4	0	0	00a0061013010040900248018102480	1d1ee9eea4f65fbf27b517fe725db7d	0	0
298	11	9	9	0	0	00a00810102301240006180c0005060	1d1ee7eea7d45edbb7b147f3f35af9d	0	0
299	11	9	1	0	0	00a00830002301240005180c0005060	1d1ee7ceb7d45edbb7b247f3f35af9d	0	0
300	11	9	0	0	0	00a00830002301240006180c0005060	1d1ee7ceb7d45edbb7b147f3f35af9d	0	0
301	11	2	6	0	1	00a008b000230124000618080005120	1d1ee74eb7d45edbb7b147f7f35aedd	0	0
302	11	3	4	0	0	00a008d0010501060003080c0102028	1d1ee72eb6f25ef9b7b457f3f25dfd5	0	0
303	11	3	3	0	0	00a008d0010501060003080c0102030	1d1ee72eb6f25ef9b7b457f3f25dfcd	0	0
304	11	5	10	0	0	00a009500104410200050a0a0100828	1d1ee6aeb6f31efdb7b255f5f25f7d5	0	0
305	11	4	8	0	0	00a00a1011050042800240828104440	1d1ee5eea6f25fbd37b51f7d725bbbd	0	0
306	11	4	8	0	0	00a00a180105005080020820a102440	1d1ee5e6b6f25faf37b557df525dbbd	0	0
307	11	3	1	0	0	00a0409203000442840200980104044	1d1eaf6cb4f75bbd33b55f67f25bfb9	0	0
308	11	6	4	0	0	00a0411203000202140108980100814	1d1eaeecb4f75dfda3b65767f25f7e9	0	0
309	11	4	9	0	0	00a041420120016201004205000180c	1d1eaebcb6d75e9db6b71dfaf35e7f1	0	0
310	11	4	4	0	0	00a0421401040162000240340104030	1d1eadeab6f35e9db7b51fcbf25bfcd	0	0
311	11	2	3	0	0	00a0424406000143000350100009110	1d1eadbab1f75ebcb7b40feff356eed	0	0
312	11	7	8	0	1	00a048401100410220030a180101028	1d1ea7bea6f71efd97b455e7f25efd5	0	0
313	11	3	4	0	1	00a0484013004102200308180101028	1d1ea7bea4f71efd97b457e7f25efd5	0	0
314	11	5	8	0	1	00a0484015000302000348140003030	1d1ea7bea2f75cfdb7b417ebf35cfcd	0	0
315	11	2	2	0	0	00a080a4008204a4001250001204120	1d1e6f5ab7755b5bb7a50fffe15bedd	0	0
316	11	3	9	0	0	00a080b0002204a2000610101044060	1d1e6f4eb7d55b5db7b14fefe31bf9d	0	0
317	11	5	6	0	0	00a080e000244420000518081011088	1d1e6f1eb7d31bdfb7b247f7e34ef75	0	0
318	11	8	4	0	1	00a08210010401608402082881040c0	1d1e6deeb6f35e9f33b557d7725bf3d	0	0
319	11	8	4	0	1	00a08210010501208003082881040c0	1d1e6deeb6f25edf37b457d7725bf3d	0	0
320	11	6	2	0	1	00a08210112100009003481081040c0	1d1e6deea6d65fff27b417ef725bf3d	0	0
321	11	6	4	0	1	00a0821401050020800340228104044	1d1e6deab6f25fdf37b41fdd725bfb9	0	0
322	11	4	4	0	1	00a082140105006080024020a1020c0	1d1e6deab6f25f9f37b51fdf525df3d	0	0
323	11	4	4	0	1	00a0821401050060800240228104044	1d1e6deab6f25f9f37b51fdd725bfb9	0	0
324	11	10	9	0	1	01000514004202a8048000a05050210	1cbeeaeab7b55d57b3375f5fa30fded	0	0
325	11	10	4	0	1	01000514004202a8048000a81050210	1cbeeaeab7b55d57b3375f57e30fded	0	0
326	11	10	10	0	1	01008404220202a4009004281102030	1cbe6bfa95f55d5bb7275bd7e25dfcd	0	0
327	11	9	4	0	0	01060014005002a8028000a84011084	1cb8efeab7a75d57b5375f57b34ef79	0	0
328	11	5	4	0	0	0106200096000910010401428009480	1cb8cffe21f756efb6b35ebd7356b7d	0	0
329	11	5	4	0	0	01068014005002a0028000a84011084	1cb86feab7a75d5fb5375f57b34ef79	0	0
330	11	4	2	0	0	01068014005002a4008000a84011210	1cb86feab7a75d5bb7375f57b34eded	0	0
331	11	9	6	0	0	0108082016000c24000501940041028	1cb6e7dea1f753dbb7b25e6bf31efd5	0	0
332	11	6	9	0	1	0108882010a000a4040105041012088	1cb667dea7575f5bb3b65afbe34df75	0	0
333	11	4	3	0	0	0108882010a10060202011028101104	1cb667dea7565f9f97974efd725eef9	0	0
334	11	4	3	0	1	0108a020112000e4040002841014220	1cb64fdea6d75f1bb3b75d7be34bddd	0	0
335	11	6	4	0	0	0108c02010a000a4020105041012408	1cb62fdea7575f5bb5b65afbe34dbf5	0	0
336	11	5	7	0	1	010a0414020201a0028004205110018	1cb4ebeab5f55e5fb5375bdfa24ffe5	0	0
337	11	5	7	0	0	010a802400120288048004805110011	1cb46fdab7e55d77b3375b7fa24ffec	0	0
338	11	4	9	0	0	01108080318104240002030c0012028	1cae6f7e86765bdbb7b55cf3f34dfd5	0	0
339	11	7	10	0	0	01108820102002a4020114041011048	1cae67dea7d75d5bb5b64bfbe34efb5	0	0
340	11	4	10	0	0	0120091013000142800240888014480	1c9ee6eea4f75ebd37b51f77734bb7d	0	0
341	11	4	7	0	0	01202810101440a10400022a0012204	1c9ec7eea7e31f5eb3b75dd5f34ddf9	0	0
342	11	6	4	0	0	0122008483000080328044041010c10	1c9cef7a34f75f7f85371bfbe34f3ed	0	0
343	11	5	4	0	1	01220114030002a0028000a0c010a04	1c9ceeeab4f75d5fb5375f5f334f5f9	0	0
344	11	9	4	0	0	018000a01280050c000611180201028	1c3eef5ea5775af3b7b14ee7f15efd5	0	0
345	11	9	0	0	0	01800114005002a8028000a05240210	1c3eeeeab7a75d57b5375f5fa11fded	0	0
346	11	4	4	0	0	018001a01281040c0004019800050a0	1c3eee5ea5765bf3b7b35e67f35af5d	0	0
347	11	7	8	0	0	018002a0108104088006111800050a0	1c3eed5ea7765bf737b14ee7f35af5d	0	0
348	11	5	4	0	0	018002a0128104080006111800050a0	1c3eed5ea5765bf7b7b14ee7f35af5d	0	0
349	11	3	4	0	1	018002a01281040c0006011800050a0	1c3eed5ea5765bf3b7b15ee7f35af5d	0	0
350	11	6	3	0	1	01800514004200a8028000a05240210	1c3eeaeab7b55f57b5375f5fa11fded	0	0
351	11	5	9	0	1	0180051400420288048000a05240210	1c3eeaeab7b55d77b3375f5fa11fded	0	0
352	11	4	9	0	1	01800514004202a8008000a05240210	1c3eeaeab7b55d57b7375f5fa11fded	0	0
353	11	1	9	0	1	01800514004202a8048000a05040210	1c3eeaeab7b55d57b3375f5fa31fded	0	0
354	11	6	4	0	0	0180051400500088260000a24240201	1c3eeaeab7a75f7791b75f5db11fdfc	0	0
355	11	6	0	0	0	01800514005000a8028000a05240210	1c3eeaeab7a75f57b5375f5fa11fded	0	0
356	11	3	2	0	0	01800a4805000242800340042011500	1c3ee5b6b2f75dbd37b41ffbd34eafd	0	0
357	11	8	0	0	0	01808080218104240006410c0006030	1c3e6f7e96765bdbb7b11ef3f359fcd	0	0
358	11	4	2	0	0	01808080318104240002410c0006030	1c3e6f7e86765bdbb7b51ef3f359fcd	0	0
359	11	5	0	0	0	01808114005002a0028000a05240210	1c3e6eeab7a75d5fb5375f5fa11fded	0	0
360	11	9	8	0	0	01820004241002b0009000a41040830	1c3ceffa93e75d4fb7275f5be31f7cd	0	0
361	11	3	1	0	1	0182009400500298028000205240014	1c3cef6ab7a75d67b5375fdfa11ffe9	0	0
362	11	6	8	0	0	0182010410500228028000a05041210	1c3ceefaa7a75dd7b5375f5fa31eded	0	0
363	11	7	0	0	0	0182011400100298028000a05240030	1c3ceeeab7e75d67b5375f5fa11ffcd	0	0
364	11	7	0	0	0	01820114001002a8028000a05050210	1c3ceeeab7e75d57b5375f5fa30fded	0	0
365	11	4	9	0	0	0182011402100294008000a05200830	1c3ceeeab5e75d6bb7375f5fa15f7cd	0	0
366	11	5	6	0	0	0182020032400290028011005008d00	1c3cedfe85b75d6fb5374effa3572fd	0	0
367	11	6	1	0	1	0182041400120098028000a05240030	1c3cebeab7e55f67b5375f5fa11ffcd	0	0
368	11	6	1	0	1	01820414001200a8028000a05050210	1c3cebeab7e55f57b5375f5fa30fded	0	0
369	11	6	0	0	1	0182041400140098028000a05240030	1c3cebeab7e35f67b5375f5fa11ffcd	0	0
370	11	6	0	0	1	01820414001400a8028000a05050210	1c3cebeab7e35f57b5375f5fa30fded	0	0
371	11	4	1	0	1	0182041402020294008000a05300030	1c3cebeab5f55d6bb7375f5fa05ffcd	0	0
372	11	6	4	0	0	01820424001400a8028000a41050011	1c3cebdab7e35f57b5375f5be30ffec	0	0
373	11	5	6	0	0	0182800032400290028011005008c04	1c3c6ffe85b75d6fb5374effa3573f9	0	0
374	11	6	1	0	1	0182800410500228028000a05041210	1c3c6ffaa7a75dd7b5375f5fa31eded	0	0
375	11	6	6	0	1	0182802021100088248000a84014011	1c3c6fde96e75f7793375f57b34bfec	0	0
376	11	10	7	0	0	0400031200501060160002290006090	19beececb7a74f9fa1b75dd6f359f6d	0	0
377	11	10	10	0	0	0400088480145024000312081012220	19bee77a37e30fdbb7b44df7e34dddd	0	0
378	11	10	10	0	0	04000c2400145021000300aa0012090	19bee3dab7e30fdeb7b45f55f34df6d	0	0
379	11	10	3	0	1	04004830010400c2840108908104024	19bea7ceb6f35f3d33b6576f725bfd9	0	0
380	11	10	2	0	0	04020804801450240003022811100a0	19bce7fa37e30fdbb7b45dd7e24ff5d	0	0
381	11	10	4	0	0	0402080480145024000310281012220	19bce7fa37e30fdbb7b44fd7e34dddd	0	0
382	11	5	4	0	0	0406201401100280128004980002830	19b8cfeab6e75d7fa5375b67f35d7cd	0	0
383	11	9	4	0	0	0408082200145021040100aa00060c0	19b6e7dcb7e30fdeb3b65f55f359f3d	0	0
384	11	4	3	0	0	040808a404105021000200b20012090	19b6e75ab3e70fdeb7b55f4df34df6d	0	0
385	11	6	9	0	1	040808c400a000602120500030050a0	19b6e73ab7575f9f96970fffc35af5d	0	0
386	11	4	10	0	0	04080c2400145021000100aa0012090	19b6e3dab7e30fdeb7b65f55f34df6d	0	0
387	11	5	0	0	1	0408282080145020040104821018280	19b6c7de37e30fdfb3b65b7de347d7d	0	0
388	11	7	3	0	1	04084830010000c2840108908104024	19b6a7ceb6f75f3d33b6576f725bfd9	0	0
389	11	6	3	0	1	0408483001040042840108908104024	19b6a7ceb6f35fbd33b6576f725bfd9	0	0
390	11	6	1	0	0	0408483001100042840108908104024	19b6a7ceb6e75fbd33b6576f725bfd9	0	0
391	11	5	4	0	0	0408a020108205200402110810140a0	19b64fdea7755adfb3b54ef7e34bf5d	0	0
392	11	6	6	0	0	0410030a00120818040103120009240	19aeecf4b7e557e7b3b65cedf356dbd	0	0
393	11	8	4	0	0	04102102001308180401018a00090c0	19aecefcb7e457e7b3b65e75f356f3d	0	0
394	11	6	8	0	0	041048408110005200030a108101024	19aea7be36e75fadb7b455ef725efd9	0	0
395	11	9	4	0	1	04200212010500428003409081040c0	199eedecb6f25fbd37b41f6f725bf3d	0	0
396	11	6	7	0	0	042003120104006084010a088104044	199eececb6f35f9f33b655f7725bfb9	0	0
397	11	6	4	0	1	04200524028000a0248004281050011	199eeadab5775f5f93375bd7e30ffec	0	0
398	11	3	4	0	1	04200524028000e0248004081050011	199eeadab5775f1f93375bf7e30ffec	0	0
399	11	4	10	0	0	04200900a5004801200102310042240	199ee6fe12f717fe97b65dcef31ddbd	0	0
400	11	4	4	0	0	04200a3000141042140000b081400a0	199ee5ceb7e34fbda3b75f4f721ff5d	0	0
401	11	6	2	0	0	0420281800120081148008380012210	199ec7e6b7e55f7ea33757c7f34dded	0	0
402	11	5	3	0	0	042041120104084084010a180102044	199eaeecb6f357bf33b655e7f25dfb9	0	0
403	11	6	4	0	0	0420422800140809040108310003210	199eadd6b7e357f6b3b657cef35cded	0	0
404	11	6	4	0	0	0420485000140052040108828101024	199ea7aeb7e35fadb3b6577d725efd9	0	0
405	11	6	2	0	0	042048500014005204010a028101024	199ea7aeb7e35fadb3b655fd725efd9	0	0
406	11	8	7	0	0	0480031000501060160002290006090	193eeceeb7a74f9fa1b75dd6f359f6d	0	0
407	11	7	7	0	0	0480031200101060160002290006090	193eececb7e74f9fa1b75dd6f359f6d	0	0
408	11	5	7	0	0	0480031200141060060002290006090	193eececb7e34f9fb1b75dd6f359f6d	0	0
409	11	4	4	0	0	048003300104016084000820a1040c0	193eecceb6f35e9f33b757df525bf3d	0	0
410	11	2	6	0	1	0480049010a101208006500800050a0	193eeb6ea7565edf37b10ff7f35af5d	0	0
411	11	7	4	0	0	04800510110001608402088881040c0	193eeaeea6f75e9f33b55777725bf3d	0	0
412	11	6	6	0	0	048005401140010884010a082101084	193eeabea6b75ef733b655f7d25ef79	0	0
413	11	6	3	0	1	0480091801040042840148180006024	193ee6e6b6f35fbd33b617e7f359fd9	0	0
414	11	8	6	0	1	04800a100181004094024020a104084	193ee5eeb6765fbf23b51fdf525bf79	0	0
415	11	5	6	0	1	04800a102181004084024020a104084	193ee5ee96765fbf33b51fdf525bf79	0	0
416	11	6	6	0	1	04800a1801040040940148102104024	193ee5e6b6f35fbf23b617efd25bfd9	0	0
417	11	6	4	0	1	04800a1801040042140148102104024	193ee5e6b6f35fbda3b617efd25bfd9	0	0
418	11	5	0	0	0	0480224080445000140112003108280	193ecdbe37b30fffa3b64dffc257d7d	0	0
419	11	9	4	0	0	04804000a0145002240102301140220	193eaffe17e30ffd93b65dcfe21fddd	0	0
420	11	4	3	0	0	04804110112001a0840008288104044	193eaeeea6d75e5f33b757d7725bfb9	0	0
421	11	2	4	0	0	0480411081040160840108880104060	193eaeee36f35e9f33b65777f25bf9d	0	0
422	11	3	4	0	0	0480411201040242840100980104044	193eaeecb6f35dbd33b65f67f25bfb9	0	0
423	11	1	3	0	0	0480411201040242840102980100044	193eaeecb6f35dbd33b65d67f25ffb9	0	0
424	11	6	6	0	1	0480421081040040940148102102030	193eadee36f35fbf23b617efd25dfcd	0	0
425	11	8	4	0	1	04804410010401a0840108288104044	193eabeeb6f35e5f33b657d7725bfb9	0	0
426	11	5	4	0	1	0480822081041200140108308102090	193e6dde36f34dffa3b657cf725df6d	0	0
427	11	6	4	0	0	05000524001200a8048004881050011	18beeadab7e55f57b3375b77e30ffec	0	0
428	11	6	0	0	0	05000c3000140083040400b20018280	18bee3ceb7e35f7cb3b35f4df347d7d	0	0
429	11	6	4	0	1	05008420209000a0248004281050011	18be6bde97675f5f93375bd7e30ffec	0	0
430	11	3	4	0	1	05008420209000e0248004081050011	18be6bde97675f1f93375bf7e30ffec	0	0
431	11	7	4	0	0	0502014400100298028000a05050021	18bceebab7e75d67b5375f5fa30ffdc	0	0
432	11	5	7	0	1	05020202214002a00201018c0008850	18bcedfc96b75d5fb5b65e73f3577ad	0	0
433	11	3	6	0	1	05020202214002b0020101044040814	18bcedfc96b75d4fb5b65efbb31f7e9	0	0
434	11	7	8	0	1	05020404200202a4009000a81110030	18bcebfa97f55d5bb7275f57e24ffcd	0	0
435	11	6	0	0	0	05020404221000b0009000a09140030	18bcebfa95e75f4fb7275f5f621ffcd	0	0
436	11	6	7	0	0	0502042400140088248004205110011	18bcebdab7e35f7793375bdfa24ffec	0	0
437	11	6	4	0	1	0502044400140098028000a05050021	18bcebbab7e35f67b5375f5fa30ffdc	0	0
438	11	4	0	0	0	0502202080144081840000a05050280	18bccfde37e31f7e33b75f5fa30fd7d	0	0
439	11	6	3	0	1	0502204082400080328050005008821	18bccfbe35b75f7f85370fffa3577dc	0	0
440	11	5	4	0	1	05024000a28002a0028000a09110011	18bcaffe15775d5fb5375f5f624ffec	0	0
441	11	4	6	0	0	0808444010a00268002050041003030	15b6abbea7575d97b7970ffbe35cfcd	0	0
442	11	7	10	0	0	08200900a1004801210102310042240	159ee6fe16f717fe96b65dcef31ddbd	0	0
443	11	7	6	0	1	0820480880045020140102209102120	159ea7f637f30fdfa3b65ddf625dedd	0	0
444	11	3	6	0	1	0820482080445020141000248002884	159ea7de37b30fdfa3a75fdb735d779	0	0
445	11	9	4	0	1	088000a200a14004100518003201108	153eef5cb7561ffba7b247ffc15eef5	0	0
446	11	1	6	0	1	088008a200254024000518003001108	153ee75cb7d21fdbb7b247ffc35eef5	0	0
447	11	7	8	0	1	08800a1200041060140112090006088	153ee5ecb7f34f9fa3b64df6f359f75	0	0
448	11	7	2	0	1	08800c1200045020140112090002888	153ee3ecb7f30fdfa3b64df6f35d775	0	0
449	11	3	3	0	0	088080b0002204a2000610101044060	153e6f4eb7d55b5db7b14fefe31bf9d	0	0
450	11	6	4	0	0	0c00088484104021008200b080030c0	11bee77a33e71fdeb7355f4f735cf3d	0	0
451	11	3	3	0	0	0c000a00a20411110401101080088c0	11bee5fe15f34eeeb3b64fef735773d	0	0
452	11	4	6	0	0	0c000a028104404500010850200a600	11bee5fc36f31fbab7b657afd3559fd	0	0
453	11	4	6	0	1	0c000a2080501060140000a28009180	11bee5de37a74f9fa3b75f5d7356e7d	0	0
454	11	3	3	0	0	0c000a3000121402140200320050024	11bee5ceb7e54bfda3b55fcdf30ffd9	0	0
455	11	6	4	0	1	0c000c10201410220401042a0012084	11bee3ee97e34fddb3b65bd5f34df79	0	0
456	11	5	4	0	1	0c000c1020151002040100aa00120a0	11bee3ee97e24ffdb3b65f55f34df5d	0	0
457	11	5	4	0	1	0c000c10201510020401042a0012084	11bee3ee97e24ffdb3b65bd5f34df79	0	0
458	11	3	4	0	1	0c000c2020145022040100209050084	11bee3de97e30fddb3b65fdf630ff79	0	0
459	11	10	6	0	0	10002080a2404400360014081040818	0dbecf7e15b71bff81b74bf7e31f7e5	0	0
460	11	8	6	0	0	1020208022404400360014081040818	0d9ecf7e95b71bff81b74bf7e31f7e5	0	0
461	11	6	10	0	1	1100028482400080a20250006050101	0cbeed7a35b75f7f15b50fff930fefc	0	0
462	11	6	0	0	0	1100030423000428020104882050018	0cbeecfa94f75bd7b5b65b77d30ffe5	0	0
463	11	9	6	0	1	11000400a30004a8020100a88050014	0cbeebfe14f75b57b5b65f57730ffe9	0	0
465	11	6	2	0	1	11000484820400a8028004205110090	0cbeeb7a35f35f57b5375bdfa24ff6d	0	0
466	11	6	7	0	0	1100048483000080a20244044002c20	0cbeeb7a34f75f7f15b51bfbb35d3dd	0	0
467	11	8	6	0	0	1100050023000628020100a88050014	0cbeeafe94f759d7b5b65f57730ffe9	0	0
469	11	4	8	0	1	1100050421400268020002288042014	0cbeeafa96b75d97b5b75dd7731dfe9	0	0
470	11	6	3	0	0	1100050423000428020100a88050014	0cbeeafa94f75bd7b5b65f57730ffe9	0	0
471	11	4	4	0	0	1100050423000460202040888040908	0cbeeafa94f75b9f97971f77731f6f5	0	0
472	11	4	4	0	0	1100050423000460220000a88050108	0cbeeafa94f75b9f95b75f57730fef5	0	0
476	11	5	8	0	0	11000504830004a0028000a0c010a04	0cbeeafa34f75b5fb5375f5f334f5f9	0	0
477	11	4	7	0	0	11000504830004a8020000a88010814	0cbeeafa34f75b57b5b75f57734f7e9	0	0
479	11	3	7	0	0	11000504830004a8020100888010814	0cbeeafa34f75b57b5b65f77734f7e9	0	0
481	11	4	8	0	1	1100060421040628020000a88010890	0cbee9fa96f359d7b5b75f57734f76d	0	0
482	11	6	7	0	1	1100060422040428020101888010890	0cbee9fa95f35bd7b5b65e77734f76d	0	0
483	11	6	4	0	1	1100064402040088220150006050021	0cbee9bab5f35f7795b60fff930ffdc	0	0
484	11	4	0	0	0	1100064402040488220050006050021	0cbee9bab5f35b7795b70fff930ffdc	0	0
485	11	4	8	0	1	11000c4400500898000200aa0042011	0cbee3bab7a75767b7b55f55f31dfec	0	0
486	11	6	4	0	1	1100241020500098048000a84010884	0cbecbee97a75f67b3375f57b34f779	0	0
487	11	4	9	0	1	11004104830002a8020000a0c010814	0cbeaefa34f75d57b5b75f5f334f7e9	0	0
488	11	4	2	0	1	11004104830002a8020000a0c010a10	0cbeaefa34f75d57b5b75f5f334f5ed	0	0
489	11	4	4	0	1	11004104830002a8020000a88010814	0cbeaefa34f75d57b5b75f57734f7e9	0	0
490	11	7	6	0	0	11004400a1000488260000ac0010830	0cbeabfe16f75b7791b75f53f34f7cd	0	0
491	11	4	6	0	1	11004400a30004a8020000a88010814	0cbeabfe14f75b57b5b75f57734f7e9	0	0
492	11	3	6	0	1	11004400a30004a8020100888010814	0cbeabfe14f75b57b5b65f77734f7e9	0	0
493	11	6	4	0	1	1102041400500098008200a24010a04	0cbcebeab7a75f67b7355f5db34f5f9	0	0
494	11	5	7	0	0	14000504828000c0260004205140030	09beeafa35775f3f91b75bdfa21ffcd	0	0
495	11	5	4	0	0	14000604828000c0220214104140021	09bee9fa35775f3f95b54befb21ffdc	0	0
496	11	5	6	0	0	14000604830000c0220214104100830	09bee9fa34f75f3f95b54befb25f7cd	0	0
497	11	4	2	0	0	1400090480145024000100a88018280	09bee6fa37e30fdbb7b65f577347d7d	0	0
498	11	6	6	0	1	14000c0220144012000502301050280	09bee3fc97e31fedb7b25dcfe30fd7d	0	0
499	11	4	2	0	0	14000c0c001440a10001022a0012240	09bee3f2b7e31f5eb7b65dd5f34ddbd	0	0
500	11	4	4	0	1	1800088480145024000200a88012180	05bee77a37e30fdbb7b55f57734de7d	0	0
501	10	10	6	0	0	000848102012106084804080a110104	1db6a7ee97e54f9f33371f7f524fef9	0	0
502	10	10	4	0	0	000860102012106084804080a110104	1db68fee97e54f9f33371f7f524fef9	0	0
503	10	10	4	0	0	0008a028004301050404082c0005018	1db64fd6b7b45efab3b357d3f35afe5	0	0
504	10	9	4	0	0	000c200284800154050001828009500	1db2cffc33775eabb2b75e7d7356afd	0	0
505	10	7	6	0	1	000c220a0400019804200312000c101	1db2cdf4b3f75e67b3975cedf353efc	0	0
506	10	7	6	0	0	000c280284000154050001828009500	1db2c7fc33f75eabb2b75e7d7356afd	0	0
507	10	5	6	0	0	000c280286000150050001828009480	1db2c7fc31f75eafb2b75e7d7356b7d	0	0
508	10	1	6	0	0	000c280286000154050001409008480	1db2c7fc31f75eabb2b75ebf6357b7d	0	0
509	10	3	7	0	0	000c282084410224000508041009120	1db2c7de33b65ddbb7b257fbe356edd	0	0
510	10	3	4	0	0	000c282084410224000508041041120	1db2c7de33b65ddbb7b257fbe31eedd	0	0
511	10	5	4	0	0	000c600284800150050001828009500	1db28ffc33775eafb2b75e7d7356afd	0	0
512	10	1	4	0	0	000c600284800154050001409008500	1db28ffc33775eabb2b75ebf6357afd	0	0
513	10	1	4	0	0	000ca00284800154050001409008480	1db24ffc33775eabb2b75ebf6357b7d	0	0
514	10	8	4	0	0	000e20040202091802020502100c480	1db0cffab5f556e7b5b55afde353b7d	0	0
515	10	10	4	0	1	0010241204100868040100ca00090c0	1daecbecb3e75797b3b65f35f356f3d	0	0
516	10	7	6	0	0	0014051202000870041000ca000c0c0	1daaeaecb5f7578fb3a75f35f353f3d	0	0
517	10	5	8	0	0	0014282204020520048001428005140	1daac7dcb3f55adfb3375ebd735aebd	0	0
518	10	8	6	0	1	001828100402030c0401014a0018420	1da6c7eeb3f55cf3b3b65eb5f347bdd	0	0
519	10	8	6	0	0	0018281004020314040101460018420	1da6c7eeb3f55cebb3b65eb9f347bdd	0	0
520	10	4	6	0	0	0018281014020314040001460018420	1da6c7eea3f55cebb3b75eb9f347bdd	0	0
521	10	6	8	0	0	0018602010a000a4020105041018408	1da68fdea7575f5bb5b65afbe347bf5	0	0
522	10	5	4	0	1	0018a0022600091004011112000c041	1da64ffc91f756efb3b64eedf353fbc	0	0
523	10	1	6	0	0	0018a03000230084840114003100028	1da64fceb7d45f7b33b64bffc25ffd5	0	0
524	10	4	6	0	0	0018a030002300a0800114003140028	1da64fceb7d45f5f37b64bffc21ffd5	0	0
525	10	3	4	0	0	0018a0300023102010051000a140028	1da64fceb7d44fdfa7b24fff521ffd5	0	0
526	10	8	4	0	1	001a2000108248180014015201040a0	1da4cffea77517e7b7a35eadf25bf5d	0	0
527	10	10	0	0	1	00202202150008b0011000d4000c0c0	1d9ecdfca2f7574fb6a75f2bf353f3d	0	0
528	10	10	6	0	1	0020281081054004100502308102220	1d9ec7ee36f21ffba7b25dcf725dddd	0	0
529	10	10	4	0	0	0020a0401090046400a040481003120	1d9e4fbea7675b9bb7171fb7e35cedd	0	0
530	10	9	8	0	0	0024011400450204222002884240041	1d9aeeeab7b25dfb95975d77b11ffbc	0	0
531	10	3	3	0	0	0024221204041110850000428008c80	1d9acdecb3f34eef32b75fbd735737d	0	0
532	10	6	8	0	0	002424420202081010904041100a480	1d9acbbcb5f557efa7271fbee355b7d	0	0
533	10	8	4	0	0	0024280081054001112000b80042240	1d9ac7fe36f21ffea6975f47f31ddbd	0	0
534	10	4	8	0	0	00244130012001a0840008288014044	1d9aaeceb6d75e5f33b757d7734bfb9	0	0
535	10	6	3	0	0	0024a0420202081010904041100a480	1d9a4fbcb5f557efa7271fbee355b7d	0	0
536	10	3	6	0	0	002620480012481011100048100a0a0	1d98cfb6b7e517efa6a75fb7e355f5d	0	0
537	10	2	6	0	0	002620480012481011104040100a0a0	1d98cfb6b7e517efa6a71fbfe355f5d	0	0
538	10	6	0	0	1	00280a1404101020150000a28018280	1d96e5eab3e74fdfa2b75f5d7347d7d	0	0
539	10	7	4	0	0	0028209400214020100550009140028	1d96cf6ab7d61fdfa7b20fff621ffd5	0	0
540	10	4	4	0	0	0028209400234020100450009140028	1d96cf6ab7d41fdfa7b30fff621ffd5	0	0
541	10	5	4	0	0	0028209400254020000550009140028	1d96cf6ab7d21fdfb7b20fff621ffd5	0	0
542	10	4	4	0	0	0028209400254024000150009102028	1d96cf6ab7d21fdbb7b60fff625dfd5	0	0
543	10	3	4	0	1	0028209400254024000540009140028	1d96cf6ab7d21fdbb7b21fff621ffd5	0	0
544	10	5	7	0	0	0028280092045000240112101110220	1d96c7fe25f30fff93b64defe24fddd	0	0
545	10	5	6	0	0	0028480092045000240112101110220	1d96a7fe25f30fff93b64defe24fddd	0	0
546	10	2	6	0	1	0028883000231020100550008042028	1d9667ceb7d44fdfa7b20fff731dfd5	0	0
547	10	7	4	0	0	0028884400020264002450011101120	1d9667bab7f55d9bb7930ffee25eedd	0	0
548	10	6	4	0	1	0030093005000202140108308050104	1d8ee6ceb2f75dfda3b657cf730fef9	0	0
549	10	9	6	0	0	00302012020205101480014a0008c20	1d8ecfecb5f55aefa3375eb5f3573dd	0	0
550	10	5	10	0	0	00302112020201500410104a000c060	1d8eceecb5f55eafb3a74fb5f353f9d	0	0
551	10	3	6	0	0	0030411203000840940108180102018	1d8eaeecb4f757bf23b657e7f25dfe5	0	0
552	10	2	4	0	1	003081300083006400240c080041018	1d8e6eceb7745f9bb79353f7f31efe5	0	0
553	10	7	6	0	0	0030a012000205101480014a0008c20	1d8e4fecb7f55aefa3375eb5f3573dd	0	0
554	10	10	8	0	1	00800a2010a10114040209060001828	1d3ee5dea7565eebb3b556f9f35e7d5	0	0
555	10	10	4	0	0	0080809201800160140218082104014	1d3e6f6cb6775e9fa3b547f7d25bfe9	0	0
557	10	10	4	0	0	0080c00090a10060222010403101140	1d3e2ffe27565f9f95974fbfc25eebd	0	1
558	10	7	8	0	1	00840c480100031200030a180011104	1d3ae3b6b6f75cedb7b455e7f34eef9	0	0
559	10	6	1	0	0	008420b000a10004120414003208108	1d3acf4eb7565ffba5b34bffc157ef5	0	0
560	10	6	6	0	0	0084220284100058041000d20009180	1d3acdfc33e75fa7b3a75f2df356e7d	0	0
561	10	6	8	0	0	00842202841000580410025200030c0	1d3acdfc33e75fa7b3a75dadf35cf3d	0	0
562	10	6	3	0	0	0084421083000040940248110102030	1d3aadee34f75fbf23b517eef25dfcd	0	0
564	10	6	6	0	0	0084820284100058041000d200090c0	1d3a6dfc33e75fa7b3a75f2df356f3d	0	0
565	10	3	6	0	0	00848202841001580410005200090c0	1d3a6dfc33e75ea7b3a75fadf356f3d	0	0
566	10	7	10	0	0	0084a00280100158041000ca00090c0	1d3a4ffc37e75ea7b3a75f35f356f3d	0	0
568	10	7	7	0	0	0084a00280100158041000d20009240	1d3a4ffc37e75ea7b3a75f2df356dbd	0	0
569	10	7	4	0	1	0084a00284000158041000d200050c0	1d3a4ffc33f75ea7b3a75f2df35af3d	0	0
570	10	6	4	0	0	0084a00284100058041000d200030c0	1d3a4ffc33e75fa7b3a75f2df35cf3d	0	0
571	10	6	2	0	0	0084a002841000580410025200030c0	1d3a4ffc33e75fa7b3a75dadf35cf3d	0	0
572	10	5	10	0	0	0084a00284100148041000ca00090c0	1d3a4ffc33e75eb7b3a75f35f356f3d	0	0
574	10	5	7	0	0	0084a00284100148041000d20009240	1d3a4ffc33e75eb7b3a75f2df356dbd	0	0
576	10	3	4	0	0	0084a002841001580410005200030c0	1d3a4ffc33e75ea7b3a75fadf35cf3d	0	0
580	10	6	4	0	0	0084a00284800114000501520009500	1d3a4ffc33775eebb7b25eadf356afd	0	0
581	10	7	6	0	0	0086200280100158011000d20009280	1d38cffc37e75ea7b6a75f2df356d7d	0	0
582	10	7	8	0	0	0086200280100158041000ca00090c0	1d38cffc37e75ea7b3a75f35f356f3d	0	0
583	10	7	1	0	0	0086201200100158041000ca000c0c0	1d38cfecb7e75ea7b3a75f35f353f3d	0	0
584	10	6	3	0	0	0086201200140058041000ca000a0c0	1d38cfecb7e35fa7b3a75f35f355f3d	0	0
585	10	9	3	0	1	008800b0018101041404082c000c030	1d36ef4eb6765efba3b357d3f353fcd	0	0
586	10	6	7	0	0	008808b000830020800614003104140	1d36e74eb7745fdf37b14bffc25bebd	0	0
587	10	3	3	0	1	008808b0018101041404080c0004830	1d36e74eb6765efba3b357f3f35b7cd	0	0
588	10	6	6	0	0	00880c2014810005040400a60009108	1d36e3dea3765ffab3b35f59f356ef5	0	0
589	10	7	4	0	0	0088209010800314060010441208028	1d36cf6ea7775cebb1b74fbbe157fd5	0	0
590	10	5	4	0	0	0088209014800304060010441208028	1d36cf6ea3775cfbb1b74fbbe157fd5	0	0
591	10	4	4	0	0	0088209014800314040010441208028	1d36cf6ea3775cebb3b74fbbe157fd5	0	0
592	10	3	9	0	0	008820b0009000c484041010100c120	1d36cf4eb7675f3b33b34fefe353edd	0	0
593	10	3	3	0	1	008820b0018101041404002c000c030	1d36cf4eb6765efba3b35fd3f353fcd	0	0
594	10	5	4	0	1	0088222014810104050001260009028	1d36cddea3765efbb2b75ed9f356fd5	0	0
595	10	4	4	0	0	0088283000c10054000400a60005408	1d36c7ceb7365fabb7b35f59f35abf5	0	0
596	10	5	6	0	1	0088283001050040848000a0a104104	1d36c7ceb6f25fbf33375f5f525bef9	0	0
597	10	4	3	0	1	0088283001050042840000a28104104	1d36c7ceb6f25fbd33b75f5d725bef9	0	0
598	10	1	6	0	0	0088283001110040948000a0a100104	1d36c7ceb6e65fbf23375f5f525fef9	0	0
599	10	4	1	0	0	0088283001110042840000a28104104	1d36c7ceb6e65fbd33b75f5d725bef9	0	0
600	10	6	6	0	1	0088414200a00070010141003048104	1d36aebcb7575f8fb6b61effc317ef9	0	0
601	10	8	4	0	1	0088421000141228020100b10018280	1d36adeeb7e34dd7b5b65f4ef347d7d	0	0
602	10	4	6	0	1	0088425001020260202040412108110	1d36adaeb6f55d9f97971fbed257eed	0	0
603	10	4	10	0	0	0088481020121060808040812110104	1d36a7ee97e54f9f37371f7ed24fef9	0	0
604	10	2	6	0	0	0088481020121060848040802110104	1d36a7ee97e54f9f33371f7fd24fef9	0	0
605	10	5	7	0	1	0088481020125020040102890012208	1d36a7ee97e50fdfb3b65d76f34ddf5	0	0
606	10	5	4	0	1	0088481020505020040100a90006280	1d36a7ee97a70fdfb3b65f56f359d7d	0	0
607	10	4	6	0	0	0088485000820240940050003102120	1d36a7aeb7755dbf23b70fffc25dedd	0	0
608	10	5	8	0	0	0088808414800604020211101202030	1d366f7aa37759fbb5b54eefe15dfcd	0	0
609	10	5	4	0	0	0088808414800604020211101202120	1d366f7aa37759fbb5b54eefe15dedd	0	0
610	10	3	6	0	1	008880b0009001a400140038000c0a0	1d366f4eb7675e5bb7a35fc7f353f5d	0	0
611	10	5	10	0	0	0088820a00125000141040212102090	1d366df4b7e50fffa3a71fded25df6d	0	0
612	10	7	4	0	0	0088822400810045020410302009108	1d366ddab7765fbab5b34fcfd356ef5	0	0
613	10	4	4	0	0	0088822404810045000410302009108	1d366ddab3765fbab7b34fcfd356ef5	0	0
614	10	8	2	0	0	00888820008310041401110c000a028	1d3667deb7744ffba3b64ef3f355fd5	0	0
615	10	7	7	0	1	00888820108011240401014c000a028	1d3667dea7774edbb3b65eb3f355fd5	0	0
616	10	4	10	0	0	00888820108211041400110c000a028	1d3667dea7754efba3b74ef3f355fd5	0	0
617	10	4	4	0	1	00888820108211240400014c00060a0	1d3667dea7754edbb3b75eb3f359f5d	0	0
618	10	4	7	0	1	00888820108211240400014c000a028	1d3667dea7754edbb3b75eb3f355fd5	0	0
619	10	4	2	0	1	00888820108211240400014c000c0a0	1d3667dea7754edbb3b75eb3f353f5d	0	0
620	10	6	4	0	0	00888820208210300005111400060a0	1d3667de97754fcfb7b24eebf359f5d	0	0
621	10	4	2	0	0	00888820208210640400110c0006030	1d3667de97754f9bb3b74ef3f359fcd	0	0
622	10	5	2	0	0	00888820208310040401110c000a028	1d3667de97744ffbb3b64ef3f355fd5	0	0
623	10	5	6	0	0	0088884010a00260012050003101084	1d3667bea7575d9fb6970fffc25ef79	0	0
624	10	3	1	0	0	0088884010a01060212010003104280	1d3667bea7574f9f96974fffc25bd7d	0	0
625	10	4	2	0	0	00888860008310041001110c000a028	1d36679eb7744ffba7b64ef3f355fd5	0	0
626	10	7	4	0	0	0088a00090810114000541060009420	1d364ffe27765eebb7b21ef9f356bdd	0	0
627	10	5	4	0	0	0088a00094810104000541060009420	1d364ffe23765efbb7b21ef9f356bdd	0	0
628	10	4	4	0	0	0088a00094810114000401260009420	1d364ffe23765eebb7b35ed9f356bdd	0	0
629	10	3	4	0	0	0088a00094810114000501060009420	1d364ffe23765eebb7b25ef9f356bdd	0	0
630	10	3	4	0	0	0088a00214810114000501060009408	1d364ffca3765eebb7b25ef9f356bf5	0	0
631	10	7	4	0	0	0088a02080810114000501260009420	1d364fde37765eebb7b25ed9f356bdd	0	0
632	10	5	4	0	0	0088a02084810104000501260009420	1d364fde33765efbb7b25ed9f356bdd	0	0
633	10	6	2	0	1	008a082010a00114050009060001828	1d34e7dea7575eebb2b756f9f35e7d5	0	0
634	10	7	4	0	0	008a0830000211240006180c0004828	1d34e7ceb7f54edbb7b147f3f35b7d5	0	0
635	10	4	9	0	0	009009180104024a040008302110014	1d2ee6e6b6f35db5b3b757cfd24ffe9	0	0
636	10	3	9	0	1	009009180402084a041000520006048	1d2ee6e6b3f557b5b3a75fadf359fb5	0	0
637	10	3	3	0	1	009009180402084a041000520006240	1d2ee6e6b3f557b5b3a75fadf359dbd	0	0
638	10	3	3	0	0	009009180402084a041000520102048	1d2ee6e6b3f557b5b3a75fadf25dfb5	0	0
639	10	3	2	0	0	009009180402084a041000520104048	1d2ee6e6b3f557b5b3a75fadf25bfb5	0	0
640	10	6	1	0	0	009009180500020a040108302110014	1d2ee6e6b2f75df5b3b657cfd24ffe9	0	0
641	10	4	1	0	0	009009180500024a040008302110014	1d2ee6e6b2f75db5b3b757cfd24ffe9	0	0
642	10	4	9	0	1	009009500104024a040008282050014	1d2ee6aeb6f35db5b3b757d7d30ffe9	0	0
643	10	6	6	0	1	00900a120402007000820143000c500	1d2ee5ecb3f55f8fb7355ebcf353afd	0	0
644	10	7	4	0	1	00900c1804000a18040100630003440	1d2ee3e6b3f755e7b3b65f9cf35cbbd	0	0
645	10	9	7	0	1	00902000a4804818000501320009410	1d2ecffe137717e7b7b25ecdf356bed	0	0
646	10	8	4	0	1	0090241000130818040100ca00090c0	1d2ecbeeb7e457e7b3b65f35f356f3d	0	0
647	10	6	4	0	1	0090241200130018040100ca00090c0	1d2ecbecb7e45fe7b3b65f35f356f3d	0	0
648	10	4	4	0	1	0090241200130058040000ca00090c0	1d2ecbecb7e45fa7b3b75f35f356f3d	0	0
649	10	3	6	0	0	009024300121008094011000a100904	1d2ecbceb6d65f7f23b64fff525f6f9	0	0
650	10	4	6	0	1	00902810140203101400014602080a0	1d2ec7eea3f55cefa3b75eb9f157f5d	0	0
651	10	1	6	0	0	0090281014020310148001460008420	1d2ec7eea3f55cefa3375eb9f357bdd	0	0
652	10	2	8	0	1	009041480023010a001148002005220	1d2eaeb6b7d45ef5b7a617ffd35addd	0	0
653	10	1	9	0	1	0090415001200322010102418000a08	1d2eaeaeb6d75cddb6b65dbe735f5f5	0	0
654	10	6	7	0	0	009080a200820422000611180005110	1d2e6f5cb7755bddb7b14ee7f35aeed	0	0
655	10	6	6	0	0	009080e000220412000611120005120	1d2e6f1eb7d55bedb7b14eedf35aedd	0	0
656	10	6	4	0	0	009080e000820412000611120005120	1d2e6f1eb7755bedb7b14eedf35aedd	0	0
657	10	4	2	0	0	009080e000a00452000211120005120	1d2e6f1eb7575badb7b54eedf35aedd	0	0
658	10	6	4	0	0	0090820284030014000309060009440	1d2e6dfc33f45febb7b456f9f356bbd	0	0
659	10	6	9	0	0	009082081023000902020143000c440	1d2e6df6a7d45ff6b5b55ebcf353bbd	0	0
660	10	6	6	0	0	0090820a01020058001202502104440	1d2e6df4b6f55fa7b7a55dafd25bbbd	0	0
661	10	6	4	0	1	0090a002201300180401018a00090c0	1d2e4ffc97e45fe7b3b65e75f356f3d	0	0
662	10	6	6	0	0	009200901121000410060a0c0104028	1d2cef6ea6d65ffba7b155f3f25bfd5	0	0
663	10	8	7	0	0	00a005100500044a040208380012014	1d1eeaeeb2f75bb5b3b557c7f34dfe9	0	0
664	10	9	2	0	0	00a00830002301240003180c0005060	1d1ee7ceb7d45edbb7b447f3f35af9d	0	0
665	10	3	10	0	0	00a008a800250106010108041101028	1d1ee756b7d25ef9b6b657fbe25efd5	0	0
666	10	7	6	0	1	00a009101400104094804080a202180	1d1ee6eea3f74fbf23371f7f515de7d	0	0
667	10	6	9	0	0	00a0091025000042848000a18006500	1d1ee6ee92f75fbd33375f5e7359afd	0	0
668	10	4	9	0	0	00a00a101105400480020820a102440	1d1ee5eea6f21ffb37b557df525dbbd	0	0
669	10	3	6	0	0	00a00a1013000240940240018102480	1d1ee5eea4f75dbf23b51ffe725db7d	0	0
670	10	5	8	0	1	00a00c4015010102000348060003030	1d1ee3bea2f65efdb7b417f9f35cfcd	0	0
671	10	6	10	0	0	00a0209014200106020410540009028	1d1ecf6ea3d75ef9b5b34fabf356fd5	0	0
672	10	6	8	0	1	00a022120104004094010a180104084	1d1ecdecb6f35fbf23b655e7f25bf79	0	0
673	10	5	6	0	1	00a022500014404014104022800a280	1d1ecdaeb7e31fbfa3a71fdd7355d7d	0	0
674	10	6	8	0	0	00a0285000220106000540422101420	1d1ec7aeb7d55ef9b7b21fbdd25ebdd	0	0
675	10	4	6	0	1	00a0409201040460800240980006140	1d1eaf6cb6f35b9f37b51f67f359ebd	0	0
676	10	6	4	0	1	00a0411011200128000308980014240	1d1eaeeea6d75ed7b7b45767f34bdbd	0	0
677	10	6	10	0	0	00a041140024402202010220914000c	1d1eaeeab7d31fddb5b65ddf621fff1	0	0
678	10	6	6	0	0	00a0415000140064002448081008910	1d1eaeaeb7e35f9bb79317f7e3576ed	0	0
679	10	4	4	0	0	00a0415001020260202000c90108140	1d1eaeaeb6f55d9f97975f36f257ebd	0	0
680	10	4	6	0	1	00a041500102026020204049000a110	1d1eaeaeb6f55d9f97971fb6f355eed	0	0
681	10	4	4	0	1	00a041500102026020204049000a140	1d1eaeaeb6f55d9f97971fb6f355ebd	0	0
682	10	4	9	0	0	00a048102014406200010a101140024	1d1ea7ee97e31f9db7b655efe21ffd9	0	0
683	10	5	6	0	1	00a048401300410020030a180101028	1d1ea7bea4f71eff97b455e7f25efd5	0	0
684	10	3	6	0	0	00a0484800250102210140042101021	1d1ea7b6b7d25efd96b61ffbd25efdc	0	0
685	10	5	3	0	0	00a048500204014100031818000a240	1d1ea7aeb5f35ebeb7b447e7f355dbd	0	0
686	10	6	6	0	0	00a080a204210004100518003009500	1d1e6f5cb3d65ffba7b247ffc356afd	0	0
687	10	3	4	0	1	00a0812080830064002408081041110	1d1e6ede37745f9bb79357f7e31eeed	0	0
688	10	4	6	0	0	00a0812200230060800418081005180	1d1e6edcb7d45f9f37b347f7e35ae7d	0	0
689	10	6	10	0	0	00a0812201200060800518090005104	1d1e6edcb6d75f9f37b247f6f35aef9	0	0
690	10	7	4	0	1	00a08210110101009402082881040c0	1d1e6deea6f65eff23b557d7725bf3d	0	0
691	10	6	2	0	1	00a082120104006080030a1801040c0	1d1e6decb6f35f9f37b455e7f25bf3d	0	0
692	10	5	3	0	1	00a082120105004080030a1801020c0	1d1e6decb6f25fbf37b455e7f25df3d	0	0
693	10	5	2	0	1	00a082120105004080030a1801040c0	1d1e6decb6f25fbf37b455e7f25bf3d	0	0
694	10	2	2	0	1	00a082120105006080030a0801040c0	1d1e6decb6f25f9f37b455f7f25bf3d	0	0
695	10	5	1	0	1	00a082300105010084010820c1040c0	1d1e6dceb6f25eff33b657df325bf3d	0	0
696	10	6	3	0	1	00a0884015010000a00318088003140	1d1e67bea2f65fff17b447f7735cebd	0	0
697	10	6	10	0	1	00a0a00030a10014000541060009024	1d1e4ffe87565febb7b21ef9f356fd9	0	0
698	10	6	2	0	0	00a0a00030a10014000541060009420	1d1e4ffe87565febb7b21ef9f356bdd	0	0
699	10	3	7	0	0	00a0a000a0a10054000540041009420	1d1e4ffe17565fabb7b21ffbe356bdd	0	0
700	10	5	4	0	1	00a0c04082050102020108828101011	1d1e2fbe35f25efdb5b6577d725efec	0	0
701	10	3	4	0	1	00a0c04082050102220108028101011	1d1e2fbe35f25efd95b657fd725efec	0	0
702	10	3	4	0	0	00a2011800121040928040018202104	1d1ceee6b7e54fbf25371ffe715def9	0	0
703	10	6	9	0	0	00a20810102201240006180c0005060	1d1ce7eea7d55edbb7b147f3f35af9d	0	0
704	10	5	9	0	0	00a20810102301040006180c0005060	1d1ce7eea7d45efbb7b147f3f35af9d	0	0
705	10	6	0	0	0	00a20830002201240006180c0005060	1d1ce7ceb7d55edbb7b147f3f35af9d	0	0
706	10	5	0	0	0	00a20830002301040006180c0005060	1d1ce7ceb7d45efbb7b147f3f35af9d	0	0
707	10	4	4	0	1	00a24000a180107000024024800a104	1d1caffe16774f8fb7b51fdb7355ef9	0	0
708	10	4	8	0	0	00a24000a1810102101040248100814	1d1caffe16765efda7a71fdb725f7e9	0	0
709	10	4	4	0	1	00a240048500106010024024800a104	1d1caffa32f74f9fa7b51fdb7355ef9	0	0
710	10	10	4	0	0	010003120082085405000142200a600	1cbeececb77557abb2b75ebdd3559fd	0	0
711	10	10	10	0	0	0100051200120858041000ca000a0c0	1cbeeaecb7e557a7b3a75f35f355f3d	0	0
712	10	10	3	0	1	0100220214100868011000d20009280	1cbecdfca3e75797b6a75f2df356d7d	0	0
713	10	10	0	0	0	010082088402141015000142800a420	1cbe6df633f54befa2b75ebd7355bdd	0	0
714	10	10	4	0	1	01028004105002a8028000a05011280	1cbc6ffaa7a75d57b5375f5fa34ed7d	0	0
715	10	5	4	0	1	01040a0a04041050050001422202120	1cbae5f4b3f34fafb2b75ebdd15dedd	0	0
716	10	3	10	0	0	0104280096000a14010400421009420	1cbac7fe21f755ebb6b35fbde356bdd	0	0
717	10	7	4	0	0	010442220002121015000142800a500	1cbaaddcb7f54defa2b75ebd7355afd	0	0
718	10	6	8	0	1	0104484022400220220106081041048	1cbaa7be95b75ddf95b659f7e31efb5	0	0
719	10	6	3	0	0	0106008286000830001400c600090c0	1cb8ef7c31f757cfb7a35f39f356f3d	0	0
720	10	7	1	0	0	0106041200100858041000ca000a0c0	1cb8ebecb7e757a7b3a75f35f355f3d	0	0
721	10	4	6	0	0	010608081440093001000146000900c	1cb8e7f6a3b756cfb6b75eb9f356ff1	0	0
722	10	7	4	0	0	01062002840008b0010101860009084	1cb8cffc33f7574fb6b65e79f356f79	0	0
723	10	6	1	0	0	0106802400500228028000a05011090	1cb86fdab7a75dd7b5375f5fa34ef6d	0	0
724	10	5	8	0	0	01068024011002a0028000a0c011014	1cb86fdab6e75d5fb5375f5f334efe9	0	0
725	10	6	9	0	1	0108051400420228048000a05050210	1cb6eaeab7b55dd7b3375f5fa30fded	0	0
726	10	6	9	0	1	0108602010220124050001441018028	1cb68fdea7d55edbb2b75ebbe347fd5	0	0
727	10	4	4	0	1	0108822200830114040001260009028	1cb66ddcb7745eebb3b75ed9f356fd5	0	0
728	10	6	4	0	0	0108822200c10014000501260009408	1cb66ddcb7365febb7b25ed9f356bf5	0	0
729	10	8	0	0	0	0108880081810214002440244003420	1cb667fe36765debb7931fdbb35cbdd	0	0
730	10	6	10	0	1	0108882010a00094040105041012088	1cb667dea7575f6bb3b65afbe34df75	0	0
731	10	6	7	0	0	0108882010a00094040105041012408	1cb667dea7575f6bb3b65afbe34dbf5	0	0
732	10	6	7	0	1	0108882010a000b0040105041012088	1cb667dea7575f4fb3b65afbe34df75	0	0
733	10	4	4	0	0	0108a020111000e4040002841014220	1cb64fdea6e75f1bb3b75d7be34bddd	0	0
734	10	5	3	0	0	0108a020112000c4060002841014420	1cb64fdea6d75f3bb1b75d7be34bbdd	0	0
735	10	6	4	0	0	0108c02010a00094040105041012408	1cb62fdea7575f6bb3b65afbe34dbf5	0	0
736	10	6	4	0	1	0108c02010a000b0040105041012088	1cb62fdea7575f4fb3b65afbe34df75	0	0
737	10	7	9	0	1	010a04140002028c048000a05110030	1cb4ebeab7f55d73b3375f5fa24ffcd	0	0
738	10	2	4	0	0	010a80240012028c048004801110011	1cb46fdab7e55d73b3375b7fe24ffec	0	0
739	10	4	6	0	1	0110088a04200170010001428005500	1caee774b3d75e8fb6b75ebd735aafd	0	0
740	10	5	8	0	0	0110222800220450050001428005420	1caecdd6b7d55bafb2b75ebd735abdd	0	0
741	10	5	8	0	1	0110280814200150050001428005420	1caec7f6a3d75eafb2b75ebd735abdd	0	0
742	10	4	4	0	0	011040a012800528000211180011028	1caeaf5ea5775ad7b7b54ee7f34efd5	0	0
743	10	5	3	0	0	0110602800220150050001448009420	1cae8fd6b7d55eafb2b75ebb7356bdd	0	0
744	10	3	4	0	0	0110812200a1007000210106004100c	1cae6edcb7565f8fb7965ef9f31eff1	0	0
745	10	4	6	0	0	0110820a04020254040001448009410	1cae6df4b3f55dabb3b75ebb7356bed	0	0
746	10	5	2	0	0	0110a02800220450050001428005420	1cae4fd6b7d55bafb2b75ebd735abdd	0	0
747	10	2	2	0	0	0110c02010a004a4020205040210009	1cae2fdea7575b5bb5b55afbf14fff4	0	0
748	10	6	4	0	0	0110c02080a000a4020104241011408	1cae2fde37575f5bb5b65bdbe34ebf5	0	0
749	10	4	7	0	0	01120204210406280200042c0014011	1cacedfa96f359d7b5b75bd3f34bfec	0	0
750	10	4	8	0	1	0112040421040628020002288050005	1cacebfa96f359d7b5b75dd7730fff8	0	0
751	10	6	7	0	1	0112041400120098020204205240030	1cacebeab7e55f67b5b55bdfa11ffcd	0	0
752	10	6	9	0	0	01120414001200a8008204205140030	1cacebeab7e55f57b7355bdfa21ffcd	0	0
753	10	6	3	0	1	0112201020500098040404284048081	1caccfee97a75f67b3b35bd7b317f7c	0	0
754	10	7	4	0	0	0120220214000154050001460009420	1c9ecdfca3f75eabb2b75eb9f356bdd	0	0
755	10	5	4	0	1	0120281020144060048004281012280	1c9ec7ee97e31f9fb3375bd7e34dd7d	0	0
756	10	9	4	0	0	012080201103042020a000cc0011048	1c9e6fdea6f45bdf97175f33f34efb5	0	0
757	10	6	4	0	0	01208124001200a8048004881050011	1c9e6edab7e55f57b3375b77e30ffec	0	0
758	10	3	4	0	0	0120882012040a24000510101101060	1c9e67dea5f355dbb7b24fefe25ef9d	0	0
759	10	8	8	0	1	01220104020202b0009000a05050220	1c9ceefab5f55d4fb7275f5fa30fddd	0	0
760	10	4	4	0	1	012201140042028c040000a81050210	1c9ceeeab7b55d73b3b75f57e30fded	0	0
761	10	4	4	0	1	01220114020202b0008000a05050220	1c9ceeeab5f55d4fb7375f5fa30fddd	0	0
762	10	2	2	0	1	01220114020202b0009000a04050220	1c9ceeeab5f55d4fb7275f5fb30fddd	0	0
763	10	3	0	0	1	0122014402020298009000805050220	1c9ceebab5f55d67b7275f7fa30fddd	0	0
764	10	4	0	0	1	01220810205040b00004048a0048041	1c9ce7ee97a71f4fb7b35b75f317fbc	0	0
765	10	6	2	0	1	0122201020500098040404284048081	1c9ccfee97a75f67b3b35bd7b317f7c	0	0
766	10	6	4	0	0	018001b0018001240404006c000c028	1c3eee4eb6775edbb3b35f93f353fd5	0	0
767	10	3	4	0	0	018001b0018001640404004c000c028	1c3eee4eb6775e9bb3b35fb3f353fd5	0	0
768	10	4	2	0	0	018002a0128104088002111800050a0	1c3eed5ea5765bf737b54ee7f35af5d	0	0
769	10	1	2	0	0	01800344050000e0802141042008180	1c3eecbab2f75f1f37961efbd357e7d	0	0
770	10	4	7	0	1	018003500022123000014040a048104	1c3eecaeb7d54dcfb7b61fbf5317ef9	0	0
771	10	1	4	0	0	0180035001020330002250006000940	1c3eecaeb6f55ccfb7950fff935f6bd	0	0
772	10	8	10	0	0	01800510001210a8028000a84050014	1c3eeaeeb7e54f57b5375f57b30ffe9	0	0
773	10	8	4	0	1	01800510014002a8048000a90002a10	1c3eeaeeb6b75d57b3375f56f35d5ed	0	0
774	10	7	9	0	1	01800514000202a8048000a05050210	1c3eeaeab7f55d57b3375f5fa30fded	0	0
775	10	7	9	0	0	01800514000202a8048000a05140030	1c3eeaeab7f55d57b3375f5fa21ffcd	0	0
776	10	6	10	0	0	0180051400120098028000a05240030	1c3eeaeab7e55f67b5375f5fa11ffcd	0	0
777	10	6	10	0	0	01800514001200a8028000a05050210	1c3eeaeab7e55f57b5375f5fa30fded	0	0
778	10	6	7	0	0	0180051400500088260000a24208201	1c3eeaeab7a75f7791b75f5db157dfc	0	0
779	10	4	10	0	0	0180051402020294008000a05300030	1c3eeaeab5f55d6bb7375f5fa05ffcd	0	0
780	10	7	6	0	1	01800530010002a8048000a84010814	1c3eeaceb6f75d57b3375f57b34f7e9	0	0
781	10	3	6	0	1	01800530010202a8048000884010814	1c3eeaceb6f55d57b3375f77b34f7e9	0	0
782	10	8	4	0	1	018005400241008a0201018a0048005	1c3eeabeb5b65f75b5b65e75f317ff8	0	0
783	10	3	0	0	1	0180054402020298009000805240220	1c3eeabab5f55d67b7275f7fa11fddd	0	0
784	10	7	9	0	0	018009201081082401040126000900c	1c3ee6dea77657dbb6b35ed9f356ff1	0	0
785	10	1	9	0	0	01800a101180024094025000a002500	1c3ee5eea6775dbf23b50fff535dafd	0	0
786	10	7	8	0	0	0180808091010400a00650180005060	1c3e6f7e26f65bff17b10fe7f35af9d	0	0
787	10	5	6	0	0	0180808093010400200612180005220	1c3e6f7e24f65bff97b14de7f35addd	0	0
788	10	5	4	0	0	0180808093010400200650180005060	1c3e6f7e24f65bff97b10fe7f35af9d	0	0
789	10	6	10	0	0	0180810410500228028000a05041210	1c3e6efaa7a75dd7b5375f5fa31eded	0	0
790	10	7	2	0	0	0180822012010404800311180005060	1c3e6ddea5f65bfb37b44ee7f35af9d	0	0
791	10	4	4	0	0	0180822012030404200211180005060	1c3e6ddea5f45bfb97b54ee7f35af9d	0	0
792	10	3	2	0	1	0180822012210414000301120005060	1c3e6ddea5d65bebb7b45eedf35af9d	0	0
793	10	6	2	0	1	0180822020a10014040101260009028	1c3e6dde97565febb3b65ed9f356fd5	0	0
794	10	4	2	0	1	0180822020a10054040001260009028	1c3e6dde97565fabb3b75ed9f356fd5	0	0
795	10	3	2	0	1	0180822020a10054040101060009028	1c3e6dde97565fabb3b65ef9f356fd5	0	0
796	10	6	9	0	0	0180840c00140088248004205300011	1c3e6bf2b7e35f7793375bdfa05ffec	0	0
797	10	6	7	0	0	0180842400140088248004205300011	1c3e6bdab7e35f7793375bdfa05ffec	0	0
798	10	5	1	0	0	0182009400500290028002241240014	1c3cef6ab7a75d6fb5375ddbe11ffe9	0	0
799	10	3	1	0	1	0182009400500298028000205202090	1c3cef6ab7a75d67b5375fdfa15df6d	0	0
800	10	6	3	0	0	0182011400120098028000a05240030	1c3ceeeab7e55f67b5375f5fa11ffcd	0	0
801	10	6	3	0	0	01820114001200a8028000a05050210	1c3ceeeab7e55f57b5375f5fa30fded	0	0
802	10	5	9	0	0	0182011400120288048000a05050210	1c3ceeeab7e55d77b3375f5fa30fded	0	0
803	10	4	9	0	0	0182011400120298008000a05240030	1c3ceeeab7e55d67b7375f5fa11ffcd	0	0
804	10	4	9	0	0	01820114001202a8008000a05050210	1c3ceeeab7e55d57b7375f5fa30fded	0	0
805	10	4	3	0	0	0182011402020294008000a05300030	1c3ceeeab5f55d6bb7375f5fa05ffcd	0	0
806	10	5	6	0	0	0182013001100288048000a84010814	1c3ceeceb6e75d77b3375f57b34f7e9	0	0
807	10	4	6	0	0	01820130011002a8008000a84010814	1c3ceeceb6e75d57b7375f57b34f7e9	0	0
808	10	5	8	0	0	0182022020441220020111044040814	1c3cedde97b34ddfb5b64efbb31f7e9	0	0
809	10	5	8	0	1	0182024402400190020211024008809	1c3cedbab5b75e6fb5b54efdb3577f4	0	0
810	10	6	3	0	1	018204140006008c028000a05300030	1c3cebeab7f15f73b5375f5fa05ffcd	0	0
811	10	6	1	0	1	01820414001200a8028040205050014	1c3cebeab7e55f57b5371fdfa30ffe9	0	0
812	10	6	4	0	1	0182041400140098028000a24210005	1c3cebeab7e35f67b5375f5db14fff8	0	0
813	10	6	0	0	0	01820414001400a8028000a05110090	1c3cebeab7e35f57b5375f5fa24ff6d	0	0
814	10	5	4	0	1	0182800410500288028000a05201280	1c3c6ffaa7a75d77b5375f5fa15ed7d	0	0
815	10	3	4	0	1	01828004105002a8028000205041204	1c3c6ffaa7a75d57b5375fdfa31edf9	0	0
816	10	1	4	0	1	01828004105002a8028000a05001280	1c3c6ffaa7a75d57b5375f5fa35ed7d	0	0
817	10	7	3	0	0	01828004200202b0009000a41140030	1c3c6ffa97f55d4fb7275f5be21ffcd	0	0
818	10	2	8	0	0	01828004201202b0009000a01140030	1c3c6ffa97e55d4fb7275f5fe21ffcd	0	0
819	10	1	9	0	0	01828004201202b0009000a41040030	1c3c6ffa97e55d4fb7275f5be31ffcd	0	0
820	10	3	3	0	1	01828004204200f0028001041048014	1c3c6ffa97b55f0fb5375efbe317fe9	0	0
821	10	4	1	0	0	01828014001202b0008000a05140030	1c3c6feab7e55d4fb7375f5fa21ffcd	0	0
822	10	7	0	0	1	01828024001002a8028000a05011090	1c3c6fdab7e75d57b5375f5fa34ef6d	0	0
823	10	10	7	0	0	040004c200145021020202890002890	19beeb3cb7e30fdeb5b55d76f35d76d	0	0
824	10	10	3	0	1	04000a12010500428003409081040c0	19bee5ecb6f25fbd37b41f6f725bf3d	0	0
825	10	10	3	0	1	04004810201410608401408900120a0	19bea7ee97e34f9f33b61f76f34df5d	0	0
826	10	5	10	0	0	040804c4001450010201028a0012090	19b6eb3ab7e30ffeb5b65d75f34df6d	0	0
827	10	4	9	0	0	040804c4001450210001028a0012090	19b6eb3ab7e30fdeb7b65d75f34df6d	0	0
828	10	2	7	0	0	040804c400145021020102880012090	19b6eb3ab7e30fdeb5b65d77f34df6d	0	0
829	10	9	7	0	0	04080830011000c2840108908104024	19b6e7ceb6e75f3d33b6576f725bfd9	0	0
830	10	7	4	0	0	040808a020801830000511140044024	19b6e75e977747cfb7b24eebf31bfd9	0	0
831	10	6	3	0	0	040808c400a000602120500031010a0	19b6e73ab7575f9f96970fffc25ef5d	0	0
832	10	7	10	0	0	04080c2400105021000300aa0012090	19b6e3dab7e70fdeb7b45f55f34df6d	0	0
833	10	6	2	0	1	04080c3000141022040100a28018280	19b6e3ceb7e34fddb3b65f5d7347d7d	0	0
834	10	7	2	0	0	0408282080045021040100a0a140090	19b6c7de37f30fdeb3b65f5f521ff6d	0	0
835	10	2	2	0	0	0408282080445021040100a02140090	19b6c7de37b30fdeb3b65f5fd21ff6d	0	0
836	10	5	2	0	1	0408282080505020040100a28009280	19b6c7de37a70fdfb3b65f5d7356d7d	0	0
837	10	6	4	0	0	0408282080c04001140100b01140088	19b6c7de37371ffea3b65f4fe21ff75	0	0
838	10	5	4	0	0	04084800a0901060050000a09110280	19b6a7fe17674f9fb2b75f5f624fd7d	0	0
839	10	7	4	0	1	040848120004106204014080a104084	19b6a7ecb7f34f9db3b61f7f525bf79	0	0
840	10	6	6	0	0	0408602080144021060000a05010890	19b68fde37e31fdeb1b75f5fa34f76d	0	0
841	10	3	6	0	0	0408602080144121060000205010890	19b68fde37e31edeb1b75fdfa34f76d	0	0
842	10	5	4	0	1	0408882020821060040414003044220	19b667de97754f9fb3b34bffc31bddd	0	0
843	10	5	4	0	0	04088820208210600404140031040a0	19b667de97754f9fb3b34bffc25bf5d	0	0
844	10	4	4	0	0	04088824001212201400102810120a0	19b667dab7e54ddfa3b74fd7e34df5d	0	0
845	10	9	6	0	0	04100118014000e084010a082104024	19aeeee6b6b75f1f33b655f7d25bfd9	0	0
846	10	8	3	0	0	04102120020209110410006242040c0	19aecedeb5f556eeb3a75f9db15bf3d	0	0
847	10	4	6	0	1	0410220214110828000101424009280	19aecdfca3e657d7b7b65ebdb356d7d	0	0
848	10	5	4	0	1	0410241200130810040100ca00090c0	19aecbecb7e457efb3b65f35f356f3d	0	0
849	10	2	4	0	0	041041120104084286000830010400c	19aeaeecb6f357bd31b757cff25bff1	0	0
850	10	7	6	0	0	04104800a0025020140112003110220	19aea7fe17f50fdfa3b64dffc24fddd	0	0
851	10	4	6	0	1	0410481080061120140012082010a20	19aea7ee37f14edfa3b74df7d34f5dd	0	0
852	10	5	7	0	0	0410481080141060040202288102060	19aea7ee37e34f9fb3b55dd7725df9d	0	0
853	10	4	3	0	1	04104830010400c2840008308104024	19aea7ceb6f35f3d33b757cf725bfd9	0	0
854	10	9	4	0	0	0420011401040146020102908300028	199eeeeab6f35eb9b5b65d6f705ffd5	0	0
855	10	9	4	0	1	04200212010500608003088881040c0	199eedecb6f25f9f37b45777725bf3d	0	0
856	10	8	4	0	0	04200304030001620012403081040a0	199eecfab4f75e9db7a51fcf725bf5d	0	0
857	10	6	4	0	0	04200312010400608401088881040c0	199eececb6f35f9f33b65777725bf3d	0	0
858	10	8	7	0	1	04200504028000e0248044081018011	199eeafab5775f1f93371bf7e347fec	0	0
859	10	6	7	0	1	0420050422800060248044081018011	199eeafa95775f9f93371bf7e347fec	0	0
860	10	5	10	0	1	0420050c028000c0248044081018011	199eeaf2b5775f3f93371bf7e347fec	0	0
861	10	3	7	0	1	04200524028000e0248004081018011	199eeadab5775f1f93375bf7e347fec	0	0
862	10	5	4	0	0	0420064403000160000318088101030	199ee9bab4f75e9fb7b447f7725efcd	0	0
863	10	5	4	0	0	0420094803000141000348180006060	199ee6b6b4f75ebeb7b417e7f359f9d	0	0
864	10	3	4	0	0	04200a3000141062040200228110084	199ee5ceb7e34f9db3b55fdd724ff79	0	0
865	10	7	4	0	0	04200a500004105014011800a140024	199ee5aeb7f34fafa3b647ff521ffd9	0	0
866	10	7	10	0	0	0420220410114001128002228003210	199ecdfaa7e61ffea5375ddd735cded	0	0
867	10	4	10	0	0	0420220414114001108002228003210	199ecdfaa3e61ffea7375ddd735cded	0	0
868	10	6	9	0	0	0420280881050001140408248002a10	199ec7f636f25ffea3b357db735d5ed	0	0
869	10	6	8	0	1	0420280881050001140408288002a10	199ec7f636f25ffea3b357d7735d5ed	0	0
870	10	6	4	0	0	04202808810500011404082c0002a20	199ec7f636f25ffea3b357d3f35d5dd	0	0
871	10	6	6	0	1	0420281081050004100502308102220	199ec7ee36f25ffba7b25dcf725dddd	0	0
872	10	6	1	0	0	0420281400120085048000b80012210	199ec7eab7e55f7ab3375f47f34dded	0	0
873	10	6	7	0	0	0420281800070002800344003110404	199ec7e6b7f05ffd37b41bffc24fbf9	0	0
874	10	9	6	0	1	0420401081040840360002310102030	199eafee36f357bf81b75dcef25dfcd	0	0
875	10	3	6	0	0	0420410282050062001140009108084	199eaefc35f25f9db7a61fff6257f79	0	0
876	10	6	0	0	0	04204110103001208202480092100c0	199eaeeea7c75edf35b517ff614ff3d	0	0
877	10	5	6	0	0	0420411081040860020102908108044	199eaeee36f3579fb5b65d6f7257fb9	0	0
878	10	6	6	0	0	0420411201040060840102888102048	199eaeecb6f35f9f33b65d77725dfb5	0	0
879	10	2	6	0	1	0420421201040840940148100102018	199eadecb6f357bf23b617eff25dfe5	0	0
880	10	6	10	0	1	042044101104080092010a108102044	199eabeea6f357ff25b655ef725dfb9	0	0
881	10	5	6	0	0	04204800a2041040240112101110220	199ea7fe15f34fbf93b64defe24fddd	0	0
882	10	4	6	0	1	0420481081040840340040310102030	199ea7ee36f357bf83b71fcef25dfcd	0	0
883	10	6	6	0	0	0420485000140052040102828101024	199ea7aeb7e35fadb3b65d7d725efd9	0	0
884	10	4	4	0	1	0420600091045020100102908102220	199e8ffe26f30fdfa7b65d6f725dddd	0	0
885	10	3	4	0	1	0420601021040920840100288104044	199e8fee96f356df33b65fd7725bfb9	0	0
886	10	9	7	0	0	0480011201040242840102980104044	193eeeecb6f35dbd33b65d67f25bfb9	0	0
887	10	6	2	0	0	048003101140006084020a0821040c0	193eeceea6b75f9f33b555f7d25bf3d	0	0
888	10	5	3	0	0	04800318014000c084010a180104044	193eece6b6b75f3f33b655e7f25bfb9	0	0
889	10	4	6	0	0	048003300180014094004020a00c480	193eecceb6775ebf23b71fdf5353b7d	0	0
890	10	6	4	0	1	04800510150001208003088882040c0	193eeaeea2f75edf37b45777715bf3d	0	0
891	10	7	4	0	0	0480055001000320800350090002860	193eeaaeb6f75cdf37b40ff6f35d79d	0	0
892	10	6	6	0	1	0480060a00120058041000d20009240	193ee9f4b7e55fa7b3a75f2df356dbd	0	0
893	10	8	4	0	1	04800610010501208003082881040c0	193ee9eeb6f25edf37b457d7725bf3d	0	0
894	10	7	3	0	0	04800614010100a080035000c100844	193ee9eab6f65f5f37b40fff325f7b9	0	0
895	10	6	4	0	1	0480061401050020800340228104044	193ee9eab6f25fdf37b41fdd725bfb9	0	0
896	10	4	4	0	1	048006140105012080024020a1008c0	193ee9eab6f25edf37b51fdf525f73d	0	0
897	10	2	4	0	1	04800614010501208003402081040c0	193ee9eab6f25edf37b41fdf725bf3d	0	0
898	10	4	4	0	0	04800660018000c8800118102101024	193ee99eb6775f3737b647efd25efd9	0	0
899	10	5	2	0	0	048009120104024204010a18014000c	193ee6ecb6f35dbdb3b655e7f21fff1	0	0
900	10	5	7	0	0	0480093000121200148008380012014	193ee6ceb7e54dffa33757c7f34dfe9	0	0
901	10	6	4	0	0	0480094201020046040440812101108	193ee6bcb6f55fb9b3b31f7ed25eef5	0	0
902	10	4	6	0	1	04800a102181004094004020a104084	193ee5ee96765fbf23b71fdf525bf79	0	0
903	10	3	3	0	0	04800c4805000142800340050003420	193ee3b6b2f75ebd37b41ffaf35cbdd	0	0
904	10	6	10	0	0	04802102201300180011018a0048044	193ecefc97e45fe7b7a65e75f317fb9	0	0
905	10	4	6	0	0	04804100a110502020010238000a220	193eaefe16e70fdf97b65dc7f355ddd	0	0
906	10	6	6	0	0	0480411080140060820148101018084	193eaeee37e35f9f35b617efe347f79	0	0
907	10	6	4	0	1	04804410110400a0840108888104044	193eabeea6f35f5f33b65777725bfb9	0	0
908	10	3	4	0	1	048048120104024214010818010200c	193ea7ecb6f35dbda3b657e7f25dff1	0	0
909	10	1	2	0	1	048048120104024214010a18010000c	193ea7ecb6f35dbda3b655e7f25fff1	0	0
910	10	6	6	0	0	048048500014005204010282810100c	193ea7aeb7e35fadb3b65d7d725eff1	0	0
911	10	9	4	0	1	0480800090a10060222010403041240	193e6ffe27565f9f95974fbfc31edbd	0	0
912	10	3	4	0	0	0480810090a10060222010003041240	193e6efe27565f9f95974fffc31edbd	0	0
913	10	7	7	0	0	04808200a0041111040108302108090	193e6dfe17f34eeeb3b657cfd257f6d	0	0
914	10	3	7	0	0	04808200a0841111040100302108090	193e6dfe17734eeeb3b65fcfd257f6d	0	0
915	10	4	4	0	0	0480820221101060140040212102090	193e6dfc96e74f9fa3b71fded25df6d	0	0
916	10	3	6	0	1	0480882020121220148000281012090	193e67de97e54ddfa3375fd7e34df6d	0	0
917	10	6	3	0	1	0480882020a00046040440221005420	193e67de97575fb9b3b31fdde35abdd	0	0
918	10	9	6	0	0	04820004241002b0009000a41040830	193ceffa93e75d4fb7275f5be31f7cd	0	0
919	10	5	4	0	0	0482010221101060000548082048104	193ceefc96e74f9fb7b217f7d317ef9	0	0
920	10	4	6	0	0	04820114041002b0008000a05040830	193ceeeab3e75d4fb7375f5fa31f7cd	0	0
921	10	9	8	0	1	05000408209000e0248044081018011	18beebf697675f1f93371bf7e347fec	0	0
922	10	8	10	0	1	05000504020202b0009000a05050220	18beeafab5f55d4fb7275f5fa30fddd	0	0
923	10	4	4	0	0	0500052023001220200110888200830	18beeade94f74ddf97b64f77715f7cd	0	0
924	10	6	8	0	0	05000524001200a4048004881018011	18beeadab7e55f5bb3375b77e347fec	0	0
925	10	3	0	0	1	05000544020202b0009000805050220	18beeabab5f55d4fb7275f7fa30fddd	0	0
926	10	8	9	0	1	0500060200120858041000d200090c0	18bee9fcb7e557a7b3a75f2df356f3d	0	0
927	10	6	7	0	1	0500095001040042840140888006028	18bee6aeb6f35fbd33b61f777359fd5	0	0
928	10	6	3	0	1	05000950010400428401408880060a0	18bee6aeb6f35fbd33b61f777359f5d	0	0
929	10	4	4	0	0	05000a2024101061000200b20014180	18bee5de93e74f9eb7b55f4df34be7d	0	0
930	10	7	4	0	0	05000c00a00450202401102811100a0	18bee3fe17f30fdf93b64fd7e24ff5d	0	0
931	10	6	0	0	0	05000c0820500091048002211202300	18bee3f697a75f6eb3375ddee15dcfd	0	0
932	10	6	6	0	1	05000c4020500098048000a05050201	18bee3be97a75f67b3375f5fa30fdfc	0	0
933	10	6	0	0	0	05002800a0444021040102803140280	18bec7fe17b31fdeb3b65d7fc21fd7d	0	0
934	10	7	10	0	1	05008404200202a4009000a81110030	18be6bfa97f55d5bb7275f57e24ffcd	0	0
935	10	6	4	0	0	0500840c001400a0248004281110011	18be6bf2b7e35f5f93375bd7e24ffec	0	0
936	10	8	3	0	1	05020104020202b0009000a05050220	18bceefab5f55d4fb7275f5fa30fddd	0	0
937	10	4	7	0	1	05020202214002b00001018c0008850	18bcedfc96b75d4fb7b65e73f3577ad	0	0
938	10	4	6	0	1	05020202214002b00001018c0008890	18bcedfc96b75d4fb7b65e73f35776d	0	0
939	10	2	7	0	1	05020202214002b0020101840008850	18bcedfc96b75d4fb5b65e7bf3577ad	0	0
940	10	3	4	0	1	05020202844002a4020100850041011	18bcedfc33b75d5bb5b65f7af31efec	0	0
941	10	6	4	0	1	05020420808200a4020204841050011	18bcebde37755f5bb5b55b7be30ffec	0	0
942	10	8	4	0	1	05024000828002a0128000a09110011	18bcaffe35775d5fa5375f5f624ffec	0	0
943	10	6	4	0	1	05024000a2800220128000a09110011	18bcaffe15775ddfa5375f5f624ffec	0	0
944	10	7	3	0	1	05028004200202a4009000a81110030	18bc6ffa97f55d5bb7275f57e24ffcd	0	0
945	10	7	2	0	1	05028004200202a4009004281110018	18bc6ffa97f55d5bb7275bd7e24ffe5	0	0
946	10	2	4	0	0	05028024001202a4008204801110011	18bc6fdab7e55d5bb7355b7fe24ffec	0	0
947	10	10	6	0	1	080082208050106014100062800a180	15be6dde37a74f9fa3a75f9d7355e7d	0	0
948	10	5	4	0	0	080804a4028001a00410102410140a0	15b6eb5ab5775e5fb3a74fdbe34bf5d	0	0
949	10	6	6	0	1	0808481010220228002450110003028	15b6a7eea7d55dd7b7930feef35cfd5	0	0
950	10	5	8	0	0	0808482010a01120000311140012028	15b6a7dea7574edfb7b44eebf34dfd5	0	0
951	10	5	4	0	0	0808485000820260002450050003028	15b6a7aeb7755d9fb7930ffaf35cfd5	0	0
952	10	4	4	0	0	082004b000a001a20004103400110a0	159eeb4eb7575e5db7b34fcbf34ef5d	0	0
953	10	5	6	0	1	082008a012200a20010410501041060	159ee75ea5d755dfb6b34fafe31ef9d	0	0
954	10	4	4	0	1	08200a18004410700400006500060a0	159ee5e6b7b34f8fb3b75f9af359f5d	0	0
955	10	7	8	0	0	0820280810114001148002288003044	159ec7f6a7e61ffea3375dd7735cfb9	0	0
956	10	6	9	0	1	08202810201440220005023010500a0	159ec7ee97e31fddb7b25dcfe30ff5d	0	0
957	10	6	7	0	0	08202810201440220005023011100a0	159ec7ee97e31fddb7b25dcfe24ff5d	0	0
958	10	5	6	0	0	08202810201440600401120810120a0	159ec7ee97e31f9fb3b64df7e34df5d	0	0
959	10	4	8	0	1	082041408120106020014041800a120	159eaebe36d74f9f97b61fbe7355edd	0	0
960	10	6	4	0	1	082042408300006100034041800a140	159eadbe34f75f9eb7b41fbe7355ebd	0	0
961	10	1	6	0	1	0820480092045020200312101010220	159ea7fe25f30fdf97b44defe34fddd	0	0
962	10	6	6	0	0	082080a200610004100518003009500	159e6f5cb7965ffba7b247ffc356afd	0	0
963	10	5	6	0	0	0820882011211000100510448202028	159e67dea6d64fffa7b24fbb715dfd5	0	0
964	10	9	3	0	0	088000a200a14004100518003009500	153eef5cb7561ffba7b247ffc356afd	0	0
965	10	3	6	0	0	088004a200a14004100510003009500	153eeb5cb7561ffba7b24fffc356afd	0	0
966	10	8	6	0	0	0880088200254024000518003101108	153ee77cb7d21fdbb7b247ffc25eef5	0	0
967	10	5	0	0	0	0880091020505020040102890042088	153ee6ee97a70fdfb3b65d76f31df75	0	0
968	10	4	7	0	1	08800a1014401060140002450006088	153ee5eea3b74f9fa3b75dbaf359f75	0	0
969	10	6	1	0	1	08800a3000610024000508260005048	153ee5ceb7965fdbb7b257d9f35afb5	0	0
970	10	3	4	0	1	08800c1200065020140410090002888	153ee3ecb7f10fdfa3b34ff6f35d775	0	0
971	10	8	4	0	1	088020a000614004100518003201108	153ecf5eb7961ffba7b247ffc15eef5	0	0
972	10	6	6	0	0	088080a080610004100518003009500	153e6f5e37965ffba7b247ffc356afd	0	0
973	10	1	6	0	0	0880882200234004100518003001408	153e67dcb7d41ffba7b247ffc35ebf5	0	0
974	10	4	2	0	0	0900030a0022107001000142800c500	14beecf4b7d54f8fb6b75ebd7353afd	0	0
975	10	9	7	0	0	0900080090445021040100cc000a088	14bee7fe27b30fdeb3b65f33f355f75	0	0
976	10	4	7	0	0	09000a009181020114000064800a300	14bee5fe26765dfea3b75f9b7355cfd	0	0
977	10	7	3	0	0	09000a1400040461010200b20014280	14bee5eab7f35b9eb6b55f4df34bd7d	0	0
978	10	8	4	0	1	0900480080445020240100ac0011088	14bea7fe37b30fdf93b65f53f34ef75	0	0
979	10	4	4	0	1	0900480090445020240000ac0011088	14bea7fe27b30fdf93b75f53f34ef75	0	0
980	10	3	1	0	0	09004800904450210401008c000a088	14bea7fe27b30fdeb3b65f73f355f75	0	0
981	10	5	4	0	0	09004800a0445020040100a41110088	14bea7fe17b30fdfb3b65f5be24ff75	0	0
982	10	3	4	0	0	09004800a0445020240100241110088	14bea7fe17b30fdf93b65fdbe24ff75	0	0
983	10	2	4	0	1	0900482080445020240100a40011088	14bea7de37b30fdf93b65f5bf34ef75	0	0
984	10	6	6	0	0	0900808093000420200612180011028	14be6f7e24f75bdf97b14de7f34efd5	0	0
985	10	4	4	0	0	0902080090154005010000a880030c0	14bce7fe27e21ffab6b75f57735cf3d	0	0
986	10	6	2	0	1	0902080884041000350002260014021	14bce7f633f34fff82b75dd9f34bfdc	0	0
987	10	9	4	0	0	0c000800a0141062050000a091400a0	11bee7fe17e34f9db2b75f5f621ff5d	0	0
988	10	9	7	0	0	0c00082080141428000308301050024	11bee7de37e34bd7b7b457cfe30ffd9	0	0
989	10	8	4	0	0	0c00088024111021008200a18006180	11bee77e93e64fdeb7355f5e7359e7d	0	0
990	10	3	7	0	0	0c000900a2101062040100809018280	11bee6fe15e74f9db3b65f7f6347d7d	0	0
991	10	5	7	0	0	0c000910205010600401028900060a0	11bee6ee97a74f9fb3b65d76f359f5d	0	0
992	10	4	7	0	0	0c000a2080141428000100b08041060	11bee5de37e34bd7b7b65f4f731ef9d	0	0
993	10	4	4	0	1	0c000c10201510220001042a0012084	11bee3ee97e24fddb7b65bd5f34df79	0	0
994	10	3	4	0	1	0c000c12000612201404100900028a0	11bee3ecb7f14ddfa3b34ff6f35d75d	0	0
996	10	10	4	0	1	1000050c024000ca060000a05044220	0dbeeaf2b5b75f35b1b75f5fa31bddd	0	0
997	10	10	8	0	1	10002400a0c04040360014081008890	0dbecbfe17371fbf81b74bf7e35776d	0	0
998	10	6	4	0	0	1010410481800060800344042012300	0daeaefa36775f9f37b41bfbd34dcfd	0	0
999	10	5	6	0	1	1020281800144040142000a8800a280	0d9ec7e6b7e31fbfa3975f577355d7d	0	0
1000	10	5	6	0	0	1020a000a2400440160014081040814	0d9e4ffe15b75bbfa1b74bf7e31f7e9	0	0
1001	10	7	6	0	1	108006500400024090035001800a180	0d3ee9aeb3f75dbf27b40ffe7355e7d	0	0
1002	10	7	6	0	0	10800a101080024094025000a102180	0d3ee5eea7775dbf23b50fff525de7d	0	0
1003	10	7	0	0	0	10800a140080024094025000a102180	0d3ee5eab7775dbf23b50fff525de7d	0	0
1004	10	4	4	0	1	108041108082016402004040a00a140	0d3eaeee37755e9bb5b71fbf5355ebd	0	0
1005	10	5	6	0	1	1082040412040488028000a05014280	0d3cebfaa5f35b77b5375f5fa34bd7d	0	0
1006	10	5	6	0	0	1082040412100488028000a24011204	0d3cebfaa5e75b77b5375f5db34edf9	0	0
1007	10	6	3	0	0	1082201400500090128000a60008814	0d3ccfeab7a75f6fa5375f59f3577e9	0	0
1008	10	9	6	0	0	11000100a3000628020100a88050014	0cbeeefe14f759d7b5b65f57730ffe9	0	0
1010	10	6	6	0	0	11000180a3000428020104882050014	0cbeee7e14f75bd7b5b65b77d30ffe9	0	0
1011	10	4	1	0	0	1100018483000628020000a88050014	0cbeee7a34f759d7b5b75f57730ffe9	0	0
1012	10	6	2	0	0	1100030423000428020104282050018	0cbeecfa94f75bd7b5b65bd7d30ffe5	0	0
1013	10	4	2	0	0	1100030423000468020004282050018	0cbeecfa94f75b97b5b75bd7d30ffe5	0	0
1014	10	3	2	0	0	1100030423000468020104082050018	0cbeecfa94f75b97b5b65bf7d30ffe5	0	0
1015	10	6	8	0	0	1100031400420040360014082048018	0cbeeceab7b55fbf81b74bf7d317fe5	0	0
1016	10	9	7	0	0	11000400a140048a060000a48002a10	0cbeebfe16b75b75b1b75f5b735d5ed	0	0
1017	10	9	8	0	1	11000404810404a8020100a88050014	0cbeebfa36f35b57b5b65f57730ffe9	0	0
1019	10	6	6	0	0	11000500a3000428020100a88050014	0cbeeafe14f75bd7b5b65f57730ffe9	0	0
1020	10	6	3	0	0	1100050423000428020100a88012090	0cbeeafa94f75bd7b5b65f57734df6d	0	0
1023	10	4	10	0	0	110005048300048c020000a0c002a20	0cbeeafa34f75b73b5b75f5f335d5dd	0	0
1025	10	4	7	0	0	11000504830004a8020000a0c010a04	0cbeeafa34f75b57b5b75f5f334f5f9	0	0
1029	10	6	3	0	0	11000506020408280005028a0140011	0cbeeaf8b5f357d7b7b25d75f21ffec	0	0
1030	10	6	3	0	0	1100051402040430028000a0c010884	0cbeeaeab5f35bcfb5375f5f334f779	0	0
1031	10	4	6	0	0	1100052023000628000100a88050014	0cbeeade94f759d7b7b65f57730ffe9	0	0
1032	10	4	4	0	0	1100052202041228000110888040814	0cbeeadcb5f34dd7b7b64f77731f7e9	0	0
1033	10	4	3	0	0	11000524030004a8000100a88050014	0cbeeadab4f75b57b7b65f57730ffe9	0	0
1034	10	5	2	0	0	1100064402040488020150006050021	0cbee9bab5f35b77b5b60fff930ffdc	0	0
1035	10	7	6	0	0	1100090814000a18000501460208024	0cbee6f6a3f755e7b7b25eb9f157fd9	0	0
1036	10	4	0	0	0	11000c0222045020200110888140018	0cbee3fc95f30fdf97b64f77721ffe5	0	0
1037	10	6	0	0	1	11000c14005000a8008200aa0012210	0cbee3eab7a75f57b7355f55f34dded	0	0
1038	10	7	6	0	1	11000c2022000268000514088041014	0cbee3de95f75d97b7b24bf7731efe9	0	0
1039	10	4	1	0	0	110020c0824005082200140a0001818	0cbecf3e35b75af795b74bf5f35e7e5	0	0
1040	10	4	6	0	0	11004100a3000628020000a88010814	0cbeaefe14f759d7b5b75f57734f7e9	0	0
1041	10	3	6	0	0	11004100a3000628020100888010814	0cbeaefe14f759d7b5b65f77734f7e9	0	0
1042	10	6	10	0	0	1100410483000080a20144044002828	0cbeaefa34f75f7f15b61bfbb35d7d5	0	0
1043	10	4	4	0	1	11004104830002a8020000a0c010a04	0cbeaefa34f75d57b5b75f5f334f5f9	0	0
1044	10	4	6	0	1	11004120830002a8020000a0c010814	0cbeaede34f75d57b5b75f5f334f7e9	0	0
1045	10	6	4	0	1	11004400a140008a060000a48002a10	0cbeabfe16b75f75b1b75f5b735d5ed	0	0
1046	10	4	6	0	1	11004400a30004a8020000a0c010a04	0cbeabfe14f75b57b5b75f5f334f5f9	0	0
1047	10	1	6	0	1	11004400a30004a8020100a88010014	0cbeabfe14f75b57b5b65f57734ffe9	0	0
1048	10	4	7	0	1	1102008482040618020000a0c041024	0cbcef7a35f359e7b5b75f5f331efd9	0	0
1049	10	9	6	0	1	14000400a0c04040360014081008890	09beebfe17371fbf81b74bf7e35776d	0	0
1050	10	5	6	0	0	14000484830000c0220214104102030	09beeb7a34f75f3f95b54befb25dfcd	0	0
1051	10	5	4	0	0	14000504828000e0028004209140014	09beeafa35775f1fb5375bdf621ffe9	0	0
1052	10	5	8	0	0	14000604818000c0220214104100830	09bee9fa36775f3f95b54befb25f7cd	0	0
1053	10	2	6	0	1	14000604830000e0200344004140030	09bee9fa34f75f1f97b41bffb21ffcd	0	0
1054	10	5	6	0	0	14000608101440810401028a0018240	09bee9f6a7e31f7eb3b65d75f347dbd	0	0
1055	10	6	9	0	0	14000a0480141028000300a28110090	09bee5fa37e34fd7b7b45f5d724ff6d	0	0
1056	10	8	6	0	1	14000a08030000c094014800a104024	09bee5f6b4f75f3f23b617ff525bfd9	0	0
1057	10	6	6	0	1	14000c0220144022000502281050280	09bee3fc97e31fddb7b25dd7e30fd7d	0	0
1058	10	6	8	0	0	14000c0824100083000500b10018280	09bee3f693e75f7cb7b25f4ef347d7d	0	0
1059	10	4	6	0	0	14000c0c001440a1000100aa0012210	09bee3f2b7e31f5eb7b65f55f34dded	0	0
1060	10	4	4	0	0	14000c0c001440a1000100aa0012240	09bee3f2b7e31f5eb7b65f55f34ddbd	0	0
1061	10	4	0	0	0	14000c0c001440a10001028a0012240	09bee3f2b7e31f5eb7b65d75f34ddbd	0	0
1062	10	6	0	0	1	14002400a0c04000360014081008890	09becbfe17371fff81b74bf7e35776d	0	0
1063	10	6	4	0	0	14002402101440011600028a00028c0	09becbfca7e31ffea1b75d75f35d73d	0	0
1064	10	5	4	0	0	14002408101440810401028a0012240	09becbf6a7e31f7eb3b65d75f34ddbd	0	0
1065	10	6	1	0	0	1400280480144021020100a88042090	09bec7fa37e31fdeb5b65f57731df6d	0	0
1066	10	4	7	0	0	18000504828000c8240004205140030	05beeafa35775f3793b75bdfa21ffcd	0	0
1067	10	5	4	0	1	18000a00a08410500500042600060a0	05bee5fe17734fafb2b75bd9f359f5d	0	0
1068	10	5	3	0	1	18000a00a084105005000426000a0a0	05bee5fe17734fafb2b75bd9f355f5d	0	0
1069	9	10	6	0	0	0006200280500168011000ca0009280	1db8cffc37a75e97b6a75f35f356d7d	0	0
1070	9	10	10	0	1	0008049402800304160014081008830	1db6eb6ab5775cfba1b74bf7e3577cd	0	0
1071	9	10	10	0	0	0008089400145024000512088012208	1db6e76ab7e30fdbb7b24df7734ddf5	0	0
1072	9	10	7	0	0	000828102012106084804080a110104	1db6c7ee97e54f9f33371f7f524fef9	0	0
1073	9	8	6	0	0	000c280204100170050001828009180	1db2c7fcb3e75e8fb2b75e7d7356e7d	0	0
1074	9	7	2	0	1	000c28022400107005000182800c180	1db2c7fc93f74f8fb2b75e7d7353e7d	0	0
1075	9	7	6	0	1	000c280284000170050001828009180	1db2c7fc33f75e8fb2b75e7d7356e7d	0	0
1076	9	4	6	0	0	000c280286000154040001828009500	1db2c7fc31f75eabb3b75e7d7356afd	0	0
1077	9	2	6	0	0	000c280286000154050001808009480	1db2c7fc31f75eabb2b75e7f7356b7d	0	0
1078	9	2	4	0	0	000c600284800154050001808009500	1db28ffc33775eabb2b75e7f7356afd	0	0
1079	9	4	2	0	1	000c6050014002b000010a082018104	1db28faeb6b75d4fb7b655f7d347ef9	0	0
1080	9	5	4	0	1	000e200284800150050001828009180	1db0cffc33775eafb2b75e7d7356e7d	0	0
1081	9	7	6	0	0	000e201200100858041000c24006280	1db0cfecb7e757a7b3a75f3db359d7d	0	0
1082	9	10	4	0	0	001009180500028a040108302110024	1daee6e6b2f75d75b3b657cfd24ffd9	0	0
1083	9	5	6	0	0	0014443000064801060000c24208048	1daaabceb7f117feb1b75f3db157fb5	0	0
1084	9	4	8	0	0	00146010810400e084000a082110024	1daa8fee36f35f1f33b755f7d24ffd9	0	0
1085	9	7	6	0	0	0018281014000314040101460018420	1da6c7eea3f75cebb3b65eb9f347bdd	0	0
1086	9	7	6	0	0	0018283000020314040101460018420	1da6c7ceb7f55cebb3b65eb9f347bdd	0	0
1087	9	5	6	0	0	0018283004020304040101460018420	1da6c7ceb3f55cfbb3b65eb9f347bdd	0	0
1088	9	5	6	0	0	0018600824020610040105041208120	1da68ff693f559efb3b65afbe157edd	0	0
1089	9	6	7	0	0	00188424008200a8001114005300028	1da66bdab7755f57b7a64bffa05ffd5	0	0
1090	9	1	6	0	0	0018846000a000e80011140031000a0	1da66b9eb7575f17b7a64bffc25ff5d	0	0
1091	9	6	6	0	0	0018a030002200a0840114003140028	1da64fceb7d55f5f33b64bffc21ffd5	0	0
1092	9	5	6	0	0	0018a03000230080840114003140028	1da64fceb7d45f7f33b64bffc21ffd5	0	0
1093	9	3	6	0	1	0018a03000230084840104003140028	1da64fceb7d45f7b33b65bffc21ffd5	0	0
1094	9	4	6	0	1	0018c00a0022107002000140a00a500	1da62ff4b7d54f8fb5b75ebf5355afd	0	0
1095	9	4	3	0	1	0018c00a0022107002000141800a500	1da62ff4b7d54f8fb5b75ebe7355afd	0	0
1096	9	10	4	0	1	002009180006503000054800a240024	1d9ee6e6b7f10fcfb7b217ff511ffd9	0	0
1097	9	10	4	0	0	0020209400254020100550009140028	1d9ecf6ab7d21fdfa7b20fff621ffd5	0	0
1098	9	10	8	0	1	002024420202085010904041100a480	1d9ecbbcb5f557afa7271fbee355b7d	0	0
1099	9	10	6	0	1	0020414203000160210142090009028	1d9eaebcb4f75e9f96b61df6f356fd5	0	0
1100	9	10	6	0	0	0020480092045020200312101110220	1d9ea7fe25f30fdf97b44defe24fddd	0	0
1101	9	10	8	0	0	0020a0420012085010904041100a480	1d9e4fbcb7e557afa7271fbee355b7d	0	0
1102	9	10	3	0	1	0020a0420202085010904041100a480	1d9e4fbcb5f557afa7271fbee355b7d	0	0
1103	9	10	6	0	1	0020c01081040840360002310102030	1d9e2fee36f357bf81b75dcef25dfcd	0	0
1104	9	4	6	0	0	00240a480300015100024050800c140	1d9ae5b6b4f75eaeb7b51faf7353ebd	0	0
1105	9	5	6	0	0	002422120500014015000242800c600	1d9acdecb2f75ebfa2b75dbd73539fd	0	0
1106	9	7	8	0	0	002424420200085010904041100a480	1d9acbbcb5f757afa7271fbee355b7d	0	0
1107	9	6	4	0	0	0024410283000120202148180009140	1d9aaefc34f75edf979617e7f356ebd	0	0
1108	9	4	4	0	1	0024600285000170010000d08009140	1d9a8ffc32f75e8fb6b75f2f7356ebd	0	0
1109	9	5	2	0	0	0024811400450204022002884240041	1d9a6eeab7b25dfbb5975d77b11ffbc	0	0
1110	9	6	4	0	0	0024813000c10004102408281240018	1d9a6eceb7365ffba79357d7e11ffe5	0	0
1111	9	5	8	0	0	0024820c0015100014104022800a220	1d9a6df2b7e24fffa3a71fdd7355ddd	0	0
1112	9	5	8	0	0	002482240015100014104022800a0a0	1d9a6ddab7e24fffa3a71fdd7355f5d	0	0
1113	9	6	6	0	0	002484420202081010904041100a480	1d9a6bbcb5f557efa7271fbee355b7d	0	0
1114	9	6	8	0	0	0024880880230024000644011101060	1d9a67f637d45fdbb7b11bfee25ef9d	0	0
1115	9	3	4	0	1	0024882800430124002208081005140	1d9a67d6b7b45edbb79557f7e35aebd	0	0
1116	9	7	3	0	0	0024a0420200085010904041100a480	1d9a4fbcb5f757afa7271fbee355b7d	0	0
1117	9	3	6	0	0	0026008a02104810101400411208280	1d98ef74b5e717efa7a35fbee157d7d	0	0
1118	9	2	6	0	0	0026204202100850111000c01048280	1d98cfbcb5e757afa6a75f3fe317d7d	0	0
1119	9	5	6	0	0	002620480012480011104048100a0a0	1d98cfb6b7e517ffa6a71fb7e355f5d	0	0
1120	9	7	4	0	0	0026801200100160808248090011084	1d986fecb7e75e9f373517f6f34ef79	0	0
1121	9	6	0	0	1	0026801400440224020202881050050	1d986feab7b35ddbb5b55d77e30ffad	0	0
1122	9	2	6	0	1	00268014004402a4021000a80012090	1d986feab7b35d5bb5a75f57f34df6d	0	0
1123	9	5	7	0	0	002804a402800520041000ac00110a0	1d96eb5ab5775adfb3a75f53f34ef5d	0	0
1124	9	5	6	0	0	0028093000505020040100a2800a280	1d96e6ceb7a70fdfb3b65f5d7355d7d	0	0
1125	9	8	4	0	0	00280a100204107004011800a140024	1d96e5eeb5f34f8fb3b647ff521ffd9	0	0
1126	9	9	0	0	0	002820101121010414040a048104220	1d96cfeea6d65efba3b355fb725bddd	0	0
1127	9	9	4	0	0	0028201400234020100550009140028	1d96cfeab7d41fdfa7b20fff621ffd5	0	0
1128	9	7	4	0	1	0028209204001070010400c2800c480	1d96cf6cb3f74f8fb6b35f3d7353b7d	0	0
1129	9	6	6	0	0	002820920410005405000242100a420	1d96cf6cb3e75fabb2b75dbde355bdd	0	0
1130	9	6	10	0	0	0028209400244024000512003110220	1d96cf6ab7d31fdbb7b24dffc24fddd	0	0
1131	9	6	3	0	0	0028209400244024000512101110220	1d96cf6ab7d31fdbb7b24defe24fddd	0	0
1132	9	3	4	0	1	002821101281005404044000900c0a0	1d96ceeea5765fabb3b31fff6353f5d	0	0
1133	9	1	4	0	1	0028221014800154050001428008420	1d96cdeea3775eabb2b75ebd7357bdd	0	0
1134	9	5	10	0	0	0028280092045000240112021110220	1d96c7fe25f30fff93b64dfde24fddd	0	0
1135	9	8	6	0	0	0028281000234020100550009140028	1d96c7eeb7d41fdfa7b20fff621ffd5	0	0
1136	9	4	6	0	0	0028281011114004100402308102220	1d96c7eea6e61ffba7b35dcf725dddd	0	0
1137	9	3	0	0	0	0028281011210104140408048104220	1d96c7eea6d65efba3b357fb725bddd	0	0
1138	9	3	6	0	0	00282810142001a4050010009100828	1d96c7eea3d75e5bb2b74fff625f7d5	0	0
1139	9	7	6	0	1	0028281081014004100502308102220	1d96c7ee36f61ffba7b25dcf725dddd	0	0
1140	9	5	6	0	1	0028281081054004000502308102220	1d96c7ee36f21ffbb7b25dcf725dddd	0	0
1141	9	6	9	0	0	00282814001440240005023011100a0	1d96c7eab7e31fdbb7b25dcfe24ff5d	0	0
1142	9	6	7	0	0	0028281400144024000502301110220	1d96c7eab7e31fdbb7b25dcfe24fddd	0	0
1143	9	9	6	0	1	0028402020a1005404010504100a120	1d96afde97565fabb3b65afbe355edd	0	0
1144	9	4	7	0	0	0028412400a1007000010504100a120	1d96aedab7565f8fb7b65afbe355edd	0	0
1145	9	4	8	0	0	0028412400a10070000105041048024	1d96aedab7565f8fb7b65afbe317fd9	0	0
1146	9	4	6	0	0	0028412800a1007000010504100a120	1d96aed6b7565f8fb7b65afbe355edd	0	0
1147	9	5	4	0	0	002841300090112004804020c010904	1d96aeceb7674edfb3371fdf334f6f9	0	0
1148	9	4	6	0	0	0028480092045020200112101110220	1d96a7fe25f30fdf97b64defe24fddd	0	0
1149	9	2	6	0	0	0028480092045020240112001110220	1d96a7fe25f30fdf93b64dffe24fddd	0	0
1150	9	5	2	0	0	00284804840410600500022411100a0	1d96a7fa33f34f9fb2b75ddbe24ff5d	0	0
1151	9	5	4	0	0	0028600092045000240112101110220	1d968ffe25f30fff93b64defe24fddd	0	0
1152	9	5	4	0	0	0028601010a001a0050050009100828	1d968feea7575e5fb2b70fff625f7d5	0	0
1153	9	3	4	0	1	00286050008202640024400c0003030	1d968faeb7755d9bb7931ff3f35cfcd	0	0
1154	9	5	7	0	1	0028809400830220000644005140030	1d966f6ab7745ddfb7b11bffa21ffcd	0	0
1155	9	7	4	0	0	002880a082011020200314005140060	1d966f5e35f64fdf97b44bffa21ff9d	0	0
1156	9	4	4	0	0	002880a082031020200214005140060	1d966f5e35f44fdf97b54bffa21ff9d	0	0
1157	9	4	6	0	1	0028883000501060140000a2800a280	1d9667ceb7a74f9fa3b75f5d7355d7d	0	0
1158	9	4	6	0	0	00288860002212201001500410120a0	1d96679eb7d54ddfa7b60ffbe34df5d	0	0
1159	9	5	6	0	0	0028a00a00120150050042021009420	1d964ff4b7e55eafb2b71dfde356bdd	0	0
1160	9	6	1	0	0	0028c04083000101202148104100850	1d962fbe34f75efe979617efb25f7ad	0	0
1161	9	6	6	0	0	002a00a40121000111044026000c024	1d94ef5ab6d65ffea6b31fd9f353fd9	0	0
1162	9	3	4	0	0	002a011800121060828040018012104	1d94eee6b7e54f9f35371ffe734def9	0	0
1163	9	4	0	0	0	002a20101121010410040a048104220	1d94cfeea6d65efba7b355fb725bddd	0	0
1164	9	5	7	0	1	002a40140012112002024020c018104	1d94afeab7e54edfb5b51fdf3347ef9	0	0
1165	9	5	7	0	0	0030091800504820040102290003240	1d8ee6e6b7a717dfb3b65dd6f35cdbd	0	0
1166	9	7	6	0	0	00302818000204910500006a0204024	1d8ec7e6b7f55b6eb2b75f95f15bfd9	0	0
1167	9	3	4	0	1	0030409203000160140208090104030	1d8eaf6cb4f75e9fa3b557f6f25bfcd	0	0
1168	9	2	4	0	0	003040a800a10062010205040101024	1d8eaf56b7565f9db6b55afbf25efd9	0	0
1169	9	5	4	0	1	003040a800a101200003090c0011120	1d8eaf56b7565edfb7b456f3f34eedd	0	0
1170	9	6	6	0	0	003040c80030403000030a009101120	1d8eaf36b7c71fcfb7b455ff625eedd	0	0
1171	9	4	4	0	0	003041120300016014000a090100828	1d8eaeecb4f75e9fa3b755f6f25f7d5	0	0
1172	9	6	4	0	0	0030411203000202140108980100830	1d8eaeecb4f75dfda3b65767f25f7cd	0	0
1173	9	5	6	0	0	0030411203000a0014010a180100814	1d8eaeecb4f755ffa3b655e7f25f7e9	0	0
1174	9	5	4	0	0	0030411203000a0014010a180100844	1d8eaeecb4f755ffa3b655e7f25f7b9	0	0
1175	9	4	6	0	0	0030411203000a2010010a180100814	1d8eaeecb4f755dfa7b655e7f25f7e9	0	0
1176	9	4	4	0	0	0030411203000a2010010a180100844	1d8eaeecb4f755dfa7b655e7f25f7b9	0	0
1177	9	4	0	0	0	0030411203000a2010010a180108044	1d8eaeecb4f755dfa7b655e7f257fb9	0	0
1178	9	2	6	0	0	0030411203000a2014010a080100814	1d8eaeecb4f755dfa3b655f7f25f7e9	0	0
1179	9	2	4	0	0	0030411203000a2014010a080100844	1d8eaeecb4f755dfa3b655f7f25f7b9	0	0
1180	9	5	4	0	0	0030414081204120020108248011240	1d8eaebe36d71edfb5b657db734edbd	0	0
1181	9	6	4	0	1	003044102300082014010a088100844	1d8eabee94f757dfa3b655f7725f7b9	0	0
1182	9	4	7	0	0	003048101014406204000a088101024	1d8ea7eea7e31f9db3b755f7725efd9	0	0
1183	9	1	10	0	1	003048180050407000030a088001044	1d8ea7e6b7a71f8fb7b455f7735efb9	0	0
1184	9	5	1	0	1	0030481800504820040102290003240	1d8ea7e6b7a717dfb3b65dd6f35cdbd	0	0
1185	9	5	0	0	1	0030481800504820040202290003240	1d8ea7e6b7a717dfb3b55dd6f35cdbd	0	0
1186	9	6	6	0	1	0030482800220130010101448201060	1d8ea7d6b7d55ecfb6b65ebb715ef9d	0	0
1187	9	4	9	0	0	0030601800124801140000614202210	1d8e8fe6b7e517fea3b75f9eb15dded	0	0
1188	9	3	6	0	0	00308128004241210011004a0208048	1d8e6ed6b7b51edeb7a65fb5f157fb5	0	0
1189	9	5	4	0	1	00308250008500420012402281040a0	1d8e6daeb7725fbdb7a51fdd725bf5d	0	0
1190	9	5	6	0	1	00308828004241200021014a0009440	1d8e67d6b7b51edfb7965eb5f356bbd	0	0
1191	9	1	6	0	0	00308828004241210003014a0008440	1d8e67d6b7b51edeb7b45eb5f357bbd	0	0
1192	9	4	4	0	0	0030a00286001050140010421008c20	1d8e4ffc31f74fafa3b74fbde3573dd	0	0
1193	9	2	2	0	0	0030c06000a000e2011010208101028	1d8e2f9eb7575f1db6a74fdf725efd5	0	0
1194	9	6	6	0	1	0032201020500098040404284048081	1d8ccfee97a75f67b3b35bd7b317f7c	0	0
1195	9	6	6	0	1	00324002142001300101014480090c0	1d8caffca3d75ecfb6b65ebb7356f3d	0	0
1196	9	10	6	0	0	00800a4011045008200312102110208	1d3ee5bea6f30ff797b44defd24fdf5	0	0
1197	9	10	9	0	0	008020a080614004100518003009500	1d3ecf5e37961ffba7b247ffc356afd	0	0
1198	9	10	10	0	1	00802202841040580011025200030c0	1d3ecdfc33e71fa7b7a65dadf35cf3d	0	0
1199	9	10	4	0	0	0080220284800154040101460009500	1d3ecdfc33775eabb3b65eb9f356afd	0	0
1200	9	10	10	0	1	0080222010a00154050001460009028	1d3ecddea7575eabb2b75eb9f356fd5	0	0
1201	9	10	4	0	1	0080222014810104150001260009028	1d3ecddea3765efba2b75ed9f356fd5	0	0
1202	9	10	3	0	0	0080283000150042848000a28101104	1d3ec7ceb7e25fbd33375f5d725eef9	0	0
1203	9	10	4	0	0	0080822400850045020410302009108	1d3e6ddab7725fbab5b34fcfd356ef5	0	0
1204	9	10	2	0	0	00808820208310041401110c000a028	1d3e67de97744ffba3b64ef3f355fd5	0	0
1205	9	10	6	0	1	0080a01080150050141000a2800a280	1d3e4fee37e25fafa3a75f5d7355d7d	0	0
1206	9	9	10	0	0	008402120500014814020a012104090	1d3aedecb2f75eb7a3b555fed25bf6d	0	0
1207	9	9	6	0	0	008402120500014814020a102104090	1d3aedecb2f75eb7a3b555efd25bf6d	0	0
1208	9	3	4	0	0	00840610130101009402080881040c0	1d3ae9eea4f65eff23b557f7725bf3d	0	0
1209	9	5	10	0	1	008422101420018802200152000c0c0	1d3acdeea3d75e77b5975eadf353f3d	0	0
1210	9	5	2	0	0	0084480a00061210050002403300140	1d3aa7f4b7f14defb2b75dbfc05febd	0	0
1211	9	6	6	0	0	00848202841000580410025200030c0	1d3a6dfc33e75fa7b3a75dadf35cf3d	0	0
1212	9	7	6	0	0	0084820a04000498040103120003048	1d3a6df4b3f75b67b3b65cedf35cfb5	0	0
1213	9	6	3	0	0	0084820a041000580410025100030c0	1d3a6df4b3e75fa7b3a75daef35cf3d	0	0
1214	9	6	2	0	0	0084820a041000580410025100050c0	1d3a6df4b3e75fa7b3a75daef35af3d	0	0
1215	9	5	10	0	0	008482120500014014020a012104090	1d3a6decb2f75ebfa3b555fed25bf6d	0	0
1216	9	5	6	0	0	008482120500014014020a102104090	1d3a6decb2f75ebfa3b555efd25bf6d	0	0
1217	9	5	6	0	1	008488480501010020030a082011108	1d3a67b6b2f65eff97b455f7d34eef5	0	0
1218	9	7	6	0	0	0084a00280100158041000d20009280	1d3a4ffc37e75ea7b3a75f2df356d7d	0	0
1219	9	7	7	0	0	0084a00280100158041000d800090c0	1d3a4ffc37e75ea7b3a75f27f356f3d	0	0
1220	9	6	6	0	0	0084a00280140058041002920003280	1d3a4ffc37e35fa7b3a75d6df35cd7d	0	0
1221	9	6	3	0	1	0084a002840400580410029200030c0	1d3a4ffc33f35fa7b3a75d6df35cf3d	0	0
1222	9	6	1	0	0	0084a002841000580410029200030c0	1d3a4ffc33e75fa7b3a75d6df35cf3d	0	0
1223	9	5	6	0	0	0084a00284100148041000d20009280	1d3a4ffc33e75eb7b3a75f2df356d7d	0	0
1224	9	5	7	0	0	0084a00284100148041000d800090c0	1d3a4ffc33e75eb7b3a75f27f356f3d	0	0
1225	9	5	6	0	0	0084a00284104040148042101003090	1d3a4ffc33e71fbfa3371defe35cf6d	0	0
1226	9	6	6	0	0	0084a01080150010141000a2800a280	1d3a4fee37e25fefa3a75f5d7355d7d	0	0
1227	9	5	6	0	0	0084a06000614000100550003009088	1d3a4f9eb7961fffa7b20fffc356f75	0	0
1228	9	6	4	0	0	0084c00285000058001200d10006440	1d3a2ffc32f75fa7b7a55f2ef359bbd	0	0
1229	9	4	2	0	0	0084c05000140164002048082009050	1d3a2faeb7e35e9bb79717f7d356fad	0	0
1230	9	9	6	0	0	0086000282100158041000ca00090c0	1d38effc35e75ea7b3a75f35f356f3d	0	0
1231	9	5	8	0	0	0086200280900150011000d20009280	1d38cffc37675eafb6a75f2df356d7d	0	0
1232	9	5	6	0	0	0086201010500288028002904041204	1d38cfeea7a75d77b5375d6fb31edf9	0	0
1233	9	7	6	0	0	0086800280100158041000ca00090c0	1d386ffc37e75ea7b3a75f35f356f3d	0	0
1234	9	6	6	0	0	008804b000820104160014041208018	1d36eb4eb7755efba1b74bfbe157fe5	0	0
1235	9	3	7	0	1	008804b0048000c284041010100c120	1d36eb4eb3775f3d33b34fefe353edd	0	0
1236	9	3	4	0	1	008804b0048000c2840410101044120	1d36eb4eb3775f3d33b34fefe31bedd	0	0
1237	9	9	3	0	0	00880810148011240402120c0002828	1d36e7eea3774edbb3b54df3f35d7d5	0	0
1238	9	4	4	0	0	00880894008203300002500412040a0	1d36e76ab7755ccfb7b50ffbe15bf5d	0	0
1239	9	7	7	0	0	008809300002112404040a0c0004828	1d36e6ceb7f54edbb3b355f3f35b7d5	0	0
1240	9	6	4	0	0	0088093000830014040409060002828	1d36e6ceb7745febb3b356f9f35d7d5	0	0
1241	9	6	6	0	1	00880a202181001400050134000c120	1d36e5de96765febb7b25ecbf353edd	0	0
1242	9	6	7	0	0	00880c10148010201404120c0002828	1d36e3eea3774fdfa3b34df3f35d7d5	0	0
1243	9	5	4	0	0	00880c10148010600404104c00060a0	1d36e3eea3774f9fb3b34fb3f359f5d	0	0
1244	9	3	4	0	0	00880c10148011201404100c00048a0	1d36e3eea3774edfa3b34ff3f35b75d	0	0
1245	9	1	7	0	0	00880c10148011201404120c0000828	1d36e3eea3774edfa3b34df3f35f7d5	0	0
1246	9	5	4	0	0	00880c30008210600404104c00060a0	1d36e3ceb7754f9fb3b34fb3f359f5d	0	0
1247	9	1	7	0	0	00880c30008211201404120c0000828	1d36e3ceb7754edfa3b34df3f35f7d5	0	0
1248	9	4	6	0	0	00880c3000830060800410403140120	1d36e3ceb7745f9f37b34fbfc21fedd	0	0
1249	9	4	8	0	0	00880c6000910044800118081003120	1d36e39eb7665fbb37b647f7e35cedd	0	0
1250	9	6	3	0	0	008820b000820104160014041208018	1d36cf4eb7755efba1b74bfbe157fe5	0	0
1251	9	7	3	0	1	008820b0010101041404082c000c030	1d36cf4eb6f65efba3b357d3f353fcd	0	0
1252	9	6	2	0	0	008820b0011100041404082c000c030	1d36cf4eb6e65ffba3b357d3f353fcd	0	0
1253	9	5	1	0	0	008820b0011101040404082c000c030	1d36cf4eb6e65efbb3b357d3f353fcd	0	0
1254	9	1	6	0	1	0088220224100158050003120008081	1d36cdfc93e75ea7b2b75cedf357f7c	0	0
1255	9	6	4	0	1	008822202181001400050134000c120	1d36cdde96765febb7b25ecbf353edd	0	0
1256	9	5	7	0	0	00882420148005080404013400090a0	1d36cbdea3775af7b3b35ecbf356f5d	0	0
1257	9	7	4	0	0	0088281010810114000641060004c20	1d36c7eea7765eebb7b11ef9f35b3dd	0	0
1258	9	1	4	0	0	0088281010830114000641060004420	1d36c7eea7745eebb7b11ef9f35bbdd	0	0
1259	9	6	4	0	0	0088281014104001160000a222020c0	1d36c7eea3e71ffea1b75f5dd15df3d	0	0
1260	9	6	2	0	1	008828202181001400050134000c120	1d36c7de96765febb7b25ecbf353edd	0	0
1261	9	5	4	0	0	0088283000830104000641060004c20	1d36c7ceb7745efbb7b11ef9f35b3dd	0	0
1262	9	4	2	0	0	00882830008301041400110c0008828	1d36c7ceb7745efba3b74ef3f3577d5	0	0
1263	9	3	4	0	0	0088283000830114000601060004c20	1d36c7ceb7745eebb7b15ef9f35b3dd	0	0
1264	9	6	4	0	0	0088283000c00054040400a60005408	1d36c7ceb7375fabb3b35f59f35abf5	0	0
1265	9	4	3	0	0	0088283000c10054000400a60009408	1d36c7ceb7365fabb7b35f59f356bf5	0	0
1266	9	3	3	0	0	0088283001050042840100860104024	1d36c7ceb6f25fbd33b65f79f25bfd9	0	0
1267	9	4	4	0	0	0088445000820240940050011102120	1d36abaeb7755dbf23b70ffee25dedd	0	0
1268	9	5	6	0	0	0088484010a00260012050003101104	1d36a7bea7575d9fb6970fffc25eef9	0	0
1269	9	4	3	0	0	0088485000820240940050011102120	1d36a7aeb7755dbf23b70ffee25dedd	0	0
1270	9	4	6	0	0	0088485000820250840010403102120	1d36a7aeb7755daf33b74fbfc25dedd	0	0
1271	9	9	6	0	0	0088802084410044800518003009500	1d366fde33b65fbb37b247ffc356afd	0	0
1272	9	3	7	0	0	0088808481031020200640044104030	1d366f7a36f44fdf97b11ffbb25bfcd	0	0
1273	9	3	6	0	0	008881300090016400140038000c0a0	1d366eceb7675e9bb7a35fc7f353f5d	0	0
1274	9	8	4	0	0	0088820404810045020410302009108	1d366dfab3765fbab5b34fcfd356ef5	0	0
1275	9	2	6	0	1	0088820a0403401010110900200a480	1d366df4b3f41fefa7a656ffd355b7d	0	0
1276	9	4	2	0	1	0088821401410060800240222104050	1d366deab6b65f9f37b51fddd25bfad	0	0
1277	9	6	0	0	0	00888444008200a8001450005140028	1d366bbab7755f57b7a30fffa21ffd5	0	0
1278	9	5	6	0	0	0088846000064420001418081010888	1d366b9eb7f11bdfb7a347f7e34f775	0	0
1279	9	8	6	0	1	0088880010a10060212041022101084	1d3667fea7565f9f96971efdd25ef79	0	0
1280	9	5	6	0	1	0088880030a100402500410211040a0	1d3667fe87565fbf92b71efde25bf5d	0	0
1281	9	8	7	0	1	00888820008211240401014c000a028	1d3667deb7754edbb3b65eb3f355fd5	0	0
1282	9	7	3	0	1	00888820108011240401014c000a0a0	1d3667dea7774edbb3b65eb3f355f5d	0	0
1283	9	4	3	0	1	00888820108211240400014c000a0a0	1d3667dea7754edbb3b75eb3f355f5d	0	0
1284	9	3	2	0	1	00888820108211240402010c0018088	1d3667dea7754edbb3b55ef3f347f75	0	0
1285	9	4	7	0	1	00888820208310042400012c0006030	1d3667de97744ffb93b75ed3f359fcd	0	0
1286	9	6	4	0	0	0088882400061030000511140042028	1d3667dab7f14fcfb7b24eebf31dfd5	0	0
1287	9	7	4	0	0	00888830000301210006180a0004848	1d3667ceb7f45edeb7b147f5f35b7b5	0	0
1288	9	6	2	0	0	00888860008210041401110c000a028	1d36679eb7754ffba3b64ef3f355fd5	0	0
1289	9	8	4	0	0	0088a00084810114000501260009420	1d364ffe33765eebb7b25ed9f356bdd	0	0
1290	9	6	4	0	0	0088a00094800114040401260009420	1d364ffe23775eebb3b35ed9f356bdd	0	0
1291	9	6	4	0	1	0088a000948001140404013400090a0	1d364ffe23775eebb3b35ecbf356f5d	0	0
1292	9	5	10	0	0	0088a02081410104000508244101018	1d364fde36b65efbb7b257dbb25efe5	0	0
1293	9	5	4	0	0	0088a02084410044000518003009500	1d364fde33b65fbbb7b247ffc356afd	0	0
1294	9	3	4	0	1	0088a02405010040a00510102005120	1d364fdab2f65fbf17b24fefd35aedd	0	0
1295	9	6	3	0	1	008a082010a00114050009060001824	1d34e7dea7575eebb2b756f9f35e7d9	0	0
1296	9	8	4	0	1	008a2000108203180500014211080a0	1d34cffea7755ce7b2b75ebde257f5d	0	0
1297	9	5	6	0	0	008a206000220504030001441040828	1d34cf9eb7d55afbb4b75ebbe31f7d5	0	0
1298	9	6	3	0	0	0090031805000048840208310104030	1d2eece6b2f75fb733b557cef25bfcd	0	0
1299	9	3	6	0	1	009009180402084a041000520006208	1d2ee6e6b3f557b5b3a75fadf359df5	0	0
1300	9	5	7	0	0	0090091804100a08040102310003240	1d2ee6e6b3e755f7b3b65dcef35cdbd	0	0
1301	9	4	6	0	0	0090094800224042240041022101120	1d2ee6b6b7d51fbd93b71efdd25eedd	0	0
1302	9	4	6	0	1	00900a4800064042840041022101120	1d2ee5b6b7f11fbd33b71efdd25eedd	0	0
1303	9	7	4	0	1	0090241200110058040100ca00090c0	1d2ecbecb7e65fa7b3b65f35f356f3d	0	0
1304	9	2	6	0	1	00902810140203101480014402080a0	1d2ec7eea3f55cefa3375ebbf157f5d	0	0
1305	9	1	6	0	0	0090281014020510148001460200028	1d2ec7eea3f55aefa3375eb9f15ffd5	0	0
1306	9	4	7	0	0	0090282020824810100111003208500	1d2ec7de977517efa7b64effc157afd	0	0
1307	9	6	4	0	0	0090411203000202140108980100818	1d2eaeecb4f75dfda3b65767f25f7e5	0	0
1308	9	3	6	0	0	009041480023010a001140042005220	1d2eaeb6b7d45ef5b7a61ffbd35addd	0	0
1309	9	4	6	0	1	0090480814200318000101540201060	1d2ea7f6a3d75ce7b7b65eabf15ef9d	0	0
1310	9	7	6	0	0	0090481010104202148002308101204	1d2ea7eea7e71dfda3375dcf725edf9	0	0
1311	9	4	8	0	1	009048120104024214000a18010080c	1d2ea7ecb6f35dbda3b755e7f25f7f1	0	0
1312	9	5	6	0	1	0090485000224120000318082011208	1d2ea7aeb7d51edfb7b447f7d34edf5	0	0
1313	9	4	9	0	0	0090600090a10118000101460009420	1d2e8ffe27565ee7b7b65eb9f356bdd	0	0
1314	9	5	10	0	1	0090601020220190020105060208048	1d2e8fee97d55e6fb5b65af9f157fb5	0	0
1315	9	4	1	0	0	0090601080144042840002301140220	1d2e8fee37e31fbd33b75dcfe21fddd	0	0
1316	9	6	0	0	0	00908122002300280014180820050c0	1d2e6edcb7d45fd7b7a347f7d35af3d	0	0
1317	9	6	6	0	1	0090813001040060848008282014014	1d2e6eceb6f35f9f333757d7d34bfe9	0	0
1318	9	4	6	0	1	0090820214210418000101520041048	1d2e6dfca3d65be7b7b65eadf31efb5	0	0
1319	9	2	6	0	0	0090820a04020294040109040009410	1d2e6df4b3f55d6bb3b656fbf356bed	0	0
1320	9	4	6	0	0	0090820a04100458040002520005041	1d2e6df4b3e75ba7b3b75dadf35afbc	0	0
1321	9	8	6	0	1	0090821001410040940208282104090	1d2e6deeb6b65fbf23b557d7d25bf6d	0	0
1322	9	6	1	0	0	0090880824104003040102211240208	1d2e67f693e71ffcb3b65ddee11fdf5	0	0
1323	9	6	6	0	0	0090881800140042148002301104220	1d2e67e6b7e35fbda3375dcfe25bddd	0	0
1324	9	5	4	0	1	0090a000a501010404010820a101110	1d2e4ffe12f65efbb3b657df525eeed	0	0
1325	9	8	0	0	0	0090a02000145001160000a06240090	1d2e4fdeb7e30ffea1b75f5f911ff6d	0	0
1326	9	6	6	0	1	0090c0088402101014100060a00a500	1d2e2ff633f54fefa3a75f9f5355afd	0	0
1327	9	3	6	0	1	0090c0088402105014100040a00a500	1d2e2ff633f54fafa3a75fbf5355afd	0	0
1328	9	5	9	0	1	0090c01400120a00148002310003210	1d2e2feab7e555ffa3375dcef35cded	0	0
1329	9	7	10	0	1	0090c0420002014a001250082005050	1d2e2fbcb7f55eb5b7a50ff7d35afad	0	0
1330	9	7	8	0	1	0090c04200020162001250082005050	1d2e2fbcb7f55e9db7a50ff7d35afad	0	0
1331	9	4	7	0	0	00920808108241110002014c0208048	1d2ce7f6a7751eeeb7b55eb3f157fb5	0	0
1332	9	4	3	0	0	00920808108241110002014c02080c0	1d2ce7f6a7751eeeb7b55eb3f157f3d	0	0
1333	9	4	8	0	0	0092082010a011201002110c00048a0	1d2ce7dea7574edfa7b54ef3f35b75d	0	0
1334	9	8	6	0	0	0092400020224111020101460208048	1d2caffe97d51eeeb5b65eb9f157fb5	0	0
1335	9	6	8	0	0	0092400421020122001240248104018	1d2caffa96f55eddb7a51fdb725bfe5	0	0
1336	9	9	1	0	1	00a000b0018101041404082c000c030	1d1eef4eb6765efba3b357d3f353fcd	0	0
1337	9	4	8	0	1	00a0019400a100b00004402050440a0	1d1eee6ab7565f4fb7b31fdfa31bf5d	0	0
1338	9	6	1	0	1	00a002b0018100041404082c000c030	1d1eed4eb6765ffba3b357d3f353fcd	0	0
1339	9	5	4	0	0	00a0031801040908040108304104240	1d1eece6b6f356f7b3b657cfb25bdbd	0	0
1340	9	7	4	0	1	00a004b0008001a40404082c00090a0	1d1eeb4eb7775e5bb3b357d3f356f5d	0	0
1341	9	8	6	0	0	00a005400203010a0011500a0009024	1d1eeabeb5f45ef5b7a60ff5f356fd9	0	0
1342	9	6	6	0	0	00a005500007000a0011500a000a024	1d1eeaaeb7f05ff5b7a60ff5f355fd9	0	0
1343	9	7	6	0	0	00a00550010000d020a04021400a500	1d1eeaaeb6f75f2f97171fdeb355afd	0	0
1344	9	1	0	0	0	00a0091024101060848040818002180	1d1ee6ee93e74f9f33371f7e735de7d	0	0
1345	9	1	10	0	0	00a009180022501010051800a200204	1d1ee6e6b7d50fefa7b247ff515fdf9	0	0
1346	9	3	10	0	0	00a0092801200312010108140001824	1d1ee6d6b6d75cedb6b657ebf35e7d9	0	0
1347	9	1	7	0	0	00a009300022502010051800a200204	1d1ee6ceb7d50fdfa7b247ff515fdf9	0	0
1348	9	1	4	0	0	00a0093004101042148000b08040104	1d1ee6ceb3e74fbda3375f4f731fef9	0	0
1349	9	6	7	0	0	00a00a1015000202100348140012410	1d1ee5eea2f75dfda7b417ebf34dbed	0	0
1350	9	4	8	0	0	00a00a1404040164000118102101030	1d1ee5eab3f35e9bb7b647efd25efcd	0	0
1351	9	3	8	0	0	00a00a2400241070000510140041028	1d1ee5dab7d34f8fb7b24febf31efd5	0	0
1352	9	3	7	0	1	00a00a3004401060140200250006090	1d1ee5ceb3b74f9fa3b55fdaf359f6d	0	0
1353	9	4	6	0	0	00a00a4801054002200140242101030	1d1ee5b6b6f21ffd97b61fdbd25efcd	0	0
1354	9	5	7	0	0	00a00a500204014100031818000c240	1d1ee5aeb5f35ebeb7b447e7f353dbd	0	0
1355	9	7	4	0	0	00a00c30000501240005180c0001860	1d1ee3ceb7f25edbb7b247f3f35e79d	0	0
1356	9	4	4	0	0	00a00c30000701240004180c0001860	1d1ee3ceb7f05edbb7b347f3f35e79d	0	0
1357	9	1	4	0	0	00a00c30000701240005180c0001060	1d1ee3ceb7f05edbb7b247f3f35ef9d	0	0
1358	9	5	4	0	0	00a02090118101001404104c000c220	1d1ecf6ea6765effa3b34fb3f353ddd	0	0
1359	9	8	6	0	0	00a0214000120858011000d01048280	1d1ecebeb7e557a7b6a75f2fe317d7d	0	0
1360	9	2	7	0	0	00a0215000120858041000c8000a0c0	1d1eceaeb7e557a7b3a75f37f355f3d	0	0
1361	9	3	4	0	0	00a021500015005400210808100a180	1d1eceaeb7e25fabb79657f7e355e7d	0	0
1362	9	5	6	0	1	00a02250001440401410402a000a0a0	1d1ecdaeb7e31fbfa3a71fd5f355f5d	0	0
1363	9	5	8	0	1	00a02810210500420401028a0104024	1d1ec7ee96f25fbdb3b65d75f25bfd9	0	0
1364	9	4	3	0	0	00a0285000070106000140860101030	1d1ec7aeb7f05ef9b7b61f79f25efcd	0	0
1365	9	9	8	0	1	00a04000a5000858001100d1000a440	1d1eaffe12f757a7b7a65f2ef355bbd	0	0
1366	9	6	10	0	0	00a04080a5000818001100c5000a440	1d1eaf7e12f757e7b7a65f3af355bbd	0	0
1367	9	6	8	0	1	00a04080a5000818001100d1000a440	1d1eaf7e12f757e7b7a65f2ef355bbd	0	0
1368	9	6	6	0	0	00a04080a5000818001100d4000a440	1d1eaf7e12f757e7b7a65f2bf355bbd	0	0
1369	9	4	8	0	1	00a04080a5000858001000d1000a440	1d1eaf7e12f757a7b7a75f2ef355bbd	0	0
1370	9	4	6	0	0	00a0409081044420800200b80110044	1d1eaf6e36f31bdf37b55f47f24ffb9	0	0
1371	9	8	0	0	0	00a041020024503000050a003300180	1d1eaefcb7d30fcfb7b255ffc05fe7d	0	0
1372	9	4	0	0	0	00a0411011200528000208980014240	1d1eaeeea6d75ad7b7b55767f34bdbd	0	0
1373	9	2	6	0	0	00a041500012016800304048000a0c0	1d1eaeaeb7e55e97b7871fb7f355f3d	0	0
1374	9	1	6	0	0	00a041500014407000050a0810080a0	1d1eaeaeb7e31f8fb7b255f7e357f5d	0	0
1375	9	4	8	0	1	00a041500102026020204049000a050	1d1eaeaeb6f55d9f97971fb6f355fad	0	0
1376	9	4	4	0	0	00a0415001024060202000c90108048	1d1eaeaeb6f51f9f97975f36f257fb5	0	0
1377	9	4	8	0	0	00a0420601050122000140244101018	1d1eadf8b6f25eddb7b61fdbb25efe5	0	0
1378	9	6	4	0	0	00a0424086000041200350110009140	1d1eadbe31f75fbe97b40feef356ebd	0	0
1379	9	4	4	0	1	00a0441011044820100108980108044	1d1eabeea6f317dfa7b65767f257fb9	0	0
1380	9	4	2	0	1	00a044101104482010010a180108044	1d1eabeea6f317dfa7b655e7f257fb9	0	0
1381	9	6	4	0	1	00a04440150001280003088c0011050	1d1eabbea2f75ed7b7b45773f34efad	0	0
1382	9	3	2	0	1	00a0445001024060202200490108050	1d1eabaeb6f51f9f97955fb6f257fad	0	0
1383	9	6	0	0	1	00a0481400241030000340848204084	1d1ea7eab7d34fcfb7b41f7b715bf79	0	0
1384	9	2	9	0	0	00a0485000221124000300c40110048	1d1ea7aeb7d54edbb7b45f3bf24ffb5	0	0
1385	9	5	8	0	1	00a060408024015001010a1011010a0	1d1e8fbe37d35eafb6b655efe25ef5d	0	0
1386	9	7	6	0	1	00a0605000040144130002203300030	1d1e8faeb7f35ebba4b75ddfc05ffcd	0	0
1387	9	3	6	0	1	00a0605000060144130002003300030	1d1e8faeb7f15ebba4b75dffc05ffcd	0	0
1388	9	2	1	0	1	00a0605000120858041000c8000a0c0	1d1e8faeb7e557a7b3a75f37f355f3d	0	0
1389	9	6	4	0	1	00a060500014005804010a0a0003024	1d1e8faeb7e35fa7b3b655f5f35cfd9	0	0
1390	9	5	9	0	0	00a0605000140142028002340009024	1d1e8faeb7e35ebdb5375dcbf356fd9	0	0
1391	9	5	4	0	1	00a0605000840840150040203102090	1d1e8faeb77357bfa2b71fdfc25df6d	0	0
1392	9	9	10	0	0	00a0800283000450800318180003044	1d1e6ffc34f75baf37b447e7f35cfb9	0	0
1393	9	2	4	0	1	00a08082802540240005480011010c0	1d1e6f7c37d21fdbb7b217ffe25ef3d	0	0
1394	9	2	6	0	0	00a080a021050428001110880006060	1d1e6f5e96f25bd7b7a64f77f359f9d	0	0
1395	9	5	6	0	0	00a080a204214000100518003009480	1d1e6f5cb3d61fffa7b247ffc356b7d	0	0
1396	9	4	6	0	0	00a0810281044060801040320102044	1d1e6efc36f31f9f37a71fcdf25dfb9	0	0
1397	9	7	6	0	0	00a08110100304300024028a0041048	1d1e6eeea7f45bcfb7935d75f31efb5	0	0
1398	9	5	6	0	0	00a0811080850060001440228108084	1d1e6eee37725f9fb7a31fdd7257f79	0	0
1399	9	6	8	0	1	00a08124008200a4001440205240028	1d1e6edab7755f5bb7a31fdfa11ffd5	0	0
1400	9	6	8	0	0	00a0814010300060828048011011084	1d1e6ebea7c75f9f353717fee34ef79	0	0
1401	9	8	6	0	0	00a082001501400090120820a102480	1d1e6dfea2f61fff27a557df525db7d	0	0
1402	9	6	4	0	0	00a0820211210030000508460101048	1d1e6dfca6d65fcfb7b257b9f25efb5	0	0
1403	9	5	6	0	1	00a08202141140001410022a00030c0	1d1e6dfca3e61fffa3a75dd5f35cf3d	0	0
1404	9	7	0	0	1	00a082120100016014020a090104090	1d1e6decb6f75e9fa3b555f6f25bf6d	0	0
1405	9	5	1	0	1	00a08212010501008401082841040c0	1d1e6decb6f25eff33b657d7b25bf3d	0	0
1406	9	5	0	0	1	00a082120500014014020a110104090	1d1e6decb2f75ebfa3b555eef25bf6d	0	0
1407	9	4	6	0	1	00a0823000450040900148003048480	1d1e6dceb7b25fbf27b617ffc317b7d	0	0
1408	9	2	4	0	1	00a0823000501060160000610042090	1d1e6dceb7a74f9fa1b75f9ef31df6d	0	0
1409	9	6	9	0	0	00a0826000a00045000510510009108	1d1e6d9eb7575fbab7b24faef356ef5	0	0
1410	9	5	6	0	0	00a0882011211000100500d40140028	1d1e67dea6d64fffa7b25f2bf21ffd5	0	0
1411	9	4	10	0	0	00a0882020251006000100a41140028	1d1e67de97d24ff9b7b65f5be21ffd5	0	0
1412	9	6	8	0	1	00a0a00090a00054040440421009420	1d1e4ffe27575fabb3b31fbde356bdd	0	0
1413	9	3	9	0	0	00a0a000a0a04054000510101009420	1d1e4ffe17571fabb7b24fefe356bdd	0	0
1414	9	3	8	0	1	00a0a000a0a10054000540021009420	1d1e4ffe17565fabb7b21ffde356bdd	0	0
1415	9	5	0	0	1	00a0a04080a14000100550021009220	1d1e4fbe37561fffa7b20ffde356ddd	0	0
1416	9	5	3	0	0	00a0a05004040142000512120101030	1d1e4faeb3f35ebdb7b24dedf25efcd	0	0
1417	9	4	10	0	1	00a0c000a2810042101040209140014	1d1e2ffe15765fbda7a71fdf621ffe9	0	0
1418	9	1	7	0	1	00a0c000a2810042141040209100014	1d1e2ffe15765fbda3a71fdf625ffe9	0	0
1419	9	5	4	0	1	00a0c000a3010100240108288101050	1d1e2ffe14f65eff93b657d7725efad	0	0
1420	9	3	10	0	0	00a0c00220241054000508003108500	1d1e2ffc97d34fabb7b257ffc257afd	0	0
1421	9	4	6	0	0	00a0c00281040530000148140001814	1d1e2ffc36f35acfb7b617ebf35e7e9	0	0
1422	9	7	6	0	0	00a0c01200040162000512180101018	1d1e2fecb7f35e9db7b24de7f25efe5	0	0
1423	9	5	6	0	0	00a0c04082040141020118180009014	1d1e2fbe35f35ebeb5b647e7f356fe9	0	0
1424	9	5	4	0	0	00a0c04082040141020118180009044	1d1e2fbe35f35ebeb5b647e7f356fb9	0	0
1425	9	6	4	0	1	00a0c04082050002220108828101011	1d1e2fbe35f25ffd95b6577d725efec	0	0
1426	9	5	6	0	1	00a0c0420024406000050a003101280	1d1e2fbcb7d31f9fb7b255ffc25ed7d	0	0
1427	9	6	7	0	1	00a202101420010095000820a1010c0	1d1cedeea3d75eff22b757df525ef3d	0	0
1428	9	6	1	0	1	00a202101420010485000820a1010c0	1d1cedeea3d75efb32b757df525ef3d	0	0
1429	9	10	8	0	0	010005102140046206000288804080c	1cbeeaee96b75b9db1b75d77731f7f1	0	0
1430	9	10	6	0	1	01000c10205000d80404048a0208081	1cbee3ee97a75f27b3b35b75f157f7c	0	0
1431	9	10	3	0	0	0100220814200154050001448009420	1cbecdf6a3d75eabb2b75ebb7356bdd	0	0
1432	9	10	0	0	1	01002210814002a4060000c44010a10	1cbecdee36b75d5bb1b75f3bb34f5ed	0	0
1433	9	10	4	0	1	0100482080445020240100ac0011088	1cbea7de37b30fdf93b65f53f34ef75	0	0
1434	9	5	6	0	1	010404d002040a20020202881050090	1cbaeb2eb5f355dfb5b55d77e30ff6d	0	0
1435	9	4	4	0	0	0104052022410828000401890048081	1cbaeade95b657d7b7b35e76f317f7c	0	0
1436	9	6	4	0	1	01040a0a04041010150001222202120	1cbae5f4b3f34fefa2b75eddd15dedd	0	0
1437	9	9	3	0	0	0104201200140868041000ca000a280	1cbacfecb7e35797b3a75f35f355d7d	0	0
1438	9	6	6	0	1	0104444023000228020102888011014	1cbaabbe94f75dd7b5b65d77734efe9	0	0
1439	9	4	2	0	0	01048828002502240001050c0003060	1cba67d6b7d25ddbb7b65af3f35cf9d	0	0
1440	9	4	4	0	0	0106021200440294020001860200850	1cb8edecb7b35d6bb5b75e79f15f7ad	0	0
1441	9	3	3	0	0	0106021201040294022000844200850	1cb8edecb6f35d6bb5975f7bb15f7ad	0	0
1442	9	6	10	0	1	0106021400440210830000a0c041088	1cb8edeab7b35def34b75f5f331ef75	0	0
1443	9	7	7	0	1	0106041200040298041008884010884	1cb8ebecb7f35d67b3a75777b34f779	0	0
1444	9	7	2	0	0	01060412001008680012404a000a0c0	1cb8ebecb7e75797b7a51fb5f355f3d	0	0
1445	9	7	2	0	1	01060802220018300101014a004800c	1cb8e7fc95f747cfb6b65eb5f317ff1	0	0
1446	9	3	8	0	0	0106082010600324028000441011048	1cb8e7dea7975cdbb5375fbbe34efb5	0	0
1447	9	5	3	0	0	0106201200140848041000ca000a280	1cb8cfecb7e357b7b3a75f35f355d7d	0	0
1448	9	4	3	0	0	0106201200140868001000ca000a280	1cb8cfecb7e35797b7a75f35f355d7d	0	0
1449	9	4	0	0	0	0106800421040628020001888012090	1cb86ffa96f359d7b5b75e77734df6d	0	0
1450	9	4	4	0	0	01068014004202a40002018a0110014	1cb86feab7b55d5bb7b55e75f24ffe9	0	0
1451	9	5	3	0	0	010804b000820184060014041208030	1cb6eb4eb7755e7bb1b74bfbe157fcd	0	0
1452	9	6	6	0	1	0108053000420228048000a05050210	1cb6eaceb7b55dd7b3375f5fa30fded	0	0
1453	9	5	10	0	0	010808b0009000d004041402100c120	1cb6e74eb7675f2fb3b34bfde353edd	0	0
1454	9	5	4	0	0	010808b0009000d0040414021204120	1cb6e74eb7675f2fb3b34bfde15bedd	0	0
1455	9	4	0	0	0	01080c2024105021040000a2800a180	1cb6e3de93e70fdeb3b75f5d7355e7d	0	0
1456	9	4	4	0	0	0108241020420268040014081140014	1cb6cbee97b55d97b3b74bf7e21ffe9	0	0
1457	9	6	10	0	0	010824300022009404011404100a028	1cb6cbceb7d55f6bb3b64bfbe355fd5	0	0
1458	9	5	4	0	1	01082430004242200005048a0041410	1cb6cbceb7b51ddfb7b25b75f31ebed	0	0
1459	9	7	10	0	0	0108282012000a14000511140009024	1cb6c7dea5f755ebb7b24eebf356fd9	0	0
1460	9	9	6	0	1	0108402010220324050001441018220	1cb6afdea7d55cdbb2b75ebbe347ddd	0	0
1461	9	2	4	0	0	0108444402020161002241020108104	1cb6abbab5f55e9eb7951efdf257ef9	0	0
1462	9	7	8	0	0	0108480090045020240112003110220	1cb6a7fe27f30fdf93b64dffc24fddd	0	0
1463	9	6	8	0	0	0108482010a00094040105041012408	1cb6a7dea7575f6bb3b65afbe34dbf5	0	0
1464	9	6	8	0	1	0108482010a000b0040105041012088	1cb6a7dea7575f4fb3b65afbe34df75	0	0
1465	9	5	4	0	0	0108482080445020040100a41110088	1cb6a7de37b30fdfb3b65f5be24ff75	0	0
1466	9	6	3	0	1	0108602010220124050001441018220	1cb68fdea7d55edbb2b75ebbe347ddd	0	0
1467	9	5	3	0	0	010880a202810101000650104048009	1cb66f5cb5765efeb7b10fefb317ff4	0	0
1468	9	7	4	0	0	0108810c0003007000a04104100c024	1cb66ef2b7f45f8fb7171efbe353fd9	0	0
1469	9	4	8	0	1	0108820a0402105404000140a00a410	1cb66df4b3f54fabb3b75ebf5355bed	0	0
1470	9	7	9	0	1	01088414000202a4048000a05110030	1cb66beab7f55d5bb3375f5fa24ffcd	0	0
1471	9	8	2	0	0	0108880081810214002140244003420	1cb667fe36765debb7961fdbb35cbdd	0	0
1472	9	6	4	0	1	01088810109000a4048040209006220	1cb667eea7675f5bb3371fdf6359ddd	0	0
1473	9	3	4	0	1	01088810109000e4048040009006220	1cb667eea7675f1bb3371fff6359ddd	0	0
1474	9	6	3	0	0	0108882010a00094040105041012480	1cb667dea7575f6bb3b65afbe34db7d	0	0
1475	9	4	4	0	0	0108a00814020314040001441018420	1cb64ff6a3f55cebb3b75ebbe347bdd	0	0
1476	9	5	4	0	1	0108a02014020304050001421018420	1cb64fdea3f55cfbb2b75ebde347bdd	0	0
1477	9	7	10	0	0	0108a030000202a0800514005140028	1cb64fceb7f55d5f37b24bffa21ffd5	0	0
1478	9	6	2	0	0	0108a030002200a0840114003140028	1cb64fceb7d55f5f33b64bffc21ffd5	0	0
1479	9	9	9	0	0	010a00140012028c048000a05110030	1cb4efeab7e55d73b3375f5fa24ffcd	0	0
1480	9	7	4	0	1	010a04140002028c048000a05110220	1cb4ebeab7f55d73b3375f5fa24fddd	0	0
1481	9	6	9	0	0	010a04140012008c048000a05110030	1cb4ebeab7e55f73b3375f5fa24ffcd	0	0
1482	9	5	9	0	0	010a801400120284048000a05110030	1cb46feab7e55d7bb3375f5fa24ffcd	0	0
1483	9	4	9	0	0	010a8014001202a4008000a05110030	1cb46feab7e55d5bb7375f5fa24ffcd	0	0
1484	9	2	6	0	1	011004c206000868001201420102090	1caeeb3cb1f75797b7a55ebdf25df6d	0	0
1485	9	4	6	0	0	0110088a04200170010001448005480	1caee774b3d75e8fb6b75ebb735ab7d	0	0
1486	9	4	7	0	0	011008a800a00170010001448005420	1caee756b7575e8fb6b75ebb735abdd	0	0
1487	9	4	9	0	0	011008b000a008a0110010203044420	1caee74eb757575fa6b74fdfc31bbdd	0	0
1488	9	6	6	0	1	01100a0a04400070040101460009108	1caee5f4b3b75f8fb3b65eb9f356ef5	0	0
1489	9	4	4	0	0	01102420210340003020050c0040c10	1caecbde96f41fff87975af3f31f3ed	0	0
1490	9	5	7	0	0	0110280814200150050001448005420	1caec7f6a3d75eafb2b75ebb735abdd	0	0
1491	9	7	7	0	1	01102810204002a8040106082140005	1caec7ee97b75d57b3b659f7d21fff8	0	0
1492	9	9	6	0	1	0110400a002201700500014c0009028	1caeaff4b7d55e8fb2b75eb3f356fd5	0	0
1493	9	5	6	0	1	0110412800220250050001409208120	1caeaed6b7d55dafb2b75ebf6157edd	0	0
1494	9	4	6	0	1	0110412800220270010001409208120	1caeaed6b7d55d8fb6b75ebf6157edd	0	0
1495	9	5	4	0	0	0110602800220150050001448005420	1cae8fd6b7d55eafb2b75ebb735abdd	0	0
1496	9	9	9	0	0	01108020102300a100a00146000c044	1cae6fdea7d45f5eb7175eb9f353fb9	0	0
1497	9	3	4	0	0	0110812200a100b0002101060044005	1cae6edcb7565f4fb7965ef9f31bff8	0	0
1498	9	3	7	0	1	01108222002300b0002101060009048	1cae6ddcb7d45f4fb7965ef9f356fb5	0	0
1499	9	5	6	0	0	0110822800220450050001428005420	1cae6dd6b7d55bafb2b75ebd735abdd	0	0
1500	9	5	6	0	1	0110880814200250050001428003420	1cae67f6a3d75dafb2b75ebd735cbdd	0	0
1501	9	7	6	0	0	01108820102002a4048004441110009	1cae67dea7d75d5bb3375bbbe24fff4	0	0
1502	9	2	3	0	1	01120144002208580300014010480a0	1caceebab7d557a7b4b75ebfe317f5d	0	0
1503	9	5	4	0	1	01122010210201a00280042c0014018	1caccfee96f55e5fb5375bd3f34bfe5	0	0
1504	9	8	4	0	1	01124000814002a8020100ac0011050	1cacaffe36b75d57b5b65f53f34efad	0	0
1505	9	6	4	0	1	01124000a1400228020100ac0011050	1cacaffe16b75dd7b5b65f53f34efad	0	0
1506	9	5	4	0	1	0112404081400288020100ac0011050	1cacafbe36b75d77b5b65f53f34efad	0	0
1507	9	6	4	0	0	012001b0018001240404006c0018028	1c9eee4eb6775edbb3b35f93f347fd5	0	0
1508	9	9	6	0	0	0120020214200154050001460009420	1c9eedfca3d75eabb2b75eb9f356bdd	0	0
1509	9	7	4	0	1	01200514020000f000a0408052008a0	1c9eeaeab5f75f0fb7171f7fa15f75d	0	0
1510	9	5	4	0	1	01200530018001a004804020c010904	1c9eeaceb6775e5fb3371fdf334f6f9	0	0
1511	9	6	0	0	1	01200544020200a8009040805050220	1c9eeabab5f55f57b7271f7fa30fddd	0	0
1512	9	3	8	0	1	01200544030000e020a040005008a20	1c9eeabab4f75f1f97171fffa3575dd	0	0
1513	9	2	3	0	1	012009003600502020a040808240011	1c9ee6fe81f70fdf97171f7f711ffec	0	0
1514	9	4	10	0	0	01202110205040602004440a0048011	1c9eceee97a71f9f97b31bf5f317fec	0	0
1515	9	8	8	0	1	0120220014200154050001428009420	1c9ecdfea3d75eabb2b75ebd7356bdd	0	0
1516	9	7	4	0	0	0120220214000154050001448009480	1c9ecdfca3f75eabb2b75ebb7356b7d	0	0
1517	9	8	0	0	1	01202210014002a4060000c44010a10	1c9ecdeeb6b75d5bb1b75f3bb34f5ed	0	0
1518	9	8	2	0	1	0120281000144060848000a88011280	1c9ec7eeb7e31f9f33375f57734ed7d	0	0
1519	9	6	2	0	1	0120281010144020848000a88011280	1c9ec7eea7e31fdf33375f57734ed7d	0	0
1520	9	5	9	0	1	0120281020144060048004281012090	1c9ec7ee97e31f9fb3375bd7e34df6d	0	0
1521	9	5	7	0	1	0120281020144060048004281012210	1c9ec7ee97e31f9fb3375bd7e34dded	0	0
1522	9	5	8	0	1	01202850001400d0048002221012220	1c9ec7aeb7e35f2fb3375ddde34dddd	0	0
1523	9	5	9	0	1	012040c402040a20020202841050011	1c9eaf3ab5f355dfb5b55d7be30ffec	0	0
1524	9	6	6	0	0	0120808093000420200612180011220	1c9e6f7e24f75bdf97b14de7f34eddd	0	0
1525	9	8	10	0	1	01208104020202b0009000a05050220	1c9e6efab5f55d4fb7275f5fa30fddd	0	0
1526	9	4	4	0	1	01208114004202a4040000a81050210	1c9e6eeab7b55d5bb3b75f57e30fded	0	0
1527	9	5	4	0	1	01208404230000e0028040209012410	1c9e6bfa94f75f1fb5371fdf634dbed	0	0
1528	9	5	6	0	0	0120c020102202a0041010441012220	1c9e2fdea7d55d5fb3a74fbbe34dddd	0	0
1529	9	3	7	0	1	0122010412020298009000805210220	1c9ceefaa5f55d67b7275f7fa14fddd	0	0
1530	9	4	4	0	1	0122045001040186020000ac0010830	1c9cebaeb6f35e79b5b75f53f34f7cd	0	0
1531	9	4	4	0	0	0122080091054005000200ac0012240	1c9ce7fe26f21ffab7b55f53f34ddbd	0	0
1532	9	7	4	0	0	0122081010104085040200aa0012240	1c9ce7eea7e71f7ab3b55f55f34ddbd	0	0
1533	9	5	6	0	1	01220810205000d00104048a0208081	1c9ce7ee97a75f2fb6b35b75f157f7c	0	0
1534	9	5	10	0	1	01222010205000d00104060a0048005	1c9ccfee97a75f2fb6b359f5f317ff8	0	0
1535	9	4	10	0	1	01222010205000d80004060a0048005	1c9ccfee97a75f27b7b359f5f317ff8	0	0
1536	9	1	4	0	1	01222010205000d80404060a0040005	1c9ccfee97a75f27b3b359f5f31fff8	0	0
1537	9	4	9	0	1	01222010205000e80004060a0048005	1c9ccfee97a75f17b7b359f5f317ff8	0	0
1538	9	4	8	0	1	01222010205000f00004060a0048005	1c9ccfee97a75f0fb7b359f5f317ff8	0	0
1539	9	9	9	0	0	01800114001202a8048000a05050210	1c3eeeeab7e55d57b3375f5fa30fded	0	0
1540	9	9	6	0	0	01800130011002a8048000a84010814	1c3eeeceb6e75d57b3375f57b34f7e9	0	0
1541	9	9	4	0	0	01800130018001640404006c000c028	1c3eeeceb6775e9bb3b35f93f353fd5	0	0
1542	9	6	3	0	0	0180019201800060800650180006110	1c3eee6cb6775f9f37b10fe7f359eed	0	0
1543	9	9	10	0	1	0180022010a00154050001460009028	1c3eeddea7575eabb2b75eb9f356fd5	0	0
1544	9	8	4	0	1	01800280128104180006411200050a0	1c3eed7ea5765be7b7b11eedf35af5d	0	0
1545	9	7	4	0	1	01800312010000e804010a082044204	1c3eececb6f75f17b3b655f7d31bdf9	0	0
1546	9	6	9	0	1	018003120102006804020a082044014	1c3eececb6f55f97b3b555f7d31bfe9	0	0
1547	9	6	4	0	1	018003120104006804010a082044204	1c3eececb6f35f97b3b655f7d31bdf9	0	0
1548	9	3	4	0	1	0180033001040268040108082050014	1c3eecceb6f35d97b3b657f7d30ffe9	0	0
1549	9	4	6	0	1	0180035001020260202040482048110	1c3eecaeb6f55d9f97971fb7d317eed	0	0
1550	9	6	2	0	0	01800494001400a8028004205300090	1c3eeb6ab7e35f57b5375bdfa05ff6d	0	0
1551	9	4	6	0	0	018004a081050428000400a44041220	1c3eeb5e36f25bd7b7b35f5bb31eddd	0	0
1552	9	1	7	0	0	018004a0810504280005088c0001030	1c3eeb5e36f25bd7b7b25773f35efcd	0	0
1553	9	8	10	0	0	0180051000120858041000ca000a0c0	1c3eeaeeb7e557a7b3a75f35f355f3d	0	0
1554	9	8	4	0	1	01800510014002a8040100a90042210	1c3eeaeeb6b75d57b3b65f56f31dded	0	0
1555	9	8	0	0	1	01800510014002a8040102890042210	1c3eeaeeb6b75d57b3b65d76f31dded	0	0
1556	9	8	3	0	0	01800510014004a8048000a90002a10	1c3eeaeeb6b75b57b3375f56f35d5ed	0	0
1557	9	8	1	0	0	0180051001400628048000a90002a10	1c3eeaeeb6b759d7b3375f56f35d5ed	0	0
1558	9	6	10	0	0	0180051200120058041000ca000a0c0	1c3eeaecb7e55fa7b3a75f35f355f3d	0	0
1559	9	7	9	0	0	018005140002028c048000a05300030	1c3eeaeab7f55d73b3375f5fa05ffcd	0	0
1560	9	7	7	0	0	01800514000202a8048000a05110210	1c3eeaeab7f55d57b3375f5fa24fded	0	0
1561	9	7	4	0	0	01800514000202a8048000a05140220	1c3eeaeab7f55d57b3375f5fa21fddd	0	0
1562	9	6	7	0	0	01800514001200a8028000a05210210	1c3eeaeab7e55f57b5375f5fa14fded	0	0
1563	9	6	10	0	0	01800514001200a8028040205050014	1c3eeaeab7e55f57b5371fdfa30ffe9	0	0
1564	9	6	9	0	0	01800514001200a8048000a05050210	1c3eeaeab7e55f57b3375f5fa30fded	0	0
1565	9	7	6	0	1	01800530000202a8048000a05050210	1c3eeaceb7f55d57b3375f5fa30fded	0	0
1566	9	5	8	0	0	01800530001210a0048000a84050014	1c3eeaceb7e54f5fb3375f57b30ffe9	0	0
1567	9	4	10	0	0	01800530001210a8008000a84050014	1c3eeaceb7e54f57b7375f57b30ffe9	0	0
1568	9	2	10	0	0	01800530001210a8028000a04050014	1c3eeaceb7e54f57b5375f5fb30ffe9	0	0
1569	9	6	6	0	1	0180053001020228048000c84010814	1c3eeaceb6f55dd7b3375f37b34f7e9	0	0
1570	9	4	6	0	1	01800530010202a8040000a84050014	1c3eeaceb6f55d57b3b75f57b30ffe9	0	0
1571	9	1	6	0	1	01800530010202a8048000a84010014	1c3eeaceb6f55d57b3375f57b34ffe9	0	0
1572	9	6	6	0	0	01800530011000a8048000a84010814	1c3eeaceb6e75f57b3375f57b34f7e9	0	0
1573	9	2	4	0	1	018005500140028a040100a80042210	1c3eeaaeb6b75d75b3b65f57f31dded	0	0
1574	9	4	4	0	0	01800550014002a2000100ac0042210	1c3eeaaeb6b75d5db7b65f53f31dded	0	0
1575	9	6	7	0	1	0180090036000818001101920202048	1c3ee6fe81f757e7b7a65e6df15dfb5	0	0
1576	9	8	6	0	0	0180091000144060848000a81014280	1c3ee6eeb7e31f9f33375f57e34bd7d	0	0
1577	9	6	6	0	0	0180091010144020848000a81014280	1c3ee6eea7e31fdf33375f57e34bd7d	0	0
1578	9	6	6	0	0	0180093000140048848000b01014280	1c3ee6ceb7e35fb733375f4fe34bd7d	0	0
1579	9	4	8	0	0	01800a2010a00154040001460005420	1c3ee5dea7575eabb3b75eb9f35abdd	0	0
1580	9	4	8	0	1	01800a2010a001540400015400050a0	1c3ee5dea7575eabb3b75eabf35af5d	0	0
1581	9	3	8	0	0	01800a2010a00154040201060005420	1c3ee5dea7575eabb3b55ef9f35abdd	0	0
1582	9	3	8	0	1	01800a2010a001540402011400050a0	1c3ee5dea7575eabb3b55eebf35af5d	0	0
1583	9	1	10	0	1	01800a2010a00154050001460001028	1c3ee5dea7575eabb2b75eb9f35efd5	0	0
1584	9	6	7	0	1	01800a2010a10010142001260005104	1c3ee5dea7565fefa3975ed9f35aef9	0	0
1585	9	3	8	0	0	01800a2021810044800540042005420	1c3ee5de96765fbb37b21ffbd35abdd	0	0
1586	9	4	4	0	0	01800a4023000151000250102004940	1c3ee5be94f75eaeb7b50fefd35b6bd	0	0
1587	9	8	3	0	0	0180214000120858011000d01048280	1c3ecebeb7e557a7b6a75f2fe317d7d	0	0
1588	9	2	3	0	0	0180215000120858041000c2000a280	1c3eceaeb7e557a7b3a75f3df355d7d	0	0
1589	9	6	1	0	1	0180283000140048848000b01014280	1c3ec7ceb7e35fb733375f4fe34bd7d	0	0
1590	9	5	7	0	1	018040c010a00a2003004044100900c	1c3eaf3ea75755dfb4b71fbbe356ff1	0	0
1591	9	8	6	0	1	01804140002200f0012041003048104	1c3eaebeb7d55f0fb6971effc317ef9	0	0
1592	9	5	4	0	0	01804140810212200021404c000a104	1c3eaebe36f54ddfb7961fb3f355ef9	0	0
1593	9	1	4	0	0	01804140810212202021404c0008104	1c3eaebe36f54ddf97961fb3f357ef9	0	0
1594	9	6	6	0	1	0180480030144028048001281012210	1c3ea7fe87e31fd7b3375ed7e34dded	0	0
1595	9	9	4	0	1	01808004105002a8028000a05201280	1c3e6ffaa7a75d57b5375f5fa15ed7d	0	0
1596	9	4	2	0	0	0180808093010400a00250180005060	1c3e6f7e24f65bff17b50fe7f35af9d	0	0
1597	9	3	4	0	1	0180808093010410200640120005060	1c3e6f7e24f65bef97b11fedf35af9d	0	0
1598	9	2	6	0	1	0180808093010410200642100041028	1c3e6f7e24f65bef97b11deff31efd5	0	0
1599	9	6	7	0	0	0180810410500228028000a05201210	1c3e6efaa7a75dd7b5375f5fa15eded	0	0
1600	9	5	9	0	0	01808114001202a0048000a05050210	1c3e6eeab7e55d5fb3375f5fa30fded	0	0
1601	9	3	6	0	1	01808120102300b000a00102100c104	1c3e6edea7d45f4fb7175efde353ef9	0	0
1602	9	4	6	0	0	0180820810230410240001460005220	1c3e6df6a7d45bef93b75eb9f35addd	0	0
1603	9	5	0	0	1	0180821020441220060000a06140090	1c3e6dee97b34ddfb1b75f5f921ff6d	0	0
1604	9	4	10	0	0	0180822010a10041220010422009108	1c3e6ddea7565fbe95b74fbdd356ef5	0	0
1605	9	4	8	0	1	0180822011050430000102828005048	1c3e6ddea6f25bcfb7b65d7d735afb5	0	0
1606	9	4	10	0	0	0180822012030400a002110a0005060	1c3e6ddea5f45bff17b54ef5f35af9d	0	0
1607	9	4	10	0	0	0180822200a000d400011114000900c	1c3e6ddcb7575f2bb7b64eebf356ff1	0	0
1608	9	6	6	0	0	0180842800140088248004205300011	1c3e6bd6b7e35f7793375bdfa05ffec	0	0
1609	9	7	3	0	0	0180882010041428000510980011088	1c3e67dea7f34bd7b7b24f67f34ef75	0	0
1610	9	4	2	0	1	0180882010c001640400014c0009088	1c3e67dea7375e9bb3b75eb3f356f75	0	0
1611	9	6	3	0	1	0180882020c100240005012c0041014	1c3e67de97365fdbb7b25ed3f31efe9	0	0
1612	9	8	3	0	0	0182011000120858041000ca000a0c0	1c3ceeeeb7e557a7b3a75f35f355f3d	0	0
1613	9	6	3	0	0	01820114001200a8028040205050014	1c3ceeeab7e55f57b5371fdfa30ffe9	0	0
1614	9	4	4	0	0	0182011400120298008000a05240220	1c3ceeeab7e55d67b7375f5fa11fddd	0	0
1615	9	5	6	0	0	0182013000120288048000a05050210	1c3ceeceb7e55d77b3375f5fa30fded	0	0
1616	9	4	6	0	0	01820130001202a8008000a05050210	1c3ceeceb7e55d57b7375f5fa30fded	0	0
1617	9	8	10	0	0	0182020012400614020201860001850	1c3cedfea5b759ebb5b55e79f35e7ad	0	0
1618	9	4	10	0	1	0182020412040618020001828001890	1c3cedfaa5f359e7b5b75e7d735e76d	0	0
1619	9	3	9	0	1	01820214004202b0008201060008814	1c3cedeab7b55d4fb7355ef9f3577e9	0	0
1620	9	1	4	0	1	0182022010a00154050001460001028	1c3ceddea7575eabb2b75eb9f35efd5	0	0
1621	9	4	0	0	1	0182024402040618020001828001890	1c3cedbab5f359e7b5b75e7d735e76d	0	0
1622	9	8	1	0	1	0182041000120858041000ca000a0c0	1c3cebeeb7e557a7b3a75f35f355f3d	0	0
1623	9	3	8	0	1	01820414000601a4028000205110018	1c3cebeab7f15e5bb5375fdfa24ffe5	0	0
1624	9	1	1	0	1	0182044402020258009000c051000a0	1c3cebbab5f55da7b7275f3fa25ff5d	0	0
1625	9	1	2	0	1	0182082010a00154050001460001028	1c3ce7dea7575eabb2b75eb9f35efd5	0	0
1626	9	5	1	0	0	01820840124005040280018c0001848	1c3ce7bea5b75afbb5375e73f35e7b5	0	0
1627	9	7	4	0	1	01828004101002a8028000a05011280	1c3c6ffaa7e75d57b5375f5fa34ed7d	0	0
1628	9	3	9	0	0	01828004201202b0009000241042030	1c3c6ffa97e55d4fb7275fdbe31dfcd	0	0
1629	9	5	2	0	1	01828010105002a0028000a14009280	1c3c6feea7a75d5fb5375f5eb356d7d	0	0
1630	9	1	4	0	0	01828020104205240082018c0001048	1c3c6fdea7b55adbb7355e73f35efb5	0	0
1631	9	4	7	0	1	01828024001202a8008000a05011210	1c3c6fdab7e55d57b7375f5fa34eded	0	0
1632	9	10	4	0	1	04000614010501208003082881040a0	19bee9eab6f25edf37b457d7725bf5d	0	0
1633	9	10	4	0	1	0400061801050120800308288104060	19bee9e6b6f25edf37b457d7725bf9d	0	0
1634	9	10	6	0	1	04000a102181004094804020a104024	19bee5ee96765fbf23371fdf525bfd9	0	0
1635	9	10	10	0	0	04000c0a041040610003028900030c0	19bee3f4b3e71f9eb7b45d76f35cf3d	0	0
1636	9	10	3	0	1	04000c2200065021040100ca000a0c0	19bee3dcb7f10fdeb3b65f35f355f3d	0	0
1637	9	10	3	0	0	0400411081040840a60002310102060	19beaeee36f357bf11b75dcef25df9d	0	0
1638	9	10	4	0	0	0400413000141060840108888014084	19beaeceb7e34f9f33b65777734bf79	0	0
1639	9	10	7	0	0	0400484080064801260000a12101050	19bea7be37f117fe91b75f5ed25efad	0	0
1640	9	2	4	0	0	040602480202091102020141000c0c0	19b8edb6b5f556eeb5b55ebef353f3d	0	0
1641	9	1	4	0	1	0408049400830104160014081008028	19b6eb6ab7745efba1b74bf7e357fd5	0	0
1642	9	6	8	0	0	040808a404101021008200b08006090	19b6e75ab3e74fdeb7355f4f7359f6d	0	0
1643	9	6	6	0	0	040808a404104021000301920012090	19b6e75ab3e71fdeb7b45e6df34df6d	0	0
1644	9	4	2	0	1	04080a12004410700400022221040c0	19b6e5ecb7b34f8fb3b75dddd25bf3d	0	0
1645	9	5	7	0	0	04080c2400a000e0042004841104081	19b6e3dab7575f1fb3975b7be25bf7c	0	0
1646	9	4	2	0	0	04082460001450210001028a0010890	19b6cb9eb7e30fdeb7b65d75f34f76d	0	0
1647	9	5	0	0	1	040828108015102000054402800a280	19b6c7ee37e24fdfb7b21bfd7355d7d	0	0
1648	9	4	9	0	1	0408281080151024000100a28018204	19b6c7ee37e24fdbb7b65f5d7347df9	0	0
1649	9	4	4	0	0	0408281080151024000100a28110204	19b6c7ee37e24fdbb7b65f5d724fdf9	0	0
1650	9	5	4	0	0	0408282080505020040100a28101084	19b6c7de37a70fdfb3b65f5d725ef79	0	0
1651	9	5	8	0	1	04084800a0901060040140809018280	19b6a7fe17674f9fb3b61f7f6347d7d	0	0
1652	9	5	6	0	1	04084800a2101060040140809018280	19b6a7fe15e74f9fb3b61f7f6347d7d	0	0
1653	9	8	7	0	0	0408481000141060840108888104024	19b6a7eeb7e34f9f33b65777725bfd9	0	0
1654	9	3	6	0	0	040848102012106084804000a102024	19b6a7ee97e54f9f33371fff525dfd9	0	0
1655	9	3	8	0	0	0408482021101042840100908104024	19b6a7de96e74fbd33b65f6f725bfd9	0	0
1656	9	5	7	0	0	0408483000141040840108908104024	19b6a7ceb7e34fbf33b6576f725bfd9	0	0
1657	9	3	10	0	0	0408483000141042840100828104024	19b6a7ceb7e34fbd33b65f7d725bfd9	0	1
1658	9	3	7	0	0	0408483000141042840100908104024	19b6a7ceb7e34fbd33b65f6f725bfd9	0	0
1659	9	4	7	0	0	0408483000141060800108908104024	19b6a7ceb7e34f9f37b6576f725bfd9	0	0
1660	9	2	7	0	0	0408483000141060840108808104024	19b6a7ceb7e34f9f33b6577f725bfd9	0	0
1661	9	7	4	0	0	0408600090045020240112003110220	19b68ffe27f30fdf93b64dffc24fddd	0	0
1662	9	4	4	0	1	04088800a0821070000414101044220	19b667fe17754f8fb7b34befe31bddd	0	0
1663	9	4	4	0	0	04088800a08210700004141011040a0	19b667fe17754f8fb7b34befe25bf5d	0	0
1664	9	2	4	0	1	04088800a0821070040414001044220	19b667fe17754f8fb3b34bffe31bddd	0	0
1665	9	2	4	0	0	04088800a08210700404140011040a0	19b667fe17754f8fb3b34bffe25bf5d	0	0
1666	9	5	4	0	0	04088800a0831020000514003140220	19b667fe17744fdfb7b24bffc21fddd	0	0
1667	9	9	3	0	1	04100818005008b0040102230003240	19aee7e6b7a7574fb3b65ddcf35cdbd	0	0
1668	9	3	6	0	0	04100898041008a1008200310006210	19aee766b3e7575eb7355fcef359ded	0	0
1669	9	4	9	0	1	041008a800a001620002051400050a0	19aee756b7575e9db7b55aebf35af5d	0	0
1670	9	6	1	0	1	04100a1800500830040102230005240	19aee5e6b7a757cfb3b65ddcf35adbd	0	0
1671	9	1	4	0	1	0410240031814000328005088000c10	19aecbfe86761fff85375af7735f3ed	0	0
1672	9	6	4	0	1	04102400348008280005050a0009480	19aecbfe837757d7b7b25af5f356b7d	0	0
1673	9	5	4	0	1	04102400348108080005050a0009480	19aecbfe837657f7b7b25af5f356b7d	0	0
1674	9	5	6	0	0	041041028300026002010a108101014	19aeaefc34f75d9fb5b655ef725efe9	0	0
1675	9	5	6	0	0	041041028300026004010a088101014	19aeaefc34f75d9fb3b655f7725efe9	0	0
1676	9	4	3	0	0	0410411201040860820008310104014	19aeaeecb6f3579f35b757cef25bfe9	0	0
1677	9	7	4	0	1	0410483001000282140108308104024	19aea7ceb6f75d7da3b657cf725bfd9	0	0
1678	9	4	4	0	1	0410483001040242140008308104024	19aea7ceb6f35dbda3b757cf725bfd9	0	0
1679	9	9	4	0	0	04200080940450220006121011100a0	199eef7e23f30fddb7b14defe24ff5d	0	0
1680	9	9	10	0	0	0420020414114001128002228003050	199eedfaa3e61ffea5375ddd735cfad	0	0
1681	9	6	8	0	0	042002860501000280031210810100c	199eed78b2f65ffd37b44def725eff1	0	0
1682	9	6	6	0	0	0420029800900105040200780018210	199eed66b7675efab3b55f87f347ded	0	0
1683	9	4	3	0	0	042002c4050000c180025010800a140	199eed3ab2f75f3e37b50fef7355ebd	0	0
1684	9	5	10	0	1	0420030484041060011000a28018280	199eecfa33f34f9fb6a75f5d7347d7d	0	0
1685	9	6	8	0	1	042003280140006084010a088005044	199eecd6b6b75f9f33b655f7735afb9	0	0
1686	9	7	8	0	1	0420050c008000e0248044081018011	199eeaf2b7775f1f93371bf7e347fec	0	0
1687	9	7	7	0	1	0420051020410060222002890048041	199eeaee97b65f9f95975d76f317fbc	0	0
1688	9	6	8	0	1	04200524008200a4048004881018011	199eeadab7755f5bb3375b77e347fec	0	0
1689	9	2	7	0	1	04200524028000e0248044001018011	199eeadab5775f1f93371bffe347fec	0	0
1690	9	9	4	0	0	0420083000141062040200a28110084	199ee7ceb7e34f9db3b55f5d724ff79	0	0
1691	9	2	2	0	1	042008c08105101400030a008102120	199ee73e36f24febb7b455ff725dedd	0	0
1692	9	5	4	0	0	0420092083001040140108908140024	199ee6de34f74fbfa3b6576f721ffd9	0	0
1693	9	7	4	0	1	04200950000410520401408280060a0	199ee6aeb7f34fadb3b61f7d7359f5d	0	0
1694	9	7	4	0	0	04200a140004106014015000a1020a0	199ee5eab7f34f9fa3b60fff525df5d	0	0
1695	9	7	4	0	0	04200a300004106014011800a140024	199ee5ceb7f34f9fa3b647ff521ffd9	0	0
1696	9	5	4	0	0	04202080940450200006121011100a0	199ecf7e23f30fdfb7b14defe24ff5d	0	0
1697	9	7	4	0	0	042021180005011400050a00a300021	199ecee6b7f25eebb7b255ff505ffdc	0	0
1698	9	6	7	0	0	0420214081044021020102818002a10	199ecebe36f31fdeb5b65d7e735d5ed	0	0
1699	9	8	10	0	0	0420220014114001128002228003050	199ecdfea3e61ffea5375ddd735cfad	0	0
1700	9	4	0	0	1	04202202150008b0001000d4000c0c0	199ecdfca2f7574fb7a75f2bf353f3d	0	0
1701	9	6	9	0	0	04202808810500011404082c0002830	199ec7f636f25ffea3b357d3f35d7cd	0	0
1702	9	1	0	0	0	04202818001500910404022a0002060	199ec7e6b7e25f6eb3b35dd5f35df9d	0	0
1703	9	4	6	0	0	04204100a5004821000100b1000a210	199eaefe12f717deb7b65f4ef355ded	0	0
1704	9	7	6	0	0	0420411081000840360002310102030	199eaeee36f757bf81b75dcef25dfcd	0	0
1705	9	5	6	0	0	0420411081040840260002310102030	199eaeee36f357bf91b75dcef25dfcd	0	0
1706	9	5	4	0	0	0420411081040840260002310102060	199eaeee36f357bf91b75dcef25df9d	0	0
1707	9	6	6	0	0	0420414081044021020100a1800a210	199eaebe36f31fdeb5b65f5e7355ded	0	0
1708	9	4	0	0	1	0420421201040840940048110102018	199eadecb6f357bf23b717eef25dfe5	0	0
1709	9	4	6	0	0	0420421800140161000208380018210	199eade6b7e35e9eb7b557c7f347ded	0	0
1710	9	6	6	0	1	0420441021040820840102288102044	199eabee96f357df33b65dd7725dfb9	0	0
1711	9	7	8	0	0	04204800a0041111040110908008a40	199ea7fe17f34eeeb3b64f6f73575bd	0	0
1712	9	4	6	0	0	04204800a2041060200112101110220	199ea7fe15f34f9f97b64defe24fddd	0	0
1713	9	2	6	0	0	04204800a2041060240112001110220	199ea7fe15f34f9f93b64dffe24fddd	0	0
1714	9	2	4	0	1	0420480880064121040108880011240	199ea7f637f11edeb3b65777f34edbd	0	0
1715	9	6	7	0	0	0420481020140052040106009300044	199ea7ee97e35fadb3b659ff605ffb9	0	0
1716	9	7	7	0	1	0420482080044101142008980008841	199ea7de37f31efea3975767f3577bc	0	0
1717	9	6	6	0	0	0420482800144021040100a88003050	199ea7d6b7e31fdeb3b65f57735cfad	0	0
1718	9	4	4	0	0	0420483000141042140000b08140024	199ea7ceb7e34fbda3b75f4f721ffd9	0	0
1719	9	6	4	0	0	04208124009000a0248004281050011	199e6edab7675f5f93375bd7e30ffec	0	0
1720	9	2	2	0	1	0420820211041060840248008104090	199e6dfca6f34f9f33b517ff725bf6d	0	0
1721	9	3	3	0	1	0420822201041040940108108102090	199e6ddcb6f34fbf23b657ef725df6d	0	0
1722	9	4	4	0	0	0420824801040161000208288104050	199e6db6b6f35e9eb7b557d7725bfad	0	0
1723	9	5	9	0	0	04208800a1041800240110308102050	199e67fe16f347ff93b64fcf725dfad	0	0
1724	9	7	4	0	0	04208804800410601401500091020a0	199e67fa37f34f9fa3b60fff625df5d	0	0
1725	9	8	0	0	1	04208820002210b0000614101044060	199e67deb7d54f4fb7b14befe31bf9d	0	0
1726	9	7	6	0	1	042088408004105014015000900a0a0	199e67be37f34fafa3b60fff6355f5d	0	0
1727	9	3	4	0	1	0420c00091800160142008088101014	199e2ffe26775e9fa39757f7725efe9	0	0
1728	9	8	6	0	1	04220104020202b0009000a05050220	199ceefab5f55d4fb7275f5fa30fddd	0	0
1729	9	2	2	0	0	0422080480065024000312001110220	199ce7fa37f10fdbb7b44dffe24fddd	0	0
1730	9	6	8	0	1	04222004241000b0009000a09040830	199ccffa93e75f4fb7275f5f631f7cd	0	0
1731	9	6	4	0	1	04222014001200a0128004281050014	199ccfeab7e55f5fa5375bd7e30ffe9	0	0
1732	9	9	6	0	0	0480022081041220140100a48108090	193eedde36f34ddfa3b65f5b7257f6d	0	0
1733	9	1	7	0	0	0480033000421060840218082004014	193eecceb7b54f9f33b547f7d35bfe9	0	0
1734	9	1	4	0	0	0480033000421060840218082004084	193eecceb7b54f9f33b547f7d35bf79	0	0
1735	9	4	2	0	0	04800344048000c1800141022208180	193eecbab3775f3e37b61efdd157e7d	0	0
1736	9	4	7	0	0	0480035001020260202040412108050	193eecaeb6f55d9f97971fbed257fad	0	0
1737	9	5	7	0	1	048004c200145020020102890003090	193eeb3cb7e30fdfb5b65d76f35cf6d	0	0
1738	9	7	10	0	0	0480050090810044820418081009120	193eeafe27765fbb35b347f7e356edd	0	0
1739	9	6	10	0	0	0480050094810004800518081009120	193eeafe23765ffb37b247f7e356edd	0	0
1740	9	4	10	0	0	0480050094810044800418081009120	193eeafe23765fbb37b347f7e356edd	0	0
1741	9	2	10	0	0	0480050094810044820418001009120	193eeafe23765fbb35b347ffe356edd	0	0
1742	9	8	6	0	0	04800510014000e08401028a0104044	193eeaeeb6b75f1f33b65d75f25bfb9	0	0
1743	9	2	1	0	1	048005101180016084044808000c0a0	193eeaeea6775e9f33b317f7f353f5d	0	0
1744	9	6	6	0	0	0480054082800040360014081048011	193eeabe35775fbf81b74bf7e317fec	0	0
1745	9	2	4	0	0	0480055000510082228000a10048201	193eeaaeb7a65f7d95375f5ef317dfc	0	0
1746	9	3	4	0	0	0480055005000320800310090002860	193eeaaeb2f75cdf37b44ff6f35d79d	0	0
1747	9	4	6	0	1	0480060a040200c4820001411208500	193ee9f4b3f55f3b35b75ebee157afd	0	0
1748	9	6	10	0	1	0480060a04100058001100d100090c0	193ee9f4b3e75fa7b7a65f2ef356f3d	0	0
1749	9	6	4	0	1	04800610110500208003088881040c0	193ee9eea6f25fdf37b45777725bf3d	0	0
1750	9	2	10	0	0	0480061011800140940218080104030	193ee9eea6775ebf23b547f7f25bfcd	0	0
1751	9	3	4	0	1	0480061200121060160000490042090	193ee9ecb7e54f9fa1b75fb6f31df6d	0	0
1752	9	4	1	0	1	048006140105012080014020c1040c0	193ee9eab6f25edf37b61fdf325bf3d	0	0
1753	9	2	6	0	0	04800644012000e0802241040100884	193ee9bab6d75f1f37951efbf25f779	0	0
1754	9	7	6	0	0	048009500011005202010282804100c	193ee6aeb7e65fadb5b65d7d731eff1	0	0
1755	9	3	6	0	0	04800a1200061220140110082102090	193ee5ecb7f14ddfa3b64ff7d25df6d	0	0
1756	9	6	9	0	1	04800a12001400700401028300050c0	193ee5ecb7e35f8fb3b65d7cf35af3d	0	0
1757	9	6	7	0	1	04800a12001400700401028900050c0	193ee5ecb7e35f8fb3b65d76f35af3d	0	0
1758	9	4	7	0	0	04800a1200141060140008282140014	193ee5ecb7e34f9fa3b757d7d21ffe9	0	0
1759	9	6	4	0	1	04800a1201040042140108902140208	193ee5ecb6f35fbda3b6576fd21fdf5	0	0
1760	9	4	4	0	1	04800a1201050042100108902140208	193ee5ecb6f25fbda7b6576fd21fdf5	0	0
1761	9	2	4	0	1	04800a1201050042140108802140208	193ee5ecb6f25fbda3b6577fd21fdf5	0	0
1762	9	2	6	0	1	04800a1800070042840241020104024	193ee5e6b7f05fbd33b51efdf25bfd9	0	0
1763	9	4	6	0	0	04800a4021200151000250102004940	193ee5be96d75eaeb7b50fefd35b6bd	0	0
1764	9	2	10	0	1	04800c3000820164000618080005030	193ee3ceb7755e9bb7b147f7f35afcd	0	0
1765	9	3	2	0	0	04800c4805000242800340050003420	193ee3b6b2f75dbd37b41ffaf35cbdd	0	0
1766	9	3	0	0	0	04800c4805000302800340050003420	193ee3b6b2f75cfd37b41ffaf35cbdd	0	0
1767	9	6	7	0	0	0480210220130018001101980048044	193ecefc97e45fe7b7a65e67f317fb9	0	0
1768	9	5	2	0	0	04802130001209100410006242040c0	193ececeb7e556efb3a75f9db15bf3d	0	0
1769	9	7	7	0	0	0480214080045001240102882040a10	193ecebe37f30ffe93b65d77d31f5ed	0	0
1770	9	1	7	0	1	04804100a2810042820141101008024	193eaefe15765fbd35b61eefe357fd9	0	0
1771	9	8	4	0	0	0480411000141060820108980014084	193eaeeeb7e34f9f35b65767f34bf79	0	0
1772	9	8	3	0	0	0480411000141060820108980018084	193eaeeeb7e34f9f35b65767f347f79	0	0
1773	9	5	7	0	0	048041108014106004010288800a240	193eaeee37e34f9fb3b65d777355dbd	0	0
1774	9	4	9	0	0	0480411080141060800108980018084	193eaeee37e34f9f37b65767f347f79	0	0
1775	9	7	3	0	1	048041120004106082010898000c084	193eaeecb7f34f9f35b65767f353f79	0	0
1776	9	2	6	0	1	0480414085000160210142010009028	193eaebe32f75e9f96b61dfef356fd5	0	0
1777	9	6	4	0	1	0480421020840042860001302140024	193eadee97735fbd31b75ecfd21ffd9	0	0
1778	9	6	4	0	0	048042108014007004010a028101044	193eadee37e35f8fb3b655fd725efb9	0	0
1779	9	8	1	0	0	0480481000141060808108980104024	193ea7eeb7e34f9f37365767f25bfd9	0	0
1780	9	3	7	0	0	0480481020141042840100980104024	193ea7ee97e34fbd33b65f67f25bfd9	0	0
1781	9	3	7	0	0	0480481020141060840100888104044	193ea7ee97e34f9f33b65f77725bfb9	0	0
1782	9	3	6	0	0	0480481020141060840100888104084	193ea7ee97e34f9f33b65f77725bf79	0	0
1783	9	3	9	0	1	04804810201410608401008900060a0	193ea7ee97e34f9f33b65f76f359f5d	0	0
1784	9	3	6	0	1	0480481020141060840140088006084	193ea7ee97e34f9f33b61ff77359f79	0	0
1785	9	1	6	0	1	0480481020141060840140888004084	193ea7ee97e34f9f33b61f77735bf79	0	0
1786	9	1	3	0	1	04804810201410608401408900020a0	193ea7ee97e34f9f33b61f76f35df5d	0	0
1787	9	6	2	0	1	048048120104020214010a18010080c	193ea7ecb6f35dfda3b655e7f25f7f1	0	0
1788	9	5	6	0	1	048048120104024014010a18010200c	193ea7ecb6f35dbfa3b655e7f25dff1	0	0
1789	9	4	2	0	1	048048120104024214000a18010080c	193ea7ecb6f35dbda3b755e7f25f7f1	0	0
1790	9	6	6	0	1	048048500014005204010288804100c	193ea7aeb7e35fadb3b65d77731eff1	0	0
1791	9	6	6	0	1	048048500014006202010288804100c	193ea7aeb7e35f9db5b65d77731eff1	0	0
1792	9	6	3	0	1	0480485000140062020102888041044	193ea7aeb7e35f9db5b65d77731efb9	0	0
1793	9	6	4	0	1	0480601081040202140102908100a04	193e8fee36f35dfda3b65d6f725f5f9	0	0
1794	9	4	4	0	1	048082048105102010014020a102090	193e6dfa36f24fdfa7b61fdf525df6d	0	0
1795	9	4	4	0	0	048082408104106020025000a100850	193e6dbe36f34f9f97b50fff525f7ad	0	0
1796	9	6	4	0	0	04808804201210201480402031020a0	193e67fa97e54fdfa3371fdfc25df5d	0	0
1797	9	9	4	0	0	04820000a1101040348040218102110	193ceffe16e74fbf83371fde725deed	0	0
1798	9	6	4	0	1	0482022010a00114040209060001828	193ceddea7575eebb3b556f9f35e7d5	0	0
1799	9	6	7	0	0	0482024010900201130000a14009280	193cedbea7675dfea4b75f5eb356d7d	0	0
1800	9	4	3	0	0	04820248001440510001028900090c0	193cedb6b7e31faeb7b65d76f356f3d	0	0
1801	9	6	2	0	0	04820820208210240006110c0004830	193ce7de97754fdbb7b14ef3f35b7cd	0	0
1802	9	2	6	0	0	04828004201202b0009000a01140030	193c6ffa97e55d4fb7275f5fe21ffcd	0	0
1803	9	2	4	0	0	05000304830002a4022040808008c01	18beecfa34f75d5bb5971f7f73573fc	0	0
1804	9	4	4	0	1	050003420102123000014040a048104	18beecbcb6f54dcfb7b61fbf5317ef9	0	0
1805	9	8	7	0	1	05000504020202b0009000a05210220	18beeafab5f55d4fb7275f5fa14fddd	0	0
1806	9	8	4	0	1	05000504020202b0009000b01050220	18beeafab5f55d4fb7275f4fe30fddd	0	0
1807	9	8	8	0	0	05000508009000e0248044081018011	18beeaf6b7675f1f93371bf7e347fec	0	0
1808	9	6	8	0	0	0500050820900060248044081018011	18beeaf697675f9f93371bf7e347fec	0	0
1809	9	6	4	0	1	050005102140006206000288804080c	18beeaee96b75f9db1b75d77731f7f1	0	0
1810	9	7	9	0	0	05000514000202a4048000a05110030	18beeaeab7f55d5bb3375f5fa24ffcd	0	0
1811	9	7	4	0	0	05000514000202a4048000a81110030	18beeaeab7f55d5bb3375f57e24ffcd	0	0
1812	9	3	8	0	0	05000528009000e0248004081018011	18beead6b7675f1f93375bf7e347fec	0	0
1813	9	7	2	0	0	05000542000212180011104a0208024	18beeabcb7f54de7b7a64fb5f157fd9	0	0
1814	9	7	8	0	1	05000544000202b0009000a05050220	18beeabab7f55d4fb7275f5fa30fddd	0	0
1815	9	8	4	0	0	0500060200120858041000d201010c0	18bee9fcb7e557a7b3a75f2df25ef3d	0	0
1816	9	5	8	0	1	0500062200120850041000d200090c0	18bee9dcb7e557afb3a75f2df356f3d	0	0
1817	9	2	7	0	1	0500062200120858041000d000090c0	18bee9dcb7e557a7b3a75f2ff356f3d	0	0
1818	9	6	6	0	0	050008a080504004840200a81011480	18bee75e37a71ffb33b55f57e34eb7d	0	0
1819	9	7	4	0	0	0500090880810224000540241011220	18bee6f637765ddbb7b21fdbe34eddd	0	0
1820	9	6	10	0	1	0500091201040042840140888006088	18bee6ecb6f35fbd33b61f777359f75	0	0
1821	9	6	9	0	1	0500091201040042840140908006088	18bee6ecb6f35fbd33b61f6f7359f75	0	0
1822	9	6	7	0	1	0500091201040042840140908006208	18bee6ecb6f35fbd33b61f6f7359df5	0	0
1823	9	6	3	0	1	0500091201040042840140908006280	18bee6ecb6f35fbd33b61f6f7359d7d	0	0
1824	9	6	10	0	0	0500093000140042848000a09014280	18bee6ceb7e35fbd33375f5f634bd7d	0	0
1825	9	6	6	0	0	0500093000140060848000a09014280	18bee6ceb7e35f9f33375f5f634bd7d	0	0
1826	9	6	4	0	0	0500093000140062048000a09014280	18bee6ceb7e35f9db3375f5f634bd7d	0	0
1827	9	5	4	0	0	0500093000141060048000a88014084	18bee6ceb7e34f9fb3375f57734bf79	0	0
1828	9	6	10	0	0	05000a440500008180035000a002908	18bee5bab2f75f7e37b40fff535d6f5	0	0
1829	9	4	6	0	1	05000c10205000f00400028a0050005	18bee3ee97a75f0fb3b75d75f30fff8	0	0
1830	9	4	6	0	1	05000c10205000f0040004281042090	18bee3ee97a75f0fb3b75bd7e31df6d	0	0
1831	9	5	9	0	1	05000c10209000e0048004281050014	18bee3ee97675f1fb3375bd7e30ffe9	0	0
1832	9	6	2	0	1	05000c18005000700402022900030a0	18bee3e6b7a75f8fb3b55dd6f35cf5d	0	0
1833	9	5	0	0	1	05000c20201450200404048a0018081	18bee3de97e30fdfb3b35b75f347f7c	0	0
1834	9	5	8	0	1	05000c20209000e0048004881018081	18bee3de97675f1fb3375b77e347f7c	0	0
1835	9	6	4	0	1	05002410205000b0048000a05010a80	18becbee97a75f4fb3375f5fa34f57d	0	0
1836	9	5	3	0	1	0500280226000890000511120208005	18bec7fc91f7576fb7b24eedf157ff8	0	0
1837	9	5	4	0	0	0500820220441220040110882140011	18be6dfc97b34ddfb3b64f77d21ffec	0	0
1838	9	7	7	0	1	05008404200202a4041000a81110030	18be6bfa97f55d5bb3a75f57e24ffcd	0	0
1839	9	7	4	0	0	05008800a00412300401102091020a0	18be67fe17f34dcfb3b64fdf625df5d	0	0
1840	9	4	4	0	0	05020114001202b0008000a05050220	18bceeeab7e55d4fb7375f5fa30fddd	0	0
1841	9	4	4	0	1	05020202214002b00001018c00088c0	18bcedfc96b75d4fb7b65e73f35773d	0	0
1842	9	6	2	0	0	05020414001400a4009000a0c100a20	18bcebeab7e35f5bb7275f5f325f5dd	0	0
1843	9	8	2	0	1	0502080020c001940480030c0010809	18bce7fe97375e6bb3375cf3f34f7f4	0	0
1844	9	6	4	0	1	0502081020140052048000a09014280	18bce7ee97e35fadb3375f5f634bd7d	0	0
1845	9	4	2	0	0	08040c0a02021410140001430202120	15bae3f4b5f54befa3b75ebcf15dedd	0	0
1846	9	6	0	0	0	08080a0424101021050000a2800c180	15b6e5fa93e74fdeb2b75f5d7353e7d	0	0
1847	9	4	8	0	0	08080a44008404510100013020420a0	15b6e5bab7735baeb6b75ecfd31df5d	0	0
1848	9	5	6	0	0	080820b000614000100514003048408	15b6cf4eb7961fffa7b24bffc317bf5	0	0
1849	9	5	4	0	1	0808480484041060050000a410140a0	15b6a7fa33f34f9fb2b75f5be34bf5d	0	0
1850	9	4	4	0	0	081009180104024a040008302110024	15aee6e6b6f35db5b3b757cfd24ffd9	0	0
1851	9	5	6	0	0	0810484010a00260012010403101120	15aea7bea7575d9fb6974fbfc25eedd	0	0
1852	9	9	6	0	0	082000a200614004100518003009500	159eef5cb7961ffba7b247ffc356afd	0	0
1853	9	9	10	0	1	0820010a00604062000548003009180	159eeef4b7971f9db7b217ffc356e7d	0	0
1854	9	9	4	0	0	082001108500044a040208320012024	159eeeee32f75bb5b3b557cdf34dfd9	0	0
1855	9	7	9	0	0	08200186002040620104121010050a0	159eee78b7d71f9db6b34defe35af5d	0	0
1856	9	3	7	0	0	082001b000a001a20014003400140a0	159eee4eb7575e5db7a35fcbf34bf5d	0	0
1857	9	8	4	0	0	082005100500044a040208320012024	159eeaeeb2f75bb5b3b557cdf34dfd9	0	0
1858	9	6	6	0	0	0820090822404001240102211240208	159ee6f695b71ffe93b65ddee11fdf5	0	0
1859	9	5	8	0	0	0820091085000442040208320012024	159ee6ee32f75bbdb3b557cdf34dfd9	0	0
1860	9	4	7	0	1	08200a0484401060140000a48009180	159ee5fa33b74f9fa3b75f5b7356e7d	0	0
1861	9	6	10	0	1	08200a408300004500034041800a140	159ee5be34f75fbab7b41fbe7355ebd	0	0
1862	9	5	8	0	0	08200c2800231020000510448003060	159ee3d6b7d44fdfb7b24fbb735cf9d	0	0
1863	9	5	0	0	1	082021420140412000050a082009180	159ecebcb6b71edfb7b255f7d356e7d	0	0
1864	9	6	1	0	1	08202810241040220005023010500a0	159ec7ee93e71fddb7b25dcfe30ff5d	0	0
1865	9	3	7	0	1	0820480092045020200302101110060	159ea7fe25f30fdf97b45defe24ff9d	0	0
1866	9	3	4	0	1	08208082802540240005080091010c0	159e6f7c37d21fdbb7b257ff625ef3d	0	0
1867	9	5	6	0	0	082080a200614000100518003009480	159e6f5cb7961fffa7b247ffc356b7d	0	0
1868	9	3	6	0	1	082080a200614004100508003009480	159e6f5cb7961ffba7b257ffc356b7d	0	0
1869	9	6	6	0	1	0822020484400100950002260011081	159cedfa33b75eff22b75dd9f34ef7c	0	0
1870	9	4	2	0	0	08220804802450201100102091008a0	159ce7fa37d30fdfa6b74fdf625f75d	0	0
1871	9	1	4	0	1	0822400484041100350002260010021	159caffa33f34eff82b75dd9f34ffdc	0	0
1872	9	9	6	0	0	088000a080614004100518003009500	153eef5e37961ffba7b247ffc356afd	0	0
1873	9	5	4	0	0	0880019400a14000120410203240028	153eee6ab7561fffa5b34fdfc11ffd5	0	0
1874	9	1	4	0	0	088005108500044a040208320002024	153eeaee32f75bb5b3b557cdf35dfd9	0	0
1875	9	5	8	0	0	0880091020501060040102890042088	153ee6ee97a74f9fb3b65d76f31df75	0	0
1876	9	4	10	0	1	08800a003480120414000124800a180	153ee5fe83774dfba3b75edb7355e7d	0	0
1877	9	6	6	0	1	08800a003481000115000122200a180	153ee5fe83765ffea2b75eddd355e7d	0	0
1878	9	6	6	0	1	08800a2010220228012010501041048	153ee5dea7d55dd7b6974fafe31efb5	0	0
1879	9	5	6	0	0	08800a3000230120000314060005048	153ee5ceb7d45edfb7b44bf9f35afb5	0	0
1880	9	6	6	0	0	08800a3000610004100508260005408	153ee5ceb7965ffba7b257d9f35abf5	0	0
1881	9	7	0	0	0	08800c10108011201402120c0012088	153ee3eea7774edfa3b54df3f34df75	0	0
1882	9	8	3	0	0	088020a000614004100518003009500	153ecf5eb7961ffba7b247ffc356afd	0	0
1883	9	8	3	0	0	08802800201440510101029012400c0	153ec7fe97e31faeb6b65d6fe11ff3d	0	0
1884	9	6	3	0	1	088028101014004a048002920011204	153ec7eea7e35fb5b3375d6df34edf9	0	0
1885	9	5	6	0	0	0880284020144041010102803240280	153ec7be97e31fbeb6b65d7fc11fd7d	0	0
1886	9	6	2	0	1	0880444400220062002241060009104	153eabbab7d55f9db7951ef9f356ef9	0	0
1887	9	6	6	0	0	0880808284210004100518003009500	153e6f7c33d65ffba7b247ffc356afd	0	0
1888	9	5	6	0	0	088080a080614000100518003009480	153e6f5e37961fffa7b247ffc356b7d	0	0
1889	9	3	6	0	1	088080a080614004100508003009480	153e6f5e37961ffba7b257ffc356b7d	0	0
1890	9	5	3	0	0	0880a02020610044000518003009500	153e4fde97965fbbb7b247ffc356afd	0	0
1891	9	6	4	0	0	0882010410a1001800240126004100c	153ceefaa7565fe7b7935ed9f31eff1	0	0
1892	9	2	6	0	0	088202480012404111104041000a088	153cedb6b7e51fbea6a71fbef355f75	0	0
1893	9	3	6	0	1	0882082010220324018000441011048	153ce7dea7d55cdbb6375fbbe34efb5	0	0
1894	9	9	4	0	0	0900014010a00268012050003041024	14beeebea7575d97b6970fffc31efd9	0	0
1895	9	4	3	0	0	0900060423000161000202340018280	14bee9fa94f75e9eb7b55dcbf347d7d	0	0
1896	9	6	9	0	1	0900060a00230028002101460009044	14bee9f4b7d45fd7b7965eb9f356fb9	0	0
1897	9	8	4	0	0	090006100110044a040200720012220	14bee9eeb6e75bb5b3b55f8df34dddd	0	0
1898	9	4	7	0	0	0900061402040521000202380010888	14bee9eab5f35adeb7b55dc7f34f775	0	0
1899	9	5	8	0	0	0900094010a00260012050003041024	14bee6bea7575d9fb6970fffc31efd9	0	0
1900	9	6	0	0	0	09000a04102400a1050001860014280	14bee5faa7d35f5eb2b75e79f34bd7d	0	0
1901	9	6	6	0	1	09000a4020444011010102203240088	14bee5be97b31feeb6b65ddfc11ff75	0	0
1902	9	4	2	0	0	09002840201440510100022032400a0	14bec7be97e31faeb6b75ddfc11ff5d	0	0
1903	9	1	4	0	0	0900414010a00268012050003001024	14beaebea7575d97b6970fffc35efd9	0	0
1904	9	3	4	0	1	09004800904450202401008c0011088	14bea7fe27b30fdf93b65f73f34ef75	0	0
1905	9	7	4	0	1	09004800a0405020240100ac0011088	14bea7fe17b70fdf93b65f53f34ef75	0	0
1906	9	2	8	0	1	09004800a0445020240102201140028	14bea7fe17b30fdf93b65ddfe21ffd5	0	0
1907	9	4	6	0	1	0900822200250064000105060003018	14be6ddcb7d25f9bb7b65af9f35cfe5	0	0
1908	9	6	4	0	0	0900880030144022048001209110084	14be67fe87e31fddb3375edf624ff79	0	0
1909	9	5	4	0	0	0900880030154002048001209110084	14be67fe87e21ffdb3375edf624ff79	0	0
1910	9	8	4	0	0	09020400208200e800a005041140014	14bcebfe97755f17b7175afbe21ffe9	0	0
1911	9	5	4	0	1	090204042042406000a0018c0009084	14bcebfa97b51f9fb7175e73f356f79	0	0
1912	9	7	4	0	0	0902080090114005010200a880030c0	14bce7fe27e61ffab6b55f57735cf3d	0	0
1913	9	4	3	0	0	0c00030410251021010000a2800c280	11beecfaa7d24fdeb6b75f5d7353d7d	0	0
1914	9	5	4	0	0	0c000504828000c0260014101048021	11beeafa35775f3f91b74befe317fdc	0	0
1915	9	9	4	0	0	0c000800a0151022010100a091400a0	11bee7fe17e24fddb6b65f5f621ff5d	0	0
1916	9	5	3	0	1	0c000912004410600401028a00060c0	11bee6ecb7b34f9fb3b65d75f359f3d	0	0
1917	9	4	4	0	0	0c000a2080141068000110908041060	11bee5de37e34f97b7b64f6f731ef9d	0	0
1918	9	8	7	0	0	0c000c002111040a040100a18003220	11bee3fe96e65bf5b3b65f5e735cddd	0	0
1919	9	7	8	0	0	0c000c2020101422040100a28011084	11bee3de97e74bddb3b65f5d734ef79	0	0
1920	9	8	4	0	0	0c000c4004110043008200a18003180	11bee3beb3e65fbcb7355f5e735ce7d	0	0
1921	9	4	4	0	0	0c000c4024110043008000a18003180	11bee3be93e65fbcb7375f5e735ce7d	0	0
1922	9	8	0	0	0	0c00282000a001a0148014041014009	11bec7deb7575e5fa3374bfbe34bff4	0	0
1923	9	7	4	0	1	0c004800a0041062050000a091040a0	11bea7fe17f34f9db2b75f5f625bf5d	0	0
1924	9	8	8	0	0	1008088400145024000512088012208	0db6e77ab7e30fdbb7b24df7734ddf5	0	0
1925	9	6	2	0	0	10082444001440090201022a0012090	0db6cbbab7e31ff6b5b65dd5f34df6d	0	0
1926	9	6	4	0	0	1008280480144024010100a09110280	0db6c7fa37e31fdbb6b65f5f624fd7d	0	0
1927	9	6	6	0	1	1008281080144030000500a28018280	0db6c7ee37e31fcfb7b25f5d7347d7d	0	0
1928	9	6	6	0	1	100828108014403000050422800a280	0db6c7ee37e31fcfb7b25bdd7355d7d	0	0
1929	9	4	6	0	1	100828108014407000040422800a280	0db6c7ee37e31f8fb7b35bdd7355d7d	0	0
1930	9	5	6	0	1	100828108015401000050422800a280	0db6c7ee37e21fefb7b25bdd7355d7d	0	0
1931	9	3	6	0	0	1008880210144206000502101110280	0db667fca7e31df9b7b25defe24fd7d	0	0
1932	9	6	8	0	0	1010211400420040360014082048018	0daeceeab7b55fbf81b74bf7d317fe5	0	0
1933	9	4	10	0	0	1010211400424040320014082048018	0daeceeab7b51fbf85b74bf7d317fe5	0	0
1934	9	8	6	0	1	101024100410089804010062400a0a0	0daecbeeb3e75767b3b65f9db355f5d	0	0
1935	9	2	6	0	1	101024180410089804010060400a0a0	0daecbe6b3e75767b3b65f9fb355f5d	0	0
1936	9	4	4	0	0	101060108090085011000062800a600	0dae8fee376757afa6b75f9d73559fd	0	0
1937	9	7	6	0	1	1010881200020a101401104a000a048	0dae67ecb7f555efa3b64fb5f355fb5	0	0
1938	9	4	4	0	0	10200294048000c480025000a012500	0d9eed6ab3775f3b37b50fff534dafd	0	0
1939	9	6	6	0	0	1020050423000068000506088140014	0d9eeafa94f75f97b7b259f7721ffe9	0	0
1940	9	8	8	0	1	102009100404016200214082800c0c0	0d9ee6eeb3f35e9db7961f7d7353f3d	0	0
1941	9	6	7	0	1	10202400310440202220028c0010850	0d9ecbfe86f31fdf95975d73f34f7ad	0	0
1942	9	3	4	0	1	1020240033014000302100888140050	0d9ecbfe84f61fff87965f77721ffad	0	0
1943	9	6	8	0	0	1020280094210004100518048003220	0d9ec7fe23d65ffba7b247fb735cddd	0	0
1944	9	7	4	0	0	1020280880041050150000a481020a0	0d9ec7f637f34fafa2b75f5b725df5d	0	0
1945	9	4	6	0	1	1020281010154004102000a8800a280	0d9ec7eea7e21ffba7975f577355d7d	0	0
1946	9	3	6	0	1	102028101015400410240028800a280	0d9ec7eea7e21ffba7935fd77355d7d	0	0
1947	9	4	4	0	1	10208800a4041052040000a600120a0	0d9e67fe13f34fadb3b75f59f34df5d	0	0
1948	9	7	3	0	0	10800314040000c280055012000c120	0d3eeceab3f75f3d37b20fedf353edd	0	0
1949	9	4	6	0	0	1080051400070808220000a24140018	0d3eeaeab7f057f795b75f5db21ffe5	0	0
1950	9	5	8	0	1	1080060480454000820200a24140041	0d3ee9fa37b21fff35b55f5db21ffbc	0	0
1951	9	3	7	0	0	108006440210048a020100828001a10	0d3ee9bab5e75b75b5b65f7d735e5ed	0	0
1952	9	4	0	0	1	108006500480024090025001800a180	0d3ee9aeb3775dbf27b50ffe7355e7d	0	0
1953	9	8	8	0	0	10800a0014800a1400030146000a440	0d3ee5fea37755ebb7b45eb9f355bbd	0	0
1954	9	3	6	0	0	10800a101480024094021000a102180	0d3ee5eea3775dbf23b54fff525de7d	0	0
1955	9	1	6	0	1	10800a101480024094025000a002180	0d3ee5eea3775dbf23b50fff535de7d	0	0
1956	9	6	3	0	0	10800a140480004094021020a102180	0d3ee5eab3775fbf23b54fdf525de7d	0	0
1957	9	3	0	0	0	10800a140480024094021000a102180	0d3ee5eab3775dbf23b54fff525de7d	0	0
1958	9	1	0	0	1	10800a140480024094025000a002180	0d3ee5eab3775dbf23b50fff535de7d	0	0
1959	9	7	4	0	1	108021108080014416004020a00a180	0d3eceee37775ebba1b71fdf5355e7d	0	0
1960	9	5	4	0	0	1080211080904040160000a2800a280	0d3eceee37671fbfa1b75f5d7355d7d	0	0
1961	9	4	4	0	1	108021108480014414004020a00a180	0d3eceee33775ebba3b71fdf5355e7d	0	0
1962	9	3	4	0	0	108022003480091800030106000c480	0d3ecdfe837756e7b7b45ef9f353b7d	0	0
1963	9	4	3	0	0	108022102480014094001020a108180	0d3ecdee93775ebf23b74fdf5257e7d	0	0
1964	9	6	4	0	1	108022108090005015000062800a280	0d3ecdee37675fafa2b75f9d7355d7d	0	0
1965	9	2	3	0	0	1080441012800140940218080102030	0d3eabeea5775ebf23b547f7f25dfcd	0	0
1966	9	7	6	0	0	1080600090104408160002228003204	0d3e8ffe27e71bf7a1b75ddd735cdf9	0	0
1967	9	2	3	0	0	1080808212110400328008880041050	0d3e6f7ca5e65bff85375777f31efad	0	0
1968	9	5	6	0	1	108082088006500014015000a00a210	0d3e6df637f10fffa3b60fff5355ded	0	0
1969	9	7	4	0	0	108082408080104810035000a102090	0d3e6dbe37774fb7a7b40fff525df6d	0	0
1970	9	5	4	0	0	108082408084104800035000a102090	0d3e6dbe37734fb7b7b40fff525df6d	0	0
1971	9	4	6	0	1	1082040412040498008000a05014280	0d3cebfaa5f35b67b7375f5fa34bd7d	0	0
1972	9	6	2	0	0	1082201400500090128002260004814	0d3ccfeab7a75f6fa5375dd9f35b7e9	0	0
1973	9	4	8	0	0	1100018481040628020000a88050014	0cbeee7a36f359d7b5b75f57730ffe9	0	0
1974	9	4	4	0	0	1100030423000468000104882050208	0cbeecfa94f75b97b7b65b77d30fdf5	0	0
1975	9	2	4	0	0	1100030423000468020104802050208	0cbeecfa94f75b97b5b65b7fd30fdf5	0	0
1976	9	3	4	0	0	11000486001448280006008a0140011	0cbeeb78b7e317d7b7b15f75f21ffec	0	0
1977	9	6	8	0	0	1100050481040428020100a88050014	0cbeeafa36f35bd7b5b65f57730ffe9	0	0
1978	9	6	9	0	0	1100050482040828000502828140011	0cbeeafa35f357d7b7b25d7d721ffec	0	0
1979	9	5	10	0	0	1100050483000488020100a28012210	0cbeeafa34f75b77b5b65f5d734dded	0	0
1980	9	4	7	0	0	11000504830004a8000100a88012210	0cbeeafa34f75b57b7b65f57734dded	0	0
1981	9	3	7	0	0	11000504830004a8020100288012014	0cbeeafa34f75b57b5b65fd7734dfe9	0	0
1982	9	2	7	0	0	11000504830004a8020100a08012210	0cbeeafa34f75b57b5b65f5f734dded	0	0
1983	9	4	9	0	0	1100050600144828000400aa0048011	0cbeeaf8b7e317d7b7b35f55f317fec	0	0
1984	9	4	6	0	0	11000520830004a8000100a88050014	0cbeeade34f75b57b7b65f57730ffe9	0	0
1985	9	2	6	0	0	11000520830004a8020100a08050014	0cbeeade34f75b57b5b65f5f730ffe9	0	0
1986	9	6	7	0	1	1100060422040428020101288012090	0cbee9fa95f35bd7b5b65ed7734df6d	0	0
1987	9	6	3	0	1	1100060422040828000542028140011	0cbee9fa95f357d7b7b21dfd721ffec	0	0
1988	9	3	7	0	0	11000604810404a8020100848010a10	0cbee9fa36f35b57b5b65f7b734f5ed	0	0
1989	9	5	7	0	0	1100062402040c20020100a48041018	0cbee9dab5f353dfb5b65f5b731efe5	0	0
1990	9	2	3	0	1	1100062402040c28020100a08041090	0cbee9dab5f353d7b5b65f5f731ef6d	0	0
1991	9	6	8	0	0	11000880940410240006120c0012028	0cbee77e23f34fdbb7b14df3f34dfd5	0	0
1992	9	4	3	0	0	1100090090854005010000a8800a280	0cbee6fe27721ffab6b75f577355d7d	0	0
1993	9	6	6	0	0	1100091012400420128000a8205000c	0cbee6eea5b75bdfa5375f57d30fff1	0	0
1994	9	6	6	0	0	11000a0810250008202150042005220	0cbee5f6a7d25ff797960ffbd35addd	0	0
1995	9	6	6	0	1	11000c00a2040828000540828140011	0cbee3fe15f357d7b7b21f7d721ffec	0	0
1996	9	5	6	0	1	11000c00a2044820000540828140011	0cbee3fe15f317dfb7b21f7d721ffec	0	0
1997	9	4	4	0	1	11000c022204503000011088804080c	0cbee3fc95f30fcfb7b64f77731f7f1	0	0
1998	9	8	9	0	1	11000c0400144828000600aa0050011	0cbee3fab7e317d7b7b15f55f30ffec	0	0
1999	9	7	3	0	1	11000c0420044828000540828140011	0cbee3fa97f317d7b7b21f7d721ffec	0	0
2000	9	1	4	0	1	110024108204019400a000a0c000e00	0cbecbee35f35e6bb7175f5f335f1fd	0	0
2001	9	5	0	0	1	11002810205000c8048002882050204	0cbec7ee97a75f37b3375d77d30fdf9	0	0
2002	9	1	6	0	0	11004100a3000628020100a88010014	0cbeaefe14f759d7b5b65f57734ffe9	0	0
2003	9	7	9	0	0	11004400a100048a060000a48002830	0cbeabfe16f75b75b1b75f5b735d7cd	0	0
2004	9	5	6	0	0	11004400a30004a0020100a48012210	0cbeabfe14f75b5fb5b65f5b734dded	0	0
2005	9	4	6	0	1	11004400a30004a8000100a88012210	0cbeabfe14f75b57b7b65f57734dded	0	0
2006	9	3	6	0	1	11004400a30004a8020100288012014	0cbeabfe14f75b57b5b65fd7734dfe9	0	0
2007	9	2	6	0	1	11004400a30004a8020100a08012210	0cbeabfe14f75b57b5b65f5f734dded	0	0
2008	9	4	7	0	0	11020400a104050a020000a48010a10	0cbcebfe16f35af5b5b75f5b734f5ed	0	0
2009	9	6	4	0	1	110208048014400c000640288012081	0cbce7fa37e31ff3b7b11fd7734df7c	0	0
2010	9	8	2	0	0	1102800082020290800314005140060	0cbc6ffe35f55d6f37b44bffa21ff9d	0	0
2011	9	2	6	0	0	14000484830000c0a20214100102030	09beeb7a34f75f3f15b54beff25dfcd	0	0
2012	9	5	4	0	1	14000504828000e0028040209050014	09beeafa35775f1fb5371fdf630ffe9	0	0
2013	9	4	6	0	0	140005081300014094000a088104024	09beeaf6a4f75ebf23b755f7725bfd9	0	0
2014	9	4	6	0	0	140009408104014a000102828104220	09bee6be36f35eb5b7b65d7d725bddd	0	0
2015	9	5	4	0	1	14000a00a0841050050000a281040a0	09bee5fe17734fafb2b75f5d725bf5d	0	0
2016	9	6	4	0	1	14000c02820410101401108880028c0	09bee3fc35f34fefa3b64f77735d73d	0	0
2017	9	4	9	0	0	14000c0c001440a1000100aa0012050	09bee3f2b7e31f5eb7b65f55f34dfad	0	0
2018	9	6	7	0	1	14000c2400141028000300a88012090	09bee3dab7e34fd7b7b45f57734df6d	0	0
2019	9	6	4	0	0	14000c2400141028000310288012084	09bee3dab7e34fd7b7b44fd7734df79	0	0
2020	9	5	1	0	0	14002082801450200005028a0110090	09becf7c37e30fdfb7b25d75f24ff6d	0	0
2021	9	5	0	0	1	14002400a0c04100160014081008890	09becbfe17371effa1b74bf7e35776d	0	0
2022	9	5	0	0	1	14002800a0145020000540888050090	09bec7fe17e30fdfb7b21f77730ff6d	0	0
2023	9	7	3	0	1	1400280280045020100550088002890	09bec7fc37f30fdfa7b20ff7735d76d	0	0
2024	9	6	6	0	0	14008800a01400520401028211100a0	09be67fe17e35fadb3b65d7de24ff5d	0	0
2025	9	6	4	0	0	1400a00880140086000502301110220	09be4ff637e35f79b7b25dcfe24fddd	0	0
2026	9	6	4	0	1	1400a00880140092000502301050220	09be4ff637e35f6db7b25dcfe30fddd	0	0
2027	9	1	6	0	1	18000484830000c0a20214104002120	05beeb7a34f75f3f15b54befb35dedd	0	0
2028	9	4	6	0	0	18000880a0254005010000a0a1020c0	05bee77e17d21ffab6b75f5f525df3d	0	0
2029	9	4	4	0	0	1800088216000a24000410450003048	05bee77ca1f755dbb7b34fbaf35cfb5	0	0
2030	9	5	2	0	1	18000a00a084105005000426000c0a0	05bee5fe17734fafb2b75bd9f353f5d	0	0
2031	9	2	4	0	0	18000a00a28010501401140400060a0	05bee5fe15774fafa3b64bfbf359f5d	0	0
2032	9	1	4	0	0	18000a00a2801050140114048002088	05bee5fe15774fafa3b64bfb735df75	0	0
2033	9	5	4	0	1	180048009280500014011048801200c	05bea7fe25770fffa3b64fb7734dff1	0	0
2034	8	10	2	0	0	00040a280202121104020452000c140	1dbae5d6b5f54deeb3b55badf353ebd	0	0
2035	8	10	4	0	0	00042820818100441500048c0003028	1dbac7de36765fbba2b75b73f35cfd5	0	0
2036	8	10	7	0	0	00080504128004680410408810140a0	1db6eafaa5775b97b3a71f77e34bf5d	0	0
2037	8	10	7	0	0	0008088604025020110412003300028	1db6e778b3f50fdfa6b34dffc05ffd5	0	0
2038	8	10	8	0	1	00082420828000c0a60014101048021	1db6cbde35775f3f11b74befe317fdc	0	0
2039	8	10	6	0	0	0008245000120858041000c241020a0	1db6cbaeb7e557a7b3a75f3db25df5d	0	0
2040	8	10	3	0	0	0008281011110082860000a28110104	1db6c7eea6e65f7d31b75f5d724fef9	0	0
2041	8	10	8	0	0	0008283001110082840100a28104024	1db6c7ceb6e65f7d33b65f5d725bfd9	0	0
2042	8	10	4	0	1	000848120240106014010888214000c	1db6a7ecb5b74f9fa3b65777d21fff1	0	0
2043	8	10	4	0	0	0008484400820260212050003101120	1db6a7bab7755d9f96970fffc25eedd	0	0
2044	8	10	4	0	1	00088820208211240401050c0012088	1db667de97754edbb3b65af3f34df75	0	0
2045	8	10	3	0	0	0008c04083000181202148104100850	1db62fbe34f75e7e979617efb25f7ad	0	0
2046	8	8	8	0	0	000c482000611030002201860004844	1db2a7deb7964fcfb7955e79f35b7b9	0	0
2047	8	8	6	0	0	000c482000611030002201860004904	1db2a7deb7964fcfb7955e79f35b6f9	0	0
2048	8	8	2	0	0	000c482000611030002201860004940	1db2a7deb7964fcfb7955e79f35b6bd	0	0
2049	8	5	4	0	1	000c600284800150050001908009180	1db28ffc33775eafb2b75e6f7356e7d	0	0
2050	8	6	9	0	0	000ca01400120204148006101012210	1db24feab7e55dfba33759efe34dded	0	0
2051	8	3	4	0	0	000ca0300061102010050080a140088	1db24fceb7964fdfa7b25f7f521ff75	0	0
2052	8	10	10	0	1	00100c1804100898040102230003060	1daee3e6b3e75767b3b65ddcf35cf9d	0	0
2053	8	10	6	0	0	00104130012001a08401082c0014028	1daeaeceb6d75e5f33b657d3f34bfd5	0	0
2054	8	10	6	0	0	0010480820124430010101888201060	1daea7f697e51bcfb6b65e77715ef9d	0	0
2055	8	10	6	0	0	00108808104241210402014a0108048	1dae67f6a7b51edeb3b55eb5f257fb5	0	0
2056	8	10	8	0	1	0010880a00061070041010482006060	1dae67f4b7f14f8fb3a74fb7d359f9d	0	0
2057	8	9	6	0	0	0014400225000c28050000a82005050	1daaaffc92f753d7b2b75f57d35afad	0	0
2058	8	2	6	0	0	0014411201040270012002880208048	1daaaeecb6f35d8fb6975d77f157fb5	0	0
2059	8	2	6	0	1	0014484205000312010102408201108	1daaa7bcb2f75cedb6b65dbf715eef5	0	0
2060	8	6	6	0	0	001482500140009080030a082050408	1daa6daeb6b75f6f37b455f7d30fbf5	0	0
2061	8	4	8	0	0	00148848004201a100800149000c240	1daa67b6b7b55e5eb7375eb6f353dbd	0	0
2062	8	7	4	0	0	00162014010001a01280042c0014018	1da8cfeab6f75e5fa5375bd3f34bfe5	0	0
2063	8	5	4	0	0	00168002160001810402090a000c0c0	1da86ffca1f75e7eb3b556f5f353f3d	0	0
2064	8	4	10	0	0	0018209400224420120014003050208	1da6cf6ab7d51bdfa5b74bffc30fdf5	0	0
2065	8	6	4	0	1	001820b001800120128004340014018	1da6cf4eb6775edfa5375bcbf34bfe5	0	0
2066	8	6	6	0	0	0018243000220110142011028008d00	1da6cbceb7d55eefa3974efd73572fd	0	0
2067	8	8	7	0	1	001828100410106016000420a00a180	1da6c7eeb3e74f9fa1b75bdf5355e7d	0	0
2068	8	7	6	0	1	0018282020020a18040111101048120	1da6c7de97f555e7b3b64eefe317edd	0	0
2069	8	4	10	0	0	00182830011000c2840000a28104120	1da6c7ceb6e75f3d33b75f5d725bedd	0	0
2070	8	3	8	0	0	001828300402142014041000a040828	1da6c7ceb3f54bdfa3b34fff531f7d5	0	0
2071	8	5	2	0	1	00182830050000c0840118102014120	1da6c7ceb2f75f3f33b647efd34bedd	0	0
2072	8	4	3	0	0	0018412800a1103000010124800a120	1da6aed6b7564fcfb7b65edb7355edd	0	0
2073	8	5	4	0	0	00184830000612200404180c0010828	1da6a7ceb7f14ddfb3b347f3f34f7d5	0	0
2074	8	5	8	0	0	0018600814200510040109140011028	1da68ff6a3d75aefb3b656ebf34efd5	0	0
2075	8	4	6	0	0	001860201120017001000144800c420	1da68fdea6d75e8fb6b75ebb7353bdd	0	0
2076	8	4	4	0	0	0018602081800170010001448008c20	1da68fde36775e8fb6b75ebb73573dd	0	0
2077	8	7	8	0	0	0018602800030082841004241104028	1da68fd6b7f45f7d33a75bdbe25bfd5	0	0
2078	8	4	2	0	0	00186030010204a08400082c0014028	1da68fceb6f55b5f33b757d3f34bfd5	0	0
2079	8	2	0	0	0	00186030012001a084010c040104028	1da68fceb6d75e5f33b653fbf25bfd5	0	0
2080	8	6	6	0	1	00188112008300300014402060440a0	1da66eecb7745fcfb7a31fdf931bf5d	0	0
2081	8	8	8	0	0	0018a020002210a0820114003050408	1da64fdeb7d54f5f35b64bffc30fbf5	0	0
2082	8	8	6	0	1	0018a020002240a0860014003050009	1da64fdeb7d51f5f31b74bffc30fff4	0	0
2083	8	8	4	0	0	0018a02000225020120114003050408	1da64fdeb7d50fdfa5b64bffc30fbf5	0	0
2084	8	7	6	0	0	0018a020810000c4860002241014420	1da64fde36f75f3b31b75ddbe34bbdd	0	0
2085	8	4	6	0	1	001a20108500015011000222800c420	1da4cfee32f75eafa6b75ddd7353bdd	0	0
2086	8	5	3	0	0	001a2014010201a0028004244110018	1da4cfeab6f55e5fb5375bdbb24ffe5	0	0
2087	8	10	8	0	0	0020019800a101201014082881040a0	1d9eee66b7565edfa7a357d7725bf5d	0	0
2088	8	10	6	0	1	002009180022503000054040a240024	1d9ee6e6b7d50fcfb7b21fbf511ffd9	0	0
2089	8	10	8	0	0	00200a0095011004140208248102030	1d9ee5fe22f64ffba3b557db725dfcd	0	0
2090	8	10	4	0	0	00200a1011114004102208380102060	1d9ee5eea6e61ffba79557c7f25df9d	0	0
2091	8	10	9	0	1	0020208285005020110400c28008c10	1d9ecf7c32f70fdfa6b35f3d73573ed	0	0
2092	8	10	6	0	0	0020211081044124000502308108220	1d9eceee36f31edbb7b25dcf7257ddd	0	0
2093	8	10	9	0	0	0020220810a00154050001448009420	1d9ecdf6a7575eabb2b75ebb7356bdd	0	0
2094	8	10	4	0	1	0020221084800154050000628009420	1d9ecdee33775eabb2b75f9d7356bdd	0	0
2095	8	10	6	0	0	00202808101340011500420a0003024	1d9ec7f6a7e41ffea2b71df5f35cfd9	0	0
2096	8	10	4	0	0	002040a800a00162010205140101024	1d9eaf56b7575e9db6b55aebf25efd9	0	0
2097	8	10	0	0	0	0020410a0024503000050a003300120	1d9eaef4b7d30fcfb7b255ffc05fedd	0	0
2098	8	10	6	0	1	00204110112001a0850000a88014240	1d9eaeeea6d75e5f32b75f57734bdbd	0	0
2099	8	10	8	0	0	0020414081204121020100c18008a40	1d9eaebe36d71edeb5b65f3e73575bd	0	0
2100	8	10	6	0	1	0020482080074001212000b04041240	1d9ea7de37f01ffe96975f4fb31edbd	0	0
2101	8	10	10	0	0	00208094001204a012800c081050014	1d9e6f6ab7e55b5fa53753f7e30ffe9	0	0
2102	8	10	6	0	1	002084420202085010904041100a480	1d9e6bbcb5f557afa7271fbee355b7d	0	0
2103	8	10	0	0	0	0020a0420210085010904041100a480	1d9e4fbcb5e757afa7271fbee355b7d	0	0
2104	8	10	6	0	0	0022080480244064010410209101220	1d9ce7fa37d31f9bb6b34fdf625eddd	0	0
2105	8	5	6	0	1	00240c2802045000140104809208280	1d9ae3d6b5f30fffa3b65b7f6157d7d	0	0
2106	8	1	6	0	0	002422120500014415000240a008600	1d9acdecb2f75ebba2b75dbf53579fd	0	0
2107	8	4	4	0	1	0024241021410060220000c88048140	1d9acbee96b65f9f95b75f377317ebd	0	0
2108	8	2	4	0	1	0024241021410060222000c80048140	1d9acbee96b65f9f95975f37f317ebd	0	0
2109	8	5	2	0	0	00242418004540100021028a0009440	1d9acbe6b7b21fefb7965d75f356bbd	0	0
2110	8	5	6	0	0	0024411402040a20060000a05050210	1d9aaeeab5f355dfb1b75f5fa30fded	0	0
2111	8	4	8	0	0	00244130012001a0840000a18014240	1d9aaeceb6d75e5f33b75f5e734bdbd	0	0
2112	8	7	6	0	0	0024482080054001212000b04041240	1d9aa7de37f21ffe96975f4fb31edbd	0	0
2113	8	3	4	0	1	0024605000820a1015000048100a0a0	1d9a8faeb77555efa2b75fb7e355f5d	0	0
2114	8	2	4	0	1	0024605000820a1015004040100a0a0	1d9a8faeb77555efa2b71fbfe355f5d	0	0
2115	8	4	6	0	1	002480d000a102101004404090480a0	1d9a6f2eb7565defa7b31fbf6317f5d	0	0
2116	8	2	2	0	0	0024811400450224022002880048041	1d9a6eeab7b25ddbb5975d77f317fbc	0	0
2117	8	5	4	0	0	00248120122110200082408090140c0	1d9a6edea5d64fdfb7351f7f634bf3d	0	0
2118	8	7	6	0	0	002484420200085010904041100a480	1d9a6bbcb5f757afa7271fbee355b7d	0	0
2119	8	6	8	0	1	0024882080430024002208881041050	1d9a67de37b45fdbb7955777e31efad	0	0
2120	8	6	6	0	1	0024882080430024002208881041110	1d9a67de37b45fdbb7955777e31eeed	0	0
2121	8	6	4	0	1	0024882080430024002208881041140	1d9a67de37b45fdbb7955777e31eebd	0	0
2122	8	8	4	0	0	0024884001110054002208888003140	1d9a67beb6e65fabb7955777735cebd	0	0
2123	8	7	4	0	1	0024884081010054002208888003140	1d9a67be36f65fabb7955777735cebd	0	0
2124	8	5	10	0	1	0024a00880254000101148009012280	1d9a4ff637d21fffa7a617ff634dd7d	0	0
2125	8	6	4	0	1	0024a01081800104142000780012210	1d9a4fee36775efba3975f87f34dded	0	0
2126	8	5	7	0	0	0024a01800230400140444090003028	1d9a4fe6b7d45bffa3b31bf6f35cfd5	0	0
2127	8	5	7	0	1	0024a04080254000101148009012280	1d9a4fbe37d21fffa7a617ff634dd7d	0	0
2128	8	5	6	0	0	0024a04080614000100550021009220	1d9a4fbe37961fffa7b20ffde356ddd	0	0
2129	8	7	6	0	1	0024c01400040a20160002281012090	1d9a2feab7f355dfa1b75dd7e34df6d	0	0
2130	8	6	8	0	0	00260800a121001400030c009102140	1d98e7fe16d65febb7b453ff625debd	0	0
2131	8	3	4	0	0	00262014010201a01280040c0012018	1d98cfeab6f55e5fa5375bf3f34dfe5	0	0
2132	8	5	6	0	0	0026201800144100848002288011204	1d98cfe6b7e31eff33375dd7734edf9	0	0
2133	8	5	6	0	0	0026204202100840111000c81048280	1d98cfbcb5e757bfa6a75f37e317d7d	0	0
2134	8	6	4	0	0	00280184128008300104031011400a0	1d96ee7aa57757cfb6b35cefe21ff5d	0	0
2135	8	2	8	0	0	002801c4028004700090408010140a0	1d96ee3ab5775b8fb7271f7fe34bf5d	0	0
2136	8	3	7	0	0	002802a4020414300011009400140a0	1d96ed5ab5f34bcfb7a65f6bf34bf5d	0	0
2137	8	3	7	0	1	002804b0048001a20014003400180a0	1d96eb4eb3775e5db7a35fcbf347f5d	0	0
2138	8	4	10	0	0	0028089404041070000412048042028	1d96e76ab3f34f8fb7b34dfb731dfd5	0	0
2139	8	4	4	0	0	00280a101600106014001800a140024	1d96e5eea1f74f9fa3b747ff521ffd9	0	0
2140	8	9	9	0	1	0028200091800164050002441018220	1d96cffe26775e9bb2b75dbbe347ddd	0	0
2141	8	3	4	0	0	0028208095011024002200848102110	1d96cf7e22f64fdbb7955f7b725deed	0	0
2142	8	1	2	0	0	0028208095011024002202848100110	1d96cf7e22f64fdbb7955d7b725feed	0	0
2143	8	3	6	0	0	0028209011104424000602180012220	1d96cf6ea6e71bdbb7b15de7f34dddd	0	0
2144	8	4	6	0	0	00282090850004a4000402340012220	1d96cf6e32f75b5bb7b35dcbf34dddd	0	0
2145	8	5	9	0	0	0028209200145020000502920110090	1d96cf6cb7e30fdfb7b25d6df24ff6d	0	0
2146	8	7	10	0	1	0028209402000304160014081008830	1d96cf6ab5f75cfba1b74bf7e3577cd	0	0
2147	8	6	4	0	0	0028209800900094040402241210220	1d96cf66b7675f6bb3b35ddbe14fddd	0	0
2148	8	6	3	0	0	0028211012800054040412009208220	1d96ceeea5775fabb3b34dff6157ddd	0	0
2149	8	7	6	0	0	0028211081004124000502308108220	1d96ceee36f71edbb7b25dcf7257ddd	0	0
2150	8	5	6	0	0	002821500110014405000228800a220	1d96ceaeb6e75ebbb2b75dd77355ddd	0	0
2151	8	3	6	0	0	0028215001100164010402088008a20	1d96ceaeb6e75e9bb6b35df773575dd	0	0
2152	8	7	7	0	0	0028221010054001860002222110044	1d96cdeea7f21ffe31b75dddd24ffb9	0	0
2153	8	4	0	0	0	0028221014405000340012022018600	1d96cdeea3b70fff83b74dfdd3479fd	0	0
2154	8	2	3	0	1	0028221204041070012002820008c80	1d96cdecb3f34f8fb6975d7df35737d	0	0
2155	8	2	0	0	1	002822120404107001200282000c480	1d96cdecb3f34f8fb6975d7df353b7d	0	0
2156	8	7	10	0	1	0028241402000144160014081008830	1d96cbeab5f75ebba1b74bf7e3577cd	0	0
2157	8	6	10	0	1	0028241402020104160014081008830	1d96cbeab5f55efba1b74bf7e3577cd	0	0
2158	8	5	2	0	1	00282418004340100021028a0009440	1d96cbe6b7b41fefb7965d75f356bbd	0	0
2159	8	5	8	0	0	0028244800a14000100550009108021	1d96cbb6b7561fffa7b20fff6257fdc	0	0
2160	8	5	7	0	0	00282800940410600500028411100a0	1d96c7fe23f34f9fb2b75d7be24ff5d	0	0
2161	8	4	2	0	0	0028280095011004140002248102120	1d96c7fe22f64ffba3b75ddb725dedd	0	0
2162	8	8	10	0	0	002828100022502010055000a140024	1d96c7eeb7d50fdfa7b20fff521ffd9	0	0
2163	8	8	8	0	0	002828100023102010055000a140024	1d96c7eeb7d44fdfa7b20fff521ffd9	0	0
2164	8	8	6	0	0	0028281000234004140150009102028	1d96c7eeb7d41ffba3b60fff625dfd5	0	0
2165	8	3	6	0	0	00282810101540240005400091080a0	1d96c7eea7e21fdbb7b21fff6257f5d	0	0
2166	8	3	6	0	1	00282810101540240005400810180a0	1d96c7eea7e21fdbb7b21ff7e347f5d	0	0
2167	8	7	0	0	0	002828101101010414040a048104220	1d96c7eea6f65efba3b355fb725bddd	0	0
2168	8	5	1	0	0	0028281011210104040108848104220	1d96c7eea6d65efbb3b6577b725bddd	0	0
2169	8	6	7	0	0	00282810241040220005023011100a0	1d96c7ee93e71fddb7b25dcfe24ff5d	0	0
2170	8	5	6	0	0	00282810241040600401120810120a0	1d96c7ee93e71f9fb3b64df7e34df5d	0	0
2171	8	6	10	0	0	00282814001440240005022811100a0	1d96c7eab7e31fdbb7b25dd7e24ff5d	0	0
2172	8	6	10	0	0	0028281400224020100550009140028	1d96c7eab7d51fdfa7b20fff621ffd5	0	0
2173	8	6	2	0	0	0028281404020130000305060018480	1d96c7eab3f55ecfb7b45af9f347b7d	0	0
2174	8	6	6	0	0	0028285000224020100550009140028	1d96c7aeb7d51fdfa7b20fff621ffd5	0	0
2175	8	5	6	0	0	0028285000234000100550009140028	1d96c7aeb7d41fffa7b20fff621ffd5	0	0
2176	8	4	6	0	0	002840a085000528000108940011030	1d96af5e32f75ad7b7b6576bf34efcd	0	0
2177	8	5	6	0	1	002840c406000a20020202841050011	1d96af3ab1f755dfb5b55d7be30ffec	0	0
2178	8	4	9	0	0	0028410c00a1007000010504100a120	1d96aef2b7565f8fb7b65afbe355edd	0	0
2179	8	4	8	0	0	0028410c00a1007000010504100a220	1d96aef2b7565f8fb7b65afbe355ddd	0	0
2180	8	6	6	0	0	0028412800a0007004010504100a120	1d96aed6b7575f8fb3b65afbe355edd	0	0
2181	8	5	6	0	0	0028412800a1005004010504100a120	1d96aed6b7565fafb3b65afbe355edd	0	0
2182	8	4	8	0	0	0028412800a1103000010124800a024	1d96aed6b7564fcfb7b65edb7355fd9	0	0
2183	8	4	2	0	0	0028412800a1103000010124800a120	1d96aed6b7564fcfb7b65edb7355edd	0	0
2184	8	3	4	0	1	0028414405000260212040011008920	1d96aebab2f75d9f96971ffee3576dd	0	0
2185	8	5	6	0	0	00284460008204a0011000a41050220	1d96ab9eb7755b5fb6a75f5be30fddd	0	0
2186	8	7	6	0	0	0028480092005020200312101110220	1d96a7fe25f70fdf97b44defe24fddd	0	0
2187	8	5	6	0	0	00284800940410600500028411100a0	1d96a7fe23f34f9fb2b75d7be24ff5d	0	0
2188	8	5	4	0	0	0028480484041060050000a411100a0	1d96a7fa33f34f9fb2b75f5be24ff5d	0	0
2189	8	5	0	0	0	00284804840410600500028411100a0	1d96a7fa33f34f9fb2b75d7be24ff5d	0	0
2190	8	4	4	0	1	0028481082021120140050018002a20	1d96a7ee35f54edfa3b70ffe735d5dd	0	0
2191	8	5	9	0	0	002848140022502000031090811000c	1d96a7eab7d50fdfb7b44f6f724fff1	0	0
2192	8	5	6	0	0	002848300022502000031090811000c	1d96a7ceb7d50fdfb7b44f6f724fff1	0	0
2193	8	5	6	0	0	0028601081040160040402248108220	1d968fee36f35e9fb3b35ddb7257ddd	0	0
2194	8	5	6	0	1	0028601081044120000502308108220	1d968fee36f31edfb7b25dcf7257ddd	0	0
2195	8	4	4	0	1	002860500012015804000a0a0011024	1d968faeb7e55ea7b3b755f5f34efd9	0	0
2196	8	9	4	0	0	0028802082031020200314005140060	1d966fde35f44fdf97b44bffa21ff9d	0	0
2197	8	6	9	0	0	0028810600504024001102211202280	1d966ef8b7a71fdbb7a65ddee15dd7d	0	0
2198	8	2	6	0	0	0028880095011004142000a40102030	1d9667fe22f64ffba3975f5bf25dfcd	0	0
2199	8	6	4	0	1	0028882012021020240214021014240	1d9667dea5f54fdf93b54bfde34bdbd	0	0
2200	8	7	8	0	0	0028882080031020200314005140060	1d9667de37f44fdf97b44bffa21ff9d	0	0
2201	8	2	4	0	0	0028a00095011004142000a40102030	1d964ffe22f64ffba3975f5bf25dfcd	0	0
2202	8	4	7	0	1	0028a01010900164040002481018220	1d964feea7675e9bb3b75db7e347ddd	0	0
2203	8	4	1	0	1	0028a010109001640400420810180a0	1d964feea7675e9bb3b71df7e347f5d	0	0
2204	8	2	4	0	1	0028a01010900164048040401018220	1d964feea7675e9bb3371fbfe347ddd	0	0
2205	8	3	4	0	1	0028a01010910124000640088018081	1d964feea7665edbb7b11ff77347f7c	0	0
2206	8	5	6	0	0	0028a012000704200014500820028a0	1d964fecb7f05bdfb7a30ff7d35d75d	0	0
2207	8	4	6	0	0	0028a01200120154040002421018600	1d964fecb7e55eabb3b75dbde3479fd	0	0
2208	8	4	0	0	0	0028c04083000181202048104100850	1d962fbe34f75e7e979717efb25f7ad	0	0
2209	8	5	6	0	1	0028c05001020240242040414102030	1d962faeb6f55dbf93971fbeb25dfcd	0	0
2210	8	8	4	0	1	002a0084028001b00090402410140a0	1d94ef7ab5775e4fb7271fdbe34bf5d	0	0
2211	8	5	6	0	1	002a00842500086001044204100c0a0	1d94ef7a92f7579fb6b31dfbe353f5d	0	0
2212	8	8	8	0	0	002a080400225020100550009140028	1d94e7fab7d50fdfa7b20fff621ffd5	0	0
2213	8	7	8	0	0	002a080410045024000512009110208	1d94e7faa7f30fdbb7b24dff624fdf5	0	0
2214	8	2	8	0	0	002a080480065024000512001110220	1d94e7fa37f10fdbb7b24dffe24fddd	0	0
2215	8	6	7	0	1	002a200091800130010402248009220	1d94cffe26775ecfb6b35ddb7356ddd	0	0
2216	8	3	7	0	1	002a200091800170010402048009220	1d94cffe26775e8fb6b35dfb7356ddd	0	0
2217	8	6	0	0	0	002a20101120010414040a048104220	1d94cfeea6d75efba3b355fb725bddd	0	0
2218	8	5	4	0	0	002a201402040244020414101100830	1d94cfeab5f35dbbb5b34befe25f7cd	0	0
2219	8	3	2	0	0	002a2018001208580410004141020a0	1d94cfe6b7e557a7b3a75fbeb25df5d	0	0
2220	8	6	6	0	1	002a800c00064024001402281110028	1d946ff2b7f11fdbb7a35dd7e24ffd5	0	0
2221	8	6	9	0	0	0030019404204022000512108041028	1d8eee6ab3d71fddb7b24def731efd5	0	0
2222	8	6	8	0	0	0030019800a100201014082881040a0	1d8eee66b7565fdfa7a357d7725bf5d	0	0
2223	8	4	8	0	1	003003500085005200104022800c0a0	1d8eecaeb7725fadb7a71fdd7353f5d	0	0
2224	8	3	7	0	0	0030091800224221040100490012240	1d8ee6e6b7d51ddeb3b65fb6f34ddbd	0	0
2225	8	4	9	0	0	003009180022502010011800a210204	1d8ee6e6b7d50fdfa7b647ff514fdf9	0	0
2226	8	4	3	0	1	0030091800225030000100c28210240	1d8ee6e6b7d50fcfb7b65f3d714fdbd	0	0
2227	8	4	3	0	1	0030091800225030000104428202240	1d8ee6e6b7d50fcfb7b65bbd715ddbd	0	0
2228	8	1	3	0	1	0030091800225030000504428200240	1d8ee6e6b7d50fcfb7b25bbd715fdbd	0	0
2229	8	6	6	0	0	0030091800424021040102490042208	1d8ee6e6b7b51fdeb3b65db6f31ddf5	0	0
2230	8	4	7	0	0	003009300022502010011800a210204	1d8ee6ceb7d50fdfa7b647ff514fdf9	0	0
2231	8	4	7	0	0	003009500022501010011800a202220	1d8ee6aeb7d50fefa7b647ff515dddd	0	0
2232	8	6	8	0	1	00302212005000700401024a00090c0	1d8ecdecb7a75f8fb3b65db5f356f3d	0	0
2233	8	5	8	0	1	00302212005100500401024a00090c0	1d8ecdecb7a65fafb3b65db5f356f3d	0	0
2234	8	4	8	0	1	00302212005100700001024a00090c0	1d8ecdecb7a65f8fb7b65db5f356f3d	0	0
2235	8	5	8	0	1	0030221800510050040102428009240	1d8ecde6b7a65fafb3b65dbd7356dbd	0	0
2236	8	7	1	0	0	003028180002049105000c0a020080c	1d8ec7e6b7f55b6eb2b753f5f15f7f1	0	0
2237	8	6	4	0	1	003028180006009105000c0a020080c	1d8ec7e6b7f15f6eb2b753f5f15f7f1	0	0
2238	8	4	10	0	0	003028180006049101000c0a020080c	1d8ec7e6b7f15b6eb6b753f5f15f7f1	0	0
2239	8	3	10	0	0	00302818000604910104080a0200828	1d8ec7e6b7f15b6eb6b357f5f15f7d5	0	0
2240	8	1	10	0	0	00302818000604910104082a0200028	1d8ec7e6b7f15b6eb6b357d5f15ffd5	0	0
2241	8	6	9	0	0	0030281800224001140110418202208	1d8ec7e6b7d51ffea3b64fbe715ddf5	0	0
2242	8	9	4	0	1	0030400a004301300003090c0009140	1d8eaff4b7b45ecfb7b456f3f356ebd	0	0
2243	8	5	4	0	0	003040a80031402000030c009101140	1d8eaf56b7c61fdfb7b453ff625eebd	0	0
2244	8	6	4	0	1	003040a800a00130000309140011120	1d8eaf56b7575ecfb7b456ebf34eedd	0	0
2245	8	6	10	0	1	0030411203000220100548090008830	1d8eaeecb4f75ddfa7b217f6f3577cd	0	0
2246	8	5	0	0	0	0030411203000a00140108980108050	1d8eaeecb4f755ffa3b65767f257fad	0	0
2247	8	5	2	0	0	0030411203000a0014010a180100850	1d8eaeecb4f755ffa3b655e7f25f7ad	0	0
2248	8	4	0	0	0	0030411203000a20100108980108050	1d8eaeecb4f755dfa7b65767f257fad	0	0
2249	8	4	9	0	1	0030411203000a2010010a180008844	1d8eaeecb4f755dfa7b655e7f3577b9	0	0
2250	8	4	2	0	0	0030411203000a2010010a180100850	1d8eaeecb4f755dfa7b655e7f25f7ad	0	0
2251	8	2	0	0	0	0030411203000a20140108880108050	1d8eaeecb4f755dfa3b65777f257fad	0	1
2252	8	2	2	0	0	0030411203000a2014010a080100850	1d8eaeecb4f755dfa3b655f7f25f7ad	0	0
2253	8	5	9	0	0	0030411800304820040102218003240	1d8eaee6b7c717dfb3b65dde735cdbd	0	0
2254	8	5	6	0	0	0030411800504820040102290003210	1d8eaee6b7a717dfb3b65dd6f35cded	0	0
2255	8	5	4	0	0	0030411800504820040102290003240	1d8eaee6b7a717dfb3b65dd6f35cdbd	0	0
2256	8	4	8	0	0	003041280023103000010144800a060	1d8eaed6b7d44fcfb7b65ebb7355f9d	0	0
2257	8	5	6	0	0	0030412800a100600101050c0009024	1d8eaed6b7565f9fb6b65af3f356fd9	0	0
2258	8	3	8	0	0	0030412800c101220011002c0009028	1d8eaed6b7365eddb7a65fd3f356fd5	0	0
2259	8	4	10	0	0	003041300050086800010a090041014	1d8eaeceb7a75797b7b655f6f31efe9	0	0
2260	8	2	6	0	0	003041300050086804010a080041014	1d8eaeceb7a75797b3b655f7f31efe9	0	0
2261	8	4	4	0	1	0030413001200328000108580010860	1d8eaeceb6d75cd7b7b657a7f34f79d	0	0
2262	8	6	4	0	0	003041600140020a0401088c0001830	1d8eae9eb6b75df5b3b65773f35e7cd	0	0
2263	8	6	4	0	0	0030481800064021040200a90110048	1d8ea7e6b7f11fdeb3b55f56f24ffb5	0	0
2264	8	3	1	0	1	0030481800224221040100490012240	1d8ea7e6b7d51ddeb3b65fb6f34ddbd	0	0
2265	8	5	10	0	1	0030481800504820000302290003240	1d8ea7e6b7a717dfb7b45dd6f35cdbd	0	0
2266	8	2	10	0	1	0030481800504830000302210003240	1d8ea7e6b7a717cfb7b45ddef35cdbd	0	0
2267	8	8	6	0	1	00306000142001700500014480090a0	1d8e8ffea3d75e8fb2b75ebb7356f5d	0	0
2268	8	5	8	0	1	003060009300014016000a108101030	1d8e8ffe24f75ebfa1b755ef725efcd	0	0
2269	8	4	6	0	0	0030600095000170010002448009420	1d8e8ffe22f75e8fb6b75dbb7356bdd	0	0
2270	8	5	6	0	0	00306000a30001808600060c0010c01	1d8e8ffe14f75e7f31b759f3f34f3fc	0	0
2271	8	4	6	0	1	00306010804440a1040000a84040a10	1d8e8fee37b31f5eb3b75f57b31f5ed	0	0
2272	8	4	6	0	0	0030601081040160140002248108220	1d8e8fee36f35e9fa3b75ddb7257ddd	0	0
2273	8	4	7	0	0	0030601082040901140008304100a10	1d8e8fee35f356fea3b757cfb25f5ed	0	0
2274	8	4	8	0	1	003080888025006402000c009101050	1d8e6f7637d25f9bb5b753ff625efad	0	0
2275	8	5	4	0	0	003080a80031402000030c0091010c0	1d8e6f56b7c61fdfb7b453ff625ef3d	0	0
2276	8	4	7	0	0	003081280023103000010144800a060	1d8e6ed6b7d44fcfb7b65ebb7355f9d	0	0
2277	8	6	8	0	0	0030820a0110007000030a108101050	1d8e6df4b6e75f8fb7b455ef725efad	0	0
2278	8	5	8	0	0	0030820a0111006000030a088101050	1d8e6df4b6e65f9fb7b455f7725efad	0	0
2279	8	4	4	0	0	0030822011041220140008248110090	1d8e6ddea6f34ddfa3b757db724ff6d	0	0
2280	8	3	4	0	1	00308250008500520012002281040a0	1d8e6daeb7725fadb7a55fdd725bf5d	0	0
2281	8	7	6	0	0	00308818000201610022404a000c440	1d8e67e6b7f55e9eb7951fb5f353bbd	0	0
2282	8	4	6	0	0	0030a000912000e4040002441110220	1d8e4ffe26d75f1bb3b75dbbe24fddd	0	0
2283	8	5	6	0	0	0030a002120205001480410a0009420	1d8e4ffca5f55affa3371ef5f356bdd	0	0
2284	8	5	4	0	0	0030a01084041050040410428008c20	1d8e4fee33f34fafb3b34fbd73573dd	0	0
2285	8	5	6	0	0	0030a0120012016000a0404a0009410	1d8e4fecb7e55e9fb7171fb5f356bed	0	0
2286	8	6	4	0	1	0030a01200500070040100ca00090c0	1d8e4fecb7a75f8fb3b65f35f356f3d	0	0
2287	8	6	2	0	1	0030a012005000700401024a00090c0	1d8e4fecb7a75f8fb3b65db5f356f3d	0	0
2288	8	5	4	0	1	0030a01200510050040100ca00090c0	1d8e4fecb7a65fafb3b65f35f356f3d	0	0
2289	8	5	2	0	1	0030a012005100500401024a00090c0	1d8e4fecb7a65fafb3b65db5f356f3d	0	0
2290	8	4	4	0	1	0030a01200510070000100ca00090c0	1d8e4fecb7a65f8fb7b65f35f356f3d	0	0
2291	8	4	2	0	1	0030a012005100700001024a00090c0	1d8e4fecb7a65f8fb7b65db5f356f3d	0	0
2292	8	5	2	0	1	0030a018005100500401024a0009060	1d8e4fe6b7a65fafb3b65db5f356f9d	0	0
2293	8	4	6	0	1	0030c02081040189040008304010a10	1d8e2fde36f35e76b3b757cfb34f5ed	0	0
2294	8	4	1	0	1	0030c0280023103000010144800a060	1d8e2fd6b7d44fcfb7b65ebb7355f9d	0	0
2295	8	6	4	0	0	0030c04010830002202241060101030	1d8e2fbea7745ffd97951ef9f25efcd	0	0
2296	8	2	7	0	0	0030c04012100161002248080009050	1d8e2fbea5e75e9eb79517f7f356fad	0	0
2297	8	2	6	0	1	0030c04202020162001250080005030	1d8e2fbcb5f55e9db7a50ff7f35afcd	0	0
2298	8	2	4	0	1	0030c04202020162001250080005060	1d8e2fbcb5f55e9db7a50ff7f35af9d	0	0
2299	8	5	7	0	0	0030c04202020501000348084201048	1d8e2fbcb5f55afeb7b417f7b15efb5	0	0
2300	8	5	3	0	0	0030c04206000141000318180009050	1d8e2fbcb1f75ebeb7b447e7f356fad	0	0
2301	8	2	8	0	0	0030c04800120161002248080009050	1d8e2fb6b7e55e9eb79517f7f356fad	0	0
2302	8	7	10	0	1	003201140400015201100062800c0a0	1d8ceeeab3f75eadb6a75f9d7353f5d	0	0
2303	8	1	4	0	1	00322014010201a01280042c0010018	1d8ccfeab6f55e5fa5375bd3f34ffe5	0	0
2305	8	10	6	0	0	00800530018001a40404022c0008828	1d3eeaceb6775e5bb3b35dd3f3577d5	0	0
2306	8	10	6	0	0	0080062801050108840108242101030	1d3ee9d6b6f25ef733b657dbd25efcd	0	0
2307	8	10	6	0	0	008009300022502010055000a24000c	1d3ee6ceb7d50fdfa7b20fff511fff1	0	0
2308	8	10	6	0	0	00800a1014200324020110540011048	1d3ee5eea3d75cdbb5b64fabf34efb5	0	0
2309	8	10	7	0	0	00800a3000850042840201260104024	1d3ee5ceb7725fbd33b55ed9f25bfd9	0	0
2310	8	10	0	0	0	00800c10148011201402120c0012088	1d3ee3eea3774edfa3b54df3f34df75	0	0
2311	8	10	0	0	0	0080243000a00184160014041200818	1d3ecbceb7575e7ba1b74bfbe15f7e5	0	0
2312	8	10	4	0	1	008024500051008a020100aa0041014	1d3ecbaeb7a65f75b5b65f55f31efe9	0	0
2313	8	10	9	0	0	0080282021110042848000a48005104	1d3ec7de96e65fbd33375f5b735aef9	0	0
2314	8	10	9	0	1	0080283000150042848000a28005104	1d3ec7ceb7e25fbd33375f5d735aef9	0	0
2315	8	10	6	0	0	0080284020144051010102803240280	1d3ec7be97e31faeb6b65d7fc11fd7d	0	0
2316	8	10	3	0	0	0080485000221124000300cc0110048	1d3ea7aeb7d54edbb7b45f33f24ffb5	0	0
2317	8	10	6	0	1	0080814200a000f0010141003048084	1d3e6ebcb7575f0fb6b61effc317f79	0	0
2318	8	10	8	0	0	0080820214030400a28001430005440	1d3e6dfca3f45bff15375ebcf35abbd	0	0
2319	8	10	6	0	1	0080820a0500014814020a102104011	1d3e6df4b2f75eb7a3b555efd25bfec	0	0
2320	8	10	4	0	0	00808220103002a80201181010110c0	1d3e6ddea7c75d57b5b647efe34ef3d	0	0
2321	8	10	0	0	1	00808424001410a8028000a05210090	1d3e6bdab7e34f57b5375f5fa14ff6d	0	0
2322	8	10	4	0	1	0080a020814101041404082c0001818	1d3e4fde36b65efba3b357d3f35e7e5	0	0
2323	8	10	9	0	0	0080c00090240628020118101011044	1d3e2ffe27d359d7b5b647efe34efb9	0	0
2324	8	10	3	0	0	0080c000a0c10122001140260101014	1d3e2ffe17365eddb7a61fd9f25efe9	0	0
2325	8	10	6	0	1	00822010801401488600022a0011084	1d3ccfee37e35eb731b75dd5f34ef79	0	0
2326	8	10	4	0	0	00828000a1101040348040218102110	1d3c6ffe16e74fbf83371fde725deed	0	0
2327	8	9	9	0	0	0084020a05000448250002510005048	1d3aedf4b2f75bb792b75daef35afb5	0	0
2328	8	9	3	0	0	008402120500014814020a110104090	1d3aedecb2f75eb7a3b555eef25bf6d	0	0
2329	8	5	6	0	0	008408c80141400020060a082101108	1d3ae736b6b61fff97b155f7d25eef5	0	0
2330	8	5	8	0	1	008422028500014015000a102009280	1d3acdfc32f75ebfa2b755efd356d7d	0	0
2331	8	6	10	0	0	008424500050008a0201028a0041014	1d3acbaeb7a75f75b5b65d75f31efe9	0	0
2332	8	5	8	0	0	00842450005100820201028a0041014	1d3acbaeb7a65f7db5b65d75f31efe9	0	0
2333	8	4	4	0	0	008424500051008a020000aa0041014	1d3acbaeb7a65f75b5b75f55f31efe9	0	0
2334	8	3	4	0	0	008424500051008a0201008a0041014	1d3acbaeb7a65f75b5b65f75f31efe9	0	0
2335	8	9	4	0	0	0084400884040618010108901201060	1d3aaff633f359e7b6b6576fe15ef9d	0	0
2336	8	6	6	0	1	0084420285000048250002502009240	1d3aadfc32f75fb792b75dafd356dbd	0	0
2337	8	8	6	0	1	008444400241008a0201018a0009014	1d3aabbeb5b65f75b5b65e75f356fe9	0	0
2338	8	6	6	0	1	0084444081044008201102580012240	1d3aabbe36f31ff797a65da7f34ddbd	0	0
2339	8	5	6	0	1	00844802240442100101031012020c0	1d3aa7fc93f31defb6b65cefe15df3d	0	0
2340	8	4	7	0	1	0084604020820298001001980018104	1d3a8fbe97755d67b7a75e67f347ef9	0	0
2341	8	5	3	0	0	008482120500014014020a110104090	1d3a6decb2f75ebfa3b555eef25bf6d	0	0
2342	8	5	8	0	0	0084824804410102001208222101018	1d3a6db6b3b65efdb7a557ddd25efe5	0	0
2343	8	2	6	0	1	00848450014002b0000302880042050	1d3a6baeb6b75d4fb7b45d77f31dfad	0	0
2344	8	7	6	0	0	0084a00280100158041002520003280	1d3a4ffc37e75ea7b3a75dadf35cd7d	0	0
2345	8	6	10	0	0	0084a002801400580410028a00030c0	1d3a4ffc37e35fa7b3a75d75f35cf3d	0	0
2346	8	6	9	0	0	0084a002801400580410029200030c0	1d3a4ffc37e35fa7b3a75d6df35cf3d	0	0
2347	8	6	7	0	0	0084a00280140058041002920003240	1d3a4ffc37e35fa7b3a75d6df35cdbd	0	0
2348	8	6	7	0	0	0084a002801400580410029800030c0	1d3a4ffc37e35fa7b3a75d67f35cf3d	0	0
2349	8	5	10	0	0	0084a00280900150050002421009280	1d3a4ffc37675eafb2b75dbde356d7d	0	0
2350	8	5	6	0	0	0084a00284100148041002520003280	1d3a4ffc33e75eb7b3a75dadf35cd7d	0	0
2351	8	5	6	0	0	0084a0108015004014104082800a280	1d3a4fee37e25fbfa3a71f7d7355d7d	0	0
2352	8	3	6	0	0	0084a0108015005014100082800a280	1d3a4fee37e25fafa3a75f7d7355d7d	0	0
2353	8	5	10	0	0	0084a02080614000100518003009280	1d3a4fde37961fffa7b247ffc356d7d	0	0
2354	8	3	9	0	0	0084a02080614004100508003009480	1d3a4fde37961ffba7b257ffc356b7d	0	0
2355	8	6	3	0	1	0084a04080a00054040440421009120	1d3a4fbe37575fabb3b31fbde356edd	0	0
2356	8	5	3	0	0	0084a06000614000100518003009280	1d3a4f9eb7961fffa7b247ffc356d7d	0	0
2357	8	4	6	0	0	0086024402040618020001828001890	1d38edbab5f359e7b5b75e7d735e76d	0	0
2358	8	4	4	0	0	0086082800421118000201450204084	1d38e7d6b7b54ee7b7b55ebaf15bf79	0	0
2359	8	5	8	0	0	0086200280900150050002421009280	1d38cffc37675eafb2b75dbde356d7d	0	0
2360	8	5	4	0	0	0086200280900150050040421009180	1d38cffc37675eafb2b71fbde356e7d	0	0
2361	8	5	6	0	0	008620028410404014104042100a180	1d38cffc33e71fbfa3a71fbde355e7d	0	0
2362	8	5	6	0	0	0086200284104040150002821009280	1d38cffc33e71fbfa2b75d7de356d7d	0	0
2363	8	6	6	0	0	0086201084100050141000c2800a180	1d38cfee33e75fafa3a75f3d7355e7d	0	0
2364	8	5	6	0	0	0086800282100150041000ca00090c0	1d386ffc35e75eafb3a75f35f356f3d	0	0
2365	8	6	3	0	1	008804b004800042840410501048120	1d36eb4eb3775fbd33b34fafe317edd	0	0
2366	8	3	3	0	1	008804b0048000c2840410101048120	1d36eb4eb3775f3d33b34fefe317edd	0	0
2367	8	6	10	0	0	008805101480004284045002100c120	1d36eaeea3775fbd33b30ffde353edd	0	0
2368	8	8	6	0	1	0088062004810104840101260009120	1d36e9deb3765efb33b65ed9f356edd	0	0
2369	8	9	4	0	1	0088081204025020140450012002888	1d36e7ecb3f50fdfa3b30ffed35d775	0	0
2370	8	3	6	0	0	0088092012804814000501101048408	1d36e6dea57717ebb7b25eefe317bf5	0	0
2371	8	6	8	0	0	0088093001100044840108980006060	1d36e6ceb6e75fbb33b65767f359f9d	0	0
2372	8	6	7	0	0	0088093001100048840108980006060	1d36e6ceb6e75fb733b65767f359f9d	0	0
2373	8	5	7	0	1	00880a1204041060050002812100888	1d36e5ecb3f34f9fb2b75d7ed25f775	0	0
2374	8	4	7	0	1	00880a3000441070040002850004888	1d36e5ceb7b34f8fb3b75d7af35b775	0	0
2375	8	1	4	0	1	00880a3000830114040209060000828	1d36e5ceb7745eebb3b556f9f35f7d5	0	0
2376	8	6	6	0	0	00880a3000c10014000601260008c08	1d36e5ceb7365febb7b15ed9f3573f5	0	0
2377	8	7	6	0	0	00880c10140011201404120c00048a0	1d36e3eea3f74edfa3b34df3f35b75d	0	0
2378	8	6	3	0	0	00880c10148010201404120c00028a0	1d36e3eea3774fdfa3b34df3f35d75d	0	0
2379	8	5	10	0	0	00880c10148011200006120c0010888	1d36e3eea3774edfb7b14df3f34f775	0	0
2380	8	5	7	0	0	00880c10148011200402120c0002828	1d36e3eea3774edfb3b54df3f35d7d5	0	0
2381	8	5	1	0	0	00880c10148011200404120c0010888	1d36e3eea3774edfb3b34df3f34f775	0	0
2382	8	4	7	0	0	00880c10148011201400120c0002828	1d36e3eea3774edfa3b74df3f35d7d5	0	0
2383	8	4	0	0	0	00880c10148011201400120c0012088	1d36e3eea3774edfa3b74df3f34df75	0	0
2384	8	1	3	0	0	00880c10148011201404120c00008a0	1d36e3eea3774edfa3b34df3f35f75d	0	0
2385	8	6	6	0	0	00880c3000820060840410403140120	1d36e3ceb7755f9f33b34fbfc21fedd	0	0
2386	8	4	6	0	1	00880c30008201640400048c0009088	1d36e3ceb7755e9bb3b75b73f356f75	0	0
2387	8	5	6	0	0	00880c3000830040840410403140120	1d36e3ceb7745fbf33b34fbfc21fedd	0	0
2388	8	5	0	0	0	00880c30008411200404120c0010888	1d36e3ceb7734edfb3b34df3f34f775	0	0
2389	8	7	6	0	0	00880c44002040680005500031010a0	1d36e3bab7d71f97b7b20fffc25ef5d	0	0
2390	8	6	6	0	0	00880c4400220068002450003101180	1d36e3bab7d55f97b7930fffc25ee7d	0	0
2391	8	6	6	0	0	00880c44002240280005500031010a0	1d36e3bab7d51fd7b7b20fffc25ef5d	0	0
2392	8	4	6	0	0	00880c44002240680004500031010a0	1d36e3bab7d51f97b7b30fffc25ef5d	0	0
2393	8	4	7	0	0	00880c5000820240940050011102120	1d36e3aeb7755dbf23b70ffee25dedd	0	0
2394	8	6	4	0	0	00880c5004800061000650012002980	1d36e3aeb3775f9eb7b10ffed35d67d	0	0
2395	8	9	4	0	0	0088202200820194040111041208108	1d36cfdcb7755e6bb3b64efbe157ef5	0	0
2396	8	3	3	0	0	008820b000614004100508003108480	1d36cf4eb7961ffba7b257ffc257b7d	0	0
2397	8	5	6	0	1	008820d000614000100550003048208	1d36cf2eb7961fffa7b20fffc317df5	0	0
2398	8	5	6	0	0	008820d000614000100550003108088	1d36cf2eb7961fffa7b20fffc257f75	0	0
2399	8	5	6	0	1	0088220214100148050003120009280	1d36cdfca3e75eb7b2b75cedf356d7d	0	0
2400	8	4	4	0	1	0088220214810054040001860009108	1d36cdfca3765fabb3b75e79f356ef5	0	0
2401	8	7	6	0	0	0088220220100158050003120108081	1d36cdfc97e75ea7b2b75cedf257f7c	0	0
2402	8	5	6	0	0	0088220224100148050003120108081	1d36cdfc93e75eb7b2b75cedf257f7c	0	0
2403	8	5	4	0	1	008822201181010015000126000c220	1d36cddea6765effa2b75ed9f353ddd	0	0
2404	8	4	4	0	1	0088222200830054040001860009108	1d36cddcb7745fabb3b75e79f356ef5	0	0
2405	8	3	4	0	1	0088222200830114040101060009108	1d36cddcb7745eebb3b65ef9f356ef5	0	0
2406	8	4	4	0	0	008822300082015404000146000c420	1d36cdceb7755eabb3b75eb9f353bdd	0	0
2407	8	2	6	0	0	008822500012015804101042000c220	1d36cdaeb7e55ea7b3a74fbdf353ddd	0	0
2408	8	6	2	0	0	0088225000820050841010422104120	1d36cdaeb7755faf33a74fbdd25bedd	0	0
2409	8	6	10	0	0	0088243000820104160014041008818	1d36cbceb7755efba1b74bfbe3577e5	0	0
2410	8	6	4	0	0	0088243000820104160014041200818	1d36cbceb7755efba1b74bfbe15f7e5	0	0
2411	8	6	0	0	0	0088243000820104160014041208018	1d36cbceb7755efba1b74bfbe157fe5	0	0
2412	8	5	10	0	0	0088243000820184060014041008818	1d36cbceb7755e7bb1b74bfbe3577e5	0	0
2413	8	5	4	0	0	0088243000820184060014041200818	1d36cbceb7755e7bb1b74bfbe15f7e5	0	0
2414	8	5	0	0	0	0088243000820184060014041208018	1d36cbceb7755e7bb1b74bfbe157fe5	0	0
2415	8	5	4	0	0	0088243000830040840410403140120	1d36cbceb7745fbf33b34fbfc21fedd	0	0
2416	8	5	4	0	0	0088243004020482040410301044120	1d36cbceb3f55b7db3b34fcfe31bedd	0	0
2417	8	5	7	0	0	0088243004100848001100d1000a480	1d36cbceb3e757b7b7a65f2ef355b7d	0	0
2418	8	8	4	0	0	0088281000830114000641060004c20	1d36c7eeb7745eebb7b11ef9f35b3dd	0	0
2419	8	7	4	0	1	0088282200030114040409060001908	1d36c7dcb7f45eebb3b356f9f35e6f5	0	0
2420	8	1	4	0	0	0088282200074014000509041040408	1d36c7dcb7f01febb7b256fbe31fbf5	0	0
2421	8	6	4	0	0	0088283000130014040108860003028	1d36c7ceb7e45febb3b65779f35cfd5	0	0
2422	8	4	10	0	1	0088283000250114000101860004860	1d36c7ceb7d25eebb7b65e79f35b79d	0	0
2423	8	4	6	0	0	0088283000250114000101860004c20	1d36c7ceb7d25eebb7b65e79f35b3dd	0	0
2424	8	4	2	0	0	008828300082015404000146000c420	1d36c7ceb7755eabb3b75eb9f353bdd	0	0
2425	8	5	3	0	0	0088283000830040840410403140120	1d36c7ceb7745fbf33b34fbfc21fedd	0	0
2426	8	6	3	0	0	0088283000c00054040400a60009408	1d36c7ceb7375fabb3b35f59f356bf5	0	0
2427	8	6	3	0	0	0088283001050002840100a60104024	1d36c7ceb6f25ffd33b65f59f25bfd9	0	0
2428	8	4	3	0	0	0088283001050042840000a60104024	1d36c7ceb6f25fbd33b75f59f25bfd9	0	0
2429	8	6	0	0	0	00882830011100041404082c0006030	1d36c7ceb6e65ffba3b357d3f359fcd	0	0
2430	8	6	2	0	1	00882830014100041404082c0004818	1d36c7ceb6b65ffba3b357d3f35b7e5	0	0
2431	8	5	3	0	1	0088284404020148042001421108180	1d36c7bab3f55eb7b3975ebde257e7d	0	0
2432	8	6	6	0	0	0088285000144011020100a22202090	1d36c7aeb7e31feeb5b65f5dd15df6d	0	0
2433	8	3	3	0	0	0088285000150054000508021108120	1d36c7aeb7e25fabb7b257fde257edd	0	0
2434	8	5	6	0	0	0088285000234000100550003140028	1d36c7aeb7d41fffa7b20fffc21ffd5	0	0
2435	8	4	2	0	0	0088285000820250840010403140120	1d36c7aeb7755daf33b74fbfc21fedd	0	0
2436	8	9	7	0	1	0088400090065020850002803110240	1d36affe27f10fdf32b75d7fc24fdbd	0	0
2437	8	4	6	0	0	008840c014800628000241041012090	1d36af3ea37759d7b7b51efbe34df6d	0	0
2438	8	6	6	0	0	0088445000144021020100a9000a090	1d36abaeb7e31fdeb5b65f56f355f6d	0	0
2439	8	3	6	0	0	0088445000824040960010003102030	1d36abaeb7751fbf21b74fffc25dfcd	0	0
2440	8	7	6	0	0	0088480604000160840201860104101	1d36a7f8b3f75e9f33b55e79f25befc	0	0
2441	8	7	4	0	1	008848101040502014010888214000c	1d36a7eea7b70fdfa3b65777d21fff1	0	0
2442	8	4	4	0	0	0088481400820260140050003102120	1d36a7eab7755d9fa3b70fffc25dedd	0	0
2443	8	3	3	0	0	008848500014406102010089000a0c0	1d36a7aeb7e31f9eb5b65f76f355f3d	0	0
2444	8	5	4	0	0	00884850009002401500402111020a0	1d36a7aeb7675dbfa2b71fdee25df5d	0	0
2445	8	7	4	0	1	0088600090810118040401260009220	1d368ffe27765ee7b3b35ed9f356ddd	0	0
2446	8	6	4	0	0	0088600094800118040401260009420	1d368ffe23775ee7b3b35ed9f356bdd	0	0
2447	8	5	6	0	1	0088604020300150050041009008980	1d368fbe97c75eafb2b71eff635767d	0	0
2448	8	5	4	0	0	0088605000900840150040203102090	1d368faeb76757bfa2b71fdfc25df6d	0	0
2449	8	1	6	0	0	008880b000910111040400624008088	1d366f4eb7665eeeb3b35f9db357f75	0	1
2450	8	6	6	0	1	008881021281001404014100500a088	1d366efca5765febb3b61effa355f75	0	0
2451	8	5	4	0	0	008881041480024406001110100a120	1d366efaa3775dbbb1b74eefe355edd	0	0
2452	8	5	4	0	0	008881048481004402011110100a120	1d366efa33765fbbb5b64eefe355edd	0	0
2453	8	6	6	0	1	0088814200a00070010141003048084	1d366ebcb7575f8fb6b61effc317f79	0	0
2454	8	1	6	0	0	0088822012810105020201224008408	1d366ddea5765efab5b55eddb357bf5	0	0
2455	8	6	2	0	0	00888444008200a8001150005140028	1d366bbab7755f57b7a60fffa21ffd5	0	0
2456	8	6	6	0	1	008888003480021404011110100a120	1d3667fe83775debb3b64eefe355edd	0	0
2457	8	4	6	0	1	008888003480025404001110100a120	1d3667fe83775dabb3b74eefe355edd	0	0
2458	8	5	4	0	1	00888810208210600404500820060a0	1d3667ee97754f9fb3b30ff7d359f5d	0	0
2459	8	3	4	0	1	00888810208210700404100820060a0	1d3667ee97754f8fb3b34ff7d359f5d	0	0
2460	8	2	4	0	1	00888810208210700404500020060a0	1d3667ee97754f8fb3b30fffd359f5d	0	0
2461	8	8	3	0	1	00888820008211240401014c000a0a0	1d3667deb7754edbb3b65eb3f355f5d	0	0
2462	8	5	4	0	0	00888820208211200401110c0012088	1d3667de97754edfb3b64ef3f34df75	0	0
2463	8	3	4	0	1	00888820208211240401010c0012088	1d3667de97754edbb3b65ef3f34df75	0	0
2464	8	3	2	0	1	00888820208211240401010c0018088	1d3667de97754edbb3b65ef3f347f75	0	0
2465	8	1	4	0	1	00888820208211240401050c0002088	1d3667de97754edbb3b65af3f35df75	0	0
2466	8	6	0	0	1	0088882020c10014000509003048500	1d3667de97365febb7b256ffc317afd	0	0
2467	8	6	0	0	0	0088882021210005040400a12104140	1d3667de96d65ffab3b35f5ed25bebd	0	0
2468	8	4	3	0	0	0088882204110044800118101003140	1d3667dcb3e65fbb37b647efe35cebd	0	0
2469	8	7	4	0	1	0088882400025020100514003240208	1d3667dab7f50fdfa7b24bffc11fdf5	0	0
2470	8	4	7	0	0	0088882400061430000101940042028	1d3667dab7f14bcfb7b65e6bf31dfd5	0	0
2471	8	7	6	0	0	00888840100211041600110c000a028	1d3667bea7f54efba1b74ef3f355fd5	0	0
2472	8	3	8	0	1	008888402082121404011008100a028	1d3667be97754debb3b64ff7e355fd5	0	0
2473	8	6	4	0	0	0088a000308300082410110a0104024	1d364ffe87745ff793a74ef5f25bfd9	0	0
2474	8	6	4	0	0	0088a00094800114040401248009480	1d364ffe23775eebb3b35edb7356b7d	0	0
2475	8	5	4	0	0	0088a00094804110000511120009420	1d364ffe23771eefb7b24eedf356bdd	0	0
2476	8	5	4	0	0	0088a00214804110000511120009408	1d364ffca3771eefb7b24eedf356bf5	0	0
2477	8	4	4	0	1	0088a0022082015404004102100c500	1d364ffc97755eabb3b71efde353afd	0	0
2478	8	3	6	0	1	0088a00284110058001100920009084	1d364ffc33e65fa7b7a65f6df356f79	0	0
2479	8	8	8	0	1	0088a00405010040a00512102005220	1d364ffab2f65fbf17b24defd35addd	0	0
2480	8	2	8	0	1	0088a00485010040a00512100005220	1d364ffa32f65fbf17b24deff35addd	0	0
2481	8	8	6	0	0	0088c00010300628020148101011084	1d362ffea7c759d7b5b617efe34ef79	0	0
2482	8	4	6	0	0	0088c0003090046804004108100a0a0	1d362ffe87675b97b3b71ef7e355f5d	0	0
2483	8	5	4	0	1	0088c00210231020030000c03140048	1d362ffca7d44fdfb4b75f3fc21ffb5	0	0
2484	8	2	6	0	0	0088c04010300628020148001011084	1d362fbea7c759d7b5b617ffe34ef79	0	0
2485	8	4	4	0	1	008a040c00430118000101860009240	1d34ebf2b7b45ee7b7b65e79f356dbd	0	0
2486	8	8	8	0	0	008a080400225020100550003140028	1d34e7fab7d50fdfa7b20fffc21ffd5	0	0
2487	8	5	4	0	1	008a20003500091001010194000c0c0	1d34cffe82f756efb6b65e6bf353f3d	0	0
2488	8	7	4	0	1	008a2000908001580500014211080a0	1d34cffe27775ea7b2b75ebde257f5d	0	0
2489	8	5	4	0	1	008a200214800150050001860009088	1d34cffca3775eafb2b75e79f356f75	0	0
2490	8	6	9	0	0	008a800481021020200650044004830	1d346ffa36f54fdf97b10ffbb35b7cd	0	0
2491	8	4	4	0	0	008a800881101040340040218102110	1d346ff636e74fbf83b71fde725deed	0	0
2492	8	3	7	0	0	009003180083004a001204102104210	1d2eece6b7745fb5b7a55befd25bded	0	0
2493	8	1	10	0	1	009003180083004a001244022004210	1d2eece6b7745fb5b7a51bfdd35bded	0	0
2494	8	6	1	0	0	009003480083000a00114106000c220	1d2eecb6b7745ff5b7a61ef9f353ddd	0	0
2495	8	3	6	0	0	009003500102024c042000482108050	1d2eecaeb6f55db3b3975fb7d257fad	0	0
2496	8	6	6	0	0	00900494001400a8028004205300090	1d2eeb6ab7e35f57b5375bdfa05ff6d	0	0
2497	8	8	6	0	0	00900510050001a08401082c000c0a0	1d2eeaeeb2f75e5f33b657d3f353f5d	0	0
2498	8	7	6	0	0	00900530010001a08401082c000c0a0	1d2eeaceb6f75e5f33b657d3f353f5d	0	0
2499	8	7	6	0	1	00900548000340101011090a000a120	1d2eeab6b7f41fefa7a656f5f355edd	0	0
2500	8	4	6	0	0	0090060814054003040002260009208	1d2ee9f6a3f21ffcb3b75dd9f356df5	0	0
2501	8	6	6	0	1	00900612041000680401024a00090c0	1d2ee9ecb3e75f97b3b65db5f356f3d	0	0
2502	8	5	4	0	1	0090065001810048002200682140050	1d2ee9aeb6765fb7b7955f97d21ffad	0	0
2503	8	3	7	0	0	0090091804100a0a040100310003210	1d2ee6e6b3e755f5b3b65fcef35cded	0	0
2504	8	5	1	0	1	0090091805000a08040102310006240	1d2ee6e6b2f755f7b3b65dcef359dbd	0	0
2505	8	4	7	0	1	009009300104024a040008380014014	1d2ee6ceb6f35db5b3b757c7f34bfe9	0	0
2506	8	6	6	0	0	009009500102004a0404024a0104028	1d2ee6aeb6f55fb5b3b35db5f25bfd5	0	0
2507	8	6	1	0	0	009020b0011100041404082c000c030	1d2ecf4eb6e65ffba3b357d3f353fcd	0	0
2508	8	3	10	0	0	0090211404040148848002022104021	1d2eceeab3f35eb733375dfdd25bfdc	0	0
2509	8	6	10	0	0	00902130002300088005180820050a0	1d2ececeb7d45ff737b247f7d35af5d	0	0
2510	8	5	4	0	1	0090221010230088022001520140048	1d2ecdeea7d45f77b5975eadf21ffb5	0	0
2511	8	3	4	0	0	0090223000310094040108060001828	1d2ecdceb7c65f6bb3b657f9f35e7d5	0	0
2512	8	4	4	0	0	00902430001200d2040010421208120	1d2ecbceb7e55f2db3b74fbde157edd	0	0
2513	8	4	3	0	0	0090243004020442140010421208120	1d2ecbceb3f55bbda3b74fbde157edd	0	0
2514	8	6	6	0	0	0090282020120410150001221240120	1d2ec7de97e55befa2b75edde11fedd	0	0
2515	8	4	10	0	0	0090282020824810100111003048500	1d2ec7de977517efa7b64effc317afd	0	0
2516	8	4	4	0	0	0090282020824810100111003240500	1d2ec7de977517efa7b64effc11fafd	0	0
2517	8	6	6	0	0	0090408095000222040202848101110	1d2eaf7e22f75dddb3b55d7b725eeed	0	0
2518	8	2	6	0	0	009040d0002201a2011010402104220	1d2eaf2eb7d55e5db6a74fbfd25bddd	0	0
2519	8	8	10	0	0	009041100050026802010a090041014	1d2eaeeeb7a75d97b5b655f6f31efe9	0	0
2520	8	5	4	0	0	00904444002440a0028001848100841	1d2eabbab7d31f5fb5375e7b725f7bc	0	0
2521	8	4	10	0	1	0090600090a10118000101460009220	1d2e8ffe27565ee7b7b65eb9f356ddd	0	0
2522	8	4	4	0	0	0090601080144042840000701140220	1d2e8fee37e31fbd33b75f8fe21fddd	0	0
2523	8	4	0	0	0	0090601080144042840002501140220	1d2e8fee37e31fbd33b75dafe21fddd	0	0
2524	8	9	4	0	0	0090800824104083040102211240208	1d2e6ff693e71f7cb3b65ddee11fdf5	0	0
2525	8	4	4	0	1	00908082118104300002014a0006140	1d2e6f7ca6765bcfb7b55eb5f359ebd	0	0
2526	8	6	6	0	1	00908102810200680410024a0006240	1d2e6efc36f55f97b3a75db5f359dbd	0	0
2527	8	2	4	0	1	009081108083006402040c080041018	1d2e6eee37745f9bb5b353f7f31efe5	0	0
2528	8	6	10	0	0	0090812020a10012001101260044024	1d2e6ede97565fedb7a65ed9f31bfd9	0	0
2529	8	6	7	0	0	0090812020a10012001101340044024	1d2e6ede97565fedb7a65ecbf31bfd9	0	0
2530	8	8	2	0	0	0090814000a1004a001150022005220	1d2e6ebeb7565fb5b7a60ffdd35addd	0	0
2531	8	4	6	0	1	0090814200a000f0000141003048180	1d2e6ebcb7575f0fb7b61effc317e7d	0	0
2532	8	6	6	0	1	009081420120006800050a082005280	1d2e6ebcb6d75f97b7b255f7d35ad7d	0	0
2533	8	4	9	0	1	0090821200141060140008282048090	1d2e6decb7e34f9fa3b757d7d317f6d	0	0
2534	8	4	7	0	0	0090821200141060140008282108090	1d2e6decb7e34f9fa3b757d7d257f6d	0	0
2535	8	4	4	0	0	0090821200141060140008282140090	1d2e6decb7e34f9fa3b757d7d21ff6d	0	0
2536	8	3	6	0	1	0090821200141060160000282048090	1d2e6decb7e34f9fa1b75fd7d317f6d	0	0
2537	8	2	7	0	1	009082120014106016000828000c090	1d2e6decb7e34f9fa1b757d7f353f6d	0	0
2538	8	2	4	0	1	0090821200141060160008280044090	1d2e6decb7e34f9fa1b757d7f31bf6d	0	0
2539	8	2	3	0	1	0090821200141060160008280048090	1d2e6decb7e34f9fa1b757d7f317f6d	0	0
2540	8	3	7	0	0	0090822020a11010101100242044420	1d2e6dde97564fefa7a65fdbd31bbdd	0	0
2541	8	4	9	0	1	00908222012000e8000112110005048	1d2e6ddcb6d75f17b7b64deef35afb5	0	0
2542	8	6	2	0	0	0090844081800068000312088101050	1d2e6bbe36775f97b7b44df7725efad	0	0
2543	8	6	8	0	1	0090846000820062001410488041018	1d2e6b9eb7755f9db7a34fb7731efe5	0	0
2544	8	6	4	0	0	0090a000a4810014000501260009420	1d2e4ffe13765febb7b25ed9f356bdd	0	0
2545	8	8	6	0	0	0090a02000220890140111003048500	1d2e4fdeb7d5576fa3b64effc317afd	0	0
2546	8	6	6	0	0	0090a02020220810140111003048500	1d2e4fde97d557efa3b64effc317afd	0	0
2547	8	5	6	0	0	0090a02020220890040111003048500	1d2e4fde97d5576fb3b64effc317afd	0	0
2548	8	1	7	0	0	0090c00030a1009200300134010000c	1d2e2ffe87565f6db7875ecbf25fff1	0	0
2549	8	6	4	0	0	0090c002818100201005082c0101018	1d2e2ffc36765fdfa7b257d3f25efe5	0	0
2550	8	7	6	0	1	0090c0088400105014100060a00a500	1d2e2ff633f74fafa3a75f9f5355afd	0	0
2551	8	5	2	0	0	0090c01400120a00148002310101210	1d2e2feab7e555ffa3375dcef25eded	0	0
2552	8	2	8	0	1	0090c04010a10042222001420101018	1d2e2fbea7565fbd95975ebdf25efe5	0	0
2553	8	7	6	0	1	0090c04200020168001250082005050	1d2e2fbcb7f55e97b7a50ff7d35afad	0	0
2554	8	5	9	0	1	0090c05000120144042008482009050	1d2e2faeb7e55ebbb39757b7d356fad	0	0
2555	8	4	9	0	1	0090c05000120164002008482009050	1d2e2faeb7e55e9bb79757b7d356fad	0	0
2556	8	4	6	0	0	0092021800070042800241060104030	1d2cede6b7f05fbd37b51ef9f25bfcd	0	0
2557	8	4	6	0	0	00920808108241110002014c0208088	1d2ce7f6a7751eeeb7b55eb3f157f75	0	0
2558	8	1	6	0	0	00922000310304140006030c0004120	1d2ccffe86f45bebb7b15cf3f35bedd	0	0
2559	8	5	4	0	0	0092201400504080128010205200a08	1d2ccfeab7a71f7fa5374fdfa15f5f5	0	0
2560	8	4	8	0	0	00924000a1810102101040248100818	1d2caffe16765efda7a71fdb725f7e5	0	0
2561	8	3	4	0	1	00928004105040a2028000205041208	1d2c6ffaa7a71f5db5375fdfa31edf5	0	0
2562	8	1	4	0	0	0092800820430112001201260100048	1d2c6ff697b45eedb7a55ed9f25ffb5	0	0
2563	8	9	4	0	0	00a0008604214020100518003101180	1d1eef78b3d61fdfa7b247ffc25ee7d	0	0
2564	8	9	4	0	1	00a00094002540041005480033000a0	1d1eef6ab7d21ffba7b217ffc05ff5d	0	0
2565	8	9	4	0	1	00a000b0018001a01404082c000c0a0	1d1eef4eb6775e5fa3b357d3f353f5d	0	0
2566	8	9	6	0	0	00a00130018001640404024c0008828	1d1eeeceb6775e9bb3b35db3f3577d5	0	0
2567	8	9	6	0	0	00a00130018001a40404022c0008828	1d1eeeceb6775e5bb3b35dd3f3577d5	0	0
2568	8	4	6	0	0	00a0019400614000320010806240201	1d1eee6ab7961fff85b74f7f911fdfc	0	0
2569	8	4	6	0	1	00a0019400614000320040822240011	1d1eee6ab7961fff85b71f7dd11ffec	0	0
2570	8	6	7	0	0	00a001940420402010050a0033000a0	1d1eee6ab3d71fdfa7b255ffc05ff5d	0	0
2571	8	3	8	0	0	00a001a4028005140012003012040a0	1d1eee5ab5775aebb7a55fcfe15bf5d	0	0
2572	8	4	4	0	0	00a001b000910094000408205240120	1d1eee4eb7665f6bb7b357dfa11fedd	0	0
2573	8	6	4	0	0	00a001b0018001201404082c000c0a0	1d1eee4eb6775edfa3b357d3f353f5d	0	0
2574	8	5	4	0	0	00a001b0018001a00404082c000c0a0	1d1eee4eb6775e5fb3b357d3f353f5d	0	0
2575	8	9	6	0	0	00a0020095011004140202248102110	1d1eedfe22f64ffba3b55ddb725deed	0	0
2576	8	6	6	0	0	00a0028605000060800650140005110	1d1eed78b2f75f9f37b10febf35aeed	0	0
2577	8	5	4	0	0	00a00298018101001402082c0104030	1d1eed66b6765effa3b557d3f25bfcd	0	0
2578	8	4	1	0	1	00a002b0018101041400082c000c030	1d1eed4eb6765efba3b757d3f353fcd	0	0
2579	8	4	6	0	0	00a0031400514000320040224240011	1d1eeceab7a61fff85b71fddb11ffec	0	0
2580	8	5	10	0	1	00a003140280014014104022800c280	1d1eeceab5775ebfa3a71fdd7353d7d	0	0
2581	8	8	4	0	1	00a00490048001a40404082c00090a0	1d1eeb6eb3775e5bb3b357d3f356f5d	0	0
2582	8	8	6	0	1	00a00490050004a2000602380050104	1d1eeb6eb2f75b5db7b15dc7f30fef9	0	0
2583	8	6	4	0	0	00a00490118001201402088c0110090	1d1eeb6ea6775edfa3b55773f24ff6d	0	0
2584	8	3	1	0	1	00a004b0018101041404080c0008830	1d1eeb4eb6765efba3b357f3f3577cd	0	0
2585	8	2	4	0	1	00a004b0048000c6040410401208120	1d1eeb4eb3775f39b3b34fbfe157edd	0	0
2586	8	4	4	0	0	00a004b0048001a2000210241240030	1d1eeb4eb3775e5db7b54fdbe11ffcd	0	0
2587	8	5	4	0	1	00a004e000c14000100518081009180	1d1eeb1eb7361fffa7b247f7e356e7d	0	0
2588	8	6	4	0	0	00a00510148001240404082c00090a0	1d1eeaeea3775edbb3b357d3f356f5d	0	0
2589	8	5	4	0	1	00a00530010441200021089800088c0	1d1eeaceb6f31edfb7965767f35773d	0	0
2590	8	4	7	0	1	00a005500102406020204049000a050	1d1eeaaeb6f51f9f97971fb6f355fad	0	0
2591	8	6	8	0	1	00a00620110500240021088c0009050	1d1ee9dea6f25fdbb7965773f356fad	0	0
2592	8	9	3	0	0	00a0080035011006040200a48102110	1d1ee7fe82f64ff9b3b55f5b725deed	0	0
2593	8	8	9	0	0	00a009100022502010055001824000c	1d1ee6eeb7d50fdfa7b20ffe711fff1	0	0
2594	8	8	7	0	1	00a009100022503000054041824000c	1d1ee6eeb7d50fcfb7b21fbe711fff1	0	0
2595	8	6	7	0	0	00a0091400064022000542101140028	1d1ee6eab7f11fddb7b21defe21ffd5	0	0
2596	8	2	9	0	0	00a009140022502010055000824000c	1d1ee6eab7d50fdfa7b20fff711fff1	0	0
2597	8	6	7	0	0	00a0091400244022000540301140028	1d1ee6eab7d31fddb7b21fcfe21ffd5	0	0
2598	8	5	6	0	1	00a00914040440600005420032400a0	1d1ee6eab3f31f9fb7b21dffc11ff5d	0	0
2599	8	7	8	0	0	00a009300002046204040c0a004100c	1d1ee6ceb7f55b9db3b353f5f31eff1	0	0
2600	8	6	8	0	0	00a009300022102010055001824000c	1d1ee6ceb7d54fdfa7b20ffe711fff1	0	0
2601	8	2	6	0	0	00a009300022502010055000824000c	1d1ee6ceb7d50fdfa7b20fff711fff1	0	0
2602	8	6	6	0	0	00a00930004300240005088c0041018	1d1ee6ceb7b45fdbb7b25773f31efe5	0	0
2603	8	2	8	0	0	00a0095004020452040408820041028	1d1ee6aeb3f55badb3b3577df31efd5	0	0
2604	8	7	4	0	0	00a00a2011014004102108940101048	1d1ee5dea6f61ffba796576bf25efb5	0	0
2605	8	6	6	0	1	00a00a30004500240005082c0041018	1d1ee5ceb7b25fdbb7b257d3f31efe5	0	0
2606	8	8	6	0	0	00a00a400300025100031058000a140	1d1ee5beb4f75daeb7b44fa7f355ebd	0	0
2607	8	6	7	0	1	00a00c30000700240024088c0001850	1d1ee3ceb7f05fdbb7935773f35e7ad	0	0
2608	8	4	8	0	1	00a00c60010501060001088c0001830	1d1ee39eb6f25ef9b7b65773f35e7cd	0	0
2609	8	9	6	0	0	00a0201010220194060010441208028	1d1ecfeea7d55e6bb1b74fbbe157fd5	0	0
2610	8	9	6	0	1	00a0201081054004100502380102030	1d1ecfee36f21ffba7b25dc7f25dfcd	0	0
2611	8	6	7	0	1	00a020d00024401010050a0033000a0	1d1ecf2eb7d31fefa7b255ffc05ff5d	0	0
2612	8	5	9	0	1	00a021108180014015000232000a220	1d1eceee36775ebfa2b75dcdf355ddd	0	0
2613	8	5	6	0	1	00a021108500014015000232000a220	1d1eceee32f75ebfa2b75dcdf355ddd	0	0
2614	8	3	6	0	0	00a02150001201580410004a000a0a0	1d1eceaeb7e55ea7b3a75fb5f355f5d	0	0
2615	8	4	8	0	0	00a0215000910050101000a88048084	1d1eceaeb7665fafa7a75f577317f79	0	0
2616	8	4	1	0	0	00a0220095011004140002248102110	1d1ecdfe22f64ffba3b75ddb725deed	0	0
2617	8	6	3	0	0	00a0221010250014000548060009420	1d1ecdeea7d25febb7b217f9f356bdd	0	0
2618	8	4	9	0	0	00a0221080840150840002260011480	1d1ecdee37735eaf33b75dd9f34eb7d	0	0
2619	8	4	6	0	0	00a0221084040150840002260011480	1d1ecdee33f35eaf33b75dd9f34eb7d	0	0
2620	8	5	7	0	1	00a022420014405001010a101009280	1d1ecdbcb7e31fafb6b655efe356d7d	0	0
2621	8	5	4	0	1	00a022420014405001010a101041280	1d1ecdbcb7e31fafb6b655efe31ed7d	0	0
2622	8	6	4	0	1	00a022500014005804010a0a0011084	1d1ecdaeb7e35fa7b3b655f5f34ef79	0	0
2623	8	6	8	0	1	00a0225000150012020102428048005	1d1ecdaeb7e25fedb5b65dbd7317ff8	0	0
2624	8	4	0	0	1	00a02250001540101010082a000a0a0	1d1ecdaeb7e21fefa7a757d5f355f5d	0	0
2625	8	7	0	0	0	00a024101101010414020a0c0102030	1d1ecbeea6f65efba3b555f3f25dfcd	0	0
2626	8	2	4	0	0	00a02412040200d204801040100a500	1d1ecbecb3f55f2db3374fbfe355afd	0	0
2627	8	4	2	0	0	00a0245004020142108042060009420	1d1ecbaeb3f55ebda7371df9f356bdd	0	0
2628	8	8	7	0	0	00a0280020144051010102901240240	1d1ec7fe97e31faeb6b65d6fe11fdbd	0	0
2629	8	5	6	0	0	00a0281014104040148002828003600	1d1ec7eea3e71fbfa3375d7d735c9fd	0	0
2630	8	6	4	0	0	00a0281025000046040100d40102028	1d1ec7ee92f75fb9b3b65f2bf25dfd5	0	0
2631	8	6	9	0	0	00a04080a5000828001100c5000a440	1d1eaf7e12f757d7b7a65f3af355bbd	0	0
2632	8	6	8	0	0	00a04080a5000830001100c5000a440	1d1eaf7e12f757cfb7a65f3af355bbd	0	0
2633	8	8	4	0	0	00a0410082810042250040421108021	1d1eaefe35765fbd92b71fbde257fdc	0	0
2634	8	5	8	0	0	00a0410091045020000502908108240	1d1eaefe26f30fdfb7b25d6f7257dbd	0	0
2635	8	1	4	0	0	00a0410095004428000308901010240	1d1eaefe22f71bd7b7b4576fe34fdbd	0	0
2636	8	3	4	0	0	00a04100a2810042250040021108021	1d1eaefe15765fbd92b71ffde257fdc	0	0
2637	8	5	10	0	1	00a04100a5004800211002310002a40	1d1eaefe12f717ff96a75dcef35d5bd	0	0
2638	8	4	8	0	1	00a04100a5004820201002310002a40	1d1eaefe12f717df97a75dcef35d5bd	0	0
2639	8	1	8	0	1	00a04100a5004820201102310002240	1d1eaefe12f717df97a65dcef35ddbd	0	0
2640	8	7	3	0	0	00a04110100244208202088812100c0	1d1eaeeea7f51bdf35b55777e14ff3d	0	0
2641	8	6	3	0	0	00a0411010a001300404082c00090a0	1d1eaeeea7575ecfb3b357d3f356f5d	0	0
2642	8	6	4	0	0	00a0411010a001300404082c0011088	1d1eaeeea7575ecfb3b357d3f34ef75	0	0
2643	8	6	4	0	0	00a04110818001201404082c0008a20	1d1eaeee36775edfa3b357d3f3575dd	0	0
2644	8	5	4	0	0	00a0411200061110050000a063000c0	1d1eaeecb7f14eefb2b75f5f905ff3d	0	0
2645	8	4	4	0	1	00a041120006423000010a081240044	1d1eaeecb7f11dcfb7b655f7e11ffb9	0	0
2646	8	7	3	0	0	00a04114020000c2260050101008830	1d1eaeeab5f75f3d91b70fefe3577cd	0	0
2647	8	6	6	0	0	00a0414081020128001100cc0018240	1d1eaebe36f55ed7b7a65f33f347dbd	0	0
2648	8	4	4	0	1	00a041480083401010010908100a120	1d1eaeb6b7741fefa7b656f7e355edd	0	0
2649	8	2	6	0	0	00a0415000120858041000c8000a0c0	1d1eaeaeb7e557a7b3a75f37f355f3d	0	0
2650	8	5	6	0	0	00a0415000224800260000c12140011	1d1eaeaeb7d517ff91b75f3ed21ffec	0	0
2651	8	2	2	0	1	00a0415000245030020102808040848	1d1eaeaeb7d30fcfb5b65d7f731f7b5	0	0
2652	8	6	2	0	0	00a0415000304030020100c18048041	1d1eaeaeb7c71fcfb5b65f3e7317fbc	0	0
2653	8	6	2	0	0	00a04150005040201210022900028c0	1d1eaeaeb7a71fdfa5a75dd6f35d73d	0	0
2654	8	4	0	0	0	00a0415001024220202000c90108050	1d1eaeaeb6f51ddf97975f36f257fad	0	0
2655	8	6	6	0	1	00a04202142001300101015400090c0	1d1eadfca3d75ecfb6b65eabf356f3d	0	0
2656	8	4	8	0	0	00a0420481051020100140244108024	1d1eadfa36f24fdfa7b61fdbb257fd9	0	0
2657	8	2	8	0	0	00a0420484041060840202840110081	1d1eadfa33f34f9f33b55d7bf24ff7c	0	0
2658	8	5	10	0	1	00a0421010841200150000a0c108280	1d1eadeea7734dffa2b75f5f3257d7d	0	0
2659	8	4	9	0	0	00a0421011040a20100108940108050	1d1eadeea6f355dfa7b6576bf257fad	0	0
2660	8	5	7	0	1	00a0421402800900140240304108009	1d1eadeab57756ffa3b51fcfb257ff4	0	0
2661	8	4	6	0	1	00a0441011044820100102980108044	1d1eabeea6f317dfa7b65d67f257fb9	0	0
2662	8	7	6	0	0	00a04450000201a4001200ac0110050	1d1eabaeb7f55e5bb7a55f53f24ffad	0	0
2663	8	5	10	0	1	00a0480820245010010108203300024	1d1ea7f697d30fefb6b657dfc05ffd9	0	0
2664	8	6	9	0	0	00a0481020140062010102901140060	1d1ea7ee97e35f9db6b65d6fe21ff9d	0	0
2665	8	5	6	0	0	00a04810201440600401060811020c0	1d1ea7ee97e31f9fb3b659f7e25df3d	0	0
2666	8	5	9	0	1	00a04810205040600401028900030c0	1d1ea7ee97a71f9fb3b65d76f35cf3d	0	0
2667	8	3	9	0	0	00a0484020251002210100848140009	1d1ea7be97d24ffd96b65f7b721fff4	0	0
2668	8	5	2	0	0	00a0485002020301000310490208240	1d1ea7aeb5f55cfeb7b44fb6f157dbd	0	0
2669	8	5	2	0	0	00a060402030405001010a1011010a0	1d1e8fbe97c71fafb6b655efe25ef5d	0	0
2670	8	5	2	0	1	00a060408024405001010a1011010a0	1d1e8fbe37d31fafb6b655efe25ef5d	0	0
2671	8	5	0	0	1	00a060408024411001010a1011010a0	1d1e8fbe37d31eefb6b655efe25ef5d	0	0
2672	8	6	6	0	1	00a0605000060104130002203300030	1d1e8faeb7f15efba4b75ddfc05ffcd	0	0
2673	8	2	1	0	0	00a060500012015804101048000a060	1d1e8faeb7e55ea7b3a74fb7f355f9d	0	0
2674	8	5	2	0	0	00a0605000124800141000690102090	1d1e8faeb7e517ffa3a75f96f25df6d	0	0
2675	8	2	4	0	1	00a0605000140158042008280003090	1d1e8faeb7e35ea7b39757d7f35cf6d	0	0
2676	8	5	6	0	0	00a0808283010400800350180003044	1d1e6f7c34f65bff37b40fe7f35cfb9	0	0
2677	8	8	6	0	0	00a08090002300a0820214003140044	1d1e6f6eb7d45f5f35b54bffc21ffb9	0	0
2678	8	4	6	0	0	00a080b0002300a0800214003140044	1d1e6f4eb7d45f5f37b54bffc21ffb9	0	0
2679	8	1	6	0	1	00a080b0002300a0820214003040044	1d1e6f4eb7d45f5f35b54bffc31ffb9	0	0
2680	8	7	6	0	1	00a080b0008101210006006a0048018	1d1e6f4eb7765edeb7b15f95f317fe5	0	0
2681	8	4	6	0	0	00a080c082200450220010501041060	1d1e6f3e35d75baf95b74fafe31ef9d	0	0
2682	8	7	4	0	1	00a08102100340208084480810050c0	1d1e6efca7f41fdf373317f7e35af3d	0	0
2683	8	6	6	0	0	00a0811200120070041000ca000a0c0	1d1e6eecb7e55f8fb3a75f35f355f3d	0	0
2684	8	3	6	0	0	00a08112001201700410004a000a0c0	1d1e6eecb7e55e8fb3a75fb5f355f3d	0	0
2685	8	1	6	0	0	00a0811200120170041000ca00080c0	1d1e6eecb7e55e8fb3a75f35f357f3d	0	0
2686	8	6	6	0	0	00a08112002300208005500a0005044	1d1e6eecb7d45fdf37b20ff5f35afb9	0	0
2687	8	8	10	0	1	00a0812000a10042111040221044024	1d1e6edeb7565fbda6a71fdde31bfd9	0	0
2688	8	4	4	0	0	00a0812011024420202008980041048	1d1e6edea6f51bdf97975767f31efb5	0	0
2689	8	4	6	0	1	00a08120112000f0010002901044060	1d1e6edea6d75f0fb6b75d6fe31bf9d	0	0
2690	8	5	10	0	1	00a0812020a10042011040221044024	1d1e6ede97565fbdb6a71fdde31bfd9	0	0
2691	8	3	8	0	1	00a0812020a10052041000221044024	1d1e6ede97565fadb3a75fdde31bfd9	0	0
2692	8	4	4	0	0	00a0812080245020200118101010a80	1d1e6ede37d30fdf97b647efe34f57d	0	0
2693	8	7	7	0	0	00a0812081000528001108580010844	1d1e6ede36f75ad7b7a657a7f34f7b9	0	0
2694	8	4	4	0	0	00a08130004204620400088a004100c	1d1e6eceb7b55b9db3b75775f31eff1	0	0
2695	8	6	4	0	1	00a0814080820064002448081041110	1d1e6ebe37755f9bb79317f7e31eeed	0	0
2696	8	6	4	0	1	00a0814086010002220108828041011	1d1e6ebe31f65ffd95b6577d731efec	0	0
2697	8	4	7	0	0	00a0814201104060200142090003050	1d1e6ebcb6e71f9f97b61df6f35cfad	0	0
2698	8	2	4	0	0	00a08150001201540420088800090c0	1d1e6eaeb7e55eabb3975777f356f3d	0	0
2699	8	6	6	0	0	00a0815000140064002448081008890	1d1e6eaeb7e35f9bb79317f7e35776d	0	0
2700	8	5	4	0	1	00a08202141140001410082a00030c0	1d1e6dfca3e61fffa3a757d5f35cf3d	0	0
2701	8	5	0	0	1	00a082021411400014100a0a00030c0	1d1e6dfca3e61fffa3a755f5f35cf3d	0	0
2702	8	2	4	0	0	00a082108480105014021020800a480	1d1e6dee33774fafa3b54fdf7355b7d	0	0
2703	8	4	8	0	1	00a0822010600264020008411009480	1d1e6ddea7975d9bb5b757bee356b7d	0	0
2704	8	5	4	0	0	00a0822011041200140108940110090	1d1e6ddea6f34dffa3b6576bf24ff6d	0	0
2705	8	5	4	0	1	00a08222001540100011083200030c0	1d1e6ddcb7e21fefb7a657cdf35cf3d	0	0
2706	8	2	4	0	0	00a082401110014c042008480101050	1d1e6dbea6e75eb3b39757b7f25efad	0	0
2707	8	2	6	0	0	00a0841011800160140212080102030	1d1e6beea6775e9fa3b54df7f25dfcd	0	0
2708	8	3	6	0	1	00a0882024110042848000209041104	1d1e67de93e65fbd33375fdf631eef9	0	0
2709	8	5	10	0	1	00a0a000a0a04050000512101041220	1d1e4ffe17571fafb7b24defe31eddd	0	0
2710	8	5	10	0	0	00a0a000a0a040500005121011010a0	1d1e4ffe17571fafb7b24defe25ef5d	0	0
2711	8	5	10	0	1	00a0a000a0a040500005501010090a0	1d1e4ffe17571fafb7b20fefe356f5d	0	0
2712	8	5	10	0	0	00a0a01084040142000512120101030	1d1e4fee33f35ebdb7b24dedf25efcd	0	0
2713	8	3	4	0	1	00a0a0108404111014800020c002c80	1d1e4fee33f34eefa3375fdf335d37d	0	0
2714	8	8	8	0	0	00a0a0400012085010904041100a480	1d1e4fbeb7e557afa7271fbee355b7d	0	0
2715	8	5	3	0	1	00a0a04020a04050000512101041220	1d1e4fbe97571fafb7b24defe31eddd	0	0
2716	8	5	3	0	0	00a0a04020a040500005121011010a0	1d1e4fbe97571fafb7b24defe25ef5d	0	0
2717	8	5	3	0	1	00a0a04020a040500005501010090a0	1d1e4fbe97571fafb7b20fefe356f5d	0	0
2718	8	3	6	0	0	00a0a04080240458000510101041220	1d1e4fbe37d35ba7b7b24fefe31eddd	0	0
2719	8	5	1	0	1	00a0a04080a04050000512101041220	1d1e4fbe37571fafb7b24defe31eddd	0	0
2720	8	5	1	0	0	00a0a04080a040500005121011010a0	1d1e4fbe37571fafb7b24defe25ef5d	0	0
2721	8	5	1	0	1	00a0a04080a040500005501010090a0	1d1e4fbe37571fafb7b20fefe356f5d	0	0
2722	8	6	8	0	0	00a0a0420012005010904041100a480	1d1e4fbcb7e55fafa7271fbee355b7d	0	0
2723	8	2	2	0	0	00a0a0500012085010904041000a480	1d1e4faeb7e557afa7271fbef355b7d	0	0
2724	8	6	4	0	1	00a0c0009104402020030a101110240	1d1e2ffe26f31fdf97b455efe24fdbd	0	0
2725	8	5	4	0	0	00a0c00091044420000308901110240	1d1e2ffe26f31bdfb7b4576fe24fdbd	0	0
2726	8	5	2	0	0	00a0c0009104442000030a101110240	1d1e2ffe26f31bdfb7b455efe24fdbd	0	0
2727	8	6	4	0	1	00a0c00093010000340108888101050	1d1e2ffe24f65fff83b65777725efad	0	0
2728	8	4	4	0	1	00a0c00093010100340008288101050	1d1e2ffe24f65eff83b757d7725efad	0	0
2729	8	1	9	0	1	00a0c000a0c10122001140260001014	1d1e2ffe17365eddb7a61fd9f35efe9	0	0
2730	8	2	6	0	1	00a0c000a1044820201102300102240	1d1e2ffe16f317df97a65dcff25ddbd	0	0
2731	8	3	9	0	1	00a0c000a2810042141000209140014	1d1e2ffe15765fbda3a75fdf621ffe9	0	0
2732	8	3	0	0	0	00a0c00220251014000508003108500	1d1e2ffc97d24febb7b257ffc257afd	0	0
2733	8	5	4	0	0	00a0c002810501200005082c0101050	1d1e2ffc36f25edfb7b257d3f25efad	0	0
2734	8	4	6	0	1	00a0c01081020160140002490102030	1d1e2fee36f55e9fa3b75db6f25dfcd	0	0
2735	8	4	4	0	1	00a0c01081800160140000690102030	1d1e2fee36775e9fa3b75f96f25dfcd	0	0
2736	8	4	6	0	1	00a0c01201020160140002490102018	1d1e2fecb6f55e9fa3b75db6f25dfe5	0	0
2737	8	7	3	0	1	00a0c01400040860160002211102090	1d1e2feab7f3579fa1b75ddee25df6d	0	0
2738	8	7	0	0	1	00a0c01400040a20160002211102090	1d1e2feab7f355dfa1b75ddee25df6d	0	0
2739	8	6	4	0	1	00a0c01400120800348040310003210	1d1e2feab7e557ff83371fcef35cded	0	0
2740	8	5	2	0	0	00a0c04082040141020118180009050	1d1e2fbe35f35ebeb5b647e7f356fad	0	0
2741	8	4	4	0	0	00a2008881054009000200a14102240	1d1cef7636f21ff6b7b55f5eb25ddbd	0	0
2742	8	5	6	0	1	00a2010281204120010142030001a04	1d1ceefc36d71edfb6b61dfcf35e5f9	0	0
2743	8	2	6	0	0	00a20114040202b0009000a40042030	1d1ceeeab3f55d4fb7275f5bf31dfcd	0	0
2744	8	4	7	0	1	00a202048500106010024024800a110	1d1cedfa32f74f9fa7b51fdb7355eed	0	0
2745	8	4	4	0	1	00a202048500106010024024800a180	1d1cedfa32f74f9fa7b51fdb7355e7d	0	0
2746	8	4	10	0	1	00a202088180105010024024800a110	1d1cedf636774fafa7b51fdb7355eed	0	0
2747	8	4	4	0	0	00a202088180105010024024800a500	1d1cedf636774fafa7b51fdb7355afd	0	0
2748	8	6	4	0	1	00a202101420010415000820a1010c0	1d1cedeea3d75efba2b757df525ef3d	0	0
2749	8	8	6	0	0	00a2080400244064000550003101120	1d1ce7fab7d31f9bb7b20fffc25eedd	0	0
2750	8	8	6	0	0	00a208200022503000051044804100c	1d1ce7deb7d50fcfb7b24fbb731eff1	0	0
2751	8	3	9	0	0	00a208240022502010051004804100c	1d1ce7dab7d50fdfa7b24ffb731eff1	0	0
2752	8	3	8	0	0	00a208240024107000051004804100c	1d1ce7dab7d34f8fb7b24ffb731eff1	0	0
2753	8	4	6	0	1	00a2400090a001700100404410090a0	1d1caffe27575e8fb6b71fbbe356f5d	0	0
2754	8	6	6	0	0	00a24000a500006100064025000a110	1d1caffe12f75f9eb7b11fdaf355eed	0	0
2755	8	3	2	0	0	00a2400880831010101200248108104	1d1caff637744fefa7a55fdb7257ef9	0	0
2756	8	6	4	0	1	00a2800286000040908148011041404	1d1c6ffc31f75fbf273617fee31ebf9	0	0
2757	8	6	4	0	1	00a2803000420060800618090005084	1d1c6fceb7b55f9f37b147f6f35af79	0	0
2758	8	10	4	0	0	01000530009000e8048004281050014	1cbeeaceb7675f17b3375bd7e30ffe9	0	0
2759	8	10	3	0	1	01000944006040a8008140803050201	1cbee6bab7971f57b7361f7fc30fdfc	0	0
2760	8	10	6	0	1	01000a0214400170050001460009088	1cbee5fca3b75e8fb2b75eb9f356f75	0	0
2761	8	10	9	0	0	01000a0810a00154050001448005420	1cbee5f6a7575eabb2b75ebb735abdd	0	0
2762	8	10	3	0	0	01000a0814800154050001448009420	1cbee5f6a3775eabb2b75ebb7356bdd	0	0
2763	8	10	7	0	1	01000c00a4404828040200a11140011	1cbee3fe13b717d7b3b55f5ee21ffec	0	0
2764	8	10	4	0	0	01000c30009000e1008200b20012300	1cbee3ceb7675f1eb7355f4df34dcfd	0	0
2765	8	10	4	0	0	01000c30009000e1008200b80012180	1cbee3ceb7675f1eb7355f47f34de7d	0	0
2766	8	10	3	0	0	010020a081414004102400ac0009410	1cbecf5e36b61ffba7935f53f356bed	0	0
2767	8	10	0	0	0	0100282081414004102400ac0009408	1cbec7de36b61ffba7935f53f356bf5	0	0
2768	8	10	6	0	1	01008420210202a4041000ac0012030	1cbe6bde96f55d5bb3a75f53f34dfcd	0	0
2769	8	10	6	0	1	01008822002500b0002101860044005	1cbe67dcb7d25f4fb7965e79f31bff8	0	0
2770	8	6	10	0	0	0104049202100830001200ca0042050	1cbaeb6cb5e757cfb7a55f35f31dfad	0	0
2771	8	7	10	0	0	01040902220018300101018a004800c	1cbae6fc95f747cfb6b65e75f317ff1	0	0
2772	8	9	10	0	0	0104202081414004102400ac0009018	1cbacfde36b61ffba7935f53f356fe5	0	0
2773	8	5	4	0	0	0104245000060a08041000ca01020a0	1cbacbaeb7f155f7b3a75f35f25df5d	0	0
2774	8	4	7	0	0	0104282080454001110000a05240208	1cbac7de37b21ffea6b75f5fa11fdf5	0	0
2775	8	2	10	0	0	0104282081414004102400a40009208	1cbac7de36b61ffba7935f5bf356df5	0	0
2776	8	1	10	0	0	0104282081414004102400ac0001018	1cbac7de36b61ffba7935f53f35efe5	0	0
2777	8	6	3	0	1	010440c403000228020202888011014	1cbaaf3ab4f75dd7b5b55d77734efe9	0	0
2778	8	6	6	0	1	0104442202020228009000d80011014	1cbaabdcb5f55dd7b7275f27f34efe9	0	0
2779	8	6	8	0	0	010482022420009104010192000c0c0	1cba6dfc93d75f6eb3b65e6df353f3d	0	0
2780	8	6	9	0	0	0104841020820204148006081012410	1cba6bee97755dfba33759f7e34dbed	0	0
2781	8	9	6	0	1	0106000221400298000503180048104	1cb8effc96b75d67b7b25ce7f317ef9	0	0
2782	8	4	3	0	0	0106008603000a201004408c0009090	1cb8ef78b4f755dfa7b31f73f356f6d	0	0
2783	8	2	3	0	0	0106014402200258009000c01050220	1cb8eebab5d75da7b7275f3fe30fddd	0	0
2784	8	5	7	0	0	0106080092800a10010440421009420	1cb8e7fe257755efb6b31fbde356bdd	0	0
2785	8	7	2	0	1	01060802220010b00101050a004800c	1cb8e7fc95f74f4fb6b65af5f317ff1	0	0
2786	8	4	7	0	0	0106082080454001210000a84041048	1cb8e7de37b21ffe96b75f57b31efb5	0	0
2787	8	5	4	0	1	0106800281400288000502980041240	1cb86ffc36b75d77b7b25d67f31edbd	0	0
2788	8	2	4	0	1	01068002814002a8000502880041240	1cb86ffc36b75d57b7b25d77f31edbd	0	0
2789	8	6	9	0	0	0108049800820228000614005300030	1cb6eb66b7755dd7b7b14bffa05ffcd	0	0
2790	8	6	0	0	0	010804b000c04000940414081048408	1cb6eb4eb7371fff23b34bf7e317bf5	0	0
2791	8	6	9	0	0	0108089010c00214048002441012408	1cb6e76ea7375debb3375dbbe34dbf5	0	0
2792	8	5	3	0	0	010808b0009000d0040414021208120	1cb6e74eb7675f2fb3b34bfde157edd	0	0
2793	8	7	6	0	0	01080a2200414014000501260009408	1cb6e5dcb7b61febb7b25ed9f356bf5	0	0
2794	8	7	7	0	0	01080a24040004680401018480050a0	1cb6e5dab3f75b97b3b65e7b735af5d	0	0
2795	8	4	8	0	0	01080c2020c10820200401260140011	1cb6e3de973657df97b35ed9f21ffec	0	0
2796	8	2	6	0	1	01080c2022404830000501820048401	1cb6e3de95b717cfb7b25e7df317bfc	0	0
2797	8	5	6	0	1	01080c3000444220040102221110084	1cb6e3ceb7b31ddfb3b65ddde24ff79	0	0
2798	8	7	7	0	0	0108243000020294042004841008c10	1cb6cbceb7f55d6bb3975b7be3573ed	0	0
2799	8	2	4	0	0	0108245000120858041000c201020a0	1cb6cbaeb7e557a7b3a75f3df25df5d	0	0
2800	8	6	2	0	0	01082800a4404021040102203140180	1cb6c7fe13b71fdeb3b65ddfc21fe7d	0	0
2801	8	7	3	0	0	0108280214000154050001848009480	1cb6c7fca3f75eabb2b75e7b7356b7d	0	0
2802	8	7	4	0	0	0108282200044051010101822240404	1cb6c7dcb7f31faeb6b65e7dd11fbf9	0	0
2803	8	6	10	0	0	0108410c0022007001204104100c024	1cb6aef2b7d55f8fb6971efbe353fd9	0	0
2804	8	6	3	0	0	0108412800a0007004010504100a120	1cb6aed6b7575f8fb3b65afbe355edd	0	0
2805	8	5	6	0	0	0108422200420150050003060009408	1cb6addcb7b55eafb2b75cf9f356bf5	0	0
2806	8	4	6	0	0	0108422200420170010003060009408	1cb6addcb7b55e8fb6b75cf9f356bf5	0	0
2807	8	4	6	0	0	0108442800220530040001248003120	1cb6abd6b7d55acfb3b75edb735cedd	0	0
2808	8	7	4	0	1	01084444020001610022410a0008904	1cb6abbab5f75e9eb7951ef5f3576f9	0	0
2809	8	3	4	0	0	01084444020201610022010a0108104	1cb6abbab5f55e9eb7955ef5f257ef9	0	0
2810	8	1	4	0	1	01084444020201610022410a0008104	1cb6abbab5f55e9eb7951ef5f357ef9	0	0
2811	8	2	6	0	1	010844480012085804104040100a120	1cb6abb6b7e557a7b3a71fbfe355edd	0	0
2812	8	4	2	0	1	0108444800a00268000144041009220	1cb6abb6b7575d97b7b61bfbe356ddd	0	0
2813	8	3	3	0	0	01084820104450210401008c000a088	1cb6a7dea7b30fdeb3b65f73f355f75	0	0
2814	8	6	3	0	0	0108482010a000a0242001860110101	1cb6a7dea7575f5f93975e79f24fefc	0	0
2815	8	4	4	0	1	0108482080445020240000a22110101	1cb6a7de37b30fdf93b75f5dd24fefc	0	0
2816	8	7	4	0	1	0108602010020324050001441018220	1cb68fdea7f55cdbb2b75ebbe347ddd	0	0
2817	8	2	3	0	0	010860600012085804101040100a120	1cb68f9eb7e557a7b3a74fbfe355edd	0	0
2818	8	9	9	0	0	01088014001202a4048000a05110030	1cb66feab7e55d5bb3375f5fa24ffcd	0	0
2819	8	4	4	0	1	0108812400434024000101881018088	1cb66edab7b41fdbb7b65e77e347f75	0	0
2820	8	4	4	0	0	0108822200c00154040001260009408	1cb66ddcb7375eabb3b75ed9f356bf5	0	0
2821	8	7	4	0	1	01088414000202a4048000a05110220	1cb66beab7f55d5bb3375f5fa24fddd	0	0
2822	8	6	9	0	0	01088414001200a4048000a05110030	1cb66beab7e55f5bb3375f5fa24ffcd	0	0
2823	8	5	6	0	0	010888021600091000061112000c401	1cb667fca1f756efb7b14eedf353bfc	0	0
2824	8	5	6	0	0	0108880216000a10000511120009404	1cb667fca1f755efb7b24eedf356bf9	0	0
2825	8	8	4	0	1	01088810009000e4048040209006220	1cb667eeb7675f1bb3371fdf6359ddd	0	0
2826	8	4	6	0	1	01088820110504180001019080060a0	1cb667dea6f25be7b7b65e6f7359f5d	0	0
2827	8	5	4	0	1	0108882080445020040100a09140088	1cb667de37b30fdfb3b65f5f621ff75	0	0
2828	8	7	2	0	1	0108882200045021040100aa000c088	1cb667dcb7f30fdeb3b65f55f353f75	0	0
2829	8	6	4	0	1	0108a01011100064040402488006220	1cb64feea6e75f9bb3b35db77359ddd	0	0
2830	8	7	0	0	0	0108a02081000184860002241014420	1cb64fde36f75e7b31b75ddbe34bbdd	0	0
2831	8	6	4	0	0	0108c00090820114060001441018420	1cb62ffe27755eebb1b75ebbe347bdd	0	0
2832	8	9	0	0	1	010a000214800a30010403060009084	1cb4effca37755cfb6b35cf9f356f79	0	0
2833	8	9	4	0	0	010a00140012028c048000a05110220	1cb4efeab7e55d73b3375f5fa24fddd	0	0
2834	8	5	4	0	1	010a020a04800150050001260009028	1cb4edf4b3775eafb2b75ed9f356fd5	0	0
2835	8	6	4	0	0	010a04140012008c048000a05110220	1cb4ebeab7e55f73b3375f5fa24fddd	0	0
2836	8	7	8	0	0	010a080090045024000512009110208	1cb4e7fe27f30fdbb7b24dff624fdf5	0	0
2837	8	3	6	0	1	010a080214200154050001060003028	1cb4e7fca3d75eabb2b75ef9f35cfd5	0	0
2838	8	4	2	0	0	010a08140050028c0400022a0110005	1cb4e7eab7a75d73b3b75dd5f24fff8	0	0
2839	8	6	7	0	0	010a201010124020800612081014220	1cb4cfeea7e51fdf37b14df7e34bddd	0	0
2840	8	5	4	0	0	010a801400120284048000a05110220	1cb46feab7e55d7bb3375f5fa24fddd	0	0
2841	8	4	4	0	0	010a8014001202a4008000a05110220	1cb46feab7e55d5bb7375f5fa24fddd	0	0
2842	8	9	7	0	0	01100242001210680022014a0108110	1caeedbcb7e54f97b7955eb5f257eed	0	0
2843	8	1	7	0	0	011002c012800c18001201520100028	1caeed3ea57753e7b7a55eadf25ffd5	0	0
2844	8	6	4	0	1	0110032201020228002101580048140	1caeecdcb6f55dd7b7965ea7f317ebd	0	0
2845	8	7	6	0	1	011004c2020008680012014a0102090	1caeeb3cb5f75797b7a55eb5f25df6d	0	0
2846	8	4	6	0	0	0110060a00230050840001460101120	1caee9f4b7d45faf33b75eb9f25eedd	0	0
2847	8	6	6	0	1	0110060a04200070040101448009180	1caee9f4b3d75f8fb3b65ebb7356e7d	0	0
2848	8	3	7	0	1	01100622002300b0002101060009140	1caee9dcb7d45f4fb7965ef9f356ebd	0	0
2849	8	4	6	0	1	01100888142003300100014482010a0	1caee776a3d75ccfb6b75ebb715ef5d	0	0
2850	8	5	6	0	1	011008a204200160018001428005500	1caee75cb3d75e9fb6375ebd735aafd	0	0
2851	8	6	3	0	1	0110093001040042848000b08014300	1caee6ceb6f35fbd33375f4f734bcfd	0	0
2852	8	8	6	0	1	01100a0204400270040101460009180	1caee5fcb3b75d8fb3b65eb9f356e7d	0	0
2853	8	6	6	0	1	01100a0214400230040101460009180	1caee5fca3b75dcfb3b65eb9f356e7d	0	0
2854	8	4	6	0	1	01100a0214400270040001460009180	1caee5fca3b75d8fb3b75eb9f356e7d	0	0
2855	8	7	6	0	1	01100a0a04000270040101448009180	1caee5f4b3f75d8fb3b65ebb7356e7d	0	0
2856	8	3	6	0	1	01100a0a044000f0040101060009108	1caee5f4b3b75f0fb3b65ef9f356ef5	0	0
2857	8	4	9	0	1	01100a1800140868040002228005240	1caee5e6b7e35797b3b75ddd735adbd	0	0
2858	8	4	3	0	0	01100a1800140868040002228101240	1caee5e6b7e35797b3b75ddd725edbd	0	0
2859	8	4	1	0	0	011020b000220530008001428014500	1caecf4eb7d55acfb7375ebd734bafd	0	0
2860	8	7	4	0	0	0110212020020a18040111101048120	1caecede97f555e7b3b64eefe317edd	0	0
2861	8	5	4	0	1	01102420210340200021048c0041018	1caecbde96f41fdfb7965b73f31efe5	0	0
2862	8	5	10	0	1	01102808142001500500014480050a0	1caec7f6a3d75eafb2b75ebb735af5d	0	0
2863	8	9	4	0	1	01104040814002a8020100ac0011050	1caeafbe36b75d57b5b65f53f34efad	0	0
2864	8	7	2	0	0	0110412800021210840101448208120	1caeaed6b7f54def33b65ebb7157edd	0	0
2865	8	1	6	0	1	0110412800220270050001409008120	1caeaed6b7d55d8fb2b75ebf6357edd	0	0
2866	8	4	8	0	0	0110412800221230000101448208024	1caeaed6b7d54dcfb7b65ebb7157fd9	0	0
2867	8	4	2	0	0	0110412800221230000101448208120	1caeaed6b7d54dcfb7b65ebb7157edd	0	0
2868	8	4	3	0	1	0110414201020a18001008580002910	1caeaebcb6f555e7b7a757a7f35d6ed	0	0
2869	8	4	4	0	1	011080a2022008b0000111120005044	1cae6f5cb5d7574fb7b64eedf35afb9	0	0
2870	8	6	2	0	1	0110810a002300300021030a0005140	1cae6ef4b7d45fcfb7965cf5f35aebd	0	0
2871	8	7	4	0	1	0110811400040264022002888240009	1cae6eeab7f35d9bb5975d77711fff4	0	0
2872	8	8	4	0	1	01108120002340202021050a0041048	1cae6edeb7d41fdf97965af5f31efb5	0	0
2873	8	5	6	0	0	0110812080234020001114028003208	1cae6ede37d41fdfb7a64bfd735cdf5	0	0
2874	8	5	4	0	1	0110812200a100600101050a004100c	1cae6edcb7565f9fb6b65af5f31eff1	0	0
2875	8	6	7	0	1	01108202101300280022410a0009050	1cae6dfca7e45fd7b7951ef5f356fad	0	0
2876	8	4	9	0	1	0110820a00310068002040422009041	1cae6df4b7c65f97b7971fbdd356fbc	0	0
2877	8	2	6	0	1	01108222012000e4060002440014009	1cae6ddcb6d75f1bb1b75dbbf34bff4	0	0
2878	8	5	6	0	1	0110822800610050040101460009028	1cae6dd6b7965fafb3b65eb9f356fd5	0	0
2879	8	6	4	0	0	01108420228000a1008104205300088	1cae6bde95775f5eb7365bdfa05ff75	0	0
2880	8	3	7	0	1	01108422002300b0002101060009044	1cae6bdcb7d45f4fb7965ef9f356fb9	0	0
2881	8	5	2	0	0	0110842800230402040101460011220	1cae6bd6b7d45bfdb3b65eb9f34eddd	0	0
2882	8	5	8	0	1	0110880224200890040111120006041	1cae67fc93d7576fb3b64eedf359fbc	0	0
2883	8	6	4	0	0	0110a0021013002800a0014a0101014	1cae4ffca7e45fd7b7175eb5f25efe9	0	0
2884	8	5	2	0	1	0110a0220013006000a0014a0009110	1cae4fdcb7e45f9fb7175eb5f356eed	0	0
2885	8	6	1	0	0	0110a030002200a0840114003140028	1cae4fceb7d55f5f33b64bffc21ffd5	0	0
2886	8	2	6	0	1	0110c02022020624001104880201028	1cae2fde95f559dbb7a65b77f15efd5	0	0
2887	8	4	4	0	1	01120090810402a40200042c0012050	1cacef6e36f35d5bb5b75bd3f34dfad	0	0
2888	8	6	6	0	0	0112021200140051030000624208088	1cacedecb7e35faeb4b75f9db157f75	0	0
2889	8	4	3	0	0	01120800344040910001018602080c0	1cace7fe83b71f6eb7b65e79f157f3d	0	0
2890	8	5	6	0	1	01120802142001500500014600050a0	1cace7fca3d75eafb2b75eb9f35af5d	0	0
2891	8	7	6	0	0	01120810101040818402402a00060a0	1cace7eea7e71f7e33b51fd5f359f5d	0	0
2892	8	4	7	0	1	0112400210a001700100014c0009028	1cacaffca7575e8fb6b75eb3f356fd5	0	0
2893	8	3	6	0	1	0112402080064081850000205050208	1cacafde37f11f7e32b75fdfa30fdf5	0	0
2894	8	9	6	0	0	012000a081414004102400ac0009410	1c9eef5e36b61ffba7935f53f356bed	0	0
2895	8	9	6	0	0	012001021211402020a0408a0009011	1c9eeefca5e61fdf97171f75f356fec	0	0
2896	8	9	9	0	0	01200104120202a8009010805210220	1c9eeefaa5f55d57b7274f7fa14fddd	0	0
2897	8	6	3	0	1	0120018603000060801240980012180	1c9eee78b4f75f9f37a51f67f34de7d	0	0
2898	8	6	7	0	0	01200192001240300014044a0202050	1c9eee6cb7e51fcfb7a35bb5f15dfad	0	0
2899	8	9	6	0	0	0120020214200154050001448009480	1c9eedfca3d75eabb2b75ebb7356b7d	0	0
2900	8	6	4	0	0	012002a403000220128000a48011410	1c9eed5ab4f75ddfa5375f5b734ebed	0	0
2901	8	6	9	0	0	0120031011400224022000c44200850	1c9eeceea6b75ddbb5975f3bb15f7ad	0	0
2902	8	6	6	0	0	0120031011400224060000c44010a10	1c9eeceea6b75ddbb1b75f3bb34f5ed	0	0
2903	8	6	0	0	0	0120033001400224022000c44200850	1c9eecceb6b75ddbb5975f3bb15f7ad	0	0
2904	8	6	0	0	0	0120035001400224022000cc0008850	1c9eecaeb6b75ddbb5975f33f3577ad	0	0
2905	8	4	4	0	0	012004a8018100a10004006c000a120	1c9eeb56b6765f5eb7b35f93f355edd	0	0
2906	8	4	10	0	1	0120051023000870000102888048044	1c9eeaee94f7578fb7b65d777317fb9	0	0
2907	8	2	4	0	1	01200544020200e8009040801050220	1c9eeabab5f55f17b7271f7fe30fddd	0	0
2908	8	6	4	0	0	0120064803000041200340490018500	1c9ee9b6b4f75fbe97b41fb6f347afd	0	0
2909	8	5	6	0	1	01200890122001a0008250101014220	1c9ee76ea5d75e5fb7350fefe34bddd	0	0
2910	8	6	10	0	0	01200894001440240006022811100a0	1c9ee76ab7e31fdbb7b15dd7e24ff5d	0	0
2911	8	1	6	0	0	012008a081414004102400ac0001410	1c9ee75e36b61ffba7935f53f35ebed	0	0
2912	8	3	9	0	1	012008b000141060808200908012180	1c9ee74eb7e34f9f37355f6f734de7d	0	0
2913	8	6	10	0	1	0120092022201010210104828240009	1c9ee6de95d74fef96b65b7d711fff4	0	0
2914	8	4	10	0	1	0120092022205010200104828240009	1c9ee6de95d70fef97b65b7d711fff4	0	0
2915	8	6	7	0	0	0120093000244021040100a28006240	1c9ee6ceb7d31fdeb3b65f5d7359dbd	0	0
2916	8	8	6	0	1	01200a2000454001150000aa0048009	1c9ee5deb7b21ffea2b75f55f317ff4	0	0
2917	8	5	10	0	0	012020809600481000121040900a480	1c9ecf7e21f717efb7a54fbf6355b7d	0	0
2918	8	7	7	0	0	01202090800404a1010402380050204	1c9ecf6e37f35b5eb6b35dc7f30fdf9	0	0
2919	8	6	1	0	1	01202092001240300014044a0202090	1c9ecf6cb7e51fcfb7a35bb5f15df6d	0	0
2920	8	6	7	0	0	0120211020500048240406180048201	1c9eceee97a75fb793b359e7f317dfc	0	0
2921	8	8	7	0	0	0120220014200154050001448009420	1c9ecdfea3d75eabb2b75ebb7356bdd	0	0
2922	8	7	9	0	0	0120220810200154050001448009420	1c9ecdf6a7d75eabb2b75ebb7356bdd	0	0
2923	8	6	1	0	1	0120221011400224060000c44010a10	1c9ecdeea6b75ddbb1b75f3bb34f5ed	0	0
2924	8	6	0	0	1	01202210814000a4060000c44010a10	1c9ecdee36b75f5bb1b75f3bb34f5ed	0	0
2925	8	7	4	0	0	01202418000204910500006a0202024	1c9ecbe6b7f55b6eb2b75f95f15dfd9	0	0
2926	8	8	2	0	0	01202800105040a10500022a0041204	1c9ec7fea7a71f5eb2b75dd5f31edf9	0	0
2927	8	5	7	0	1	0120280030504060050002881011280	1c9ec7fe87a71f9fb2b75d77e34ed7d	0	0
2928	8	3	2	0	1	0120281010144060848000888011280	1c9ec7eea7e31f9f33375f77734ed7d	0	0
2929	8	5	0	0	1	0120281020144060048004881018280	1c9ec7ee97e31f9fb3375b77e347d7d	0	0
2930	8	1	8	0	1	01202810205000f00404060a0040005	1c9ec7ee97a75f0fb3b359f5f31fff8	0	0
2931	8	5	8	0	0	01202818001400d0048002281012420	1c9ec7e6b7e35f2fb3375dd7e34dbdd	0	0
2932	8	5	10	0	1	01202850001400c4018002281012220	1c9ec7aeb7e35f3bb6375dd7e34dddd	0	0
2933	8	7	4	0	0	012040a402000a20128000a41011410	1c9eaf5ab5f755dfa5375f5be34ebed	0	0
2934	8	7	7	0	0	012040c402000a20120202841110011	1c9eaf3ab5f755dfa5b55d7be24ffec	0	0
2935	8	5	7	0	0	012040c402040a20020202841110011	1c9eaf3ab5f355dfb5b55d7be24ffec	0	0
2936	8	4	7	0	0	012040c402040a20120002841110011	1c9eaf3ab5f355dfa5b75d7be24ffec	0	0
2937	8	3	9	0	1	01204104120202a8009000805210220	1c9eaefaa5f55d57b7275f7fa14fddd	0	0
2938	8	2	10	0	0	0120412200225011010100c2020800c	1c9eaedcb7d50feeb6b65f3df157ff1	0	0
2939	8	3	4	0	0	01204160014042202021008c0001850	1c9eae9eb6b71ddf97965f73f35e7ad	0	0
2940	8	5	6	0	1	0120480030504060050002881011280	1c9ea7fe87a71f9fb2b75d77e34ed7d	0	0
2941	8	6	8	0	0	0120480092041020200312101110220	1c9ea7fe25f34fdf97b44defe24fddd	0	0
2942	8	2	10	0	0	0120480092045020200312001110220	1c9ea7fe25f30fdf97b44dffe24fddd	0	0
2943	8	8	4	0	1	0120604000120858011000d800030a0	1c9e8fbeb7e557a7b6a75f27f35cf5d	0	0
2944	8	2	2	0	0	012080a4020202a4001214001300030	1c9e6f5ab5f55d5bb7a54bffe05ffcd	0	0
2945	8	8	4	0	0	012081001221100032804080a050401	1c9e6efea5d64fff85371f7f530fbfc	0	0
2946	8	6	6	0	0	012081021211002020a0408a0009011	1c9e6efca5e65fdf97171f75f356fec	0	0
2947	8	8	4	0	1	01208104020202b0009000b01050220	1c9e6efab5f55d4fb7275f4fe30fddd	0	0
2948	8	5	9	0	0	01208104120202a0009010805210220	1c9e6efaa5f55d5fb7274f7fa14fddd	0	0
2949	8	6	6	0	0	01208110101400640024420812080a0	1c9e6eeea7e35f9bb7931df7e157f5d	0	0
2950	8	6	2	0	1	0120811010a000b00480402050140a0	1c9e6eeea7575f4fb3371fdfa34bf5d	0	0
2951	8	1	4	0	1	0120811011800164002402488200208	1c9e6eeea6775e9bb7935db7715fdf5	0	0
2952	8	7	9	0	1	01208114000202a4009000b80012030	1c9e6eeab7f55d5bb7275f47f34dfcd	0	0
2953	8	5	8	0	1	0120812080251020001100a28012280	1c9e6ede37d24fdfb7a65f5d734dd7d	0	0
2954	8	8	4	0	1	0120820014800154050001428009420	1c9e6dfea3775eabb2b75ebd7356bdd	0	0
2955	8	7	8	0	1	0120820a0004105014104020a00a480	1c9e6df4b7f34fafa3a71fdf5355b7d	0	0
2956	8	7	8	0	1	0120820a0004106014104020a102090	1c9e6df4b7f34f9fa3a71fdf525df6d	0	0
2957	8	6	6	0	1	012082120014007004100062800a280	1c9e6decb7e35f8fb3a75f9d7355d7d	0	0
2958	8	4	4	0	0	0120822010c00154040001460009420	1c9e6ddea7375eabb3b75eb9f356bdd	0	0
2959	8	6	0	0	1	0120822011400224022000c44201050	1c9e6ddea6b75ddbb5975f3bb15efad	0	0
2960	8	4	6	0	0	0120822800450061000402260009208	1c9e6dd6b7b25f9eb7b35dd9f356df5	0	0
2961	8	6	7	0	1	01208402220500202011028a0110041	1c9e6bfc95f25fdf97a65d75f24ffbc	0	0
2962	8	5	8	0	0	01208800902510200003500091020a0	1c9e67fe27d24fdfb7b40fff625df5d	0	0
2963	8	6	9	0	0	0120880810250006000341041012420	1c9e67f6a7d25ff9b7b41efbe34dbdd	0	0
2964	8	4	6	0	1	01208810205000f0040004281042090	1c9e67ee97a75f0fb3b75bd7e31df6d	0	0
2965	8	5	6	0	0	01208818001400d0048002281012420	1c9e67e6b7e35f2fb3375dd7e34dbdd	0	0
2966	8	6	2	0	1	01208818005000700402022900030a0	1c9e67e6b7a75f8fb3b55dd6f35cf5d	0	0
2967	8	8	6	0	0	0120882000240860210150003041420	1c9e67deb7d3579f96b60fffc31ebdd	0	0
2968	8	8	6	0	1	01208820004508240005012c0041014	1c9e67deb7b257dbb7b25ed3f31efe9	0	0
2969	8	5	6	0	1	01208830001400e0048004281012090	1c9e67ceb7e35f1fb3375bd7e34df6d	0	0
2970	8	5	4	0	1	0120a00091054020000512088003220	1c9e4ffe26f21fdfb7b24df7735cddd	0	0
2971	8	6	9	0	1	0120a010101400640024024812080a0	1c9e4feea7e35f9bb7935db7e157f5d	0	0
2972	8	6	7	0	1	0120a01010140064002402481208220	1c9e4feea7e35f9bb7935db7e157ddd	0	0
2973	8	4	4	0	1	0120c02081040189040008304010a04	1c9e2fde36f35e76b3b757cfb34f5f9	0	0
2974	8	9	4	0	0	0122002080830085010400a44041220	1c9cefde37745f7ab6b35f5bb31eddd	0	0
2975	8	5	4	0	0	01220086030001600006500c0005030	1c9cef78b4f75e9fb7b10ff3f35afcd	0	0
2976	8	4	0	0	1	0122008603000a201004408c0009090	1c9cef78b4f755dfa7b31f73f356f6d	0	0
2977	8	6	7	0	1	0122010412020218009000c05210220	1c9ceefaa5f55de7b7275f3fa14fddd	0	0
2978	8	6	0	0	1	0122010c02020218009000c05210220	1c9ceef2b5f55de7b7275f3fa14fddd	0	0
2979	8	2	4	0	1	0122014402020258009000c01050220	1c9ceebab5f55da7b7275f3fe30fddd	0	0
2980	8	2	0	0	1	0122014402200258009000c01050220	1c9ceebab5d75da7b7275f3fe30fddd	0	0
2981	8	5	3	0	1	0122014402200850030000c09048081	1c9ceebab5d757afb4b75f3f6317f7c	0	0
2982	8	3	3	0	1	0122014402200850130000809048081	1c9ceebab5d757afa4b75f7f6317f7c	0	0
2983	8	5	6	0	1	01220202142001500500014600090a0	1c9cedfca3d75eafb2b75eb9f356f5d	0	0
2984	8	6	7	0	1	0122021010440214022000a44201050	1c9cedeea7b35debb5975f5bb15efad	0	0
2985	8	3	4	0	1	01220414020201a10082002a0018204	1c9cebeab5f55e5eb7355fd5f347df9	0	0
2986	8	6	6	0	0	01220810101440240006022811100a0	1c9ce7eea7e31fdbb7b15dd7e24ff5d	0	0
2987	8	1	6	0	1	0122081010504084840200a81010280	1c9ce7eea7a71f7b33b55f57e34fd7d	0	0
2988	8	1	4	0	0	0122081010504085040200aa0002240	1c9ce7eea7a71f7ab3b55f55f35ddbd	0	0
2989	8	4	6	0	1	01220810205040b0000400aa0018081	1c9ce7ee97a71f4fb7b35f55f347f7c	0	0
2990	8	6	0	0	0	01220814001440240006022811100a0	1c9ce7eab7e31fdbb7b15dd7e24ff5d	0	0
2991	8	1	4	0	1	01220814001440a4008400a88010201	1c9ce7eab7e31f5bb7335f57734fdfc	0	0
2992	8	6	4	0	1	0122201020440051030000a2424000c	1c9ccfee97b35faeb4b75f5db11fff1	0	0
2993	8	6	4	0	1	01222010205000980404022a0050005	1c9ccfee97a75f67b3b35dd5f30fff8	0	0
2994	8	9	4	0	1	018001120104024a040102980044204	1c3eeeecb6f35db5b3b65d67f31bdf9	0	0
2995	8	9	6	0	0	01800130001202a8048000a05050210	1c3eeeceb7e55d57b3375f5fa30fded	0	0
2997	8	9	6	0	1	0180020214200170050001460009088	1c3eedfca3d75e8fb2b75eb9f356f75	0	0
2998	8	9	2	0	1	01800206050000e080034114000c180	1c3eedf8b2f75f1f37b41eebf353e7d	0	0
2999	8	7	4	0	0	018002a4040008a0800511140005180	1c3eed5ab3f7575f37b24eebf35ae7d	0	0
3000	8	4	3	0	1	018002c01281040c0002410a0003030	1c3eed3ea5765bf3b7b51ef5f35cfcd	0	0
3001	8	1	6	0	1	018002c016000c18001201520002088	1c3eed3ea1f753e7b7a55eadf35df75	0	0
3002	8	3	7	0	0	01800324002300b0002101041048108	1c3eecdab7d45f4fb7965efbe317ef5	0	0
3003	8	5	4	0	0	0180032800a10050042001260005104	1c3eecd6b7565fafb3975ed9f35aef9	0	0
3004	8	6	4	0	1	0180033001040228040108282050014	1c3eecceb6f35dd7b3b657d7d30ffe9	0	0
3005	8	4	4	0	1	0180033001040268040008282050014	1c3eecceb6f35d97b3b757d7d30ffe9	0	0
3007	8	5	6	0	0	01800342001240480410014a000a280	1c3eecbcb7e51fb7b3a75eb5f355d7d	0	0
3008	8	7	10	0	1	01800344002000d8002141003048180	1c3eecbab7d75f27b7961effc317e7d	0	0
3010	8	7	8	0	1	01800344002000f0002141003048180	1c3eecbab7d75f0fb7961effc317e7d	0	0
3011	8	6	2	0	0	018003440220005100034112000c180	1c3eecbab5d75faeb7b41eedf353e7d	0	0
3018	8	4	3	0	0	01800350008200d084005002100c120	1c3eecaeb7755f2f33b70ffde353edd	0	0
3019	8	7	10	0	0	01800492008001608006500c0005090	1c3eeb6cb7775e9f37b10ff3f35af6d	0	0
3020	8	7	4	0	0	018004b00200121010821080c200c04	1c3eeb4eb5f74defa7354f7f315f3f9	0	0
3021	8	6	1	0	1	018004c0850010202022028c0040910	1c3eeb3e32f74fdf97955d73f31f6ed	0	0
3022	8	6	1	0	1	018004c402020218009000c053000a0	1c3eeb3ab5f55de7b7275f3fa05ff5d	0	0
3023	8	8	7	0	1	0180050202030098001101980048044	1c3eeafcb5f45f67b7a65e67f317fb9	0	0
3024	8	8	2	0	1	01800510014002a8040102290042210	1c3eeaeeb6b75d57b3b65dd6f31dded	0	0
3025	8	4	7	0	1	0180051080065020240000a84050210	1c3eeaee37f10fdf93b75f57b30fded	0	0
3026	8	6	9	0	0	0180051200120068041000ca000a0c0	1c3eeaecb7e55f97b3a75f35f355f3d	0	0
3027	8	6	7	0	0	0180051200120068041000ca000a240	1c3eeaecb7e55f97b3a75f35f355dbd	0	0
3028	8	6	8	0	0	0180051200120070041000ca000a0c0	1c3eeaecb7e55f8fb3a75f35f355f3d	0	0
3029	8	6	7	0	0	01800512001240300014006a0202050	1c3eeaecb7e51fcfb7a35f95f15dfad	0	0
3030	8	6	4	0	0	01800512001240300014006a02020c0	1c3eeaecb7e51fcfb7a35f95f15df3d	0	0
3031	8	6	4	0	0	01800512001240300014006a0240044	1c3eeaecb7e51fcfb7a35f95f11ffb9	0	0
3032	8	6	2	0	0	01800512001240300014006a0240050	1c3eeaecb7e51fcfb7a35f95f11ffad	0	0
3033	8	7	6	0	0	0180051800020298048000a05300030	1c3eeae6b7f55d67b3375f5fa05ffcd	0	0
3034	8	6	10	0	1	0180053000061028028000a06050014	1c3eeaceb7f14fd7b5375f5f930ffe9	0	0
3035	8	6	6	0	0	01800530001200a8048000a05050210	1c3eeaceb7e55f57b3375f5fa30fded	0	0
3036	8	2	7	0	0	01800530001210a8028000a04210014	1c3eeaceb7e54f57b5375f5fb14ffe9	0	0
3037	8	4	0	0	0	0180053000145020240000a84050090	1c3eeaceb7e30fdf93b75f57b30ff6d	0	0
3038	8	7	4	0	1	01800530010000c88401089800060a0	1c3eeaceb6f75f3733b65767f359f5d	0	0
3039	8	5	6	0	1	0180053001020288048000b04012210	1c3eeaceb6f55d77b3375f4fb34dded	0	0
3040	8	1	2	0	0	01800530018000e40404022c0008028	1c3eeaceb6775f1bb3b35dd3f357fd5	0	0
3041	8	1	1	0	0	01800530018001640404022c0008028	1c3eeaceb6775e9bb3b35dd3f357fd5	0	0
3042	8	4	0	0	0	01800530018001a40004022c0208028	1c3eeaceb6775e5bb7b35dd3f157fd5	0	0
3043	8	1	0	0	0	01800530018001a40404022c0008028	1c3eeaceb6775e5bb3b35dd3f357fd5	0	0
3044	8	2	8	0	1	0180054081045020202102880040a10	1c3eeabe36f30fdf97965d77f31f5ed	0	0
3045	8	6	0	0	0	01800540850010202022028c0040910	1c3eeabe32f74fdf97955d73f31f6ed	0	0
3046	8	6	7	0	1	0180054202020098001101980048044	1c3eeabcb5f55f67b7a65e67f317fb9	0	0
3047	8	2	7	0	1	0180054202030098001101880048044	1c3eeabcb5f45f67b7a65e77f317fb9	0	0
3048	8	5	6	0	1	01800542020302080011408a0041014	1c3eeabcb5f45df7b7a61f75f31efe9	0	0
3049	8	4	7	0	0	01800544002200e8002041021108104	1c3eeabab7d55f17b7971efde257ef9	0	0
3050	8	5	7	0	1	01800544022000d0002141021208104	1c3eeabab5d75f2fb7961efde157ef9	0	0
3051	8	6	6	0	0	018005500012005084804042100a120	1c3eeaaeb7e55faf33371fbde355edd	0	0
3052	8	6	6	0	0	018005500012006080a04048100a180	1c3eeaaeb7e55f9f37171fb7e355e7d	0	0
3053	8	2	7	0	0	0180055000120858041000c8000a0c0	1c3eeaaeb7e557a7b3a75f37f355f3d	0	0
3054	8	7	3	0	0	01800550010000d020a04021400a500	1c3eeaaeb6f75f2f97171fdeb355afd	0	0
3055	8	4	7	0	1	018005500102026020204049000a110	1c3eeaaeb6f55d9f97971fb6f355eed	0	0
3056	8	6	4	0	1	0180055001024020202240890040818	1c3eeaaeb6f51fdf97951f76f31f7e5	0	0
3057	8	5	7	0	1	0180055001404220000302890002a10	1c3eeaaeb6b71ddfb7b45d76f35d5ed	0	0
3058	8	2	4	0	0	018005600022016800a050001005140	1c3eea9eb7d55e97b7170fffe35aebd	0	0
3059	8	3	6	0	0	018005600102028c0410008c0002830	1c3eea9eb6f55d73b3a75f73f35d7cd	0	0
3060	8	2	8	0	1	018005600102028c041008880002830	1c3eea9eb6f55d73b3a75777f35d7cd	0	0
3061	8	4	0	0	0	0180056001021220202000cc0048110	1c3eea9eb6f54ddf97975f33f317eed	0	0
3062	8	7	7	0	1	01800612000402a8001108980100890	1c3ee9ecb7f35d57b7a65767f25f76d	0	0
3063	8	6	1	0	0	0180061200120068041000ca01080c0	1c3ee9ecb7e55f97b3a75f35f257f3d	0	0
3064	8	3	6	0	0	0180062081050428000500244041220	1c3ee9de36f25bd7b7b25fdbb31eddd	0	0
3065	8	5	4	0	1	01800630010402a00401088c0010890	1c3ee9ceb6f35d5fb3b65773f34f76d	0	0
3066	8	6	10	0	1	0180064402040418020101828001890	1c3ee9bab5f35be7b5b65e7d735e76d	0	0
3067	8	3	6	0	1	01800660010402a80011008c0010890	1c3ee99eb6f35d57b7a65f73f34f76d	0	0
3068	8	7	4	0	1	018008b0008001640402014c00060a0	1c3ee74eb7775e9bb3b55eb3f359f5d	0	0
3069	8	3	6	0	0	0180091010144060848000881014280	1c3ee6eea7e31f9f33375f77e34bd7d	0	0
3070	8	5	2	0	0	0180092800a10050042001260005104	1c3ee6d6b7565fafb3975ed9f35aef9	0	0
3071	8	4	4	0	0	0180093000141068008000b80014084	1c3ee6ceb7e34f97b7375f47f34bf79	0	0
3072	8	6	3	0	0	0180093000c00064040400ac0009088	1c3ee6ceb7375f9bb3b35f53f356f75	0	0
3073	8	5	4	0	0	0180093001040248040118180006024	1c3ee6ceb6f35db7b3b647e7f359fd9	0	0
3074	8	7	6	0	0	0180094010200168012050003005280	1c3ee6bea7d75e97b6970fffc35ad7d	0	0
3075	8	7	6	0	0	0180096000200268010150003041024	1c3ee69eb7d75d97b6b60fffc31efd9	0	0
3076	8	7	6	0	1	01800a0214000170050001460009088	1c3ee5fca3f75e8fb2b75eb9f356f75	0	0
3077	8	6	9	0	1	01800a0810a10010142001260005104	1c3ee5f6a7565fefa3975ed9f35aef9	0	0
3078	8	5	10	0	1	01800a0814800150050001460009028	1c3ee5f6a3775eafb2b75eb9f356fd5	0	0
3079	8	3	7	0	0	01800a1020441230040100242102090	1c3ee5ee97b34dcfb3b65fdbd25df6d	0	0
3080	8	7	8	0	0	01800a2010041428000311180012088	1c3ee5dea7f34bd7b7b44ee7f34df75	0	0
3081	8	7	10	0	1	01800a2010800154050001460009028	1c3ee5dea7775eabb2b75eb9f356fd5	0	0
3082	8	6	10	0	0	01800a2012800814000501460009408	1c3ee5dea57757ebb7b25eb9f356bf5	0	0
3083	8	6	7	0	0	01800a2012800814000501540009408	1c3ee5dea57757ebb7b25eabf356bf5	0	0
3084	8	4	7	0	0	01800a20140414280002013400060a0	1c3ee5dea3f34bd7b7b55ecbf359f5d	0	0
3085	8	5	10	0	1	01800a2014800144050001460009028	1c3ee5dea3775ebbb2b75eb9f356fd5	0	0
3086	8	6	10	0	0	01800a2400240070002111060005104	1c3ee5dab7d35f8fb7964ef9f35aef9	0	0
3087	8	6	0	0	1	01800a2800a10010142001260005104	1c3ee5d6b7565fefa3975ed9f35aef9	0	0
3088	8	5	1	0	1	01800a2800a10050042001260005104	1c3ee5d6b7565fafb3975ed9f35aef9	0	0
3089	8	6	6	0	1	01800a4010240068012050003005280	1c3ee5bea7d35f97b6970fffc35ad7d	0	0
3090	8	6	8	0	1	01800a4011041008200312180014208	1c3ee5bea6f34ff797b44de7f34bdf5	0	0
3091	8	1	10	0	1	01800a4011045008200312082010208	1c3ee5bea6f30ff797b44df7d34fdf5	0	0
3092	8	4	8	0	1	01800a4021041048200112180014208	1c3ee5be96f34fb797b64de7f34bdf5	0	0
3093	8	8	8	0	1	01800c20008508240005012c0041014	1c3ee3deb77257dbb7b25ed3f31efe9	0	0
3094	8	8	4	0	1	01800c4003000258000318180003024	1c3ee3beb4f75da7b7b447e7f35cfd9	0	0
3095	8	9	3	0	0	0180201010220194060010441208028	1c3ecfeea7d55e6bb1b74fbbe157fd5	0	0
3096	8	6	4	0	0	0180213000140048848000b01014280	1c3ececeb7e35fb733375f4fe34bd7d	0	0
3097	8	5	3	0	0	0180215000120848041000ca000a280	1c3eceaeb7e557b7b3a75f35f355d7d	0	1
3098	8	8	10	0	1	0180220014200154050001460009028	1c3ecdfea3d75eabb2b75eb9f356fd5	0	0
3099	8	8	10	0	1	0180222000220154050001460009028	1c3ecddeb7d55eabb2b75eb9f356fd5	0	0
3100	8	7	10	0	1	0180222010200154050001460009028	1c3ecddea7d75eabb2b75eb9f356fd5	0	0
3101	8	6	10	0	1	0180222010220114050001460009028	1c3ecddea7d55eebb2b75eb9f356fd5	0	0
3102	8	5	10	0	1	0180222014200144050001460009028	1c3ecddea3d75ebbb2b75eb9f356fd5	0	0
3103	8	6	8	0	0	018022420014005804101042200a201	1c3ecdbcb7e35fa7b3a74fbdd355dfc	0	0
3104	8	4	10	0	0	018022420014405800101042200a201	1c3ecdbcb7e31fa7b7a74fbdd355dfc	0	0
3105	8	6	4	0	0	0180242200064014000501860201410	1c3ecbdcb7f11febb7b25e79f15ebed	0	0
3106	8	6	8	0	0	018024300014009400a000a05200c10	1c3ecbceb7e35f6bb7175f5fa15f3ed	0	0
3107	8	6	10	0	1	01802450000602180011104a000a024	1c3ecbaeb7f15de7b7a64fb5f355fd9	0	0
3108	8	3	3	0	1	0180284010144048848000881011280	1c3ec7bea7e31fb733375f77e34ed7d	0	0
3109	8	4	0	0	0	0180284020144051010002803240280	1c3ec7be97e31faeb6b75d7fc11fd7d	0	0
3110	8	9	8	0	1	0180400091041428000302980012208	1c3eaffe26f34bd7b7b45d67f34ddf5	0	0
3111	8	8	6	0	1	0180414000220298002141101048104	1c3eaebeb7d55d67b7961eefe317ef9	0	0
3112	8	4	8	0	1	0180414020a00258000141101048024	1c3eaebe97575da7b7b61eefe317fd9	0	0
3113	8	4	2	0	1	0180414020a00258000141101048120	1c3eaebe97575da7b7b61eefe317edd	0	0
3114	8	2	10	0	1	0180414020a00258010141001048024	1c3eaebe97575da7b6b61effe317fd9	0	0
3115	8	4	4	0	0	01804140810212202001404c000a120	1c3eaebe36f54ddf97b61fb3f355edd	0	0
3116	8	4	9	0	0	01804244022000c1200150102009108	1c3eadbab5d75f3e97b60fefd356ef5	0	0
3117	8	4	3	0	0	01804244022000c1200150102009300	1c3eadbab5d75f3e97b60fefd356cfd	0	0
3118	8	8	4	0	1	018044400140028a040100ac0003210	1c3eabbeb6b75d75b3b65f53f35cded	0	0
3119	8	9	6	0	1	01808020204302240081018c0009014	1c3e6fde97b45ddbb7365e73f356fe9	0	0
3120	8	9	2	0	1	01808020204302240081018c0009050	1c3e6fde97b45ddbb7365e73f356fad	0	0
3121	8	4	3	0	0	0180808093010400a00250180003060	1c3e6f7e24f65bff17b50fe7f35cf9d	0	0
3122	8	4	6	0	0	018080a081040628000110980003030	1c3e6f5e36f359d7b7b64f67f35cfcd	0	0
3123	8	4	4	0	0	018080a081040628000110980003060	1c3e6f5e36f359d7b7b64f67f35cf9d	0	0
3124	8	3	3	0	1	018080a081050428000500888041050	1c3e6f5e36f25bd7b7b25f77731efad	0	0
3125	8	6	0	0	0	01808102201300300090018a000a140	1c3e6efc97e45fcfb7275e75f355ebd	0	0
3126	8	3	2	0	0	01808102201340300090010a0008844	1c3e6efc97e41fcfb7275ef5f3577b9	0	0
3127	8	3	0	0	0	01808102201340300090010a000a044	1c3e6efc97e41fcfb7275ef5f355fb9	0	0
3128	8	2	2	0	0	0180810220134030009041020008844	1c3e6efc97e41fcfb7271efdf3577b9	0	0
3129	8	2	0	0	0	018081022013403000904102000a044	1c3e6efc97e41fcfb7271efdf355fb9	0	0
3130	8	4	4	0	1	0180811021800264040040282012014	1c3e6eee96775d9bb3b71fd7d34dfe9	0	0
3131	8	6	3	0	0	0180811200120070041000ca000a0c0	1c3e6eecb7e55f8fb3a75f35f355f3d	0	0
3132	8	7	6	0	1	01808120102000f004200182100c180	1c3e6edea7d75f0fb3975e7de353e7d	0	0
3133	8	6	2	0	1	0180812010a00050250003120041028	1c3e6edea7575faf92b75cedf31efd5	0	0
3134	8	6	8	0	0	01808124001200a4001440205240028	1c3e6edab7e55f5bb7a31fdfa11ffd5	0	0
3135	8	5	6	0	0	01808130001202a0048000a05050210	1c3e6eceb7e55d5fb3375f5fa30fded	0	0
3136	8	3	4	0	1	018082003500104094804000a006500	1c3e6dfe82f74fbf23371fff5359afd	0	0
3137	8	4	10	0	0	0180820092020514020001428009440	1c3e6dfe25f55aebb5b75ebd7356bbd	0	0
3138	8	4	0	0	0	0180820092810414000241024003420	1c3e6dfe25765bebb7b51efdb35cbdd	0	0
3139	8	4	7	0	0	0180820210830114000241044009408	1c3e6dfca7745eebb7b51efbb356bf5	0	0
3140	8	4	4	0	0	0180820214800154040001460009408	1c3e6dfca3775eabb3b75eb9f356bf5	0	0
3141	8	6	7	0	1	018082088402101014100060a00a500	1c3e6df633f54fefa3a75f9f5355afd	0	0
3142	8	2	2	0	0	0180820a04020294040109040009410	1c3e6df4b3f55d6bb3b656fbf356bed	0	0
3143	8	5	4	0	1	0180821020441220040100a82140090	1c3e6dee97b34ddfb3b65f57d21ff6d	0	0
3144	8	4	0	0	1	0180821020441230040000a06140090	1c3e6dee97b34dcfb3b75f5f921ff6d	0	0
3145	8	7	4	0	0	01808220100414280003111800060a0	1c3e6ddea7f34bd7b7b44ee7f359f5d	0	0
3146	8	3	6	0	0	0180822010420530040201060009088	1c3e6ddea7b55acfb3b55ef9f356f75	0	0
3147	8	6	4	0	0	0180822010c00114040201260009408	1c3e6ddea7375eebb3b55ed9f356bf5	0	0
3148	8	5	4	0	0	0180822010c00144060001460009408	1c3e6ddea7375ebbb1b75eb9f356bf5	0	0
3149	8	4	4	0	0	0180822010c00154040001460009408	1c3e6ddea7375eabb3b75eb9f356bf5	0	0
3150	8	2	4	0	0	018082201203011100820142000c440	1c3e6ddea5f45eeeb7355ebdf353bbd	0	0
3151	8	3	3	0	0	0180822012810105020200224009408	1c3e6ddea5765efab5b55fddb356bf5	0	0
3152	8	1	9	0	0	0180822080430424000301860001050	1c3e6dde37b45bdbb7b45e79f35efad	0	0
3153	8	4	4	0	0	0180822200820154040001460009408	1c3e6ddcb7755eabb3b75eb9f356bf5	0	0
3154	8	6	2	0	0	0180822200a00054040101460009408	1c3e6ddcb7575fabb3b65eb9f356bf5	0	0
3155	8	6	2	0	1	0180822200a00054040101540009088	1c3e6ddcb7575fabb3b65eabf356f75	0	0
3156	8	3	2	0	1	0180822200a000d4040101140009088	1c3e6ddcb7575f2bb3b65eebf356f75	0	0
3157	8	4	10	0	0	0180823000120464002000ca0009048	1c3e6dceb7e55b9bb7975f35f356fb5	0	0
3158	8	6	1	0	1	0180841200120070041000ca000a0c0	1c3e6becb7e55f8fb3a75f35f355f3d	0	0
3159	8	8	0	0	1	01808420001410a8028000a05210090	1c3e6bdeb7e34f57b5375f5fa14ff6d	0	0
3160	8	7	2	0	0	01808820100414280003111800060a0	1c3e67dea7f34bd7b7b44ee7f359f5d	0	0
3161	8	5	6	0	0	018088202025005000a001241044404	1c3e67de97d25fafb7175edbe31bbf9	0	0
3162	8	3	6	0	1	0180882020500268048000281041014	1c3e67de97a75d97b3375fd7e31efe9	0	0
3163	8	6	2	0	1	0180882800250012040101260005024	1c3e67d6b7d25fedb3b65ed9f35afd9	0	0
3164	8	4	2	0	1	0180882800250052040001260005024	1c3e67d6b7d25fadb3b75ed9f35afd9	0	0
3165	8	3	2	0	1	0180882800250052040101060005024	1c3e67d6b7d25fadb3b65ef9f35afd9	0	0
3166	8	8	4	0	0	0180c00020121060848040403102120	1c3e2ffe97e54f9f33371fbfc25dedd	0	0
3167	8	7	4	0	1	01820094001002980280006052020a0	1c3cef6ab7e75d67b5375f9fa15df5d	0	0
3168	8	4	3	0	0	0182010212114000a080408a0009041	1c3ceefca5e61fff17371f75f356fbc	0	0
3169	8	5	6	0	1	0182020214200150050001460009088	1c3cedfca3d75eafb2b75eb9f356f75	0	0
3170	8	4	6	0	1	0182020214200170010001460009088	1c3cedfca3d75e8fb6b75eb9f356f75	0	0
3171	8	5	4	0	1	0182020214800150050001460009088	1c3cedfca3775eafb2b75eb9f356f75	0	0
3172	8	5	4	0	1	0182020814800150050001460009028	1c3cedf6a3775eafb2b75eb9f356fd5	0	0
3173	8	4	6	0	0	01820210205000f0008041060008814	1c3cedee97a75f0fb7371ef9f3577e9	0	0
3174	8	7	3	0	1	01820214004000f0008241060008814	1c3cedeab7b75f0fb7351ef9f3577e9	0	0
3175	8	6	3	0	1	01820214004200b0008241060008814	1c3cedeab7b55f4fb7351ef9f3577e9	0	0
3176	8	4	4	0	0	01820214004202b0000211024100904	1c3cedeab7b55d4fb7b54efdb25f6f9	0	0
3177	8	4	7	0	1	01820214004202b0000241060008814	1c3cedeab7b55d4fb7b51ef9f3577e9	0	0
3178	8	5	7	0	1	0182022010a00150050001460009028	1c3ceddea7575eafb2b75eb9f356fd5	0	0
3179	8	5	4	0	1	0182022800820150050001460009028	1c3cedd6b7755eafb2b75eb9f356fd5	0	0
3180	8	4	6	0	1	0182024012040618020001828001890	1c3cedbea5f359e7b5b75e7d735e76d	0	0
3181	8	7	6	0	1	018202600004028c0011018c0010890	1c3ced9eb7f35d73b7a65e73f34f76d	0	0
3182	8	6	6	0	1	0182043000060124028000a44011018	1c3cebceb7f15edbb5375f5bb34efe5	0	0
3183	8	7	8	0	0	01820820104005240082018c0001848	1c3ce7dea7b75adbb7355e73f35e7b5	0	0
3184	8	5	9	0	0	01820840124005040082018c0001848	1c3ce7bea5b75afbb7355e73f35e7b5	0	0
3185	8	5	7	0	0	01820840124005040202018c0001848	1c3ce7bea5b75afbb5b55e73f35e7b5	0	0
3186	8	5	1	0	1	0182201010144040848002881014280	1c3ccfeea7e31fbf33375d77e34bd7d	0	0
3187	8	5	3	0	1	01822010205000d0018002205240204	1c3ccfee97a75f2fb6375ddfa11fdf9	0	1
3188	8	3	3	0	1	01822050001400d80090008840028a0	1c3ccfaeb7e35f27b7275f77b35d75d	0	0
3189	8	7	2	0	1	018220600004028c0011018c0010890	1c3ccf9eb7f35d73b7a65e73f34f76d	0	0
3190	8	4	0	0	1	0182400090a003300100404410090a0	1c3caffe27575ccfb6b71fbbe356f5d	0	0
3191	8	4	2	0	0	01824000a102143000024024800c104	1c3caffe16f54bcfb7b51fdb7353ef9	0	0
3192	8	4	4	0	0	0182800032110040a08050081005060	1c3c6ffe85e65fbf17370ff7e35af9d	0	0
3193	8	5	7	0	0	0182800410120288009000c05300220	1c3c6ffaa7e55d77b7275f3fa05fddd	0	0
3194	8	1	7	0	0	01828004101202a8009000c05100220	1c3c6ffaa7e55d57b7275f3fa25fddd	0	0
3195	8	7	6	0	1	0182802020020324009000ac0011018	1c3c6fde97f55cdbb7275f53f34efe5	0	0
3196	8	10	7	0	1	0400062204100868001100d100090c0	19bee9dcb3e75797b7a65f2ef356f3d	0	0
3197	8	10	9	0	1	04000894009002a0148004281050014	19bee76ab7675d5fa3375bd7e30ffe9	0	0
3198	8	10	7	0	0	0400281021110082840100a88104024	19bec7ee96e65f7d33b65f57725bfd9	0	0
3199	8	10	0	0	1	0400441081040880a60008310102030	19beabee36f3577f11b757cef25dfcd	0	0
3200	8	10	6	0	1	04004810201410608401408880060a0	19bea7ee97e34f9f33b61f777359f5d	0	0
3201	8	10	6	0	1	0400481020141060840140888014084	19bea7ee97e34f9f33b61f77734bf79	0	0
3202	8	7	4	0	0	04040502220018300401018a000a0c0	19baeafc95f747cfb3b65e75f355f3d	0	0
3203	8	8	6	0	0	0404282000244101160001828200888	19bac7deb7d31efea1b75e7d715f775	0	0
3204	8	1	6	0	0	0404286000244101160001828000888	19bac79eb7d31efea1b75e7d735f775	0	0
3205	8	5	4	0	0	0404484081110050002208888003140	19baa7be36e65fafb7955777735cebd	0	0
3206	8	7	10	0	1	0408049400800304160014081008830	19b6eb6ab7775cfba1b74bf7e3577cd	0	1
3207	8	5	10	0	0	04080494009001a0028004205110090	19b6eb6ab7675e5fb5375bdfa24ff6d	0	0
3208	8	5	6	0	0	04080892041010600006121800060a0	19b6e76cb3e74f9fb7b14de7f359f5d	0	0
3209	8	5	4	0	1	04080894008203200402500810140a0	19b6e76ab7755cdfb3b50ff7e34bf5d	0	0
3210	8	5	9	0	0	04080912005010600401028a00060c0	19b6e6ecb7a74f9fb3b65d75f359f3d	0	0
3211	8	4	4	0	1	04080a1200441070040000a221040c0	19b6e5ecb7b34f8fb3b75f5dd25bf3d	0	0
3212	8	4	3	0	1	04080a12004410700400028221008c0	19b6e5ecb7b34f8fb3b75d7dd25f73d	0	0
3213	8	4	0	0	1	04080a12004410700400028221040c0	19b6e5ecb7b34f8fb3b75d7dd25bf3d	0	0
3214	8	2	3	0	1	04080a12004410700401028201040c0	19b6e5ecb7b34f8fb3b65d7df25bf3d	0	0
3215	8	6	9	0	1	04080a12005000700401028300050c0	19b6e5ecb7a75f8fb3b65d7cf35af3d	0	0
3216	8	4	6	0	0	04080a30008200c4840050003014420	19b6e5ceb7755f3b33b70fffc34bbdd	0	0
3217	8	5	4	0	0	04080c24000611200401110c00120a0	19b6e3dab7f14edfb3b64ef3f34df5d	0	0
3218	8	5	4	0	0	04080c3000901060040200a28110084	19b6e3ceb7674f9fb3b55f5d724ff79	0	0
3219	8	6	4	0	1	0408210212810014000505021208208	19b6cefca5765febb7b25afde157df5	0	0
3220	8	2	4	0	0	0408211010910104848040201014220	19b6ceeea7665efb33371fdfe34bddd	0	0
3221	8	1	4	0	0	0408211010910104848040209004220	19b6ceeea7665efb33371fdf635bddd	0	0
3222	8	8	9	0	0	0408281001110082840100a28104024	19b6c7eeb6e65f7d33b65f5d725bfd9	0	0
3223	8	2	0	0	0	0408281080151024000504808108280	19b6c7ee37e24fdbb7b25b7f7257d7d	0	0
3224	8	6	9	0	1	0408282020820124040105041018088	19b6c7de97755edbb3b65afbe347f75	0	0
3225	8	6	7	0	1	0408282020820124040105041018208	19b6c7de97755edbb3b65afbe347df5	0	0
3226	8	6	8	0	0	0408282400120124040212081014021	19b6c7dab7e55edbb3b54df7e34bfdc	0	0
3227	8	6	10	0	0	0408283001100082840100a28104024	19b6c7ceb6e75f7d33b65f5d725bfd9	0	0
3228	8	6	7	0	0	0408283001100082840100b08104024	19b6c7ceb6e75f7d33b65f4f725bfd9	0	0
3229	8	6	4	0	0	0408286000c04001140100a03140088	19b6c79eb7371ffea3b65f5fc21ff75	0	0
3230	8	7	8	0	0	04084800a0801060840150003110024	19b6a7fe17774f9f33b60fffc24ffd9	0	0
3231	8	4	3	0	1	0408480280065030000102901140060	19b6a7fc37f10fcfb7b65d6fe21ff9d	0	0
3232	8	7	6	0	0	0408481020101060840150082012024	19b6a7ee97e74f9f33b60ff7d34dfd9	0	0
3233	8	6	6	0	0	0408481020900060848040203110024	19b6a7ee97675f9f33371fdfc24ffd9	0	0
3234	8	6	6	0	1	0408481081040040a60004302102060	19b6a7ee36f35fbf11b75bcfd25df9d	0	0
3235	8	6	6	0	1	0408482020820124040105041018208	19b6a7de97755edbb3b65afbe347df5	0	0
3236	8	7	2	0	0	0408483000101060800318180014024	19b6a7ceb7e74f9f37b447e7f34bfd9	0	0
3237	8	5	7	0	1	0408483000141040840108980014024	19b6a7ceb7e34fbf33b65767f34bfd9	0	0
3238	8	1	7	0	1	0408483000141060840108888004024	19b6a7ceb7e34f9f33b65777735bfd9	0	0
3239	8	8	4	0	0	04086020008201a4020105041018408	19b68fdeb7755e5bb5b65afbe347bf5	0	0
3240	8	6	4	0	1	0408602020820124040105041018208	19b68fde97755edbb3b65afbe347df5	0	0
3241	8	1	4	0	0	04086020818001a0840104241100028	19b68fde36775e5f33b65bdbe25ffd5	0	0
3242	8	5	4	0	1	04088800a0821050040414101044220	19b667fe17754fafb3b34befe31bddd	0	0
3243	8	5	4	0	0	04088800a08210500404141011040a0	19b667fe17754fafb3b34befe25bf5d	0	0
3244	8	5	4	0	0	04088800a0821060040414003140220	19b667fe17754f9fb3b34bffc21fddd	0	0
3245	8	5	4	0	1	04088800a08310200005440031400a0	19b667fe17744fdfb7b21bffc21ff5d	0	0
3246	8	2	9	0	1	0408880420820260248005001140030	19b667fa97755d9f93375affe21ffcd	0	0
3247	8	4	3	0	0	0408882080841060240010209140030	19b667de37734f9f93b74fdf621ffcd	0	0
3248	8	5	6	0	0	040888408104104024015000a102030	19b667be36f34fbf93b60fff525dfcd	0	0
3249	8	4	4	0	1	040a040814400930000109060009044	19b4ebf6a3b756cfb7b656f9f356fb9	0	0
3250	8	9	3	0	0	0410011201040860828008310104014	19aeeeecb6f3579f353757cef25bfe9	0	0
3251	8	6	3	0	0	0410031801400060840208290104030	19aeece6b6b75f9f33b557d6f25bfcd	0	0
3252	8	5	2	0	0	041005180013081004010a0a0009060	19aeeae6b7e457efb3b655f5f356f9d	0	0
3253	8	9	2	0	1	04100818005008b0040102230005240	19aee7e6b7a7574fb3b65ddcf35adbd	0	0
3254	8	4	3	0	0	041008a800a001620002051401010a0	19aee756b7575e9db7b55aebf25ef5d	0	0
3255	8	5	7	0	0	0410092080125020040104828009240	19aee6de37e50fdfb3b65b7d7356dbd	0	0
3256	8	3	0	0	1	04100a18005008b0040102030005240	19aee5e6b7a7574fb3b65dfcf35adbd	0	0
3257	8	7	7	0	1	04100c1800100870040202290003060	19aee3e6b7e7578fb3b55dd6f35cf9d	0	0
3258	8	7	7	0	1	04100c18001008b0040102290003060	19aee3e6b7e7574fb3b65dd6f35cf9d	0	0
3259	8	3	6	0	0	04100c5000820260808210088101024	19aee3aeb7755d9f37354ff7725efd9	0	0
3260	8	7	4	0	0	04102430001008910401006242020c0	19aecbceb7e7576eb3b65f9db15df3d	0	0
3261	8	1	4	0	0	04102820240201a1008105060200048	19aec7de93f55e5eb7365af9f15ffb5	0	0
3262	8	4	0	0	0	0410283000220191040010422204060	19aec7ceb7d55e6eb3b74fbdd15bf9d	0	0
3263	8	9	6	0	1	041040028300026012010a108101014	19aeaffc34f75d9fa5b655ef725efe9	0	0
3264	8	9	6	0	1	041040028300026014010a088101014	19aeaffc34f75d9fa3b655f7725efe9	0	0
3265	8	4	2	0	0	0410411201040860840008290104018	19aeaeecb6f3579f33b757d6f25bfe5	0	0
3266	8	4	6	0	0	04104160012001a2001040248004828	19aeae9eb6d75e5db7a71fdb735b7d5	0	0
3267	8	8	3	0	1	0410421001040840960008310104030	19aeadeeb6f357bf21b757cef25bfcd	0	0
3268	8	6	3	0	1	0410421201040040960008310104030	19aeadecb6f35fbf21b757cef25bfcd	0	0
3269	8	4	9	0	1	0410421201040840940008310104018	19aeadecb6f357bf23b757cef25bfe5	0	0
3270	8	7	3	0	1	0410481080041070040212088002860	19aea7ee37f34f8fb3b54df7735d79d	0	0
3271	8	6	6	0	1	0410481081040042160002908100828	19aea7ee36f35fbda1b75d6f725f7d5	0	0
3272	8	7	3	0	1	0410481800100870040202290003060	19aea7e6b7e7578fb3b55dd6f35cf9d	0	0
3273	8	4	6	0	0	04104820240201a1000105060208048	19aea7de93f55e5eb7b65af9f157fb5	0	0
3274	8	4	4	0	0	0410484084800260100118009101120	19aea7be33775d9fa7b647ff625eedd	0	0
3275	8	6	10	0	0	0410602020220092041014041004828	19ae8fde97d55f6db3a74bfbe35b7d5	0	0
3276	8	6	4	0	0	0410820a001202110401085800090c0	19ae6df4b7e55deeb3b657a7f356f3d	0	0
3277	8	4	4	0	1	041082220104106014000820a104090	19ae6ddcb6f34f9fa3b757df525bf6d	0	0
3278	8	6	2	0	0	04108402108300210082014a0108050	19ae6bfca7745fdeb7355eb5f257fad	0	0
3279	8	4	6	0	0	0410882080061220140010209140030	19ae67de37f14ddfa3b74fdf621ffcd	0	0
3280	8	6	6	0	0	0410882200140042848001308101084	19ae67dcb7e35fbd33375ecf725ef79	0	0
3281	8	4	4	0	1	0420019400a100b0008040209044024	199eee6ab7565f4fb7371fdf631bfd9	0	0
3282	8	4	3	0	0	042002c2050000c180025011000a140	199eed3cb2f75f3e37b50feef355ebd	0	0
3283	8	6	7	0	0	0420030481040061030002908008a40	199eecfa36f35f9eb4b75d6f73575bd	0	0
3284	8	7	8	0	0	0420032200041430001100b200140c0	199eecdcb7f34bcfb7a65f4df34bf3d	0	0
3285	8	4	4	0	1	04200518000701220001480810180a0	199eeae6b7f05eddb7b617f7e347f5d	0	0
3286	8	9	4	0	0	04200800a20410700401140091020c0	199ee7fe15f34f8fb3b64bff625df3d	0	0
3287	8	4	10	0	0	042008a084021120100418048041030	199ee75e33f54edfa7b347fb731efcd	0	0
3288	8	6	3	0	1	0420091404040122002140828208081	199ee6eab3f35eddb7961f7d7157f7c	0	0
3289	8	4	3	0	1	0420091404040162002040828208081	199ee6eab3f35e9db7971f7d7157f7c	0	0
3290	8	4	3	0	0	042009480300015100010858000a060	199ee6b6b4f75eaeb7b657a7f355f9d	0	0
3291	8	6	4	0	0	04200a28004440012401082a0005440	199ee5d6b7b31ffe93b657d5f35abbd	0	0
3292	8	5	9	0	0	04202080a1045020000512108102030	199ecf7e16f30fdfb7b24def725dfcd	0	0
3293	8	6	1	0	0	042020c800504001240102890041210	199ecf36b7a71ffe93b65d76f31eded	0	0
3294	8	6	6	0	0	0420211081040124000502308108220	199eceee36f35edbb7b25dcf7257ddd	0	0
3295	8	6	9	0	1	0420211081800104140402308008a20	199eceee36775efba3b35dcf73575dd	0	0
3296	8	6	4	0	0	0420214081044001202102980040a40	199ecebe36f31ffe97965d67f31f5bd	0	0
3297	8	6	2	0	0	0420214081044021020102288042050	199ecebe36f31fdeb5b65dd7731dfad	0	0
3298	8	7	3	0	0	0420220414014001128002228003410	199ecdfaa3f61ffea5375ddd735cbed	0	0
3299	8	7	4	0	0	0420224010405000320112022011600	199ecdbea7b70fff85b64dfdd34e9fd	0	0
3300	8	5	4	0	0	0420224010445000220112022011600	199ecdbea7b30fff95b64dfdd34e9fd	0	0
3301	8	4	1	0	1	0420241401050124000102288108024	199ecbeab6f25edbb7b65dd77257fd9	0	0
3302	8	7	9	0	0	04202800a1011004140100a48102030	199ec7fe16f64ffba3b65f5b725dfcd	0	0
3303	8	4	7	0	0	0420280484044121000110908001a10	199ec7fa33f31edeb7b64f6f735e5ed	0	0
3304	8	4	6	0	1	0420281081050804100100b08108204	199ec7ee36f257fba7b65f4f7257df9	0	0
3305	8	6	10	0	1	0420281400120084148040281012030	199ec7eab7e55f7ba3371fd7e34dfcd	0	0
3306	8	6	7	0	1	04202814001200a0148040281012030	199ec7eab7e55f5fa3371fd7e34dfcd	0	0
3307	8	4	7	0	0	0420285000220181140050012002a20	199ec7aeb7d55e7ea3b70ffed35d5dd	0	0
3308	8	4	3	0	0	0420285000220181140050030002a20	199ec7aeb7d55e7ea3b70ffcf35d5dd	0	0
3309	8	4	4	0	0	042040a800a00162000205140101024	199eaf56b7575e9db7b55aebf25efd9	0	0
3310	8	2	4	0	1	042040a800a00162010205100101024	199eaf56b7575e9db6b55aeff25efd9	0	0
3311	8	6	4	0	0	042040c081044021020200a18102050	199eaf3e36f31fdeb5b55f5e725dfad	0	0
3312	8	6	4	0	1	0420410093000120202148180009060	199eaefe24f75edf979617e7f356f9d	0	0
3313	8	5	6	0	1	042041108104086002010290800a240	199eaeee36f3579fb5b65d6f7355dbd	0	0
3314	8	2	6	0	0	0420420284041060111000a08108480	199eadfc33f34f9fa6a75f5f7257b7d	0	0
3315	8	6	4	0	0	0420420812110001160008288003050	199eadf6a5e65ffea1b757d7735cfad	0	0
3316	8	2	7	0	0	0420424012100161002248080009050	199eadbea5e75e9eb79517f7f356fad	0	0
3317	8	6	6	0	1	0420441011040820120102908108044	199eabeea6f357dfa5b65d6f7257fb9	0	0
3318	8	7	8	0	0	04204800a0041070040112009102060	199ea7fe17f34f8fb3b64dff625df9d	0	0
3319	8	3	2	0	1	04204800a20410620401400091080a0	199ea7fe15f34f9db3b61fff6257f5d	0	0
3320	8	1	4	0	1	04204800a20410620401408091000a0	199ea7fe15f34f9db3b61f7f625ff5d	0	0
3321	8	6	6	0	0	04204808800601210401088c0011210	199ea7f637f15edeb3b65773f34eded	0	0
3322	8	3	6	0	1	0420480880064121040100888009240	199ea7f637f11edeb3b65f777356dbd	0	0
3323	8	1	4	0	1	0420480880064121040108888001240	199ea7f637f11edeb3b65777735edbd	0	0
3324	8	6	7	0	0	0420481020140052040102809300060	199ea7ee97e35fadb3b65d7f605ff9d	0	0
3325	8	6	4	0	0	04204810201400520401048093000c0	199ea7ee97e35fadb3b65b7f605ff3d	0	0
3326	8	6	4	0	1	0420481080061030040200a28110044	199ea7ee37f14fcfb3b55f5d724ffb9	0	0
3327	8	7	2	0	1	0420481800100870040202290003060	199ea7e6b7e7578fb3b55dd6f35cf9d	0	0
3328	8	2	6	0	1	042048180012017004020a080011024	199ea7e6b7e55e8fb3b555f7f34efd9	0	0
3329	8	2	3	0	1	0420820211051000940148008102090	199e6dfca6f24fff23b617ff725df6d	0	0
3330	8	3	3	0	1	0420820211051020800340028102050	199e6dfca6f24fdf37b41ffd725dfad	0	0
3331	8	4	4	0	1	042082060105102010014020a102090	199e6df8b6f24fdfa7b61fdf525df6d	0	0
3332	8	6	2	0	0	0420820a0110007000030a108101050	199e6df4b6e75f8fb7b455ef725efad	0	0
3333	8	5	2	0	0	0420820a0111006000030a088101050	199e6df4b6e65f9fb7b455f7725efad	0	0
3334	8	5	4	0	0	04208240808410401401500091080a0	199e6dbe37734fbfa3b60fff6257f5d	0	0
3335	8	3	4	0	0	04208240808410501401100091080a0	199e6dbe37734fafa3b64fff6257f5d	0	0
3336	8	1	4	0	1	04208240808410501401500090080a0	199e6dbe37734fafa3b60fff6357f5d	0	0
3337	8	7	4	0	0	04208800a00410700401140091020c0	199e67fe17f34f8fb3b64bff625df3d	0	0
3338	8	7	4	0	1	04208800a0051012040100a091400a0	199e67fe17f24fedb3b65f5f621ff5d	0	0
3339	8	4	7	0	0	0420880480061060140050009102030	199e67fa37f14f9fa3b70fff625dfcd	0	0
3340	8	6	4	0	0	0420882020141022040100a091400a0	199e67de97e34fddb3b65f5f621ff5d	0	0
3341	8	4	4	0	0	0420882020141062040000a091400a0	199e67de97e34f9db3b75f5f621ff5d	0	0
3342	8	3	4	0	0	0420884081041050200310108102060	199e67be36f34faf97b44fef725df9d	0	0
3343	8	8	4	0	1	0420c00081040920220108308101050	199e2ffe36f356df95b657cf725efad	0	0
3344	8	8	4	0	0	0422010400305020128040209010884	199ceefab7c70fdfa5371fdf634f779	0	0
3345	8	5	4	0	0	04220204820410401401500091080a0	199cedfa35f34fbfa3b60fff6257f5d	0	0
3346	8	6	6	0	1	0422081400120084148040281012030	199ce7eab7e55f7ba3371fd7e34dfcd	0	0
3347	8	4	4	0	0	04220850001400d2000408828140021	199ce7aeb7e35f2db7b3577d721ffdc	0	0
3348	8	8	8	0	1	04222004041001a4009000a88001830	199ccffab3e75e5bb7275f57735e7cd	0	0
3349	8	8	6	0	0	0422201000120185048000684012210	199ccfeeb7e55e7ab3375f97b34dded	0	0
3350	8	7	0	0	1	0422201080041110140412028008a20	199ccfee37f34eefa3b34dfd73575dd	0	0
3351	8	6	4	0	1	0422201400120084148044081002830	199ccfeab7e55f7ba3371bf7e35d7cd	0	0
3352	8	9	7	0	0	04800112001410608201029800060c0	193eeeecb7e34f9f35b65d67f359f3d	0	0
3353	8	9	7	0	0	048001120014106082010898000c084	193eeeecb7e34f9f35b65767f353f79	0	0
3354	8	9	4	0	0	0480013000141060808108980014084	193eeeceb7e34f9f37365767f34bf79	0	0
3355	8	9	1	0	1	0480023000421060840218082044014	193eedceb7b54f9f33b547f7d31bfe9	0	0
3356	8	8	4	0	1	04800310008300448404480820050a0	193eeceeb7745fbb33b317f7d35af5d	0	0
3357	8	6	3	0	0	04800310114000608402028901040c0	193eeceea6b75f9f33b55d76f25bf3d	0	0
3358	8	5	7	0	0	048003120014106002010298000c0c0	193eececb7e34f9fb5b65d67f353f3d	0	0
3359	8	5	4	0	0	04800312001410600201029800440c0	193eececb7e34f9fb5b65d67f31bf3d	0	0
3360	8	5	3	0	0	04800312001410600201029800480c0	193eececb7e34f9fb5b65d67f317f3d	0	0
3361	8	6	6	0	0	0480031404040105020102302208088	193eeceab3f35efab5b65dcfd157f75	0	0
3362	8	4	6	0	0	0480031404040145020002302208088	193eeceab3f35ebab5b75dcfd157f75	0	0
3363	8	1	7	0	0	04800322001410680011029800040c0	193eecdcb7e34f97b7a65d67f35bf3d	0	0
3364	8	5	4	0	0	0480033000421060040218082044014	193eecceb7b54f9fb3b547f7d31bfe9	0	0
3365	8	1	2	0	0	0480033000421060840218082004090	193eecceb7b54f9f33b547f7d35bf6d	0	0
3366	8	4	2	0	0	0480033000501060140008282048090	193eecceb7a74f9fa3b757d7d317f6d	0	0
3367	8	6	4	0	0	048003500090005206000222804100c	193eecaeb7675fadb1b75ddd731eff1	0	0
3368	8	4	4	0	0	048003500091005202000222804100c	193eecaeb7665fadb5b75ddd731eff1	0	0
3369	8	9	0	0	1	048004208104112014040a0c00088a0	193eebde36f34edfa3b355f3f35775d	0	0
3370	8	8	10	0	0	0480050084810044800518081009120	193eeafe33765fbb37b247f7e356edd	0	0
3371	8	2	10	0	0	048005009180014884040a0801010a0	193eeafe26775eb733b355f7f25ef5d	0	0
3372	8	2	8	0	0	048005009180016084040a0801010a0	193eeafe26775e9f33b355f7f25ef5d	0	0
3373	8	2	8	0	1	04800500918001608404480800090a0	193eeafe26775e9f33b317f7f356f5d	0	0
3374	8	6	6	0	0	04800502102300280014500a0005044	193eeafca7d45fd7b7a30ff5f35afb9	0	0
3375	8	6	2	0	0	04800510114000608402028901040c0	193eeaeea6b75f9f33b55d76f25bf3d	0	0
3376	8	6	6	0	0	04800510114000a08401028a0104044	193eeaeea6b75f5f33b65d75f25bfb9	0	0
3377	8	4	6	0	0	04800510114000e08400028a0104044	193eeaeea6b75f1f33b75d75f25bfb9	0	0
3378	8	4	8	0	0	0480052011800520840008288005084	193eeadea6775adf33b757d7735af79	0	0
3379	8	6	6	0	0	0480055000150012020102828048005	193eeaaeb7e25fedb5b65d7d7317ff8	0	0
3380	8	5	6	0	0	04800550005100820201028a0048005	193eeaaeb7a65f7db5b65d75f317ff8	0	0
3381	8	4	4	0	0	0480055000510082220000a30048201	193eeaaeb7a65f7d95b75f5cf317dfc	0	0
3382	8	1	4	0	0	0480055000510082228000a30008201	193eeaaeb7a65f7d95375f5cf357dfc	0	0
3383	8	4	4	0	1	04800550014002a2000102890040a04	193eeaaeb6b75d5db7b65d76f31f5f9	0	0
3384	8	5	8	0	0	048006041111008010a002910108201	193ee9faa6e65f7fa7175d6ef257dfc	0	0
3385	8	6	4	0	0	0480060a00120058041000d101010c0	193ee9f4b7e55fa7b3a75f2ef25ef3d	0	0
3386	8	6	6	0	0	04800610100700011600120a000a048	193ee9eea7f05ffea1b74df5f355fb5	0	0
3387	8	2	7	0	1	0480061010910082160002820018201	193ee9eea7665f7da1b75d7df347dfc	0	0
3388	8	2	4	0	1	04800610114000e08402088801040c0	193ee9eea6b75f1f33b55777f25bf3d	0	0
3389	8	2	2	0	0	04800614010300a0800350004104060	193ee9eab6f45f5f37b40fffb25bf9d	0	0
3390	8	4	3	0	0	04800660050001a0800118048001850	193ee99eb2f75e5f37b647fb735e7ad	0	0
3391	8	9	6	0	1	048008500015005202010282804100c	193ee7aeb7e25fadb5b65d7d731eff1	0	0
3392	8	2	3	0	0	0480090424025021028000a02202090	193ee6fa93f50fdeb5375f5fd15df6d	0	0
3393	8	8	6	0	0	0480090800230042250041022101024	193ee6f6b7d45fbd92b71efdd25efd9	0	0
3394	8	8	4	0	0	0480090800830042250041022101024	193ee6f6b7745fbd92b71efdd25efd9	0	0
3395	8	8	0	0	0	0480090800a10042250041022101024	193ee6f6b7565fbd92b71efdd25efd9	0	0
3396	8	7	6	0	0	0480091020021060848050082006024	193ee6ee97f54f9f33370ff7d359fd9	0	0
3397	8	7	6	0	0	0480091020031020808150082006024	193ee6ee97f44fdf37360ff7d359fd9	0	0
3398	8	6	4	0	0	0480091024020062008448003044420	193ee6ee93f55f9db73317ffc31bbdd	0	0
3399	8	6	2	0	0	0480093000121020148008282050014	193ee6ceb7e54fdfa33757d7d30ffe9	0	0
3400	8	2	2	0	0	0480093000121220148008280050014	193ee6ceb7e54ddfa33757d7f30ffe9	0	0
3401	8	5	2	0	0	0480093000141060048008282050014	193ee6ceb7e34f9fb33757d7d30ffe9	0	0
3402	8	3	6	0	0	0480093000141060808100980014084	193ee6ceb7e34f9f37365f67f34bf79	0	0
3403	8	3	7	0	0	04800930001410608401008880060c0	193ee6ceb7e34f9f33b65f777359f3d	0	0
3404	8	6	6	0	0	04800950002201300022500030048c0	193ee6aeb7d55ecfb7950fffc35b73d	0	0
3405	8	5	9	0	0	04800a0821110408040100a18005240	193ee5f696e65bf7b3b65f5e735adbd	0	0
3406	8	2	9	0	0	04800a082111040a040100a10005220	193ee5f696e65bf5b3b65f5ef35addd	0	0
3407	8	1	4	0	1	04800a0821810052000341140004024	193ee5f696765fadb7b41eebf35bfd9	0	0
3408	8	8	7	0	1	04800a1000150052040102828005240	193ee5eeb7e25fadb3b65d7d735adbd	0	0
3409	8	8	6	0	1	04800a100015005206000222804100c	193ee5eeb7e25fadb1b75ddd731eff1	0	0
3410	8	6	9	0	1	04800a10205000700401028300050c0	193ee5ee97a75f8fb3b65d7cf35af3d	0	0
3411	8	6	7	0	1	04800a10205000700401028900050c0	193ee5ee97a75f8fb3b65d76f35af3d	0	0
3412	8	6	6	0	1	04800a1020500070040102890041088	193ee5ee97a75f8fb3b65d76f31ef75	0	0
3413	8	4	7	0	0	04800a1020501060140008282140014	193ee5ee97a74f9fa3b757d7d21ffe9	0	0
3414	8	5	9	0	1	04800a1021050042040102828104048	193ee5ee96f25fbdb3b65d7d725bfb5	0	0
3415	8	4	10	0	1	04800a1021050052000102828104048	193ee5ee96f25fadb7b65d7d725bfb5	0	0
3416	8	3	6	0	1	04800a1021410044140108082102018	193ee5ee96b65fbba3b657f7d25dfe5	0	0
3417	8	4	6	0	0	04800a1021810040940010282104024	193ee5ee96765fbf23b74fd7d25bfd9	0	0
3418	8	7	3	0	0	04800a1200041060140118082140014	193ee5ecb7f34f9fa3b647f7d21ffe9	0	0
3419	8	7	2	0	1	04800a12000410700402120820048c0	193ee5ecb7f34f8fb3b54df7d35b73d	0	0
3420	8	6	6	0	1	04800a12001400700401028a00050c0	193ee5ecb7e35f8fb3b65d75f35af3d	0	0
3421	8	5	6	0	1	04800a12001500500401028a00050c0	193ee5ecb7e25fafb3b65d75f35af3d	0	0
3422	8	5	7	0	1	04800a120015005004010a0a0003048	193ee5ecb7e25fafb3b655f5f35cfb5	0	0
3423	8	4	4	0	0	04800a1404040164000118102101028	193ee5eab3f35e9bb7b647efd25efd5	0	0
3424	8	4	3	0	0	04800a1404040164000118102101030	193ee5eab3f35e9bb7b647efd25efcd	0	0
3425	8	5	6	0	1	04800a1800150050040102828005240	193ee5e6b7e25fafb3b65d7d735adbd	0	0
3426	8	7	4	0	0	04800a24000410700003111400060a0	193ee5dab7f34f8fb7b44eebf359f5d	0	0
3427	8	6	1	0	1	04800a30005000700401028300050c0	193ee5ceb7a75f8fb3b65d7cf35af3d	0	0
3428	8	6	7	0	1	04800a3000840042840201320104024	193ee5ceb7735fbd33b55ecdf25bfd9	0	0
3429	8	6	6	0	1	04800a500014005206000222804100c	193ee5aeb7e35fadb1b75ddd731eff1	0	0
3430	8	3	6	0	1	04800a500015005202010202804100c	193ee5aeb7e25fadb5b65dfd731eff1	0	0
3431	8	8	0	0	0	04800c10008411201404120821008a0	193ee3eeb7734edfa3b34df7d25f75d	0	0
3432	8	6	6	0	1	04800c1200150010840100aa00030c0	193ee3ecb7e25fef33b65f55f35cf3d	0	0
3433	8	2	6	0	1	04800c2200065020140111080042014	193ee3dcb7f10fdfa3b64ef7f31dfe9	0	0
3434	8	9	3	0	1	04802010110500828401028a0104024	193ecfeea6f25f7d33b65d75f25bfd9	0	0
3435	8	9	1	0	0	04802010111100828401028a0104024	193ecfeea6e65f7d33b65d75f25bfd9	0	0
3436	8	3	9	0	0	04802100941108082011009200090c0	193ecefe23e657f797a65f6df356f3d	0	0
3437	8	3	7	0	0	0480210094110808201100920009240	193ecefe23e657f797a65f6df356dbd	0	0
3438	8	3	2	0	0	0480210094810204820110101009120	193ecefe23765dfb35b64fefe356edd	0	0
3439	8	5	4	0	1	0480220604030080120111021208108	193ecdf8b3f45f7fa5b64efde157ef5	0	0
3440	8	6	3	0	1	0480221401050000908102308104204	193ecdeab6f25fff27365dcf725bdf9	0	0
3441	8	6	4	0	1	0480222200820090140111021208108	193ecddcb7755f6fa3b64efde157ef5	0	0
3442	8	5	7	0	0	048022420012500016001048200a011	193ecdbcb7e50fffa1b74fb7d355fec	0	0
3443	8	5	4	0	0	0480224200125000160010482042011	193ecdbcb7e50fffa1b74fb7d31dfec	0	0
3444	8	6	2	0	1	0480241200130010840100ca00090c0	193ecbecb7e45fef33b65f35f356f3d	0	0
3445	8	4	0	0	0	04802440810501048001088c0101030	193ecbbe36f25efb37b65773f25efcd	0	0
3446	8	5	0	0	0	0480244200145000160010881008890	193ecbbcb7e30fffa1b74f77e35776d	0	0
3447	8	6	6	0	0	048028102022010414804100a100c04	193ec7ee97d55efba3371eff525f3f9	0	0
3448	8	4	6	0	0	048028102023010410804100a100c04	193ec7ee97d45efba7371eff525f3f9	0	0
3449	8	7	4	0	0	048041003002502082800180a300044	193eaefe87f50fdf35375e7f505ffb9	0	0
3450	8	4	9	0	0	0480410091104820200102910009240	193eaefe26e717df97b65d6ef356dbd	0	0
3451	8	5	4	0	0	0480410092810102020150101009028	193eaefe25765efdb5b60fefe356fd5	0	0
3452	8	4	3	0	1	048041009300110034000a180008a20	193eaefe24f74eff83b755e7f3575dd	0	0
3453	8	5	8	0	0	04804100a110106004010288800a240	193eaefe16e74f9fb3b65d777355dbd	0	0
3454	8	5	4	0	1	04804100a2810042020141101048024	193eaefe15765fbdb5b61eefe317fd9	0	0
3455	8	1	9	0	0	04804100a2810042820111101008024	193eaefe15765fbd35b64eefe357fd9	0	0
3456	8	6	4	0	0	0480410220a00052050001902140005	193eaefc97575fadb2b75e6fd21fff8	0	0
3457	8	4	4	0	0	0480411081040260840000a90102060	193eaeee36f35d9f33b75f56f25df9d	0	0
3458	8	4	4	0	0	04804140103001680020480810050c0	193eaebea7c75e97b79717f7e35af3d	0	0
3459	8	2	4	0	0	04804140103001680220480010050c0	193eaebea7c75e97b59717ffe35af3d	0	0
3460	8	6	4	0	0	0480414085000209000308980002850	193eaebe32f75df6b7b45767f35d7ad	0	0
3461	8	6	6	0	1	0480421080140070040102828009240	193eadee37e35f8fb3b65d7d7356dbd	0	0
3462	8	2	8	0	1	0480440091051000940102880102060	193eabfe26f24fff23b65d77f25df9d	0	0
3463	8	5	3	0	1	0480480820a10042050040203101024	193ea7f697565fbdb2b71fdfc25efd9	0	0
3464	8	2	7	0	0	0480481020140252040106001300044	193ea7ee97e35dadb3b659ffe05ffb9	0	0
3465	8	1	7	0	0	0480481020140262040106081100044	193ea7ee97e35d9db3b659f7e25ffb9	0	0
3466	8	4	10	0	1	04804810201410608001408880060c0	193ea7ee97e34f9f37b61f777359f3d	0	0
3467	8	3	9	0	1	04804810201410608401008880060c0	193ea7ee97e34f9f33b65f777359f3d	0	0
3468	8	3	3	0	0	04804810201410608401008881020c0	193ea7ee97e34f9f33b65f77725df3d	0	0
3469	8	3	2	0	0	04804810201410608401008881040c0	193ea7ee97e34f9f33b65f77725bf3d	0	0
3470	8	2	6	0	1	04804810201410608401408800060a0	193ea7ee97e34f9f33b61f77f359f5d	0	0
3471	8	2	6	0	1	0480481020141060840140880014084	193ea7ee97e34f9f33b61f77f34bf79	0	0
3472	8	2	1	0	0	0480481800140252040106001300044	193ea7e6b7e35dadb3b659ffe05ffb9	0	0
3473	8	1	4	0	1	0480485000061210140118082002024	193ea7aeb7f14defa3b647f7d35dfd9	0	0
3474	8	6	4	0	1	04804850001400520401088a0003028	193ea7aeb7e35fadb3b65775f35cfd5	0	0
3475	8	6	2	0	1	0480485000140062020102888041048	193ea7aeb7e35f9db5b65d77731efb5	0	0
3476	8	4	0	0	1	0480600091114000302002980009240	193e8ffe26e61fff87975d67f356dbd	0	0
3477	8	4	6	0	1	048080c084210040a20010403041060	193e6f3e33d65fbf15b74fbfc31ef9d	0	0
3478	8	6	6	0	0	04808102201300300011018a0048044	193e6efc97e45fcfb7a65e75f317fb9	0	0
3479	8	6	3	0	0	0480814010300060828048011011084	193e6ebea7c75f9f353717fee34ef79	0	0
3480	8	4	4	0	0	0480814085000240a00150110003060	193e6ebe32f75dbf17b60feef35cf9d	0	0
3481	8	4	6	0	1	04808202110504300001028a0005048	193e6dfca6f25bcfb7b65d75f35afb5	0	0
3482	8	6	6	0	0	0480820211100040348042110101018	193e6dfca6e75fbf83371deef25efe5	0	0
3483	8	6	4	0	1	0480820214030000a28001430005440	193e6dfca3f45fff15375ebcf35abbd	0	0
3484	8	6	6	0	0	04808202801400700011029201010c0	193e6dfc37e35f8fb7a65d6df25ef3d	0	0
3485	8	6	4	0	1	048082028014007002010a1010410c0	193e6dfc37e35f8fb5b655efe31ef3d	0	0
3486	8	5	6	0	0	04808202801500500011029201010c0	193e6dfc37e25fafb7a65d6df25ef3d	0	0
3487	8	6	6	0	1	0480820480150030001100a28009280	193e6dfa37e25fcfb7a65f5d7356d7d	0	0
3488	8	7	4	0	1	048082048101102010034020a102090	193e6dfa36f64fdfa7b41fdf525df6d	0	0
3489	8	5	4	0	1	048082048105102000034020a102090	193e6dfa36f24fdfb7b41fdf525df6d	0	0
3490	8	5	4	0	1	0480822020501220040100a90041090	193e6dde97a74ddfb3b65f56f31ef6d	0	0
3491	8	4	3	0	1	0480822200301060120000d10048081	193e6ddcb7c74f9fa5b75f2ef317f7c	0	0
3492	8	4	6	0	0	0480824010a10041220010422009208	193e6dbea7565fbe95b74fbdd356df5	0	0
3493	8	5	4	0	1	0480840091051000140108888102090	193e6bfe26f24fffa3b65777725df6d	0	0
3494	8	5	6	0	0	0480880221110040148002890102009	193e67fc96e65fbfa3375d76f25dff4	0	0
3495	8	6	7	0	0	0480880420121020148040203102030	193e67fa97e54fdfa3371fdfc25dfcd	0	0
3496	8	6	3	0	1	0480a00035010000a00512180005060	193e4ffe82f65fff17b24de7f35af9d	0	0
3497	8	6	1	0	1	0480a00095010000a00512180005060	193e4ffe22f65fff17b24de7f35af9d	0	0
3498	8	5	4	0	1	0480a0060403008012011102120800c	193e4ff8b3f45f7fa5b64efde157ff1	0	0
3499	8	8	6	0	1	0480c00020250042860001203140024	193e2ffe97d25fbd31b75edfc21ffd9	0	0
3500	8	3	6	0	1	0480c000a014106084014008100a0a0	193e2ffe17e34f9f33b61ff7e355f5d	0	0
3501	8	6	6	0	0	04820202801400580011029201010c0	193cedfc37e35fa7b7a65d6df25ef3d	0	0
3502	8	4	4	0	1	0482020485001060100240248006090	193cedfa32f74f9fa7b51fdb7359f6d	0	0
3503	8	4	3	0	1	048202048500106010024024800a090	193cedfa32f74f9fa7b51fdb7355f6d	0	0
3504	8	4	4	0	1	0482041400150092020000a28048005	193cebeab7e25f6db5b75f5d7317ff8	0	0
3505	8	6	6	0	1	0482201080150010101400a28008a80	193ccfee37e25fefa7a35f5d735757d	0	0
3506	8	4	6	0	0	04828000a012104094005008100a0a0	193c6ffe17e54fbf23b70ff7e355f5d	0	0
3507	8	9	4	0	1	05000142028002b00081018a0018005	18beeebcb5775d4fb7365e75f347ff8	0	0
3508	8	6	6	0	0	050003021023000115004102200a280	18beecfca7d45ffea2b71efdd355d7d	0	0
3509	8	6	7	0	0	050003021023001106000142200a140	18beecfca7d45feeb1b75ebdd355ebd	0	0
3510	8	4	8	0	0	05000302114002a4020001814008e00	18beecfca6b75d5bb5b75e7eb3571fd	0	0
3511	8	6	0	0	0	050003060023000115004102200a280	18beecf8b7d45ffea2b71efdd355d7d	0	0
3512	8	4	2	0	1	050004a202100870001000d200090c0	18beeb5cb5e7578fb7a75f2df356f3d	0	0
3513	8	2	2	0	0	050004a4020202a4001214001300030	18beeb5ab5f55d5bb7a54bffe05ffcd	0	0
3514	8	6	4	0	0	05000506020200b000a001920108005	18beeaf8b5f55f4fb7175e6df257ff8	0	0
3515	8	6	0	0	0	05000506022000b000a001920108005	18beeaf8b5d75f4fb7175e6df257ff8	0	0
3516	8	2	10	0	0	05000506022000f000a001820108005	18beeaf8b5d75f0fb7175e7df257ff8	0	0
3517	8	7	8	0	0	0500050c000202a4041000a81110030	18beeaf2b7f55d5bb3a75f57e24ffcd	0	0
3518	8	7	4	0	0	05000514000202a4048000a05110220	18beeaeab7f55d5bb3375f5fa24fddd	0	0
3519	8	2	8	0	0	05000528009000e0248044001018011	18beead6b7675f1f93371bffe347fec	0	0
3520	8	5	4	0	0	05000530009000e0048004281050014	18beeaceb7675f1fb3375bd7e30ffe9	0	0
3521	8	6	8	0	0	05000606000700011600120a000a009	18bee9f8b7f05ffea1b74df5f355ff4	0	0
3522	8	6	6	0	1	0500060a00120070041000c28009300	18bee9f4b7e55f8fb3a75f3d7356cfd	0	0
3523	8	7	7	0	1	0500064020041428020101888010890	18bee9be97f34bd7b5b65e77734f76d	0	0
3524	8	7	1	0	0	05000894001002a4048004281102030	18bee76ab7e75d5bb3375bd7e25dfcd	0	0
3525	8	5	10	0	0	050008b000141420008200a88014084	18bee74eb7e34bdfb7355f57734bf79	0	0
3526	8	6	4	0	0	0500091020900070048000a09014280	18bee6ee97675f8fb3375f5f634bd7d	0	0
3527	8	7	3	0	1	05000912010000c28401409800060a0	18bee6ecb6f75f3d33b61f67f359f5d	0	0
3528	8	6	7	0	1	0500091201040042840140980006028	18bee6ecb6f35fbd33b61f67f359fd5	0	0
3529	8	6	3	0	1	05000912010400428401409800060a0	18bee6ecb6f35fbd33b61f67f359f5d	0	0
3530	8	7	4	0	1	05000a06000400d1010101920204280	18bee5f8b7f35f2eb6b65e6df15bd7d	0	0
3531	8	6	4	0	0	05000a0604040061000311180006180	18bee5f8b3f35f9eb7b44ee7f359e7d	0	0
3532	8	6	4	0	0	05000a0604040061010110902005280	18bee5f8b3f35f9eb6b64f6fd35ad7d	0	0
3533	8	5	4	0	1	05000a06040400c1010101920204280	18bee5f8b3f35f3eb6b65e6df15bd7d	0	0
3534	8	3	4	0	1	05000a06040400d1010101120202088	18bee5f8b3f35f2eb6b65eedf15df75	0	0
3535	8	4	4	0	0	05000a06040400e1000111120006300	18bee5f8b3f35f1eb7b64eedf359cfd	0	0
3536	8	1	4	0	1	05000a06040400e1010101920004280	18bee5f8b3f35f1eb6b65e6df35bd7d	0	0
3537	8	3	4	0	1	05000a102044123004010020a140084	18bee5ee97b34dcfb3b65fdf521ff79	0	0
3538	8	6	0	0	1	05000a12001400700420028a00050c0	18bee5ecb7e35f8fb3975d75f35af3d	0	0
3539	8	4	3	0	0	05000a18004400e0800148003140420	18bee5e6b7b35f1f37b617ffc21fbdd	0	0
3540	8	6	3	0	0	05000a4405000081800350108002908	18bee5bab2f75f7e37b40fef735d6f5	0	0
3541	8	5	7	0	0	05000c10209000e0048004281110014	18bee3ee97675f1fb3375bd7e24ffe9	0	0
3542	8	5	2	0	0	05000c10209000e0048004281110090	18bee3ee97675f1fb3375bd7e24ff6d	0	0
3543	8	7	4	0	0	05000c18001000e10006402902020a0	18bee3e6b7e75f1eb7b11fd6f15df5d	0	0
3544	8	4	4	0	1	05000c18005000f0040000a900030a0	18bee3e6b7a75f0fb3b75f56f35cf5d	0	0
3545	8	2	6	0	1	05000c18005000f0040202880050005	18bee3e6b7a75f0fb3b55d77f30fff8	0	0
3546	8	7	4	0	1	05000c20201040a2040404281050081	18bee3de97e71f5db3b35bd7e30ff7c	0	0
3547	8	2	9	0	0	05000c20209000e1008404820208101	18bee3de97675f1eb7335b7df157efc	0	0
3548	8	2	6	0	0	05000c20241000e1008404820208101	18bee3de93e75f1eb7335b7df157efc	0	0
3549	8	2	3	0	1	05000c20248000e1008404820208101	18bee3de93775f1eb7335b7df157efc	0	0
3550	8	7	4	0	1	05000c22000440a10401018a00028c0	18bee3dcb7f31f5eb3b65e75f35d73d	0	0
3551	8	6	3	0	0	05000c28008400a0248004241110011	18bee3d6b7735f5f93375bdbe24ffec	0	0
3552	8	5	1	0	1	05000c30009000e0048004281050014	18bee3ceb7675f1fb3375bd7e30ffe9	0	0
3553	8	6	4	0	0	05000c4801040083040100ac0006220	18bee3b6b6f35f7cb3b65f53f359ddd	0	0
3554	8	1	1	0	0	05000c60009000e10084048a0008101	18bee39eb7675f1eb7335b75f357efc	0	0
3555	8	3	4	0	1	05002240814002a4020100848001a10	18becdbe36b75d5bb5b65f7b735e5ed	0	0
3556	8	7	4	0	1	05002410200201a4048004281110018	18becbee97f55e5bb3375bd7e24ffe5	0	0
3557	8	8	4	0	1	05002420010202a40401048c0003030	18becbdeb6f55d5bb3b65b73f35cfcd	0	0
3558	8	6	4	0	1	05002420210202240401048c0003030	18becbde96f55ddbb3b65b73f35cfcd	0	0
3559	8	5	9	0	1	0500410281020a08040102910003210	18beaefc36f555f7b3b65d6ef35cded	0	0
3560	8	6	6	0	0	0500482081040200960004241002c20	18bea7de36f35dff21b75bdbe35d3dd	0	0
3561	8	3	4	0	1	0500842021041220240110088002830	18be6bde96f34ddf93b64ff7735d7cd	0	0
3562	8	8	4	0	0	05008800201500520480012091020a0	18be67fe97e25fadb3375edf625df5d	0	0
3563	8	4	3	0	1	0500882020a000d0240014101044021	18be67de97575f2f93b74befe31bfdc	0	0
3564	8	6	4	0	0	050201042402081101010192000a088	18bceefa93f557eeb6b65e6df355f75	0	0
3565	8	4	4	0	0	050201042402085101000192000a088	18bceefa93f557aeb6b75e6df355f75	0	0
3566	8	4	4	0	0	0502011400120294008000a05210220	18bceeeab7e55d6bb7375f5fa14fddd	0	0
3567	8	8	6	0	0	05020200205000f000a041041008890	18bcedfe97a75f0fb7171efbe35776d	0	0
3568	8	4	6	0	1	05020202214002b0000141044008884	18bcedfc96b75d4fb7b61efbb357779	0	0
3569	8	6	6	0	1	0502040824020224001400ac0011030	18bcebf693f55ddbb7a35f53f34efcd	0	0
3570	8	6	4	0	1	05020414001200b0008240205050024	18bcebeab7e55f4fb7351fdfa30ffd9	0	0
3571	8	8	2	0	1	0502080020c003140402030c0010881	18bce7fe97375cebb3b55cf3f34f77c	0	0
3572	8	8	7	0	1	05020810001400c2860000a810140a0	18bce7eeb7e35f3d31b75f57e34bf5d	0	0
3573	8	8	4	0	1	05020810001400d2048000a21014220	18bce7eeb7e35f2db3375f5de34bddd	0	0
3574	8	6	6	0	1	0502081020140050848000a810140a0	18bce7ee97e35faf33375f57e34bf5d	0	0
3575	8	6	4	0	1	05022000905000a8028000a05011280	18bccffe27a75f57b5375f5fa34ed7d	0	0
3576	8	6	0	0	1	0502201080140090860000a050500a0	18bccfee37e35f6f31b75f5fa30ff5d	0	0
3577	8	6	4	0	1	0502400090840214022000a41201030	18bcaffe27735debb5975f5be15efcd	0	0
3578	8	10	4	0	0	080005108500044a040208320012024	15beeaee32f75bb5b3b557cdf34dfd9	0	0
3579	8	10	3	0	0	080009108500044a040208320012024	15bee6ee32f75bb5b3b557cdf34dfd9	0	0
3580	8	10	6	0	0	08000a24002200e1010414120005108	15bee5dab7d55f1eb6b34bedf35aef5	0	0
3581	8	10	1	0	1	08000c108500044a040208320012024	15bee3ee32f75bb5b3b557cdf34dfd9	0	0
3582	8	8	2	0	0	08040a080202121104020452000c140	15bae5f6b5f54deeb3b55badf353ebd	0	0
3583	8	3	4	0	0	08042250021008501410004300060a0	15bacdaeb5e757afa3a75fbcf359f5d	0	0
3584	8	6	4	0	0	0804284400444001130000a03240088	15bac7bab7b31ffea4b75f5fc11ff75	0	0
3585	8	6	3	0	0	0804284400444001130000a03240090	15bac7bab7b31ffea4b75f5fc11ff6d	0	0
3586	8	7	4	0	0	0808060c0003004902200143000a500	15b6e9f2b7f45fb6b5975ebcf355afd	0	0
3587	8	6	6	0	0	0808089010c00214048002441012408	15b6e76ea7375debb3375dbbe34dbf5	0	0
3588	8	6	6	0	1	08080a003481000505000120a00a180	15b6e5fe83765ffab2b75edf5355e7d	0	0
3589	8	6	7	0	0	08080a1400060421030000b02050048	15b6e5eab7f15bdeb4b75f4fd30ffb5	0	0
3590	8	4	7	0	0	08080c10108211201400120c0012028	15b6e3eea7754edfa3b74df3f34dfd5	0	0
3591	8	6	6	0	0	08080c300090006100060432000a180	15b6e3ceb7675f9eb7b15bcdf355e7d	0	0
3592	8	5	6	0	0	08080c300091004100060432000a180	15b6e3ceb7665fbeb7b15bcdf355e7d	0	0
3593	8	5	2	0	0	08082410241040420401121010180a0	15b6cbee93e71fbdb3b64defe347f5d	0	0
3594	8	4	2	0	0	0808283000510064000104860009048	15b6c7ceb7a65f9bb7b65b79f356fb5	0	0
3595	8	4	4	0	1	0808440c00230068002041050003024	15b6abf2b7d45f97b7971efaf35cfd9	0	0
3596	8	4	4	0	1	0808880282041050240014120006041	15b667fc35f34faf93b74bedf359fbc	0	0
3597	8	5	4	0	0	08088810201210600404140900060a0	15b667ee97e54f9fb3b34bf6f359f5d	0	0
3598	8	3	6	0	0	080a0800a180025101040034000a0a0	15b4e7fe16775daeb6b35fcbf355f5d	0	0
3599	8	3	1	0	1	080a080410c0017001800104100c0a0	15b4e7faa7375e8fb6375efbe353f5d	0	0
3600	8	5	4	0	1	080a40009480110015000124800a0a0	15b4affe23774effa2b75edb7355f5d	0	0
3601	8	5	7	0	0	0810091800504060040106090003048	15aee6e6b7a71f9fb3b659f6f35cfb5	0	0
3602	8	3	4	0	0	0810091804020289040400230204060	15aee6e6b3f55d76b3b35fdcf15bf9d	0	0
3603	8	7	4	0	0	08100c1800020289040400630300060	15aee3e6b7f55d76b3b35f9cf05ff9d	0	0
3604	8	6	1	0	0	08108830002200a1000514030204048	15ae67ceb7d55f5eb7b24bfcf15bfb5	0	0
3605	8	9	3	0	0	08200086002440620104121011010a0	159eef78b7d31f9db6b34defe25ef5d	0	0
3606	8	6	6	0	0	0820018a0120402010050a003300120	159eee74b6d71fdfa7b255ffc05fedd	0	0
3607	8	7	8	0	0	0820018c002140201014082091040a0	159eee72b7d61fdfa7a357df625bf5d	0	0
3608	8	8	6	0	1	08200490040444220006023010500a0	159eeb6eb3f31bddb7b15dcfe30ff5d	0	0
3609	8	6	7	0	1	08200884840400620500028410110a0	159ee77a33f35f9db2b75d7be34ef5d	0	0
3610	8	3	7	0	0	0820091800224121040100490012048	159ee6e6b7d51edeb3b65fb6f34dfb5	0	0
3611	8	4	6	0	1	0820091800254022000140203050024	159ee6e6b7d21fddb7b61fdfc30ffd9	0	0
3612	8	5	3	0	0	0820091801020482040440310012120	159ee6e6b6f55b7db3b31fcef34dedd	0	0
3613	8	8	6	0	1	08200a100044107004010446000a088	159ee5eeb7b34f8fb3b65bb9f355f75	0	0
3614	8	7	6	0	1	08200a3000050064002104860009048	159ee5ceb7f25f9bb7965b79f356fb5	0	0
3615	8	5	6	0	1	08200a300044106004010446000a088	159ee5ceb7b34f9fb3b65bb9f355f75	0	0
3616	8	3	6	0	1	08200a3000450064002100860009048	159ee5ceb7b25f9bb7965f79f356fb5	0	0
3617	8	6	6	0	0	08200a408300005100031050800a140	159ee5be34f75faeb7b44faf7355ebd	0	0
3618	8	1	4	0	0	08200c4025010043008200a48002140	159ee3be92f65fbcb7355f5b735debd	0	0
3619	8	8	7	0	0	0820280020144051010102901240060	159ec7fe97e31faeb6b65d6fe11ff9d	0	0
3620	8	6	9	0	1	08202810201400620101029010500a0	159ec7ee97e35f9db6b65d6fe30ff5d	0	0
3621	8	6	7	0	0	08202810201400620101029011100a0	159ec7ee97e35f9db6b65d6fe24ff5d	0	0
3622	8	6	4	0	0	082040c081204021000300c50012240	159eaf3e36d71fdeb7b45f3af34ddbd	0	0
3623	8	8	4	0	1	0820410085000848250002310003060	159eaefe32f757b792b75dcef35cf9d	0	0
3624	8	5	4	0	0	082041208180112004010064800a120	159eaede36774edfb3b65f9b7355edd	0	0
3625	8	5	4	0	0	082042208180104015000064800a420	159eadde36774fbfa2b75f9b7355bdd	0	0
3626	8	5	4	0	1	082042208181100014010064800a120	159eadde36764fffa3b65f9b7355edd	0	0
3627	8	6	8	0	0	0820480092041020200312101110060	159ea7fe25f34fdf97b44defe24ff9d	0	0
3628	8	3	4	0	0	08204800a1051002240100248102120	159ea7fe16f24ffd93b65fdb725dedd	0	0
3629	8	5	6	0	1	0820480880254020000508241011220	159ea7f637d21fdfb7b257dbe34eddd	0	0
3630	8	7	4	0	1	082048180002412100030849021000c	159ea7e6b7f51edeb7b457b6f14fff1	0	0
3631	8	3	1	0	1	0820481800224121040100490012048	159ea7e6b7d51edeb3b65fb6f34dfb5	0	0
3632	8	2	6	0	0	0820822200614004100518002009401	159e6ddcb7961ffba7b247ffd356bfc	0	0
3633	8	5	4	0	0	08208800a20410600401140091020c0	159e67fe15f34f9fb3b64bff625df3d	0	0
3634	8	1	4	0	1	08208800a20410700401140090020c0	159e67fe15f34f8fb3b64bff635df3d	0	0
3635	8	3	4	0	1	0822400484041100350002060010821	159caffa33f34eff82b75df9f34f7dc	0	0
3636	8	5	6	0	1	082280028024501000051050800a081	159c6ffc37d30fefb7b24faf7355f7c	0	0
3637	8	3	6	0	0	088002940600050114020032000c088	153eed6ab1f75afea3b55fcdf353f75	0	0
3638	8	6	3	0	1	088003402280004a001141120048024	153eecbe95775fb5b7a61eedf317fd9	0	0
3639	8	2	3	0	1	088003402281004a001141020048024	153eecbe95765fb5b7a61efdf317fd9	0	0
3640	8	6	7	0	0	0880034083004001200342110008848	153eecbe34f71ffe97b41deef3577b5	0	0
3641	8	4	9	0	0	0880034083004041200102510048048	153eecbe34f71fbe97b65daef317fb5	0	0
3642	8	4	4	0	0	0880064401810049000200622102110	153ee9bab6765fb6b7b55f9dd25deed	0	0
3643	8	5	6	0	1	0880088a04214000100518003201108	153ee774b3d61fffa7b247ffc15eef5	0	0
3644	8	8	6	0	0	0880091000140862050002221044204	153ee6eeb7e3579db2b75ddde31bdf9	0	0
3645	8	8	7	0	0	0880091000150042828008301006120	153ee6eeb7e25fbd353757cfe359edd	0	0
3646	8	8	6	0	0	08800910002301280005140a0005048	153ee6eeb7d45ed7b7b24bf5f35afb5	0	0
3647	8	5	8	0	0	08800912002301200005180a0005048	153ee6ecb7d45edfb7b247f5f35afb5	0	0
3648	8	5	6	0	0	08800912002301200005180a0005108	153ee6ecb7d45edfb7b247f5f35aef5	0	0
3649	8	6	10	0	1	08800a00328010041401050c000a088	153ee5fe85774ffba3b65af3f355f75	0	0
3650	8	4	6	0	0	08800a1010230128002010422101048	153ee5eea7d45ed7b7974fbdd25efb5	0	0
3651	8	3	6	0	0	08800a1010230128002210022101048	153ee5eea7d45ed7b7954ffdd25efb5	0	0
3652	8	6	8	0	1	08800a10205000700401028300050c0	153ee5ee97a75f8fb3b65d7cf35af3d	0	0
3653	8	4	8	0	1	08800a2200250124000109060001848	153ee5dcb7d25edbb7b656f9f35e7b5	0	0
3654	8	4	7	0	0	08800a3000140868000112110005044	153ee5ceb7e35797b7b64deef35afb9	0	0
3655	8	3	6	0	0	08800a3000150064002100860009048	153ee5ceb7e25f9bb7965f79f356fb5	0	0
3656	8	5	7	0	1	08800a300023012000030c060005048	153ee5ceb7d45edfb7b453f9f35afb5	0	0
3657	8	1	3	0	1	08800a300023012400030c060001048	153ee5ceb7d45edbb7b453f9f35efb5	0	0
3658	8	5	7	0	0	08800a3000241120000318140004828	153ee5ceb7d34edfb7b447ebf35b7d5	0	0
3659	8	7	4	0	1	08800c1200025020100510490202088	153ee3ecb7f50fdfa7b24fb6f15df75	0	0
3660	8	3	3	0	1	08800c401501010a000308060003030	153ee3bea2f65ef5b7b457f9f35cfcd	0	0
3661	8	1	6	0	1	08800c480023010a000341060001024	153ee3b6b7d45ef5b7b41ef9f35efd9	0	0
3662	8	5	3	0	1	088020e000614000100518003009180	153ecf1eb7961fffa7b247ffc356e7d	0	0
3663	8	5	2	0	1	0880222020a10044040105060009108	153ecdde97565fbbb3b65af9f356ef5	0	0
3664	8	6	2	0	1	088028101014004a048002920005220	153ec7eea7e35fb5b3375d6df35addd	0	0
3665	8	6	8	0	0	0880281020140052048002221014404	153ec7ee97e35fadb3375ddde34bbf9	0	0
3666	8	3	9	0	0	0880281020144042848000203050404	153ec7ee97e31fbd33375fdfc30fbf9	0	0
3667	8	3	8	0	0	0880281020150042848000203140024	153ec7ee97e25fbd33375fdfc21ffd9	0	0
3668	8	6	3	0	1	088028500014004a008102920011204	153ec7aeb7e35fb5b7365d6df34edf9	0	0
3669	8	6	3	0	0	088028500014004a008102920101024	153ec7aeb7e35fb5b7365d6df25efd9	0	0
3670	8	9	8	0	1	0880400091041428000302980012048	153eaffe26f34bd7b7b45d67f34dfb5	0	0
3671	8	3	3	0	1	088041009104502800050218000a060	153eaefe26f30fd7b7b25de7f355f9d	0	0
3672	8	4	6	0	1	0880420092800508140001320009220	153eadfe25775af7a3b75ecdf356ddd	0	0
3673	8	7	0	0	1	088044108004112014040a0c00088a0	153eabee37f34edfa3b355f3f35775d	0	0
3674	8	4	4	0	0	0880480031810202140001248102104	153ea7fe86765dfda3b75edb725def9	0	0
3675	8	2	3	0	1	0880480824021400350001210202120	153ea7f693f54bff82b75edef15dedd	0	0
3676	8	3	4	0	1	0880481020840262050000203140024	153ea7ee97735d9db2b75fdfc21ffd9	0	0
3677	8	6	4	0	1	0880485000060108240218082014041	153ea7aeb7f15ef793b547f7d34bfbc	0	0
3678	8	2	3	0	0	0880485000221124000300c40110048	153ea7aeb7d54edbb7b45f3bf24ffb5	0	0
3679	8	5	2	0	0	08804850002411200003180c0004828	153ea7aeb7d34edfb7b447f3f35b7d5	0	0
3680	8	4	4	0	0	088048500202030110021809020080c	153ea7aeb5f55cfea7b547f6f15f7f1	0	0
3681	8	5	6	0	0	0880808284214000100518003009480	153e6f7c33d61fffa7b247ffc356b7d	0	0
3682	8	8	6	0	0	0880820081100468040102428003240	153e6dfe36e75b97b3b65dbd735cdbd	0	0
3683	8	6	6	0	0	0880820091100428040102428003240	153e6dfe26e75bd7b3b65dbd735cdbd	0	0
3684	8	4	6	0	0	0880820091100468040002428003240	153e6dfe26e75b97b3b75dbd735cdbd	0	0
3685	8	6	3	0	0	0880c00090240428020118101011044	153e2ffe27d35bd7b5b647efe34efb9	0	0
3686	8	4	0	0	0	0880c00090240628020018101011044	153e2ffe27d359d7b5b747efe34efb9	0	0
3687	8	4	6	0	1	0882020281800150110002340009088	153cedfc36775eafa6b75dcbf356f75	0	0
3688	8	4	4	0	0	0882020c04024101100201250208088	153cedf2b3f51efea7b55edaf157f75	0	0
3689	8	4	2	0	0	08820810102211240002104c0014048	153ce7eea7d54edbb7b54fb3f34bfb5	0	0
3690	8	5	7	0	0	090003240023006001200506000900c	14beecdab7d45f9fb6975af9f356ff1	0	0
3691	8	5	4	0	0	090003240023006001200506004100c	14beecdab7d45f9fb6975af9f31eff1	0	0
3692	8	4	2	0	0	09000490810404a2000402340050220	14beeb6e36f35b5db7b35dcbf30fddd	0	0
3693	8	4	8	0	1	0900050a0023103000010142800a104	14beeaf4b7d44fcfb7b65ebd7355ef9	0	0
3694	8	5	4	0	0	0900051021400442060000a22210104	14beeaee96b75bbdb1b75f5dd14fef9	0	0
3695	8	2	4	0	0	0900051021400462060000a02050104	14beeaee96b75b9db1b75f5fd30fef9	0	0
3696	8	8	8	0	0	09000904006000e0242001822140101	14bee6fab7975f1f93975e7dd21fefc	0	0
3697	8	7	6	0	0	0900094010200268012050003041024	14bee6bea7d75d97b6970fffc31efd9	0	0
3698	8	8	7	0	0	09000a0012041428000311180012028	14bee5fea5f34bd7b7b44ee7f34dfd5	0	0
3699	8	8	3	0	1	09000a100044107004010446000a088	14bee5eeb7b34f8fb3b65bb9f355f75	0	0
3700	8	3	3	0	1	09000a102044107004010406000a088	14bee5ee97b34f8fb3b65bf9f355f75	0	0
3701	8	5	3	0	1	09000a300044106004010446000a088	14bee5ceb7b34f9fb3b65bb9f355f75	0	0
3702	8	6	2	0	0	09000c08241000620500022410110a0	14bee3f693e75f9db2b75ddbe34ef5d	0	0
3703	8	5	3	0	0	09002210205004600500022a0011084	14becdee97a75b9fb2b75dd5f34ef79	0	0
3704	8	8	3	0	1	0900280020444061010102803240280	14bec7fe97b31f9eb6b65d7fc11fd7d	0	0
3705	8	4	1	0	0	0900280030504061010002803240280	14bec7fe87a71f9eb6b75d7fc11fd7d	0	0
3706	8	6	4	0	0	0900281020140070048000a410140a0	14bec7ee97e35f8fb3375f5be34bf5d	0	0
3707	8	3	4	0	1	0900414010a00268012040003041024	14beaebea7575d97b6971fffc31efd9	0	0
3708	8	4	3	0	0	0900480092041428000110908003220	14bea7fe25f34bd7b7b64f6f735cddd	0	0
3709	8	4	3	0	0	0900480092041428000110908011204	14bea7fe25f34bd7b7b64f6f734edf9	0	0
3710	8	7	4	0	0	09004800a00450202401108c0014021	14bea7fe17f30fdf93b64f73f34bfdc	0	0
3711	8	5	1	0	0	0900484010a0026000a001441102120	14bea7bea7575d9fb7175ebbe25dedd	0	0
3712	8	4	4	0	0	0900808093001420200210580012028	14be6f7e24f74bdf97b54fa7f34dfd5	0	0
3713	8	4	4	0	0	0900810092211020200114028003208	14be6efe25d64fdf97b64bfd735cdf5	0	0
3714	8	3	4	0	0	09008404204200f000a001041048404	14be6bfa97b55f0fb7175efbe317bf9	0	0
3715	8	4	4	0	0	0900880030154022008001209110084	14be67fe87e21fddb7375edf624ff79	0	0
3716	8	3	6	0	1	0900880090154024000640009018081	14be67fe27e21fdbb7b11fff6347f7c	0	0
3717	8	6	9	0	1	0900880090250028002111028003044	14be67fe27d25fd7b7964efd735cfb9	0	0
3718	8	7	4	0	0	09008800a0045020240110209140028	14be67fe17f30fdf93b64fdf621ffd5	0	0
3719	8	6	2	0	0	0900881020140052048002221014420	14be67ee97e35fadb3375ddde34bbdd	0	0
3720	8	7	7	0	0	09020080a0410409030000a06041044	14bcef7e17b65bf6b4b75f5f931efb9	0	0
3721	8	6	4	0	0	0902081020140052048000a410140a0	14bce7ee97e35fadb3375f5be34bf5d	0	0
3722	8	6	2	0	0	09022010201400508480022410140a0	14bccfee97e35faf33375ddbe34bf5d	0	0
3723	8	3	4	0	0	0c0002888111006102020041800a140	11beed7636e65f9eb5b55fbe7355ebd	0	0
3724	8	5	3	0	1	0c000312004410600401028a000c0c0	11beececb7b34f9fb3b65d75f353f3d	0	0
3725	8	6	6	0	1	0c000502204300280011018a0048044	11beeafc97b45fd7b7a65e75f317fb9	0	0
3726	8	6	4	0	0	0c0006480110006100034041800a140	11bee9b6b6e75f9eb7b41fbe7355ebd	0	0
3727	8	9	9	0	0	0c000800a111040a040100a28003060	11bee7fe16e65bf5b3b65f5d735cf9d	0	0
3728	8	4	6	0	1	0c0008c8022001510002015100060a0	11bee736b5d75eaeb7b55eaef359f5d	0	0
3729	8	5	7	0	0	0c00092080141060010102809240060	11bee6de37e34f9fb6b65d7f611ff9d	0	0
3730	8	4	1	0	1	0c000a00a280105024001412000c021	11bee5fe15774faf93b74bedf353fdc	0	0
3731	8	2	4	0	1	0c000a00a2801050240214100044021	11bee5fe15774faf93b54beff31bfdc	0	0
3732	8	1	4	0	1	0c000a00a2801050240214120004021	11bee5fe15774faf93b54bedf35bfdc	0	0
3733	8	3	6	0	0	0c000a00a481004501040020a009480	11bee5fe13765fbab6b35fdf5356b7d	0	0
3734	8	7	6	0	0	0c000a0820110418040101228003060	11bee5f697e65be7b3b65edd735cf9d	0	0
3735	8	5	4	0	1	0c000a2020501060048000a28005140	11bee5de97a74f9fb3375f5d735aebd	0	0
3736	8	8	6	0	0	0c000c0020824200348014081018401	11bee3fe97751dff83374bf7e347bfc	0	0
3737	8	8	4	0	1	0c000c00221010620401048a0011084	11bee3fe95e74f9db3b65b75f34ef79	0	0
3738	8	6	2	0	1	0c000c02220410202401120a0014041	11bee3fc95f34fdf93b64df5f34bfbc	0	0
3739	8	8	7	0	0	0c000c2000121422040200a28011104	11bee3deb7e54bddb3b55f5d734eef9	0	0
3740	8	8	1	0	0	0c000c2000121422048000a28011104	11bee3deb7e54bddb3375f5d734eef9	0	0
3741	8	7	4	0	1	0c000c2020101062048000a28011104	11bee3de97e74f9db3375f5d734eef9	0	0
3742	8	6	4	0	1	0c000c2020121022048000a28011104	11bee3de97e54fddb3375f5d734eef9	0	0
3743	8	4	7	0	0	0c000c2020121422040000a28011104	11bee3de97e54bddb3b75f5d734eef9	0	0
3744	8	4	7	0	0	0c000c40200614220001018c00120a0	11bee3be97f14bddb7b65e73f34df5d	0	0
3745	8	4	6	0	0	0c00820281040470000112108003048	11be6dfc36f35b8fb7b64def735cfb5	0	0
3746	8	10	0	0	0	1000090480145028000540888050090	0dbee6fa37e30fd7b7b21f77730ff6d	0	0
3747	8	10	4	0	0	1000280880154014002100a48003240	0dbec7f637e21febb7965f5b735cdbd	0	0
3748	8	10	4	0	1	1000480090914004112000a88003240	0dbea7fe27661ffba6975f57735cdbd	0	0
3749	8	10	4	0	0	1000c000a090104035001028800a220	0dbe2ffe17674fbf82b74fd77355ddd	0	0
3750	8	5	2	0	0	10042802220214100500044a0006088	0dbac7fc95f54befb2b75bb5f359f75	0	0
3751	8	6	6	0	0	100804c4001440090201028a0012090	0db6eb3ab7e31ff6b5b65d75f34df6d	0	0
3752	8	6	6	0	0	1008089400144024000512088012208	0db6e76ab7e31fdbb7b24df7734ddf5	0	0
3753	8	8	0	0	1	10080c04001450280005048a0018280	0db6e3fab7e30fd7b7b25b75f347d7d	0	0
3754	8	6	6	0	1	10080c1400144024000500a88018280	0db6e3eab7e31fdbb7b25f577347d7d	0	0
3755	8	6	3	0	0	100820c4001440090201028a0012090	0db6cf3ab7e31ff6b5b65d75f34df6d	0	0
3756	8	4	3	0	0	1008240030c04048240014081108090	0db6cbfe87371fb793b74bf7e257f6d	0	0
3757	8	6	10	0	0	10082404101440090201028a0012090	0db6cbfaa7e31ff6b5b65d75f34df6d	0	0
3758	8	3	9	0	0	100824088084410904010020c102090	0db6cbf637731ef6b3b65fdf325df6d	0	0
3759	8	6	6	0	0	10082440101440090201028a0012090	0db6cbbea7e31ff6b5b65d75f34df6d	0	0
3760	8	6	4	0	0	1008244400144009020100aa0012090	0db6cbbab7e31ff6b5b65f55f34df6d	0	0
3761	8	6	0	0	0	10082444001440090201028a0012090	0db6cbbab7e31ff6b5b65d75f34df6d	0	0
3762	8	1	4	0	1	1008280092804114002110908001208	0db6c7fe25771eebb7964f6f735edf5	0	0
3763	8	5	6	0	1	100828108014406000054402800a280	0db6c7ee37e31f9fb7b21bfd7355d7d	0	0
3764	8	4	6	0	1	100828108014407000010482800a280	0db6c7ee37e31f8fb7b65b7d7355d7d	0	0
3765	8	3	6	0	1	100828108014407000050402800a280	0db6c7ee37e31f8fb7b25bfd7355d7d	0	0
3766	8	5	6	0	0	1008281080150044010402228102220	0db6c7ee37e25fbbb6b35ddd725dddd	0	0
3767	8	6	2	0	1	100828108090005015004022800a0a0	0db6c7ee37675fafa2b71fdd7355f5d	0	0
3768	8	6	3	0	1	1008281400144024000500a88018280	0db6c7eab7e31fdbb7b25f577347d7d	0	0
3769	8	4	8	0	0	100828408014104c000102828102220	0db6c7be37e34fb3b7b65d7d725dddd	0	0
3770	8	5	4	0	0	100848009280500014011080a110204	0db6a7fe25770fffa3b64f7f524fdf9	0	0
3771	8	8	6	0	0	1010211000424040360014082048018	0daeceeeb7b51fbf81b74bf7d317fe5	0	0
3772	8	7	4	0	0	101021108400024214015002800a120	0daeceee33f75dbda3b60ffd7355edd	0	0
3773	8	4	8	0	0	10102808208201940001050c0018408	0daec7f697755e6bb7b65af3f347bf5	0	0
3774	8	5	6	0	1	10102818001400d00104042a0208028	0daec7e6b7e35f2fb6b35bd5f157fd5	0	0
3775	8	5	4	0	0	10104400a18001a0020108248110110	0daeabfe16775e5fb5b657db724feed	0	0
3776	8	6	2	0	1	1010600090504002160002228009300	0dae8ffe27a71ffda1b75ddd7356cfd	0	0
3777	8	7	8	0	1	10108802800212101401104a000a060	0dae67fc37f54defa3b64fb5f355f9d	0	0
3778	8	6	1	0	1	1010a0108410005404010242800a060	0dae4fee33e75fabb3b65dbd7355f9d	0	0
3779	8	5	4	0	0	1010a010841000d004011042800a060	0dae4fee33e75f2fb3b64fbd7355f9d	0	0
3780	8	3	4	0	1	1010a010841000d404010042800a060	0dae4fee33e75f2bb3b65fbd7355f9d	0	0
3781	8	7	8	0	1	102003140005004480214088800c0c0	0d9eeceab7f25fbb37961f777353f3d	0	0
3782	8	6	6	0	0	1020091400144024000500a88018280	0d9ee6eab7e31fdbb7b25f577347d7d	0	0
3783	8	9	4	0	1	10202000918001841500022c0012220	0d9ecffe26775e7ba2b75dd3f34dddd	0	0
3784	8	5	8	0	0	1020210a001340100021028a0009044	0d9ecef4b7e41fefb7965d75f356fb9	0	0
3785	8	3	4	0	0	102021180012015405000048800a060	0d9ecee6b7e55eabb2b75fb77355f9d	0	0
3786	8	2	4	0	0	102021180012015405000448000a060	0d9ecee6b7e55eabb2b75bb7f355f9d	0	0
3787	8	5	4	0	1	10202118008201500500044a000a028	0d9ecee6b7755eafb2b75bb5f355fd5	0	0
3788	8	6	7	0	1	10202400314040201220028c0008844	0d9ecbfe86b71fdfa5975d73f3577b9	0	0
3789	8	3	9	0	1	102028009104480410210094000a240	0d9ec7fe26f317fba7965f6bf355dbd	0	0
3790	8	8	6	0	1	1020281000150044112000a8800a280	0d9ec7eeb7e25fbba6975f577355d7d	0	0
3791	8	6	6	0	1	1020281010150004112000a8800a280	0d9ec7eea7e25ffba6975f577355d7d	0	0
3792	8	1	6	0	1	1020281010154004102400a88008280	0d9ec7eea7e21ffba7935f577357d7d	0	0
3793	8	6	4	0	0	10202810201440120005042a0012480	0d9ec7ee97e31fedb7b25bd5f34db7d	0	0
3794	8	6	9	0	1	10202810201440220005042a0012090	0d9ec7ee97e31fddb7b25bd5f34df6d	0	0
3795	8	4	10	0	1	102028108404014600014044800a0a0	0d9ec7ee33f35eb9b7b61fbb7355f5d	0	0
3796	8	1	10	0	1	10202810840401460005404480080a0	0d9ec7ee33f35eb9b7b21fbb7357f5d	0	0
3797	8	4	7	0	1	102028108404016200014044800a0a0	0d9ec7ee33f35e9db7b61fbb7355f5d	0	0
3798	8	1	7	0	1	10202810840401620005404480080a0	0d9ec7ee33f35e9db7b21fbb7357f5d	0	0
3799	8	6	1	0	1	1020281400144024000500a88018280	0d9ec7eab7e31fdbb7b25f577347d7d	0	0
3800	8	4	4	0	0	10202818001400d2040000ac00120a0	0d9ec7e6b7e35f2db3b75f53f34df5d	0	0
3801	8	4	6	0	0	1020281800144044102000a8800a600	0d9ec7e6b7e31fbba7975f5773559fd	0	0
3802	8	4	6	0	0	1020281800144050102000a8800a480	0d9ec7e6b7e31fafa7975f577355b7d	0	0
3803	8	6	6	0	1	1020285000140044112000a8800a280	0d9ec7aeb7e35fbba6975f577355d7d	0	0
3804	8	6	6	0	0	10204100314040202220028c0008848	0d9eaefe86b71fdf95975d73f3577b5	0	0
3805	8	6	6	0	1	10204400314040201220028c0008844	0d9eabfe86b71fdfa5975d73f3577b9	0	0
3806	8	8	6	0	0	1020480011114000902200a88102140	0d9ea7fea6e61fff27955f57725debd	0	0
3807	8	4	6	0	1	10204800322000c6040040809104120	0d9ea7fe85d75f39b3b71f7f625bedd	0	0
3808	8	4	4	0	0	10204800a60001620001048481010c0	0d9ea7fe11f75e9db7b65b7b725ef3d	0	0
3809	8	1	8	0	0	10204800a6000841800350110002044	0d9ea7fe11f757be37b40feef35dfb9	0	0
3810	8	4	4	0	1	10206000322000c6040040809104120	0d9e8ffe85d75f39b3b71f7f625bedd	0	0
3811	8	2	4	0	1	10206000a0c04100350014080008a01	0d9e8ffe17371eff82b74bf7f3575fc	0	0
3812	8	5	6	0	1	10206000a14001a0030000a48008a10	0d9e8ffe16b75e5fb4b75f5b73575ed	0	0
3813	8	3	4	0	1	10206000a3014000302100888100850	0d9e8ffe14f61fff87965f77725f7ad	0	0
3814	8	7	6	0	0	10208102100244300024028a0041048	0d9e6efca7f51bcfb7935d75f31efb5	0	0
3815	8	5	9	0	0	1020822080c0104014021024800a090	0d9e6dde37374fbfa3b54fdb7355f6d	0	0
3816	8	5	6	0	0	102082208440104014021024800a090	0d9e6dde33b74fbfa3b54fdb7355f6d	0	0
3817	8	7	4	0	1	10208800a0041052050000a281020a0	0d9e67fe17f34fadb2b75f5d725df5d	0	0
3818	8	6	6	0	1	1080029400424000320250006240018	0d3eed6ab7b51fff85b50fff911ffe5	0	0
3819	8	4	4	0	0	1080031400450044820000a22104140	0d3eeceab7b25fbb35b75f5dd25bebd	0	0
3820	8	6	2	0	1	1080031400c0004096004022200c180	0d3eeceab7375fbf21b71fddd353e7d	0	0
3821	8	3	6	0	0	1080032201020314010100444208048	0d3eecdcb6f55cebb6b65fbbb157fb5	0	0
3822	8	6	7	0	0	1080051014100042860000c2800a140	0d3eeaeea3e75fbd31b75f3d7355ebd	0	0
3823	8	3	7	0	0	10800510141000c286000082800a140	0d3eeaeea3e75f3d31b75f7d7355ebd	0	0
3824	8	4	0	0	0	10800518005100822200082a000a110	0d3eeae6b7a65f7d95b757d5f355eed	0	0
3825	8	2	7	0	0	1080061012800140940218080104030	0d3ee9eea5775ebf23b547f7f25bfcd	0	0
3826	8	2	4	0	0	10800610128001409402180801040a0	0d3ee9eea5775ebf23b547f7f25bf5d	0	0
3827	8	2	4	0	1	10800610148000c2840250020006120	0d3ee9eea3775f3d33b50ffdf359edd	0	0
3828	8	2	6	0	1	108006101480024094025000800a180	0d3ee9eea3775dbf23b50fff7355e7d	0	0
3829	8	4	4	0	0	108006101480024210025002800a500	0d3ee9eea3775dbda7b50ffd7355afd	0	0
3830	8	5	6	0	1	1080061400070808020200a24140018	0d3ee9eab7f057f7b5b55f5db21ffe5	0	0
3831	8	2	4	0	0	10800614008200c8840250020104024	0d3ee9eab7755f3733b50ffdf25bfd9	0	0
3832	8	4	4	0	0	10800918000701060001480c0006028	0d3ee6e6b7f05ef9b7b617f3f359fd5	0	0
3833	8	4	6	0	0	108009180404014a000102920104028	0d3ee6e6b3f35eb5b7b65d6df25bfd5	0	0
3834	8	4	3	0	1	10800a101480024600024042800a500	0d3ee5eea3775db9b7b51fbd7355afd	0	0
3835	8	4	1	0	0	10800a140480024094001020a102180	0d3ee5eab3775dbf23b74fdf525de7d	0	0
3836	8	9	6	0	1	10802000901440488600028a0011084	0d3ecffe27e31fb731b75d75f34ef79	0	0
3837	8	6	6	0	0	1080208280144018001102520102084	0d3ecf7c37e31fe7b7a65dadf25df79	0	0
3838	8	7	6	0	0	10802110800401488401028a01040a0	0d3eceee37f35eb733b65d75f25bf5d	0	0
3839	8	2	6	0	0	10802110840401488401028201040a0	0d3eceee33f35eb733b65d7df25bf5d	0	0
3840	8	3	4	0	1	108021108480014416000020a00a180	0d3eceee33775ebba1b75fdf5355e7d	0	0
3841	8	3	4	0	0	108021208180014035001000a008b00	0d3ecede36775ebf82b74fff53574fd	0	0
3842	8	4	2	0	0	108022003480045804000146000c0a0	0d3ecdfe83775ba7b3b75eb9f353f5d	0	0
3843	8	5	2	0	0	1080220604024080120111060208018	0d3ecdf8b3f51f7fa5b64ef9f157fe5	0	0
3844	8	7	3	0	0	1080221200020194020110444208048	0d3ecdecb7f55e6bb5b64fbbb157fb5	0	0
3845	8	8	4	0	1	108024100014018a028000b20010a10	0d3ecbeeb7e35e75b5375f4df34f5ed	0	0
3846	8	5	6	0	0	10802810240203001480140c0002818	0d3ec7ee93f55cffa3374bf3f35d7e5	0	0
3847	8	4	8	0	0	1080408092110400320008888041050	0d3eaf7e25e65bff85b75777731efad	0	0
3848	8	4	4	0	0	1080410094805000340000ac0018088	0d3eaefe23770fff83b75f53f347f75	0	0
3849	8	7	0	0	0	1080410880800242250040405108120	0d3eaef637775dbd92b71fbfa257edd	0	0
3850	8	6	3	0	0	1080410880820042250040405108120	0d3eaef637755fbd92b71fbfa257edd	0	0
3851	8	6	4	0	0	1080411080900042160000a2800a300	0d3eaeee37675fbda1b75f5d7355cfd	0	0
3852	8	4	3	0	1	1080480034805000340000ac0018088	0d3ea7fe83770fff83b75f53f347f75	0	0
3853	8	5	2	0	0	1080600094104400160002228003140	0d3e8ffe23e71bffa1b75ddd735cebd	0	0
3854	8	4	7	0	0	1080808092110400320008888041050	0d3e6f7e25e65bff85b75777731efad	0	0
3855	8	5	3	0	0	108082208480104014021024800a090	0d3e6dde33774fbfa3b54fdb7355f6d	0	0
3856	8	4	4	0	0	108082408084104810015000a102090	0d3e6dbe37734fb7a7b60fff525df6d	0	0
3857	8	2	6	0	0	1080840212021400360010480042018	0d3e6bfca5f54bff81b74fb7f31dfe5	0	0
3858	8	4	0	0	0	1080c00092110400320008888041050	0d3e2ffe25e65bff85b75777731efad	0	0
3859	8	4	2	0	0	1082020410820a18000201460108090	0d3cedfaa77555e7b7b55eb9f257f6d	0	0
3860	8	5	6	0	1	1082400092800300130000a0c101090	0d3caffe25775cffa4b75f5f325ef6d	0	0
3861	8	4	7	0	0	1100018481040628020000a88012110	0cbeee7a36f359d7b5b75f57734deed	0	0
3862	8	2	4	0	1	110003120082091405000062000c208	0cbeececb77556ebb2b75f9df353df5	0	0
3863	8	9	7	0	0	11000404810404a8020100a48012210	0cbeebfa36f35b57b5b65f5b734dded	0	0
3864	8	7	4	0	1	1100048284004830000500c600090c0	0cbeeb7c33f717cfb7b25f39f356f3d	0	0
3865	8	6	3	0	1	11000486020408280005028a0101090	0cbeeb78b5f357d7b7b25d75f25ef6d	0	0
3866	8	5	3	0	1	11000486020448200005028a0101090	0cbeeb78b5f317dfb7b25d75f25ef6d	0	0
3867	8	2	6	0	0	1100048a02020298001410404300024	0cbeeb74b5f55d67b7a34fbfb05ffd9	0	0
3868	8	5	4	0	0	11000492008201a0008250006110104	0cbeeb6cb7755e5fb7350fff924fef9	0	0
3869	8	4	8	0	0	11000504230004608001408880060a0	0cbeeafa94f75b9f37b61f777359f5d	0	0
3870	8	4	9	0	0	11000504830004a8000100a28012210	0cbeeafa34f75b57b7b65f5d734dded	0	0
3871	8	4	9	0	1	1100060422040c28000141028002890	0cbee9fa95f353d7b7b61efd735d76d	0	0
3872	8	6	8	0	0	1100062021040422020100a48050018	0cbee9de96f35bddb5b65f5b730ffe5	0	0
3873	8	6	7	0	0	1100064400140418030000a0c0018a0	0cbee9bab7e35be7b4b75f5f335e75d	0	0
3874	8	4	4	0	0	1100088096000a14000410540003060	0cbee77e21f755ebb7b34fabf35cf9d	0	0
3875	8	3	4	0	0	1100088096000a14000610140003060	0cbee77e21f755ebb7b14febf35cf9d	0	0
3876	8	4	4	0	0	1100088216000a14000410540003048	0cbee77ca1f755ebb7b34fabf35cfb5	0	0
3877	8	5	3	0	1	11000902820450200021408a0040814	0cbee6fc35f30fdfb7961f75f31f7e9	0	0
3878	8	6	6	0	0	11000a10101400640022028c0014280	0cbee5eea7e35f9bb7955d73f34bd7d	0	0
3879	8	4	6	0	0	11000a1022400460120000a0a140088	0cbee5ee95b75b9fa5b75f5f521ff75	0	0
3880	8	6	3	0	1	11000a18008400501420042c0006090	0cbee5e6b7735fafa3975bd3f359f6d	0	0
3881	8	7	6	0	1	11000c00a0044828000540828140011	0cbee3fe17f317d7b7b21f7d721ffec	0	0
3882	8	6	6	0	0	11000c00a2040428000550088050005	0cbee3fe15f35bd7b7b20ff7730fff8	0	0
3883	8	5	6	0	0	11000c00a2044420000550088050005	0cbee3fe15f31bdfb7b20ff7730fff8	0	0
3884	8	7	4	0	1	11000c0222005030000310888002888	0cbee3fc95f70fcfb7b44f77735d775	0	0
3885	8	4	4	0	1	11000c0222045030000110888002888	0cbee3fc95f30fcfb7b64f77735d775	0	0
3886	8	5	9	0	1	11000c0282045020000310888002890	0cbee3fc35f30fdfb7b44f77735d76d	0	0
3887	8	5	7	0	0	11000c0282045020000310888100814	0cbee3fc35f30fdfb7b44f77725f7e9	0	0
3888	8	5	2	0	0	11000c0282045020000310888100890	0cbee3fc35f30fdfb7b44f77725f76d	0	0
3889	8	4	0	0	1	11000c0286005020100210888002890	0cbee3fc31f70fdfa7b54f77735d76d	0	0
3890	8	8	7	0	0	11000c0400144828000600aa0110011	0cbee3fab7e317d7b7b15f55f24ffec	0	0
3891	8	7	1	0	1	11000c0480044828000540828140011	0cbee3fa37f317d7b7b21f7d721ffec	0	0
3892	8	4	6	0	1	11000c10205000d80004042a0208084	0cbee3ee97a75f27b7b35bd5f157f79	0	0
3893	8	4	3	0	0	11000c2022041428000110888010884	0cbee3de95f34bd7b7b64f77734f779	0	0
3894	8	6	2	0	0	1100240282040098000512104140021	0cbecbfc35f35f67b7b24defb21ffdc	0	0
3895	8	4	2	0	1	1100280091054004102000ac0018208	0cbec7fe26f21ffba7975f53f347df5	0	0
3896	8	5	8	0	0	1100410092800620028000a0c011204	0cbeaefe257759dfb5375f5f334edf9	0	0
3897	8	3	6	0	0	11004100a3000628020100288012014	0cbeaefe14f759d7b5b65fd7734dfe9	0	0
3898	8	7	4	0	0	11004400a100048a060000a48002a20	0cbeabfe16f75b75b1b75f5b735d5dd	0	0
3899	8	7	6	0	0	11004400a10004a8020100a48012210	0cbeabfe16f75b57b5b65f5b734dded	0	0
3900	8	3	4	0	1	11008080a30004a4000540088006060	0cbe6f7e14f75b5bb7b21ff77359f9d	0	0
3901	8	4	6	0	0	110080a082020620100414088041014	0cbe6f5e35f559dfa7b34bf7731efe9	0	0
3902	8	7	4	0	0	1100820214000a14000510540009048	0cbe6dfca3f755ebb7b24fabf356fb5	0	0
3903	8	6	4	0	0	1100822200060214002110940009048	0cbe6ddcb7f15debb7964f6bf356fb5	0	0
3904	8	8	2	0	1	1100880020c002540480024c0012009	0cbe67fe97375dabb3375db3f34dff4	0	0
3905	8	7	4	0	1	1100880090045024000510488012208	0cbe67fe27f30fdbb7b24fb7734ddf5	0	0
3906	8	7	4	0	0	1100880094000a14000510540003060	0cbe67fe23f755ebb7b24fabf35cf9d	0	0
3907	8	7	2	0	0	1100880094000a14000510540009060	0cbe67fe23f755ebb7b24fabf356f9d	0	0
3908	8	3	1	0	0	1100880096000c14000510108003048	0cbe67fe21f753ebb7b24fef735cfb5	0	0
3909	8	7	4	0	0	1100880214000a14000510540003048	0cbe67fca3f755ebb7b24fabf35cfb5	0	0
3910	8	7	2	0	0	1100880214000a14000510540009048	0cbe67fca3f755ebb7b24fabf356fb5	0	0
3911	8	4	3	0	0	1102080414104081800200aa0012180	0cbce7faa3e71f7e37b55f55f34de7d	0	0
3912	8	6	4	0	0	110208048014400c000600a88110081	0cbce7fa37e31ff3b7b15f57724ff7c	0	0
3913	8	5	7	0	0	1400050600145020020100a8800a090	09beeaf8b7e30fdfb5b65f577355f6d	0	0
3914	8	5	4	0	0	1400050600145020020100a88042090	09beeaf8b7e30fdfb5b65f57731df6d	0	0
3915	8	5	7	0	0	1400050600145020020100a88048014	09beeaf8b7e30fdfb5b65f577317fe9	0	0
3916	8	5	2	0	0	1400050600145020020100a88048090	09beeaf8b7e30fdfb5b65f577317f6d	0	0
3917	8	4	6	0	0	1400062020141428000100a88050090	09bee9de97e34bd7b7b65f57730ff6d	0	0
3918	8	7	7	0	0	1400090480044061020102888042048	09bee6fa37f31f9eb5b65d77731dfb5	0	0
3919	8	4	7	0	1	140009088082410034000c082018201	09bee6f637751eff83b753f7d347dfc	0	0
3920	8	4	6	0	0	1400090880824100340014082018201	09bee6f637751eff83b74bf7d347dfc	0	0
3921	8	8	3	0	1	140009100404016200214082800c0c0	09bee6eeb3f35e9db7961f7d7353f3d	0	0
3922	8	1	6	0	0	1400094081040146020442048000828	09bee6be36f35eb9b5b31dfb735f7d5	0	0
3923	8	8	4	0	0	14000a008204105014011800a140024	09bee5fe35f34fafa3b647ff521ffd9	0	0
3924	8	4	4	0	1	14000a2024101062000200a28014180	09bee5de93e74f9db7b55f5d734be7d	0	0
3925	8	7	6	0	0	14000c0280045020100510888100890	09bee3fc37f30fdfa7b24f77725f76d	0	0
3926	8	6	4	0	1	14000c02820410101401108a0002860	09bee3fc35f34fefa3b64f75f35d79d	0	0
3927	8	6	4	0	1	14000c02820410101401180a0002824	09bee3fc35f34fefa3b647f5f35d7d9	0	0
3928	8	6	4	0	1	14000c1800140092040100aa0012060	09bee3e6b7e35f6db3b65f55f34df9d	0	0
3929	8	4	6	0	0	14000c2020141428000100a88050084	09bee3de97e34bd7b7b65f57730ff79	0	0
3930	8	4	7	0	1	14000c24001410a8000100a88050014	09bee3dab7e34f57b7b65f57730ffe9	0	0
3931	8	6	2	0	0	14002084801400a8028004205110090	09becf7a37e35f57b5375bdfa24ff6d	0	0
3932	8	7	4	0	0	14002110101101048006480880048a0	09beceeea7e65efb37b117f7735b75d	0	0
3933	8	6	3	0	0	1400220600064004120112003018600	09becdf8b7f11ffba5b64dffc3479fd	0	0
3934	8	6	9	0	1	140022088084010413000220a018401	09becdf637735efba4b75ddf5347bfc	0	0
3935	8	5	9	0	1	14002402201450200005028a0010890	09becbfc97e30fdfb7b25d75f34f76d	0	0
3936	8	5	0	0	0	14002402201450200005028a0110090	09becbfc97e30fdfb7b25d75f24ff6d	0	0
3937	8	2	4	0	1	140024401050018a028000a04011280	09becbbea7a75e75b5375f5fb34ed7d	0	0
3938	8	7	10	0	1	140028028004501010055000a008884	09bec7fc37f30fefa7b20fff5357779	0	0
3939	8	7	3	0	0	1400280280045020100510888100890	09bec7fc37f30fdfa7b24f77725f76d	0	0
3940	8	7	4	0	0	140028028004502010055000a100884	09bec7fc37f30fdfa7b20fff525f779	0	0
3941	8	7	6	0	1	140028028005400410055000a00a201	09bec7fc37f21ffba7b20fff5355dfc	0	0
3942	8	6	4	0	0	140028028204101014011080a100884	09bec7fc35f34fefa3b64f7f525f779	0	0
3943	8	5	6	0	1	140028028405400010055000a00a081	09bec7fc33f21fffa7b20fff5355f7c	0	0
3944	8	6	4	0	0	1400280484044021000310888002888	09bec7fa33f31fdeb7b44f77735d775	0	0
3945	8	6	3	0	0	1400280484044021000310888002890	09bec7fa33f31fdeb7b44f77735d76d	0	0
3946	8	5	0	0	1	14002818001402900401060a0012044	09bec7e6b7e35d6fb3b659f5f34dfb9	0	0
3947	8	4	3	0	0	1400284800144091000100a88042050	09bec7b6b7e31f6eb7b65f57731dfad	0	0
3948	8	6	4	0	1	1400440093010000302208888100850	09beabfe24f65fff87955777725f7ad	0	0
3949	8	3	2	0	1	14008802800612101401100a000a060	09be67fc37f14defa3b64ff5f355f9d	0	0
3950	8	7	6	0	1	140208028004501010055000a008884	09bce7fc37f30fefa7b20fff5357779	0	0
3951	8	6	6	0	1	1800048881400082260000644012110	05beeb7636b75f7d91b75f9bb34deed	0	0
3952	8	6	4	0	0	1800088286000824000510450003048	05bee77c31f757dbb7b24fbaf35cfb5	0	0
3953	8	5	8	0	0	18000a00a084105004011406000a028	05bee5fe17734fafb3b64bf9f355fd5	0	0
3954	8	1	4	0	1	18000a00a2801054040104448002088	05bee5fe15774fabb3b65bbb735df75	0	0
3955	8	6	6	0	0	18000a408084004501011040a00a300	05bee5be37735fbab6b64fbf5355cfd	0	0
3956	7	10	4	0	0	0004884081110054002208888003140	1dba67be36e65fabb7955777735cebd	0	0
3957	7	10	4	0	1	0006400284800252050000c09009180	1db8affc33775dadb2b75f3f6356e7d	0	0
3959	7	10	4	0	1	0008280604020164050001828101108	1db6c7f8b3f55e9bb2b75e7d725eef5	0	0
3960	7	10	3	0	0	00082810105040a4040102821110240	1db6c7eea7a71f5bb3b65d7de24fdbd	0	0
3961	7	10	8	0	0	00084800a0821430050000a09140028	1db6a7fe17754bcfb2b75f5f621ffd5	0	0
3962	7	10	4	0	1	0008c0208082111015000122800a420	1db62fde37754eefa2b75edd7355bdd	0	0
3963	7	10	4	0	1	000a080410c000f0012001821104180	1db4e7faa7375f0fb6975e7de25be7d	0	0
3964	7	10	6	0	1	000a080604400170010101860009088	1db4e7f8b3b75e8fb6b65e79f356f75	0	0
3965	7	9	7	0	0	000c00940280030506000458000a018	1db2ef6ab5775cfab1b75ba7f355fe5	0	0
3966	7	8	10	0	0	000c24100280024416001408100a030	1db2cbeeb5775dbba1b74bf7e355fcd	0	0
3967	7	5	7	0	0	000c24500280024016001408100a030	1db2cbaeb5775dbfa1b74bf7e355fcd	0	0
3968	7	4	6	0	1	000c280286000154040001908009180	1db2c7fc31f75eabb3b75e6f7356e7d	0	0
3969	7	5	9	0	0	000c28408141400020050a022101120	1db2c7be36b61fff97b255fdd25eedd	0	0
3970	7	5	10	0	1	000c4822024011200003090a000c104	1db2a7dcb5b74edfb7b456f5f353ef9	0	0
3971	7	4	4	0	0	000cc00a04021400340041012202120	1db22ff4b3f54bff83b71efed15dedd	0	0
3972	7	6	6	0	1	000e08440042011800224102100c180	1db0e7bab7b55ee7b7951efde353e7d	0	0
3973	7	3	2	0	1	000e0844004211180022010a000c180	1db0e7bab7b54ee7b7955ef5f353e7d	0	0
3974	7	10	6	0	0	00100512021008700401028a00090c0	1daeeaecb5e7578fb3b65d75f356f3d	0	0
3976	7	10	7	0	0	00100c18040204a20404082c0011028	1daee3e6b3f55b5db3b357d3f34efd5	0	0
3977	7	10	2	0	0	00104128002310208003090c0014120	1daeaed6b7d44fdf37b456f3f34bedd	0	0
3978	7	10	8	0	1	0010483000220291040104430202048	1daea7ceb7d55d6eb3b65bbcf15dfb5	0	0
3979	7	10	6	0	0	00106010202201940401050c0018408	1dae8fee97d55e6bb3b65af3f347bf5	0	0
3980	7	10	6	0	1	00108820104241210402014a000c0c0	1dae67dea7b51edeb3b55eb5f353f3d	0	0
3981	7	10	3	0	0	0012200881800150130002248009420	1daccff636775eafa4b75ddb7356bdd	0	0
3982	7	9	10	0	1	00140418030000c096000c090006030	1daaebe6b4f75f3f21b753f6f359fcd	0	0
3983	7	5	10	0	0	00140518030000c086000c090006030	1daaeae6b4f75f3f31b753f6f359fcd	0	0
3984	7	5	4	0	0	0014415001200288020108980014060	1daaaeaeb6d75d77b5b65767f34bf9d	0	0
3985	7	6	9	0	0	0014441800300830040102418003140	1daaabe6b7c757cfb3b65dbe735cebd	0	0
3986	7	6	6	0	0	0014a00286000040948042021005420	1daa4ffc31f75fbf23371dfde35abdd	0	0
3987	7	7	4	0	0	0014a01201000160142008482140018	1daa4fecb6f75e9fa39757b7d21ffe5	0	0
3988	7	4	6	0	0	00168002814002a80001028a0101050	1da86ffc36b75d57b7b65d75f25efad	0	0
3989	7	5	3	0	0	0018209805000482040402340014220	1da6cf66b2f75b7db3b35dcbf34bddd	0	0
3990	7	6	2	0	0	0018213001800060828004340014018	1da6ceceb6775f9f35375bcbf34bfe5	0	0
3991	7	4	8	0	0	001822300402142084001040a040828	1da6cdceb3f54bdf33b74fbf531f7d5	0	0
3992	7	5	6	0	0	0018283000120290040114021208120	1da6c7ceb7e55d6fb3b64bfde157edd	0	0
3993	7	6	6	0	1	0018283000224020140114003050208	1da6c7ceb7d51fdfa3b64bffc30fdf5	0	0
3994	7	5	8	0	1	0018412800a1102002010120a018104	1da6aed6b7564fdfb5b65edf5347ef9	0	0
3995	7	4	6	0	1	001842280402106084000144800c120	1da6add6b3f54f9f33b75ebb7353edd	0	0
3996	7	4	4	0	1	0018481010065020240018082014220	1da6a7eea7f10fdf93b747f7d34bddd	0	0
3997	7	6	6	0	1	0018482200600130040109060001908	1da6a7dcb7975ecfb3b656f9f35e6f5	0	0
3998	7	2	6	0	1	0018482204020324040109040009120	1da6a7dcb3f55cdbb3b656fbf356edd	0	0
3999	7	7	6	0	0	00184830000212208401104c0012028	1da6a7ceb7f54ddf33b64fb3f34dfd5	0	0
4000	7	7	6	0	0	0018601800020490860004241204028	1da68fe6b7f55b6f31b75bdbe15bfd5	0	0
4001	7	4	4	0	1	0018602081810130000101448008920	1da68fde36765ecfb7b65ebb73576dd	0	0
4002	7	6	4	0	0	00186024002200a8020105041050408	1da68fdab7d55f57b5b65afbe30fbf5	0	0
4003	7	2	6	0	0	0018603000220194040105040018408	1da68fceb7d55e6bb3b65afbf347bf5	0	0
4004	7	7	4	0	1	00186030010001a08401082c0014028	1da68fceb6f75e5f33b657d3f34bfd5	0	0
4005	7	5	10	0	1	0018603001020480850008282014024	1da68fceb6f55b7f32b757d7d34bfd9	0	0
4006	7	4	8	0	1	00186030010204a0840008282014024	1da68fceb6f55b5f33b757d7d34bfd9	0	0
4007	7	9	6	0	0	00188030005100610006082a000c090	1da66fceb7a65f9eb7b157d5f353f6d	0	0
4008	7	4	6	0	1	00188820104241210400014a000c0c0	1da667dea7b51edeb3b75eb5f353f3d	0	0
4009	7	6	3	0	1	0018a012005000700401028a00090c0	1da64fecb7a75f8fb3b65d75f356f3d	0	0
4010	7	5	3	0	1	0018a012005100500401028a00090c0	1da64fecb7a65fafb3b65d75f356f3d	0	0
4011	7	4	3	0	1	0018a012005100700001028a00090c0	1da64fecb7a65f8fb7b65d75f356f3d	0	0
4012	7	3	4	0	0	0018a030005100610006080a0004890	1da64fceb7a65f9eb7b157f5f35b76d	0	0
4013	7	6	6	0	1	0018c02200070002850001205140028	1da62fdcb7f05ffd32b75edfa21ffd5	0	0
4014	7	6	7	0	0	001a200091800110130003048008c20	1da4cffe26775eefa4b75cfb73573dd	0	0
4015	7	5	3	0	0	001a200881800150030002248009420	1da4cff636775eafb4b75ddb7356bdd	0	0
4016	7	7	8	0	0	001a20180011004480060a088104021	1da4cfe6b7e65fbb37b155f7725bfdc	0	0
4017	7	5	4	0	1	001a8002160001810401090a000c0c0	1da46ffca1f75e7eb3b656f5f353f3d	0	0
4018	7	10	3	0	1	00200194028000e404804408100a030	1d9eee6ab5775f1bb3371bf7e355fcd	0	0
4019	7	10	10	0	1	002003140280014414104022800c220	1d9eeceab5775ebba3a71fdd7353ddd	0	0
4020	7	10	10	0	1	002003140280014414104028800c0a0	1d9eeceab5775ebba3a71fd77353f5d	0	0
4021	7	10	6	0	0	002003180280014414104028800c420	1d9eece6b5775ebba3a71fd77353bdd	0	0
4022	7	10	6	0	1	00200890802540240003408091100c0	1d9ee76e37d21fdbb7b41f7f624ff3d	0	0
4023	7	10	7	0	0	002009140022502010055000a202220	1d9ee6eab7d50fdfa7b20fff515dddd	0	0
4024	7	10	8	0	1	0020091800221230000540418240024	1d9ee6e6b7d54dcfb7b21fbe711ffd9	0	0
4025	7	10	10	0	0	002009180022501010051800a202220	1d9ee6e6b7d50fefa7b247ff515dddd	0	0
4026	7	10	6	0	0	002009180022502010055000a202220	1d9ee6e6b7d50fdfa7b20fff515dddd	0	0
4027	7	10	3	0	1	0020091800225030000504428202240	1d9ee6e6b7d50fcfb7b25bbd715ddbd	0	0
4029	7	10	4	0	0	00202082840440620104121011010a0	1d9ecf7c33f31f9db6b34defe25ef5d	0	0
4030	7	10	4	0	0	0020211012800254040410409208220	1d9eceeea5775dabb3b34fbf6157ddd	0	0
4031	7	10	10	0	1	002021108180014415000228800a220	1d9eceee36775ebba2b75dd77355ddd	0	0
4032	7	10	10	0	1	0020211081800164010402488008a20	1d9eceee36775e9bb6b35db773575dd	0	0
4033	7	10	9	0	0	0020211081800164040402448008a20	1d9eceee36775e9bb3b35dbb73575dd	0	0
4034	7	10	8	0	1	0020211081800164040402488008a20	1d9eceee36775e9bb3b35db773575dd	0	0
4035	7	10	2	0	1	0020211081800164050002488008a20	1d9eceee36775e9bb2b75db773575dd	0	0
4036	7	10	6	0	0	0020211085000164040402448008a20	1d9eceee32f75e9bb3b35dbb73575dd	0	0
4037	7	10	2	0	1	00202140818000e4011000a88018300	1d9ecebe36775f1bb6a75f577347cfd	0	0
4039	7	10	9	0	1	00202800a5011004142000a48002910	1d9ec7fe12f64ffba3975f5b735d6ed	0	0
4040	7	10	0	0	0	00202800a5011004142000a48102110	1d9ec7fe12f64ffba3975f5b725deed	0	0
4041	7	10	6	0	1	0020281081054004102400a88008e00	1d9ec7ee36f21ffba7935f5773571fd	0	0
4042	7	10	10	0	0	002028180006049101040c0a020080c	1d9ec7e6b7f15b6eb6b353f5f15f7f1	0	0
4043	7	10	9	0	0	00202840802450201101108091008a0	1d9ec7be37d30fdfa6b64f7f625f75d	0	0
4044	7	10	7	0	0	0020284080245020110110809100a20	1d9ec7be37d30fdfa6b64f7f625f5dd	0	0
4045	7	10	4	0	1	0020411080820164050004888009240	1d9eaeee37755e9bb2b75b777356dbd	0	0
4046	7	10	4	0	0	0020411800224221040100c90012240	1d9eaee6b7d51ddeb3b65f36f34ddbd	0	0
4047	7	10	6	0	0	002041208202112800111040c210204	1d9eaede35f54ed7b7a64fbf314fdf9	0	0
4048	7	10	10	0	1	0020481800504830000302290003044	1d9ea7e6b7a717cfb7b45dd6f35cfb9	0	0
4049	7	10	7	0	1	0020483000221130000300c48210048	1d9ea7ceb7d54ecfb7b45f3b714ffb5	0	0
4050	7	10	4	0	1	0020813000231030000504428042048	1d9e6eceb7d44fcfb7b25bbd731dfb5	0	1
4051	7	10	4	0	0	0020820813010101140208288104050	1d9e6df6a4f65efea3b557d7725bfad	0	0
4052	7	10	4	0	0	0020822011041220140108848110090	1d9e6ddea6f34ddfa3b6577b724ff6d	0	0
4053	7	10	4	0	0	0020822400445001120100a22240410	1d9e6ddab7b30ffea5b65f5dd11fbed	0	0
4054	7	10	4	0	1	00208430004204620402088a0011084	1d9e6bceb7b55b9db3b55775f34ef79	0	0
4055	7	10	4	0	0	00208800a20410700401140091020c0	1d9e67fe15f34f8fb3b64bff625df3d	0	0
4056	7	10	4	0	0	0020a00410134021028000c88041014	1d9e4ffaa7e41fdeb5375f37731efe9	0	0
4057	7	10	4	0	1	0020a01084800154040400628009420	1d9e4fee33775eabb3b35f9d7356bdd	0	0
4058	7	10	4	0	1	0020c00093010100322008308101050	1d9e2ffe24f65eff859757cf725efad	0	0
4059	7	10	4	0	1	0020c00093010100342008288101050	1d9e2ffe24f65eff839757d7725efad	0	0
4060	7	10	6	0	0	0020c02010220285050000c05300060	1d9e2fdea7d55d7ab2b75f3fa05ff9d	0	0
4061	7	10	0	0	1	0022201400144120828000a0c011280	1d9ccfeab7e31edf35375f5f334ed7d	0	0
4062	7	4	4	0	0	0024055003000870020000c1800a0c0	1d9aeaaeb4f7578fb5b75f3e7355f3d	0	0
4063	7	3	6	0	0	00240a4803000311000300580018140	1d9ae5b6b4f75ceeb7b45fa7f347ebd	0	0
4064	7	8	6	0	0	0024208085000924050000c48009210	1d9acf7e32f756dbb2b75f3b7356ded	0	0
4065	7	4	6	0	0	0024209800314010100404409208280	1d9acf66b7c61fefa7b35bbf6157d7d	0	0
4066	7	5	9	0	0	0024211082810100141000a28018280	1d9aceee35765effa3a75f5d7347d7d	0	0
4067	7	5	7	0	0	0024211082810100141000a88018280	1d9aceee35765effa3a75f577347d7d	0	0
4068	7	6	6	0	0	0024211085000104142002908008b00	1d9aceee32f75efba3975d6f73574fd	0	0
4069	7	6	6	0	0	002422500210005014104042800a0a0	1d9acdaeb5e75fafa3a71fbd7355f5d	0	0
4070	7	3	1	0	0	00242410130101009420008881080c0	1d9acbeea4f65eff23975f777257f3d	0	0
4071	7	7	4	0	1	0024241021010060222000c88048140	1d9acbee96f65f9f95975f377317ebd	0	0
4072	7	5	6	0	1	0024241800254000140104881018280	1d9acbe6b7d21fffa3b65b77e347d7d	0	0
4073	7	5	6	0	1	0024241800254000140140809018280	1d9acbe6b7d21fffa3b61f7f6347d7d	0	0
4074	7	5	6	0	1	002424180025400014014400900a280	1d9acbe6b7d21fffa3b61bff6355d7d	0	0
4075	7	5	1	0	1	002428480141400020050a082011300	1d9ac7b6b6b61fff97b255f7d34ecfd	0	0
4076	7	1	6	0	1	0024409402040a20160002881010090	1d9aaf6ab5f355dfa1b75d77e34ff6d	0	0
4077	7	6	8	0	0	0024411011200080a6000c180012048	1d9aaeeea6d75f7f11b753e7f34dfb5	0	0
4078	7	3	4	0	0	00244430002411300003008482100c0	1d9aabceb7d34ecfb7b45f7b714ff3d	0	0
4079	7	3	0	0	1	00244450024008a012100089000a0c0	1d9aabaeb5b7575fa5a75f76f355f3d	0	0
4080	7	3	6	0	0	0024482080074001212000904041240	1d9aa7de37f01ffe96975f6fb31edbd	0	0
4081	7	4	2	0	0	0024482081054001102008980008940	1d9aa7de36f21ffea7975767f3576bd	0	0
4082	7	6	10	0	0	00246002810400700120028c0009044	1d9a8ffc36f35f8fb6975d73f356fb9	0	0
4083	7	7	4	0	1	0024601021000860250000c8800c240	1d9a8fee96f7579f92b75f377353dbd	0	0
4084	7	5	4	0	1	0024605000820a0015004048100a0a0	1d9a8faeb77555ffa2b71fb7e355f5d	0	0
4085	7	3	4	0	1	0024605000820a0415000048100a220	1d9a8faeb77555fba2b75fb7e355ddd	0	0
4086	7	5	4	0	0	002460500090084015004040900a280	1d9a8faeb76757bfa2b71fbf6355d7d	0	0
4087	7	3	4	0	0	002460500090085015000040900a280	1d9a8faeb76757afa2b75fbf6355d7d	0	0
4088	7	3	4	0	0	002460500090085015000048100a0a0	1d9a8faeb76757afa2b75fb7e355f5d	0	0
4089	7	2	4	0	0	002460500090085015004040100a0a0	1d9a8faeb76757afa2b71fbfe355f5d	0	0
4090	7	5	4	0	0	0024605002100144042000c88009240	1d9a8faeb5e75ebbb3975f377356dbd	0	0
4091	7	7	4	0	0	0024813000211030000504428042048	1d9a6eceb7d64fcfb7b25bbd731dfb5	0	0
4092	7	4	4	0	0	0024813000231030000404428042048	1d9a6eceb7d44fcfb7b35bbd731dfb5	0	0
4093	7	6	2	0	0	0024821401050004820202308110048	1d9a6deab6f25ffb35b55dcf724ffb5	0	0
4094	7	3	8	0	0	00248460004205220012080a0011084	1d9a6b9eb7b55addb7a557f5f34ef79	0	0
4095	7	4	4	0	1	0024884081050054002008888003140	1d9a67be36f25fabb7975777735cebd	0	0
4096	7	6	2	0	0	0024a012001400700420028a00090c0	1d9a4fecb7e35f8fb3975d75f356f3d	0	0
4097	7	3	4	0	0	0024a012001401700420008a00090c0	1d9a4fecb7e35e8fb3975f75f356f3d	0	0
4098	7	2	6	0	0	0024a01800230410160004401042028	1d9a4fe6b7d45befa1b75bbfe31dfd5	0	0
4099	7	5	4	0	1	0024a042030000d0009000d80006060	1d9a4fbcb4f75f2fb7275f27f359f9d	0	0
4100	7	5	3	0	1	0024a04800254000101148009012280	1d9a4fb6b7d21fffa7a617ff634dd7d	0	0
4101	7	6	4	0	0	0024c00093000120142008888101050	1d9a2ffe24f75edfa3975777725efad	0	0
4102	7	5	4	0	0	0024c00093010100142008888101050	1d9a2ffe24f65effa3975777725efad	0	0
4103	7	4	4	0	0	0024c00093010120102008888101050	1d9a2ffe24f65edfa7975777725efad	0	0
4104	7	4	6	0	0	0026008603000a201004408c0009090	1d98ef78b4f755dfa7b31f73f356f6d	0	0
4105	7	2	6	0	0	0026014402200258009000c01050220	1d98eebab5d75da7b7275f3fe30fddd	0	0
4106	7	6	6	0	0	00262000a14000a40014028c0010b00	1d98cffe16b75f5bb7a35d73f34f4fd	0	0
4107	7	3	9	0	0	00262002814001a01110008c00088c0	1d98cffc36b75e5fa6a75f73f35773d	0	0
4108	7	6	6	0	0	0026400412100828008240805011210	1d98affaa5e757d7b7351f7fa34eded	0	0
4109	7	4	2	0	0	00268002124005300002090a00090c0	1d986ffca5b75acfb7b556f5f356f3d	0	0
4110	7	7	6	0	0	002804c4000444280011500810120a0	1d96eb3ab7f31bd7b7a60ff7e34df5d	0	0
4111	7	6	6	0	0	002804c4020404280011500810120a0	1d96eb3ab5f35bd7b7a60ff7e34df5d	0	0
4112	7	5	6	0	0	002804c4020444200011500810120a0	1d96eb3ab5f31bdfb7a60ff7e34df5d	0	0
4114	7	9	2	0	0	0028080095011004142008248102110	1d96e7fe22f64ffba39757db725deed	0	0
4115	7	3	6	0	1	00280a300044107004010406000a088	1d96e5ceb7b34f8fb3b65bf9f355f75	0	0
4116	7	4	4	0	0	00280c10160010601400108181020a0	1d96e3eea1f74f9fa3b74f7e725df5d	0	0
4117	7	9	6	0	1	0028200095000164050002441018220	1d96cffe22f75e9bb2b75dbbe347ddd	0	0
4118	7	9	7	0	1	0028201010900164050002481018220	1d96cfeea7675e9bb2b75db7e347ddd	0	0
4119	7	9	6	0	1	0028201081044124000502308108220	1d96cfee36f31edbb7b25dcf7257ddd	0	0
4120	7	9	9	0	1	0028201081800164040402448008a20	1d96cfee36775e9bb3b35dbb73575dd	0	0
4121	7	9	4	0	0	00282010828000d4040450009008c20	1d96cfee35775f2bb3b30fff63573dd	0	0
4122	7	8	7	0	0	0028208085005020102402940100830	1d96cf7e32f70fdfa7935d6bf25f7cd	0	0
4123	7	6	6	0	1	002820908500006404040244800a220	1d96cf6e32f75f9bb3b35dbb7355ddd	0	0
4124	7	2	3	0	0	0028209204044062040412001140030	1d96cf6cb3f31f9db3b34dffe21ffcd	0	0
4125	7	6	4	0	0	0028209204404010100518003208480	1d96cf6cb3b71fefa7b247ffc157b7d	0	0
4126	7	7	4	0	0	0028209402000305060010580002830	1d96cf6ab5f75cfab1b74fa7f35d7cd	0	0
4127	7	6	8	0	1	0028209800900054040402409208220	1d96cf66b7675fabb3b35dbf6157ddd	0	0
4128	7	6	9	0	0	002820980090005405000240900a420	1d96cf66b7675fabb2b75dbf6355bdd	0	0
4129	7	5	9	0	1	0028209800904044040402409208220	1d96cf66b7671fbbb3b35dbf6157ddd	0	0
4130	7	4	10	0	1	0028209800904054000402409208220	1d96cf66b7671fabb7b35dbf6157ddd	0	0
4131	7	4	3	0	0	0028211012800154040012009208220	1d96ceeea5775eabb3b74dff6157ddd	0	0
4132	7	6	9	0	0	002821108180006404040224800a220	1d96ceee36775f9bb3b35ddb7355ddd	0	0
4133	7	6	9	0	0	0028211081800124040402248008a20	1d96ceee36775edbb3b35ddb73575dd	0	0
4134	7	4	9	0	0	002821108180016404000224800a220	1d96ceee36775e9bb3b75ddb7355ddd	0	0
4135	7	3	9	0	0	0028211081800164040402048008a20	1d96ceee36775e9bb3b35dfb73575dd	0	0
4136	7	1	9	0	0	0028211081800164040402248008220	1d96ceee36775e9bb3b35ddb7357ddd	0	0
4137	7	2	6	0	0	0028211085000164012002808008e00	1d96ceee32f75e9bb6975d7f73571fd	0	0
4138	7	4	6	0	0	002821108500016404000224800a220	1d96ceee32f75e9bb3b75ddb7355ddd	0	0
4139	7	3	6	0	0	0028211085000164040402048008a20	1d96ceee32f75e9bb3b35dfb73575dd	0	0
4140	7	1	6	0	0	0028211085000164040402248008220	1d96ceee32f75e9bb3b35ddb7357ddd	0	0
4141	7	5	6	0	0	002821120202015004804202100c420	1d96ceecb5f55eafb3371dfde353bdd	0	0
4142	7	4	6	0	0	002821120202015404004202100c420	1d96ceecb5f55eabb3b71dfde353bdd	0	0
4143	7	5	7	0	1	002821140500016001040230800c220	1d96ceeab2f75e9fb6b35dcf7353ddd	0	0
4144	7	5	4	0	1	0028211405000920010100b0800c280	1d96ceeab2f756dfb6b65f4f7353d7d	0	0
4145	7	5	3	0	0	0028211406000144040112009208220	1d96ceeab1f75ebbb3b64dff6157ddd	0	0
4146	7	5	8	0	0	002821420013401000114802100a0a0	1d96cebcb7e41fefb7a617fde355f5d	0	0
4147	7	5	3	0	1	002821420203401000114802100a0a0	1d96cebcb5f41fefb7a617fde355f5d	0	0
4148	7	4	8	0	0	002821500091005400044202800a021	1d96ceaeb7665fabb7b31dfd7355fdc	0	0
4149	7	8	2	0	0	002822100440105014200226000c480	1d96cdeeb3b74fafa3975dd9f353b7d	0	0
4150	7	2	4	0	1	0028221204041070012002820004c80	1d96cdecb3f34f8fb6975d7df35b37d	0	0
4151	7	4	4	0	0	00282250009000d4040050009008920	1d96cdaeb7675f2bb3b70fff63576dd	0	0
4152	7	6	10	0	1	002824140202004416001408100a030	1d96cbeab5f55fbba1b74bf7e355fcd	0	0
4153	7	1	10	0	1	0028241402020144160014081008030	1d96cbeab5f55ebba1b74bf7e357fcd	0	0
4154	7	5	6	0	0	0028280036004810000511101048420	1d96c7fe81f717efb7b24eefe317bdd	0	0
4155	7	8	9	0	1	0028280085011004142000a48002910	1d96c7fe32f64ffba3975f5b735d6ed	0	0
4158	7	5	4	0	0	00282800940450200500108091008a0	1d96c7fe23f30fdfb2b74f7f625f75d	0	0
4160	7	5	8	0	0	0028280095010104040108848101030	1d96c7fe22f65efbb3b6577b725efcd	0	0
4161	7	5	4	0	1	0028280095010104050008848001a20	1d96c7fe22f65efbb2b7577b735e5dd	0	0
4163	7	4	8	0	0	0028280095011004140000a48102030	1d96c7fe22f64ffba3b75f5b725dfcd	0	0
4164	7	4	4	0	0	0028280095011004140000a48102120	1d96c7fe22f64ffba3b75f5b725dedd	0	0
4165	7	4	0	0	0	0028280095011004140002848102120	1d96c7fe22f64ffba3b75d7b725dedd	0	0
4168	7	2	8	0	0	0028280095011004142000a40102030	1d96c7fe22f64ffba3975f5bf25dfcd	0	0
4169	7	2	4	0	0	0028280095011004142000a40102120	1d96c7fe22f64ffba3975f5bf25dedd	0	0
4171	7	1	6	0	0	0028281010124124040212081010220	1d96c7eea7e51edbb3b54df7e34fddd	0	0
4172	7	4	6	0	1	0028281010154024000140809018280	1d96c7eea7e21fdbb7b61f7f6347d7d	0	0
4173	7	3	6	0	1	0028281010154024000540009018280	1d96c7eea7e21fdbb7b21fff6347d7d	0	0
4174	7	7	4	0	1	0028281011014004102108980102028	1d96c7eea6f61ffba7965767f25dfd5	0	0
4175	7	3	6	0	0	0028281011034004800600888110408	1d96c7eea6f41ffb37b15f77724fbf5	0	0
4176	7	1	6	0	1	0028281011110044150002888002220	1d96c7eea6e65fbba2b75d77735dddd	0	0
4177	7	6	3	0	0	0028281011210004140108848102220	1d96c7eea6d65ffba3b6577b725dddd	0	0
4178	7	4	3	0	0	0028281011210104140008848100a20	1d96c7eea6d65efba3b7577b725f5dd	0	0
4179	7	5	6	0	0	0028281021210104040104848100a08	1d96c7ee96d65efbb3b65b7b725f5f5	0	0
4180	7	4	6	0	1	0028281083000144140002908100a20	1d96c7ee34f75ebba3b75d6f725f5dd	0	0
4181	7	4	4	0	0	00282810840410700400108480028a0	1d96c7ee33f34f8fb3b74f7b735d75d	0	0
4182	7	3	4	0	0	00282810840410700404100480028a0	1d96c7ee33f34f8fb3b34ffb735d75d	0	0
4183	7	6	6	0	0	0028281085000044142000a4800a600	1d96c7ee32f75fbba3975f5b73559fd	0	0
4184	7	6	10	0	0	0028281400064024000512003110220	1d96c7eab7f11fdbb7b24dffc24fddd	0	0
4185	7	6	3	0	0	0028281400064024000512101110220	1d96c7eab7f11fdbb7b24defe24fddd	0	0
4186	7	2	4	0	0	0028281404020264042010401102120	1d96c7eab3f55d9bb3974fbfe25dedd	0	0
4187	7	5	6	0	1	0028284026000150002111009208180	1d96c7be91f75eafb7964eff6157e7d	0	0
4188	7	4	2	0	1	002828500024503000015000a0028a0	1d96c7aeb7d30fcfb7b60fff535d75d	0	0
4189	7	9	4	0	0	002840280082111015000124800a420	1d96afd6b7754eefa2b75edb7355bdd	0	0
4190	7	7	4	0	0	0028408482005020200312101110220	1d96af7a35f70fdf97b44defe24fddd	0	0
4191	7	7	4	0	1	0028408a0004503000050a003300120	1d96af74b7f30fcfb7b255ffc05fedd	0	0
4192	7	5	6	0	1	0028409402040a20060000a05110090	1d96af6ab5f355dfb1b75f5fa24ff6d	0	0
4193	7	3	9	0	0	0028410095005020202402140008860	1d96aefe22f70fdf97935debf35779d	0	0
4194	7	5	4	0	1	002841041600106004204080900c180	1d96aefaa1f74f9fb3971f7f6353e7d	0	0
4195	7	3	4	0	0	0028410482021064042000809108300	1d96aefa35f54f9bb3975f7f6257cfd	0	0
4196	7	4	8	0	0	0028410c0023103000014104800a024	1d96aef2b7d44fcfb7b61efb7355fd9	0	0
4197	7	6	6	0	0	0028411402020124040106081108028	1d96aeeab5f55edbb3b659f7e257fd5	0	0
4198	7	2	4	0	1	0028412081801060250000a08018300	1d96aede36774f9f92b75f5f7347cfd	0	0
4199	7	3	6	0	1	002841440202016800304008100c0a0	1d96aebab5f55e97b7871ff7e353f5d	0	0
4200	7	5	2	0	0	0028423000441210040108244018480	1d96adceb7b34defb3b657dbb347b7d	0	0
4201	7	1	6	0	1	00284430008201a4041000ac0010030	1d96abceb7755e5bb3a75f53f34ffcd	0	0
4202	7	5	3	0	0	00284804140410600500028411100a0	1d96a7faa3f34f9fb2b75d7be24ff5d	0	0
4203	7	5	7	0	1	0028480414104820010102901011240	1d96a7faa3e717dfb6b65d6fe34edbd	0	0
4204	7	4	9	0	1	00284810205040700001060112020c0	1d96a7ee97a71f8fb7b659fee15df3d	0	0
4205	7	8	6	0	1	0028482000434030002101860009044	1d96a7deb7b41fcfb7965e79f356fb9	0	0
4206	7	3	4	0	0	0028482404021201150000260202024	1d96a7dab3f54dfea2b75fd9f15dfd9	0	0
4207	7	2	7	0	1	002848300006113004040a040010828	1d96a7ceb7f14ecfb3b355fbf34f7d5	0	0
4208	7	6	6	0	0	002848300042023000030c041048404	1d96a7ceb7b55dcfb7b453fbe317bf9	0	0
4209	7	4	8	0	0	0028484086000141200150110009060	1d96a7be31f75ebe97b60feef356f9d	0	0
4210	7	5	9	0	0	0028484400245020010110809100828	1d96a7bab7d30fdfb6b64f7f625f7d5	0	0
4211	7	4	8	0	0	002848440024502020011080a110201	1d96a7bab7d30fdf97b64f7f524fdfc	0	0
4212	7	5	4	0	0	00286000940410600500028411100a0	1d968ffe23f34f9fb2b75d7be24ff5d	0	0
4213	7	5	9	0	0	002860009500110015000224800a420	1d968ffe22f74effa2b75ddb7355bdd	0	0
4214	7	5	9	0	1	0028600096001040250002421018420	1d968ffe21f74fbf92b75dbde347bdd	0	0
4215	7	6	4	0	0	002860101014402400050a009300220	1d968feea7e31fdbb7b255ff605fddd	0	0
4216	7	3	4	0	1	0028601010900164050000481018220	1d968feea7675e9bb2b75fb7e347ddd	0	0
4217	7	5	6	0	1	0028601020504060040102881018280	1d968fee97a71f9fb3b65d77e347d7d	0	0
4218	7	4	10	0	1	002860102050407000010a081018084	1d968fee97a71f8fb7b655f7e347f79	0	0
4219	7	2	6	0	1	0028601081040170012002808008e00	1d968fee36f35e8fb6975d7f73571fd	0	0
4220	7	4	2	0	1	002860500014407000010a0810180a0	1d968faeb7e31f8fb7b655f7e347f5d	0	0
4221	7	4	6	0	0	002881500091005400044202800a021	1d966eaeb7665fabb7b31dfd7355fdc	0	0
4222	7	4	4	0	1	002882120440105014000822200a480	1d966decb3b74fafa3b757ddd355b7d	0	0
4223	7	5	6	0	0	00288444000644200011500810120a0	1d966bbab7f11bdfb7a60ff7e34df5d	0	0
4224	7	2	7	0	1	0028880095011000342008208102110	1d9667fe22f64fff839757df725deed	0	0
4225	7	4	6	0	0	0028880095011004140000a48102030	1d9667fe22f64ffba3b75f5b725dfcd	0	0
4226	7	2	6	0	1	0028880095011004142000a08102110	1d9667fe22f64ffba3975f5f725deed	0	0
4227	7	2	2	0	1	0028880095011004142008208102110	1d9667fe22f64ffba39757df725deed	0	0
4228	7	4	10	0	1	0028880480065020200150005050220	1d9667fa37f10fdf97b60fffa30fddd	0	0
4229	7	6	10	0	0	0028882082021020200314005140060	1d9667de35f54fdf97b44bffa21ff9d	0	0
4230	7	4	7	0	0	00288824000614300001019400120a0	1d9667dab7f14bcfb7b65e6bf34df5d	0	0
4231	7	4	2	0	0	00288824000614300001019400500a0	1d9667dab7f14bcfb7b65e6bf30ff5d	0	0
4232	7	2	0	0	1	0028883000311024000304820012240	1d9667ceb7c64fdbb7b45b7df34ddbd	0	0
4233	7	6	6	0	0	0028885004040043000502920140028	1d9667aeb3f35fbcb7b25d6df21ffd5	0	0
4234	7	4	4	0	0	0028a00095011004140000a48102030	1d964ffe22f64ffba3b75f5b725dfcd	0	0
4235	7	5	6	0	1	0028a0021600019004801210100c021	1d964ffca1f75e6fb3374defe353fdc	0	0
4236	7	7	6	0	0	0028a002820000d4040412101108021	1d964ffc35f75f2bb3b34defe257fdc	0	0
4237	7	5	6	0	0	0028a002860000c4040412101108021	1d964ffc31f75f3bb3b34defe257fdc	0	0
4238	7	1	6	0	1	0028a002860000d4040412101008021	1d964ffc31f75f2bb3b34defe357fdc	0	0
4239	7	3	4	0	0	0028a00600154024000540009108081	1d964ff8b7e21fdbb7b21fff6257f7c	0	0
4240	7	5	3	0	0	0028a006060000c4040412101108021	1d964ff8b1f75f3bb3b34defe257fdc	0	0
4241	7	5	10	0	1	0028a006060000d000841210100c021	1d964ff8b1f75f2fb7334defe353fdc	0	0
4242	7	5	9	0	1	0028a01010900144048002501018220	1d964feea7675ebbb3375dafe347ddd	0	0
4243	7	4	3	0	1	0028a01014800154040002421018420	1d964feea3775eabb3b75dbde347bdd	0	0
4244	7	4	0	0	1	0028a01084800154040002421018420	1d964fee33775eabb3b75dbde347bdd	0	0
4245	7	3	4	0	1	0028a01084800154040400228009420	1d964fee33775eabb3b35fdd7356bdd	0	0
4246	7	6	6	0	0	0028a0120012005014804202100a420	1d964fecb7e55fafa3371dfde355bdd	0	0
4247	7	6	6	0	1	0028a01200140070040102821018280	1d964fecb7e35f8fb3b65d7de347d7d	0	0
4248	7	6	4	0	1	0028a01200440070000548003048480	1d964fecb7b35f8fb7b217ffc317b7d	0	0
4249	7	5	4	0	1	0028a01200450050000548003048480	1d964fecb7b25fafb7b217ffc317b7d	0	0
4250	7	7	2	0	1	0028a014000202640420404051080a0	1d964feab7f55d9bb3971fbfa257f5d	0	0
4251	7	5	6	0	1	0028a0180006015004204202100c420	1d964fe6b7f15eafb3971dfde353bdd	0	0
4252	7	4	6	0	0	0028a01800120154040002481018420	1d964fe6b7e55eabb3b75db7e347bdd	0	0
4253	7	3	4	0	0	0028a04011021124020200848110018	1d964fbea6f54edbb5b55f7b724ffe5	0	0
4254	7	5	3	0	0	0028a044000644200011500810120a0	1d964fbab7f11bdfb7a60ff7e34df5d	0	0
4255	7	5	4	0	1	0028a050009000d0048002221012220	1d964faeb7675f2fb3375ddde34dddd	0	0
4256	7	4	4	0	1	0028a050009000d4040002221012220	1d964faeb7675f2bb3b75ddde34dddd	0	0
4257	7	2	4	0	1	0028a050009000d4048002201012220	1d964faeb7675f2bb3375ddfe34dddd	0	0
4258	7	4	1	0	1	0028a0500091005400044202800a021	1d964faeb7665fabb7b31dfd7355fdc	0	0
4259	7	4	4	0	1	0028c002120410620400408051040a0	1d962ffca5f34f9db3b71f7fa25bf5d	0	0
4260	7	5	4	0	1	0028c00284025000242000d20108041	1d962ffc33f50fff93975f2df257fbc	0	0
4261	7	8	4	0	1	0028c0200082111015000122800a420	1d962fdeb7754eefa2b75edd7355bdd	0	0
4262	7	7	4	0	0	0028c04082000141220150110009060	1d962fbe35f75ebe95b60feef356f9d	0	0
4263	7	4	4	0	0	0028c04086000141200150110009060	1d962fbe31f75ebe97b60feef356f9d	0	0
4264	7	6	4	0	0	002a008c02800110109040241014420	1d94ef72b5775eefa7271fdbe34bbdd	0	0
4265	7	5	0	0	0	002a020c01101120020240248018110	1d94edf2b6e74edfb5b51fdb7347eed	0	0
4266	7	6	2	0	0	002a020c02800051011000720108028	1d94edf2b5775faeb6a75f8df257fd5	0	0
4267	7	3	4	0	1	002a040c02021118000304021018600	1d94ebf2b5f54ee7b7b45bfde3479fd	0	0
4268	7	8	7	0	1	002a200081800170010402248009220	1d94cffe36775e8fb6b35ddb7356ddd	0	0
4269	7	8	7	0	0	002a201000120858041000c141020a0	1d94cfeeb7e557a7b3a75f3eb25df5d	0	0
4270	7	5	4	0	0	002a400484041100250002260110021	1d94affa33f34eff92b75dd9f24ffdc	0	0
4271	7	1	4	0	0	002a80041403009100a001860008044	1d946ffaa3f45f6eb7175e79f357fb9	0	0
4272	7	7	4	0	1	002a800c0002024c040444011101030	1d946ff2b7f55db3b3b31bfee25efcd	0	0
4273	7	5	4	0	1	002a800c02020244040444011101030	1d946ff2b5f55dbbb3b31bfee25efcd	0	0
4274	7	4	4	0	1	002a800c02020244240044011101030	1d946ff2b5f55dbb93b71bfee25efcd	0	0
4275	7	4	2	0	0	002a8014004300418002500a000c044	1d946feab7b45fbe37b50ff5f353fb9	0	0
4277	7	7	6	0	0	00300198002140201014082881040a0	1d8eee66b7d61fdfa7a357d7725bf5d	0	0
4278	7	1	6	0	0	003001980025403000140820a1000a0	1d8eee66b7d21fcfb7a357df525ff5d	0	0
4279	7	5	10	0	0	0030019800a101001110082881040a0	1d8eee66b7565effa6a757d7725bf5d	0	0
4280	7	4	8	0	0	0030019800a101201010082881040a0	1d8eee66b7565edfa7a757d7725bf5d	0	0
4281	7	3	6	0	0	0030019800a101201110002881040a0	1d8eee66b7565edfa6a75fd7725bf5d	0	0
4282	7	5	10	0	0	0030019800a140001014082881040a0	1d8eee66b7561fffa7a357d7725bf5d	0	0
4283	7	1	10	0	0	0030019800a1401010140820a1000a0	1d8eee66b7561fefa7a357df525ff5d	0	0
4285	7	4	6	0	0	00300918001440700020048a0208041	1d8ee6e6b7e31f8fb7975b75f157fbc	0	0
4286	7	4	6	0	0	0030091800144070002040828208041	1d8ee6e6b7e31f8fb7971f7d7157fbc	0	0
4287	7	4	10	0	0	003009180022501010011800a202220	1d8ee6e6b7d50fefa7b647ff515dddd	0	0
4288	7	1	10	0	0	003009180022501010051800a200220	1d8ee6e6b7d50fefa7b247ff515fddd	0	0
4289	7	1	9	0	0	003009180022502010051800a200220	1d8ee6e6b7d50fdfa7b247ff515fddd	0	0
4290	7	1	7	0	1	003009180022503000050840a200220	1d8ee6e6b7d50fcfb7b257bf515fddd	0	0
4291	7	1	1	0	0	003009180022503000051800a200220	1d8ee6e6b7d50fcfb7b247ff515fddd	0	0
4292	7	5	6	0	0	00300918005040600401060a0003240	1d8ee6e6b7a71f9fb3b659f5f35cdbd	0	0
4296	7	4	7	0	1	0030093000225030000104428202048	1d8ee6ceb7d50fcfb7b65bbd715dfb5	0	0
4300	7	4	7	0	0	0030095000424221000102490042240	1d8ee6aeb7b51ddeb7b65db6f31ddbd	0	0
4301	7	4	7	0	1	00300a300404106204000064800c0a0	1d8ee5ceb3f34f9db3b75f9b7353f5d	0	0
4302	7	8	8	0	0	0030208085004062000612108101030	1d8ecf7e32f71f9db7b14def725efcd	0	0
4303	7	2	6	0	0	00302092060000d014801200100c420	1d8ecf6cb1f75f2fa3374dffe353bdd	0	0
4304	7	6	7	0	1	003020940420402010051200a201220	1d8ecf6ab3d71fdfa7b24dff515eddd	0	0
4305	7	4	7	0	1	003020980013009012000c005208120	1d8ecf66b7e45f6fa5b753ffa157edd	0	0
4306	7	5	6	0	1	00302098005000d0060004405208180	1d8ecf66b7a75f2fb1b75bbfa157e7d	0	0
4307	7	6	8	0	1	003021108500006404010248800a060	1d8eceee32f75f9bb3b65db77355f9d	0	0
4308	7	4	6	0	0	0030211085000164040002448008a20	1d8eceee32f75e9bb3b75dbb73575dd	0	0
4309	7	7	10	0	0	0030211400024420128004281050018	1d8eceeab7f51bdfa5375bd7e30ffe5	0	0
4310	7	8	6	0	0	0030241002020491048000624202220	1d8ecbeeb5f55b6eb3375f9db15dddd	0	0
4311	7	8	6	0	0	0030241002020491048000624210204	1d8ecbeeb5f55b6eb3375f9db14fdf9	0	0
4312	7	3	6	0	0	0030241012020491048000424202220	1d8ecbeea5f55b6eb3375fbdb15dddd	0	0
4313	7	3	6	0	0	0030241012020491048000424210204	1d8ecbeea5f55b6eb3375fbdb14fdf9	0	0
4314	7	5	8	0	0	003024120402044014800a0a0003420	1d8ecbecb3f55bbfa33755f5f35cbdd	0	0
4315	7	4	4	0	1	00302810205040b00004042a0240041	1d8ec7ee97a71f4fb7b35bd5f11ffbc	0	0
4316	7	7	10	0	0	00302818000404910104082a0200828	1d8ec7e6b7f35b6eb6b357d5f15f7d5	0	0
4317	7	7	6	0	0	0030281800104044142000a88009600	1d8ec7e6b7e71fbba3975f5773569fd	0	0
4318	7	4	10	0	1	003028180022501010011040a202220	1d8ec7e6b7d50fefa7b64fbf515dddd	0	0
4319	7	1	10	0	1	003028180022501010051040a200220	1d8ec7e6b7d50fefa7b24fbf515fddd	0	0
4320	7	4	4	0	1	0030409203000920140008490100818	1d8eaf6cb4f756dfa3b757b6f25f7e5	0	0
4321	7	4	6	0	1	0030409203000920140040414100818	1d8eaf6cb4f756dfa3b71fbeb25f7e5	0	0
4322	7	6	6	0	0	003040a800124021050000c88009050	1d8eaf56b7e51fdeb2b75f377356fad	0	0
4323	7	4	6	0	0	003040a8002302210100044c0009044	1d8eaf56b7d45ddeb6b75bb3f356fb9	0	0
4324	7	3	6	0	1	003040c08300406102020048800a050	1d8eaf3e34f71f9eb5b55fb77355fad	0	0
4325	7	5	6	0	1	0030411800224120041008488004a20	1d8eaee6b7d51edfb3a757b7735b5dd	0	0
4326	7	3	4	0	0	0030411800224221040100490012240	1d8eaee6b7d51ddeb3b65fb6f34ddbd	0	0
4327	7	6	8	0	0	0030411800300830040102218003240	1d8eaee6b7c757cfb3b65dde735cdbd	0	0
4328	7	4	10	0	0	0030411800304830000102218003240	1d8eaee6b7c717cfb7b65dde735cdbd	0	0
4329	7	5	6	0	0	0030411800504060040102888009240	1d8eaee6b7a71f9fb3b65d777356dbd	0	0
4330	7	5	9	0	0	0030411800504820040102290003050	1d8eaee6b7a717dfb3b65dd6f35cfad	0	0
4331	7	4	6	0	0	0030412085001120140002248008920	1d8eaede32f74edfa3b75ddb73576dd	0	0
4332	7	4	6	0	0	003041280023103000010144800a120	1d8eaed6b7d44fcfb7b65ebb7355edd	0	0
4333	7	4	4	0	1	0030412800614020200109088001940	1d8eaed6b7961fdf97b656f7735e6bd	0	0
4334	7	4	10	0	0	0030412800a0107000010144800a120	1d8eaed6b7574f8fb7b65ebb7355edd	0	0
4335	7	4	1	0	0	0030412800a1103000010124800a120	1d8eaed6b7564fcfb7b65edb7355edd	0	0
4336	7	4	0	0	0	0030412800a1103000010144800a120	1d8eaed6b7564fcfb7b65ebb7355edd	0	0
4337	7	2	4	0	1	0030415000225030020100c08050048	1d8eaeaeb7d50fcfb5b65f3f730ffb5	0	0
4338	7	5	4	0	0	0030416001205020020100c48010848	1d8eae9eb6d70fdfb5b65f3b734f7b5	0	0
4339	7	6	8	0	0	0030441800060801260000614300050	1d8eabe6b7f157fe91b75f9eb05ffad	0	0
4340	7	4	9	0	0	0030441800064801240000614300050	1d8eabe6b7f117fe93b75f9eb05ffad	0	0
4341	7	3	6	0	1	003044401300406102020048800a050	1d8eabbea4f71f9eb5b55fb77355fad	0	0
4342	7	3	0	0	0	0030444802024801141000490102050	1d8eabb6b5f517fea3a75fb6f25dfad	0	0
4343	7	8	8	0	1	0030480800224221040104490003240	1d8ea7f6b7d51ddeb3b65bb6f35cdbd	0	0
4344	7	6	6	0	0	0030480880064021050000a88101050	1d8ea7f637f11fdeb2b75f57725efad	0	0
4345	7	7	4	0	1	0030481800024121000308490210208	1d8ea7e6b7f51edeb7b457b6f14fdf5	0	0
4346	7	7	8	0	1	0030481800100870040202290003060	1d8ea7e6b7e7578fb3b55dd6f35cf9d	0	0
4347	7	5	2	0	0	0030481800140860050002290101060	1d8ea7e6b7e3579fb2b75dd6f25ef9d	0	0
4348	7	1	1	0	1	0030481800224221040104490002240	1d8ea7e6b7d51ddeb3b65bb6f35ddbd	0	0
4349	7	6	8	0	1	0030481800500070040202290003060	1d8ea7e6b7a75f8fb3b55dd6f35cf9d	0	0
4350	7	6	9	0	0	0030482800220221010104450201044	1d8ea7d6b7d55ddeb6b65bbaf15efb9	0	0
4351	7	2	6	0	1	0030482800221130000301440210120	1d8ea7d6b7d54ecfb7b45ebbf14fedd	0	0
4352	7	4	3	0	1	0030482800225030000200c48210041	1d8ea7d6b7d50fcfb7b55f3b714ffbc	0	0
4353	7	7	7	0	1	0030483000024221000308580018044	1d8ea7ceb7f51ddeb7b457a7f347fb9	0	0
4354	7	4	6	0	0	0030483000064421000200b80050048	1d8ea7ceb7f11bdeb7b55f47f30ffb5	0	0
4355	7	4	7	0	0	0030483000064421000208282210044	1d8ea7ceb7f11bdeb7b557d7d14ffb9	0	0
4356	7	5	9	0	0	0030483000221120000310448210048	1d8ea7ceb7d54edfb7b44fbb714ffb5	0	0
4357	7	3	7	0	1	0030483000221130000300448210048	1d8ea7ceb7d54ecfb7b45fbb714ffb5	0	0
4358	7	1	6	0	0	0030483000221130000310448200028	1d8ea7ceb7d54ecfb7b44fbb715ffd5	0	0
4359	7	1	3	0	0	0030483000221130000310448200060	1d8ea7ceb7d54ecfb7b44fbb715ff9d	0	0
4360	7	3	3	0	0	00304848004241210003080c0009240	1d8ea7b6b7b51edeb7b457f3f356dbd	0	0
4361	7	6	8	0	1	00306000a5004022000502308101030	1d8e8ffe12f71fddb7b25dcf725efcd	0	0
4362	7	5	4	0	0	0030600a000700420500030c0101024	1d8e8ff4b7f05fbdb2b75cf3f25efd9	0	0
4363	7	8	6	0	0	00306010001401580420022a0009420	1d8e8feeb7e35ea7b3975dd5f356bdd	0	0
4364	7	6	6	0	1	0030601010220094060004441208028	1d8e8feea7d55f6bb1b75bbbe157fd5	0	0
4365	7	4	6	0	0	003080c2022000f0001010403140060	1d8e6f3cb5d75f0fb7a74fbfc21ff9d	0	0
4366	7	1	4	0	1	0030813000231030000504428040048	1d8e6eceb7d44fcfb7b25bbd731ffb5	0	0
4367	7	5	8	0	0	003082081111006000220a088101050	1d8e6df6a6e65f9fb79555f7725efad	0	0
4368	7	6	6	0	1	00308212005000700401024a00090c0	1d8e6decb7a75f8fb3b65db5f356f3d	0	0
4369	7	6	4	0	1	00308212005000700401084a00090c0	1d8e6decb7a75f8fb3b657b5f356f3d	0	0
4370	7	5	6	0	1	00308212005100500401024a00090c0	1d8e6decb7a65fafb3b65db5f356f3d	0	0
4371	7	5	4	0	1	00308212005100500401084a00090c0	1d8e6decb7a65fafb3b657b5f356f3d	0	0
4372	7	4	6	0	1	00308212005100700001024a00090c0	1d8e6decb7a65f8fb7b65db5f356f3d	0	0
4373	7	4	4	0	1	00308212005100700001084a00090c0	1d8e6decb7a65f8fb7b657b5f356f3d	0	0
4374	7	6	6	0	1	0030821800500070040102428009240	1d8e6de6b7a75f8fb3b65dbd7356dbd	0	0
4375	7	5	6	0	1	0030821800510050040102428009240	1d8e6de6b7a65fafb3b65dbd7356dbd	0	0
4376	7	4	6	0	1	0030821800510070000102428009240	1d8e6de6b7a65f8fb7b65dbd7356dbd	0	0
4377	7	4	6	0	0	00308222012000e4040002450110009	1d8e6ddcb6d75f1bb3b75dbaf24fff4	0	0
4378	7	6	6	0	0	0030841011210020100312088102060	1d8e6beea6d65fdfa7b44df7725df9d	0	0
4379	7	6	7	0	1	0030881800500070040202290003060	1d8e67e6b7a75f8fb3b55dd6f35cf9d	0	0
4380	7	4	7	0	1	00308818005000f0040002290003060	1d8e67e6b7a75f0fb3b75dd6f35cf9d	0	0
4381	7	1	7	0	0	00308820104244210402088a0001048	1d8e67dea7b51bdeb3b55775f35efb5	0	0
4382	7	5	4	0	1	00308828004241010401084a0201048	1d8e67d6b7b51efeb3b657b5f15efb5	0	0
4383	7	4	4	0	1	00308828004241210001084a0201048	1d8e67d6b7b51edeb7b657b5f15efb5	0	0
4384	7	3	6	0	1	00308828004241210401004a0009048	1d8e67d6b7b51edeb3b65fb5f356fb5	0	0
4385	7	7	7	0	1	003088480002412100030a090011208	1d8e67b6b7f51edeb7b455f6f34edf5	0	0
4386	7	5	4	0	1	0030884801024101000308490210208	1d8e67b6b6f51efeb7b457b6f14fdf5	0	0
4387	7	8	6	0	0	0030a010002204a0148050003010a20	1d8e4feeb7d55b5fa3370fffc34f5dd	0	0
4388	7	4	4	0	0	0030a0108404105014001022800a420	1d8e4fee33f34fafa3b74fdd7355bdd	0	0
4389	7	4	4	0	0	0030a01084041110140010228008c20	1d8e4fee33f34eefa3b74fdd73573dd	0	0
4390	7	5	6	0	1	0030a012001500500480024a000a021	1d8e4fecb7e25fafb3375db5f355fdc	0	0
4391	7	6	1	0	1	0030a012005000700401028a00090c0	1d8e4fecb7a75f8fb3b65d75f356f3d	0	0
4392	7	5	1	0	1	0030a012005100500401028a00090c0	1d8e4fecb7a65fafb3b65d75f356f3d	0	0
4393	7	4	1	0	1	0030a012005100700001028a00090c0	1d8e4fecb7a65f8fb7b65d75f356f3d	0	0
4394	7	4	6	0	0	0030a01201040160140012082100830	1d8e4fecb6f35e9fa3b74df7d25f7cd	0	0
4395	7	4	4	0	1	0030a01404020244140010409208220	1d8e4feab3f55dbba3b74fbf6157ddd	0	0
4396	7	5	6	0	0	0030a018001401500420022a0009420	1d8e4fe6b7e35eafb3975dd5f356bdd	0	0
4397	7	8	6	0	1	0030c00080434021020200a84041050	1d8e2ffe37b41fdeb5b55f57b31efad	0	0
4398	7	6	2	0	1	0030c0009300082012010a108101050	1d8e2ffe24f757dfa5b655ef725efad	0	0
4399	7	4	4	0	1	0030c00093000920120008308101050	1d8e2ffe24f756dfa5b757cf725efad	0	0
4400	7	7	8	0	0	0030c02010110105002208284201050	1d8e2fdea7e65efab79557d7b15efad	0	0
4401	7	4	6	0	0	0030c02010134021002000ca0009050	1d8e2fdea7e41fdeb7975f35f356fad	0	0
4402	7	4	4	0	1	0030c02081040189040008380010850	1d8e2fde36f35e76b3b757c7f34f7ad	0	0
4403	7	4	4	0	0	0030c02083000181140008308100850	1d8e2fde34f75e7ea3b757cf725f7ad	0	0
4404	7	1	7	0	0	0030c04010130109002248084001050	1d8e2fbea7e45ef6b79517f7b35efad	0	0
4405	7	4	4	0	1	0030c040108340022020014a0101030	1d8e2fbea7741ffd97975eb5f25efcd	0	0
4406	7	3	4	0	1	0030c040108340022022010a0101030	1d8e2fbea7741ffd97955ef5f25efcd	0	0
4407	7	4	6	0	1	0030c04081040189040008284010a10	1d8e2fbe36f35e76b3b757d7b34f5ed	0	0
4408	7	2	2	0	0	0030c04202020462001250080005060	1d8e2fbcb5f55b9db7a50ff7f35af9d	0	0
4409	7	2	1	0	0	0030c04202020522001150080005060	1d8e2fbcb5f55addb7a60ff7f35af9d	0	0
4410	7	2	0	0	0	0030c04202020522001250080005060	1d8e2fbcb5f55addb7a50ff7f35af9d	0	0
4411	7	2	4	0	0	0030c06000420309000318080201050	1d8e2f9eb7b55cf6b7b447f7f15efad	0	0
4412	7	3	7	0	0	0030c060004203210003080c0009050	1d8e2f9eb7b55cdeb7b457f3f356fad	0	0
4413	7	6	7	0	1	00322004814000a0121000a48008b00	1d8ccffa36b75f5fa5a75f5b73574fd	0	0
4414	7	7	6	0	0	0032200881000150130002248009420	1d8ccff636f75eafa4b75ddb7356bdd	0	0
4415	7	5	6	0	0	0032200881040150030002248009420	1d8ccff636f35eafb4b75ddb7356bdd	0	0
4416	7	4	9	0	0	0032200881800150110002248009420	1d8ccff636775eafa6b75ddb7356bdd	0	0
4417	7	5	0	0	1	003220120014015005000a0a00090a0	1d8ccfecb7e35eafb2b755f5f356f5d	0	0
4418	7	6	6	0	1	0032401020244002860004209100888	1d8cafee97d31ffd31b75bdf625f775	0	0
4419	7	6	4	0	0	0032800c001240210021404a0009044	1d8c6ff2b7e51fdeb7961fb5f356fb9	0	0
4420	7	1	6	0	0	00328018001201610022404a0008050	1d8c6fe6b7e55e9eb7951fb5f357fad	0	0
4421	7	10	3	0	1	008004b0048000c2840410501048120	1d3eeb4eb3775f3d33b34fafe317edd	0	0
4422	7	10	10	0	0	0080050282030048809040830101044	1d3eeafc35f45fb737271f7cf25efb9	0	0
4423	7	10	6	0	0	00800520818001680404022c00090a0	1d3eeade36775e97b3b35dd3f356f5d	0	0
4424	7	10	7	0	0	0080053004100868001100d1000a0c0	1d3eeaceb3e75797b7a65f2ef355f3d	0	0
4425	7	10	9	0	0	008009120022502010055001224000c	1d3ee6ecb7d50fdfa7b20ffed11fff1	0	0
4426	7	10	7	0	1	008009120022503000054041224000c	1d3ee6ecb7d50fcfb7b21fbed11fff1	0	0
4427	7	10	8	0	0	0080092400225020100514003240208	1d3ee6dab7d50fdfa7b24bffc11fdf5	0	0
4428	7	10	6	0	0	008009300022503000051040a24000c	1d3ee6ceb7d50fcfb7b24fbf511fff1	0	0
4429	7	10	9	0	0	00800a082501040a040100a50005028	1d3ee5f692f65bf5b3b65f5af35afd5	0	0
4430	7	10	4	0	0	00800a1800850052040201260104024	1d3ee5e6b7725fadb3b55ed9f25bfd9	0	0
4431	7	10	7	0	1	00800a2020a11010102101340044104	1d3ee5de97564fefa7965ecbf31bef9	0	0
4432	7	10	7	0	0	00800c10148011201402120c0002828	1d3ee3eea3774edfa3b54df3f35d7d5	0	0
4433	7	10	3	0	0	00800c10148011201402120c00028a0	1d3ee3eea3774edfa3b54df3f35d75d	0	0
4434	7	10	2	0	0	00800c10148011201402120c0010888	1d3ee3eea3774edfa3b54df3f34f775	0	0
4435	7	10	4	0	1	0080220284800154040101540009180	1d3ecdfc33775eabb3b65eabf356e7d	0	0
4436	7	10	8	0	1	0080222080910050141000a28009180	1d3ecdde37665fafa3a75f5d7356e7d	0	0
4437	7	10	6	0	0	0080243000120490850000621240024	1d3ecbceb7e55b6f32b75f9de11ffd9	0	0
4438	7	10	6	0	0	0080243000220184160014041200818	1d3ecbceb7d55e7ba1b74bfbe15f7e5	0	0
4439	7	10	4	0	0	0080243000820184160014041200818	1d3ecbceb7755e7ba1b74bfbe15f7e5	0	0
4440	7	10	0	0	0	0080243000820184160014041208018	1d3ecbceb7755e7ba1b74bfbe157fe5	0	0
4441	7	10	7	0	1	008024500051008a020100aa0009014	1d3ecbaeb7a65f75b5b65f55f356fe9	0	0
4442	7	10	6	0	0	0080281020150050848000a09104180	1d3ec7ee97e25faf33375f5f625be7d	0	0
4443	7	10	3	0	1	0080283000150042828000b20011104	1d3ec7ceb7e25fbd35375f4df34eef9	0	0
4444	7	10	9	0	0	0080410091104820210102910009240	1d3eaefe26e717df96b65d6ef356dbd	0	0
4445	7	10	6	0	1	00808202801500580011409200090c0	1d3e6dfc37e25fa7b7a61f6df356f3d	0	0
4446	7	10	4	0	0	0080826000121224002100cc00090c0	1d3e6d9eb7e54ddbb7965f33f356f3d	0	0
4447	7	10	4	0	1	0080840480834000320250005240021	1d3e6bfa37741fff85b50fffa11ffdc	0	0
4448	7	10	4	0	1	0080a02080154002860000621050005	1d3e4fde37e21ffd31b75f9de30fff8	0	0
4449	7	10	3	0	0	0080a060003000c8820118101011084	1d3e4f9eb7c75f3735b647efe34ef79	0	0
4450	7	10	6	0	0	0082040410144428028000a05011280	1d3cebfaa7e31bd7b5375f5fa34ed7d	0	0
4451	7	10	6	0	1	0082201080154010101440228008884	1d3ccfee37e21fefa7a31fdd7357779	0	0
4452	7	10	6	0	0	00822010840401409480022411040a0	1d3ccfee33f35ebf23375ddbe25bf5d	0	0
4453	7	9	7	0	0	0084022205000448250002510005048	1d3aeddcb2f75bb792b75daef35afb5	0	0
4454	7	5	10	0	0	00840c480102410200060a0c0011208	1d3ae3b6b6f51efdb7b155f3f34edf5	0	0
4455	7	5	1	0	1	008422120500014015000a10200c280	1d3acdecb2f75ebfa2b755efd353d7d	0	0
4456	7	6	6	0	0	008424500012081014804040500a180	1d3acbaeb7e557efa3371fbfa355e7d	0	0
4457	7	6	4	0	0	008424500014010a028002320011204	1d3acbaeb7e35ef5b5375dcdf34edf9	0	0
4458	7	1	7	0	1	008424500024018a020103120010204	1d3acbaeb7d35e75b5b65cedf34fdf9	0	0
4459	7	4	7	0	0	008424500051008a020000aa0009014	1d3acbaeb7a65f75b5b75f55f356fe9	0	0
4460	7	3	7	0	0	008424500051008a0201008a0009014	1d3acbaeb7a65f75b5b65f75f356fe9	0	0
4461	7	5	4	0	0	00842450011100900005084a000a120	1d3acbaeb6e65f6fb7b257b5f355edd	0	0
4462	7	5	1	0	0	008424500111009000050a0a000a120	1d3acbaeb6e65f6fb7b255f5f355edd	0	0
4463	7	2	1	0	0	008424500111009400050a08000a120	1d3acbaeb6e65f6bb7b255f7f355edd	0	0
4464	7	5	6	0	0	0084410283000148041000d8000c240	1d3aaefc34f75eb7b3a75f27f353dbd	0	0
4465	7	8	6	0	0	00844110006002a8020101980048044	1d3aaeeeb7975d57b5b65e67f317fb9	0	0
4466	7	5	6	0	0	0084415000600288020101980048044	1d3aaeaeb7975d77b5b65e67f317fb9	0	0
4467	7	2	6	0	0	00844150006002a8020101880048044	1d3aaeaeb7975d57b5b65e77f317fb9	0	0
4468	7	1	6	0	1	008442028500014815000a102001210	1d3aadfc32f75eb7a2b755efd35eded	0	0
4469	7	7	9	0	1	0084480220044212010103101240044	1d3aa7fc97f31dedb6b65cefe11ffb9	0	0
4470	7	7	1	0	1	0084480a0400031201010a101201108	1d3aa7f4b3f75cedb6b655efe15eef5	0	0
4471	7	6	8	0	1	0084480a0404021201010a10120100c	1d3aa7f4b3f35dedb6b655efe15eff1	0	0
4472	7	6	3	0	1	0084480a0404021201010a101201104	1d3aa7f4b3f35dedb6b655efe15eef9	0	0
4473	7	6	2	0	1	0084480a0404021201010a101201108	1d3aa7f4b3f35dedb6b655efe15eef5	0	0
4474	7	7	6	0	0	0084484200045010110102803300088	1d3aa7bcb7f30fefa6b65d7fc05ff75	0	0
4475	7	4	8	0	0	0084600091114000302002980009240	1d3a8ffe26e61fff87975d67f356dbd	0	0
4476	7	4	6	0	0	0084600091114000302002980009300	1d3a8ffe26e61fff87975d67f356cfd	0	0
4477	7	2	9	0	0	0084600091114000312002900009240	1d3a8ffe26e61fff86975d6ff356dbd	0	0
4478	7	6	4	0	0	008460408014401021010a101041220	1d3a8fbe37e31fef96b655efe31eddd	0	0
4479	7	3	7	0	0	008460408410014a011000508003210	1d3a8fbe33e75eb5b6a75faf735cded	0	0
4480	7	5	4	0	1	0084604084800250050000c09009180	1d3a8fbe33775dafb2b75f3f6356e7d	0	0
4481	7	4	6	0	0	0084605000120a1014004040500a180	1d3a8faeb7e555efa3b71fbfa355e7d	0	0
4482	7	3	6	0	0	0084605000120a1014800040500a300	1d3a8faeb7e555efa3375fbfa355cfd	0	0
4483	7	4	3	0	1	0084605000820a1014004040500a180	1d3a8faeb77555efa3b71fbfa355e7d	0	0
4484	7	3	3	0	0	0084813000611020100500890048088	1d3a6eceb7964fdfa7b25f76f317f75	0	0
4485	7	4	6	0	0	008482028500014814000a102101090	1d3a6dfc32f75eb7a3b755efd25ef6d	0	0
4486	7	4	4	0	0	008482028500014c040008502101050	1d3a6dfc32f75eb3b3b757afd25efad	0	0
4487	7	4	6	0	0	0084820285000448240002520005240	1d3a6dfc32f75bb793b75dadf35adbd	0	0
4488	7	6	6	0	0	0084820a0500010814020a102104011	1d3a6df4b2f75ef7a3b555efd25bfec	0	0
4489	7	5	6	0	1	0084820a0500014804020a102005210	1d3a6df4b2f75eb7b3b555efd35aded	0	0
4490	7	5	9	0	0	0084820a05000440250002510005048	1d3a6df4b2f75bbf92b75daef35afb5	0	0
4491	7	4	9	0	0	0084820a05000448240002510005048	1d3a6df4b2f75bb793b75daef35afb5	0	0
4492	7	4	3	0	1	008482220500014814000a110005090	1d3a6ddcb2f75eb7a3b755eef35af6d	0	0
4493	7	3	0	0	0	0084822805000488241000510014048	1d3a6dd6b2f75b7793a75faef34bfb5	0	0
4494	7	4	6	0	1	00848242012000d8001000d02044240	1d3a6dbcb6d75f27b7a75f2fd31bdbd	0	0
4495	7	6	7	0	0	00848442001240009210404112020c0	1d3a6bbcb7e51fff25a71fbee15df3d	0	0
4496	7	5	6	0	0	008484500051008012800283000a201	1d3a6baeb7a65f7fa5375d7cf355dfc	0	0
4497	7	5	7	0	0	0084a00280900150050002501009280	1d3a4ffc37675eafb2b75dafe356d7d	0	0
4498	7	5	4	0	0	0084a00280900150050002501041280	1d3a4ffc37675eafb2b75dafe31ed7d	0	0
4499	7	6	6	0	0	0084a01084040210140102821018480	1d3a4fee33f35defa3b65d7de347b7d	0	0
4500	7	4	4	0	0	0084a0108480024414004042100a420	1d3a4fee33775dbba3b71fbde355bdd	0	0
4501	7	5	9	0	0	0084a04080614000100518003009280	1d3a4fbe37961fffa7b247ffc356d7d	0	0
4502	7	5	6	0	0	0084a04080614000100550003009280	1d3a4fbe37961fffa7b20fffc356d7d	0	0
4503	7	5	1	0	0	0084a04084410108001108822101090	1d3a4fbe33b65ef7b7a6577dd25ef6d	0	0
4504	7	3	6	0	0	0084a05000120a1014800040500a280	1d3a4faeb7e555efa3375fbfa355d7d	0	0
4505	7	6	4	0	1	0084c0028500010035000a110001a08	1d3a2ffc32f75eff82b755eef35e5f5	0	0
4506	7	4	7	0	1	0084c04080430108101048082003050	1d3a2fbe37b45ef7a7a717f7d35cfad	0	0
4507	7	4	6	0	1	0084c04080430108101048082003090	1d3a2fbe37b45ef7a7a717f7d35cf6d	0	0
4508	7	4	4	0	1	0084c040804301081010480820030c0	1d3a2fbe37b45ef7a7a717f7d35cf3d	0	0
4509	7	7	6	0	1	0084c04200020308141048082003090	1d3a2fbcb7f55cf7a3a717f7d35cf6d	0	0
4510	7	6	4	0	0	00860202850002101101089400090c0	1d38edfc32f75defa6b6576bf356f3d	0	0
4511	7	8	7	0	0	00860410005000e8021000c9000a0c0	1d38ebeeb7a75f17b5a75f36f355f3d	0	0
4512	7	6	8	0	0	0086200280900050150002821009280	1d38cffc37675fafa2b75d7de356d7d	0	0
4513	7	6	4	0	0	0086200280900050150040821009180	1d38cffc37675fafa2b71f7de356e7d	0	0
4514	7	4	4	0	0	008620108014015804000a0a0011084	1d38cfee37e35ea7b3b755f5f34ef79	0	0
4515	7	5	6	0	0	008620108015004011104082800a280	1d38cfee37e25fbfa6a71f7d7355d7d	0	0
4516	7	6	2	0	1	0086400880820218001248104011104	1d38aff637755de7b7a517efb34eef9	0	0
4517	7	5	6	0	0	0086800280900150050002421009280	1d386ffc37675eafb2b75dbde356d7d	0	0
4518	7	6	6	0	0	0088019200910030001400aa000c180	1d36ee6cb7665fcfb7a35f55f353e7d	0	0
4519	7	3	6	0	0	00880192009100700014008a000c180	1d36ee6cb7665f8fb7a35f75f353e7d	0	0
4520	7	5	6	0	0	0088028a04800450050003140003088	1d36ed74b3775bafb2b75cebf35cf75	0	0
4521	7	7	4	0	0	0088031400031028000550006044220	1d36eceab7f44fd7b7b20fff931bddd	0	0
4522	7	5	6	0	1	0088033002810050041000a24044028	1d36ecceb5765fafb3a75f5db31bfd5	0	0
4523	7	6	6	0	0	0088053000820124041000ac0018088	1d36eaceb7755edbb3a75f53f347f75	0	0
4524	7	5	8	0	0	0088053000c10060001400a30108088	1d36eaceb7365f9fb7a35f5cf257f75	0	0
4525	7	4	4	0	1	008806280481004900020131000a180	1d36e9d6b3765fb6b7b55ecef355e7d	0	0
4526	7	9	8	0	1	00880820208211240401018c0018088	1d36e7de97754edbb3b65e73f347f75	0	0
4527	7	9	8	0	1	00880820208211240401050c000a088	1d36e7de97754edbb3b65af3f355f75	0	0
4528	7	9	0	0	1	0088082020c14014000509003048500	1d36e7de97361febb7b256ffc317afd	0	0
4529	7	6	6	0	0	008809101500004a040402920104028	1d36e6eea2f75fb5b3b35d6df25bfd5	0	0
4530	7	4	6	0	0	00880912001340300001018a000a0c0	1d36e6ecb7e41fcfb7b65e75f355f3d	0	0
4531	7	3	4	0	1	008809140402106406000080a042108	1d36e6eab3f54f9bb1b75f7f531def5	0	0
4532	7	4	8	0	0	0088091404800264040050003002830	1d36e6eab3775d9bb3b70fffc35d7cd	0	0
4533	7	4	4	0	0	0088091404800264040050003002920	1d36e6eab3775d9bb3b70fffc35d6dd	0	0
4534	7	4	8	0	0	00880920108340050400018a000a048	1d36e6dea7741ffab3b75e75f355fb5	0	0
4535	7	7	4	0	0	0088092400025028000514003240208	1d36e6dab7f50fd7b7b24bffc11fdf5	0	0
4536	7	5	6	0	0	0088093000225020000510902050208	1d36e6ceb7d50fdfb7b24f6fd30fdf5	0	0
4537	7	6	4	0	0	008809300110004c040108980006060	1d36e6ceb6e75fb3b3b65767f359f9d	0	0
4538	7	2	6	0	0	008809300500044a040400b00044028	1d36e6ceb2f75bb5b3b35f4ff31bfd5	0	0
4539	7	8	6	0	1	008809400280025404014102100a120	1d36e6beb5775dabb3b61efde355edd	0	0
4540	7	4	8	0	0	008809600091005400010902100a120	1d36e69eb7665fabb7b656fde355edd	0	0
4541	7	5	8	0	0	00880a02140410600500120031040c0	1d36e5fca3f34f9fb2b74dffc25bf3d	0	0
4542	7	4	7	0	1	00880a1024401070040002850004888	1d36e5ee93b74f8fb3b75d7af35b775	0	0
4543	7	6	8	0	1	00880a12041000700401028300050c0	1d36e5ecb3e75f8fb3b65d7cf35af3d	0	0
4544	7	5	2	0	0	00880a202280105004011114000c0a0	1d36e5de95774fafb3b64eebf353f5d	0	0
4545	7	4	8	0	0	00880a2400061430000101940050088	1d36e5dab7f14bcfb7b65e6bf30ff75	0	0
4546	7	6	8	0	1	00880a30005000700401028300050c0	1d36e5ceb7a75f8fb3b65d7cf35af3d	0	0
4547	7	4	6	0	0	00880a300082015404000146000c420	1d36e5ceb7755eabb3b75eb9f353bdd	0	0
4548	7	4	10	0	1	00880a3000830114000205060008848	1d36e5ceb7745eebb7b55af9f3577b5	0	0
4549	7	4	6	0	0	00880a3000830114000205060008c08	1d36e5ceb7745eebb7b55af9f3573f5	0	0
4550	7	4	3	0	0	00880a3000830114000205060008c40	1d36e5ceb7745eebb7b55af9f3573bd	0	0
4551	7	7	4	0	0	00880c1014005020140410818100888	1d36e3eea3f70fdfa3b34f7e725f775	0	0
4552	7	1	6	0	1	00880c10148001640402030c00020a0	1d36e3eea3775e9bb3b55cf3f35df5d	0	0
4553	7	5	3	0	0	00880c10148011200402120c00028a0	1d36e3eea3774edfb3b54df3f35d75d	0	0
4554	7	5	2	0	0	00880c10148011200402120c0010888	1d36e3eea3774edfb3b54df3f34f775	0	0
4555	7	5	0	0	0	00880c10148011200402120c0012088	1d36e3eea3774edfb3b54df3f34df75	0	0
4556	7	4	3	0	0	00880c10148011201400120c00028a0	1d36e3eea3774edfa3b74df3f35d75d	0	0
4557	7	4	2	0	0	00880c10148011201400120c0010888	1d36e3eea3774edfa3b74df3f34f775	0	0
4558	7	7	10	0	0	00880c240080016100034106000a180	1d36e3dab7775e9eb7b41ef9f355e7d	0	0
4559	7	7	4	0	0	00880c3000021068000614012300084	1d36e3ceb7f54f97b7b14bfed05ff79	0	0
4560	7	3	6	0	0	00880c3000071028000510006140024	1d36e3ceb7f04fd7b7b24fff921ffd9	0	0
4561	7	5	7	0	0	00880c6000825001040100cc000a088	1d36e39eb7750ffeb3b65f33f355f75	0	0
4562	7	3	4	0	0	008820a081414004100508003108500	1d36cf5e36b61ffba7b257ffc257afd	0	0
4563	7	2	3	0	1	008820d00111009400050a08000a120	1d36cf2eb6e65f6bb7b255f7f355edd	0	0
4564	7	5	8	0	0	0088220220900150050003120108081	1d36cdfc97675eafb2b75cedf257f7c	0	0
4565	7	6	4	0	0	0088223000820114040205060008c08	1d36cdceb7755eebb3b55af9f3573f5	0	0
4566	7	4	4	0	0	0088223000830114000205060008c08	1d36cdceb7745eebb7b55af9f3573f5	0	0
4567	7	5	4	0	0	00882250001540100011082221020a0	1d36cdaeb7e21fefb7a657ddd25df5d	0	0
4568	7	4	3	0	1	00882250008200d084005002100c120	1d36cdaeb7755f2f33b70ffde353edd	0	0
4569	7	3	8	0	1	00882260008200c8841010003044220	1d36cd9eb7755f3733a74fffc31bddd	0	0
4570	7	3	7	0	0	00882260008200c8841010003104120	1d36cd9eb7755f3733a74fffc25bedd	0	0
4571	7	5	4	0	0	0088241010834000860010403140024	1d36cbeea7741fff31b74fbfc21ffd9	0	0
4572	7	3	10	0	0	0088241084800144160010041008830	1d36cbee33775ebba1b74ffbe3577cd	0	0
4573	7	6	4	0	0	008824201480008c040101841018480	1d36cbdea3775f73b3b65e7be347b7d	0	0
4574	7	3	4	0	0	008824201480018c040101041018480	1d36cbdea3775e73b3b65efbe347b7d	0	0
4575	7	5	4	0	0	0088243000144101060000a242008c0	1d36cbceb7e31efeb1b75f5db15f73d	0	0
4576	7	3	8	0	1	0088243000850105020400224200818	1d36cbceb7725efab5b35fddb15f7e5	0	0
4577	7	6	6	0	0	0088243004100089048000b04002890	1d36cbceb3e75f76b3375f4fb35d76d	0	0
4578	7	3	6	0	0	0088243004100189048000304002890	1d36cbceb3e75e76b3375fcfb35d76d	0	0
4579	7	1	6	0	0	0088243004100189048000b04000890	1d36cbceb3e75e76b3375f4fb35f76d	0	0
4580	7	6	6	0	0	0088245000120058041000c241020a0	1d36cbaeb7e55fa7b3a75f3db25df5d	0	0
4581	7	3	2	0	0	0088245000824040960010003140030	1d36cbaeb7751fbf21b74fffc21ffcd	0	0
4582	7	5	0	0	0	008824500090404016001208100a0a0	1d36cbaeb7671fbfa1b74df7e355f5d	0	0
4583	7	6	8	0	1	00882450041000501410028300028a0	1d36cbaeb3e75fafa3a75d7cf35d75d	0	0
4584	7	5	4	0	0	0088281015000304040108540102028	1d36c7eea2f75cfbb3b657abf25dfd5	0	0
4585	7	4	2	0	1	008828102082015404004102800c500	1d36c7ee97755eabb3b71efd7353afd	0	0
4586	7	6	4	0	0	0088281204024010100518003240408	1d36c7ecb3f51fefa7b247ffc11fbf5	0	0
4587	7	3	6	0	0	008828202402030c040101041018480	1d36c7de93f55cf3b3b65efbe347b7d	0	0
4588	7	7	2	0	0	0088283000110041128008320006110	1d36c7ceb7e65fbea53757cdf359eed	0	0
4589	7	4	7	0	0	0088283000150042840000a21104120	1d36c7ceb7e25fbd33b75f5de25bedd	0	0
4590	7	7	4	0	0	0088283000414004100508203140408	1d36c7ceb7b61ffba7b257dfc21fbf5	0	0
4591	7	5	4	0	1	0088283000434004040400a22101048	1d36c7ceb7b41ffbb3b35f5dd25efb5	0	0
4592	7	5	4	0	0	0088283000454004000508203140408	1d36c7ceb7b21ffbb7b257dfc21fbf5	0	0
4593	7	1	4	0	1	0088283000454014000508203040408	1d36c7ceb7b21febb7b257dfc31fbf5	0	0
4594	7	6	2	0	0	0088283000820114040205060008c08	1d36c7ceb7755eebb3b55af9f3573f5	0	0
4595	7	4	2	0	0	0088283000830114000205060008c08	1d36c7ceb7745eebb7b55af9f3573f5	0	0
4596	7	7	6	0	1	00882850000201580410104a0006028	1d36c7aeb7f55ea7b3a74fb5f359fd5	0	0
4597	7	4	10	0	0	008828500014025400011808100a120	1d36c7aeb7e35dabb7b647f7e355edd	0	0
4598	7	5	4	0	0	00882850008202401500500031020a0	1d36c7aeb7755dbfa2b70fffc25df5d	0	0
4599	7	4	4	0	0	0088285000830051000400c22140108	1d36c7aeb7745faeb7b35f3dd21fef5	0	0
4600	7	6	9	0	0	008844101090004286001050100a120	1d36abeea7675fbd31b74fafe355edd	0	0
4601	7	5	8	0	1	0088441400141120060000a0c008a80	1d36abeab7e34edfb1b75f5f335757d	0	0
4602	7	3	6	0	0	0088441800120440960040011202120	1d36abe6b7e55bbf21b71ffee15dedd	0	0
4603	7	7	1	0	1	008844440003010a00114106000a220	1d36abbab7f45ef5b7a61ef9f355ddd	0	0
4604	7	8	6	0	0	00884800108203300500014411080a0	1d36a7fea7755ccfb2b75ebbe257f5d	0	0
4605	7	8	6	0	1	0088480010c00170050001860009208	1d36a7fea7375e8fb2b75e79f356df5	0	0
4606	7	8	9	0	1	0088480020834002850001203140024	1d36a7fe97741ffd32b75edfc21ffd9	0	0
4607	7	5	10	0	0	0088480424024101020101860208048	1d36a7fa93f51efeb5b65e79f157fb5	0	0
4608	7	4	9	0	0	0088480424024121000101860208048	1d36a7fa93f51edeb7b65e79f157fb5	0	0
4609	7	4	4	0	1	0088481010445020240000a821040c0	1d36a7eea7b30fdf93b75f57d25bf3d	0	0
4610	7	4	8	0	0	0088481400820260140050003102030	1d36a7eab7755d9fa3b70fffc25dfcd	0	0
4611	7	2	4	0	0	0088484010825000350011002102220	1d36a7bea7750fff82b74effd25dddd	0	0
4612	7	2	3	0	0	0088485000221124020100c40110048	1d36a7aeb7d54edbb5b65f3bf24ffb5	0	0
4613	7	8	4	0	0	0088600014800298040101841018480	1d368ffea3775d67b3b65e7be347b7d	0	0
4614	7	6	4	0	0	0088600034800218040101841018480	1d368ffe83775de7b3b65e7be347b7d	0	0
4615	7	3	4	0	0	0088600034800318040101041018480	1d368ffe83775ce7b3b65efbe347b7d	0	0
4616	7	6	4	0	1	00886000948001180404013400090a0	1d368ffe23775ee7b3b35ecbf356f5d	0	0
4617	7	5	4	0	1	0088600214800150050001940009088	1d368ffca3775eafb2b75e6bf356f75	0	0
4618	7	5	2	0	0	0088604020900450050041009008980	1d368fbe97675bafb2b71eff635767d	0	0
4619	7	9	4	0	1	0088801404800244160010203202030	1d366feab3775dbba1b74fdfc15dfcd	0	0
4620	7	5	6	0	1	008880b000141120028000b04014090	1d366f4eb7e34edfb5375f4fb34bf6d	0	0
4621	7	5	6	0	0	00888112009100600014402a000c084	1d366eecb7665f9fb7a31fd5f353f79	0	0
4622	7	3	6	0	0	00888112009100700014002a000c084	1d366eecb7665f8fb7a35fd5f353f79	0	0
4623	7	2	6	0	0	008881120091007000144022000c084	1d366eecb7665f8fb7a31fddf353f79	0	0
4624	7	5	4	0	0	0088811404800244060010203202030	1d366eeab3775dbbb1b74fdfc15dfcd	0	0
4625	7	4	4	0	0	008881220091005400010910100a180	1d366edcb7665fabb7b656efe355e7d	0	0
4626	7	6	4	0	1	0088820214800214040109140003090	1d366dfca3775debb3b656ebf35cf6d	0	0
4627	7	6	2	0	1	0088820214800214040109140009090	1d366dfca3775debb3b656ebf356f6d	0	0
4628	7	4	4	0	1	0088820a0403100412000121200a500	1d366df4b3f44ffba5b75eded355afd	0	0
4629	7	4	4	0	0	0088822400061430000101940050088	1d366ddab7f14bcfb7b65e6bf30ff75	0	0
4630	7	4	4	0	0	0088822401411020100100a42140018	1d366ddab6b64fdfa7b65f5bd21ffe5	0	0
4631	7	4	10	0	1	0088840480834000320050005048021	1d366bfa37741fff85b70fffa317fdc	0	0
4632	7	8	6	0	1	008888002480025404011110100a120	1d3667fe93775dabb3b64eefe355edd	0	0
4633	7	4	6	0	1	008888003280015404004100900c480	1d3667fe85775eabb3b71eff6353b7d	0	0
4634	7	3	6	0	0	0088880034800314040101041018480	1d3667fe83775cebb3b65efbe347b7d	0	0
4635	7	7	4	0	0	0088880600025020100550003300088	1d3667f8b7f50fdfa7b20fffc05ff75	0	0
4636	7	5	4	0	1	0088881020821060040414082006280	1d3667ee97754f9fb3b34bf7d359d7d	0	0
4637	7	5	4	0	0	0088881200061060040450012102088	1d3667ecb7f14f9fb3b30ffed25df75	0	0
4638	7	4	7	0	0	0088881400820260140050003102030	1d3667eab7755d9fa3b70fffc25dfcd	0	0
4639	7	4	4	0	0	00888814008202601400500031020a0	1d3667eab7755d9fa3b70fffc25df5d	0	0
4640	7	5	9	0	1	0088881404041040248010302006030	1d3667eab3f34fbf93374fcfd359fcd	0	0
4641	7	5	3	0	0	0088881404041040248010302102030	1d3667eab3f34fbf93374fcfd25dfcd	0	0
4642	7	7	6	0	1	00888820200211240401018c0018088	1d3667de97f54edbb3b65e73f347f75	0	0
4643	7	6	7	0	1	0088882020830002211001320104024	1d3667de97745ffd96a75ecdf25bfd9	0	0
4644	7	4	2	0	1	0088882020c10054000109003048500	1d3667de97365fabb7b656ffc317afd	0	0
4645	7	5	3	0	0	0088882204110040808118101003140	1d3667dcb3e65fbf373647efe35cebd	0	0
4646	7	3	3	0	1	0088882204110044808108101003140	1d3667dcb3e65fbb373657efe35cebd	0	0
4647	7	4	7	0	0	0088882400061430000101940012088	1d3667dab7f14bcfb7b65e6bf34df75	0	0
4648	7	4	3	0	0	00888824000614300001019400420a0	1d3667dab7f14bcfb7b65e6bf31df5d	0	0
4649	7	4	2	0	0	0088882400061430000101940050088	1d3667dab7f14bcfb7b65e6bf30ff75	0	0
4650	7	5	4	0	1	00888830005100440401088a0003048	1d3667ceb7a65fbbb3b65775f35cfb5	0	0
4651	7	2	4	0	1	0088883000510054040108820003048	1d3667ceb7a65fabb3b6577df35cfb5	0	0
4652	7	2	6	0	0	00888860001410680011108800060a0	1d36679eb7e34f97b7a64f77f359f5d	0	0
4653	7	4	0	0	0	0088a00034800314040003041018480	1d364ffe83775cebb3b75cfbe347b7d	0	0
4654	7	3	4	0	0	0088a00034800314040101041018480	1d364ffe83775cebb3b65efbe347b7d	0	0
4655	7	6	2	0	0	0088a0022082005404105000300c500	1d364ffc97755fabb3a70fffc353afd	0	0
4656	7	5	2	0	0	0088a00220900150050003120108081	1d364ffc97675eafb2b75cedf257f7c	0	0
4657	7	7	8	0	0	0088a00481010040a00512102101220	1d364ffa36f65fbf17b24defd25eddd	0	0
4658	7	1	8	0	1	0088a00485010040a00512102001220	1d364ffa32f65fbf17b24defd35eddd	0	0
4659	7	4	4	0	0	0088a0120015005400014800300a480	1d364fecb7e25fabb7b617ffc355b7d	0	0
4660	7	1	4	0	0	0088a01200150054000548003008480	1d364fecb7e25fabb7b217ffc357b7d	0	0
4661	7	7	3	0	1	0088a02010804114000303101018480	1d364fdea7771eebb7b45cefe347b7d	0	0
4662	7	4	4	0	1	0088a02400074005020000a03240018	1d364fdab7f01ffab5b75f5fc11ffe5	0	0
4663	7	1	3	0	1	0088a03000070105020408224200018	1d364fceb7f05efab5b357ddb15ffe5	0	0
4664	7	4	9	0	0	0088a03000150105000408224200818	1d364fceb7e25efab7b357ddb15f7e5	0	0
4665	7	5	0	0	0	0088a0420012500016005000300a090	1d364fbcb7e50fffa1b70fffc355f6d	0	0
4666	7	5	6	0	0	0088a050001201500410104a000a028	1d364faeb7e55eafb3a74fb5f355fd5	0	0
4667	7	4	3	0	1	0088a0500082024414005008100a030	1d364faeb7755dbba3b70ff7e355fcd	0	0
4668	7	4	0	0	0	0088a0500090024414005008100a030	1d364faeb7675dbba3b70ff7e355fcd	0	0
4669	7	4	4	0	0	0088c01400820260140050003102030	1d362feab7755d9fa3b70fffc25dfcd	0	0
4670	7	5	6	0	0	0088c04010300608020148101011084	1d362fbea7c759f7b5b617efe34ef79	0	0
4671	7	5	6	0	1	008a020214800150050003060009088	1d34edfca3775eafb2b75cf9f356f75	0	0
4672	7	7	6	0	0	008a040410104428028000a05011280	1d34ebfaa7e71bd7b5375f5fa34ed7d	0	0
4673	7	5	7	0	1	008a0404128000c80410408051040a0	1d34ebfaa5775f37b3a71f7fa25bf5d	0	0
4674	7	6	4	0	1	008a041400120128028000a14011280	1d34ebeab7e55ed7b5375f5eb34ed7d	0	0
4675	7	5	7	0	0	008a080424024101020101860208048	1d34e7fa93f51efeb5b65e79f157fb5	0	0
4676	7	6	7	0	1	008a200030a00058011001920104024	1d34cffe87575fa7b6a75e6df25bfd9	0	0
4677	7	5	2	0	1	008a2000948001500500030600090a0	1d34cffe23775eafb2b75cf9f356f5d	0	0
4678	7	5	4	0	1	008a200220900150050041021008980	1d34cffc97675eafb2b71efde35767d	0	0
4679	7	5	2	0	1	008a200280844050011003120100884	1d34cffc37731fafb6a75cedf25f779	0	0
4680	7	3	10	0	1	008a200280904050111040021008884	1d34cffc37671fafa6a71ffde357779	0	0
4681	7	4	8	0	0	008a201400150110808002228104005	1d34cfeab7e25eef37375ddd725bff8	0	0
4682	7	5	4	0	0	008a400424024101020101860208048	1d34affa93f51efeb5b65e79f157fb5	0	0
4683	7	8	6	0	1	0090019000a140101014402222040a0	1d2eee6eb7561fefa7a31fddd15bf5d	0	0
4684	7	5	10	0	0	0090019800a140001014082821040a0	1d2eee66b7561fffa7a357d7d25bf5d	0	0
4685	7	5	1	0	1	0090019800a14010001440222204060	1d2eee66b7561fefb7a31fddd15bf9d	0	0
4686	7	4	2	0	1	0090019800a14010101040222204060	1d2eee66b7561fefa7a71fddd15bf9d	0	0
4687	7	2	6	0	1	0090019800a140101014402022040a0	1d2eee66b7561fefa7a31fdfd15bf5d	0	0
4688	7	2	6	0	1	0090019800a14010101440202240028	1d2eee66b7561fefa7a31fdfd11ffd5	0	0
4689	7	3	6	0	0	009001b000a1401010140020a044480	1d2eee4eb7561fefa7a35fdf531bb7d	0	0
4690	7	6	3	0	0	009001d00480004a001402520140028	1d2eee2eb3775fb5b7a35dadf21ffd5	0	0
4691	7	9	4	0	0	009002480083008a001150042005220	1d2eedb6b7745f75b7a60ffbd35addd	0	0
4692	7	7	7	0	0	009002a80003008a001205140104050	1d2eed56b7f45f75b7a55aebf25bfad	0	0
4693	7	5	7	0	0	009002a800830088001205140104050	1d2eed56b7745f77b7a55aebf25bfad	0	0
4694	7	6	8	0	0	00900360008300088011180820050a0	1d2eec9eb7745ff737a647f7d35af5d	0	0
4695	7	8	6	0	0	00900510041008680401028a00090c0	1d2eeaeeb3e75797b3b65d75f356f3d	0	0
4696	7	3	9	0	0	0090051805000282840100250202030	1d2eeae6b2f75d7d33b65fdaf15dfcd	0	0
4697	7	4	6	0	0	00900530012004a2040000a28004b00	1d2eeaceb6d75b5db3b75f5d735b4fd	0	0
4698	7	9	1	0	0	0090081804100a0a040102320101044	1d2ee7e6b3e755f5b3b65dcdf25efb9	0	0
4699	7	8	2	0	1	0090090805000a0a040102310005300	1d2ee6f6b2f755f5b3b65dcef35acfd	0	0
4700	7	6	4	0	0	009009102500080a040100b20104048	1d2ee6ee92f757f5b3b65f4df25bfb5	0	0
4701	7	4	6	0	0	009009180006084a040003120104204	1d2ee6e6b7f157b5b3b75cedf25bdf9	0	0
4702	7	7	3	0	0	0090091804000a0a040102320101044	1d2ee6e6b3f755f5b3b65dcdf25efb9	0	0
4703	7	6	2	0	0	009009180410080a040102320005240	1d2ee6e6b3e757f5b3b65dcdf35adbd	0	0
4704	7	4	2	0	0	009009180410084a040002320005240	1d2ee6e6b3e757b5b3b75dcdf35adbd	0	0
4705	7	3	2	0	0	009009180410084a040102120005240	1d2ee6e6b3e757b5b3b65dedf35adbd	0	0
4706	7	4	10	0	0	0090091804100a0a000102310041204	1d2ee6e6b3e755f5b7b65dcef31edf9	0	0
4707	7	2	6	0	0	0090091804100a0a040102300041204	1d2ee6e6b3e755f5b3b65dcff31edf9	0	0
4708	7	1	9	0	0	0090091804100a0a040102320001044	1d2ee6e6b3e755f5b3b65dcdf35efb9	0	0
4709	7	6	4	0	0	009009180500004a040400710104028	1d2ee6e6b2f75fb5b3b35f8ef25bfd5	0	0
4710	7	4	3	0	0	009009180500024a040000710102030	1d2ee6e6b2f75db5b3b75f8ef25dfcd	0	0
4711	7	7	4	0	0	009009300002502014011808205000c	1d2ee6ceb7f50fdfa3b647f7d30fff1	0	0
4712	7	4	6	0	0	009009300022503000011040a24000c	1d2ee6ceb7d50fcfb7b64fbf511fff1	0	0
4713	7	5	6	0	0	009009300050406004010a0a004100c	1d2ee6ceb7a71f9fb3b655f5f31eff1	0	0
4714	7	4	6	0	0	0090095001020a0c040000682102050	1d2ee6aeb6f555f3b3b75f97d25dfad	0	0
4715	7	6	8	0	0	0090095004100052040102830041028	1d2ee6aeb3e75fadb3b65d7cf31efd5	0	0
4716	7	8	6	0	0	00900a080500060a040100740011208	1d2ee5f6b2f759f5b3b65f8bf34edf5	0	0
4717	7	8	3	0	0	00900a100500044a040200720104060	1d2ee5eeb2f75bb5b3b55f8df25bf9d	0	0
4718	7	7	8	0	1	00900a12000410700402120820048c0	1d2ee5ecb7f34f8fb3b54df7d35b73d	0	0
4719	7	5	8	0	1	00900a12040410600402120820048c0	1d2ee5ecb3f34f9fb3b54df7d35b73d	0	0
4720	7	2	8	0	1	00900a12040410700402120020048c0	1d2ee5ecb3f34f8fb3b54dffd35b73d	0	0
4721	7	6	3	0	1	00900a1805000048140208310104030	1d2ee5e6b2f75fb7a3b557cef25bfcd	0	0
4722	7	7	6	0	0	00900a280100060a040100740011208	1d2ee5d6b6f759f5b3b65f8bf34edf5	0	0
4723	7	4	6	0	0	00900a280500044a040000740005028	1d2ee5d6b2f75bb5b3b75f8bf35afd5	0	0
4724	7	4	6	0	1	00900c5004020452040000c28041108	1d2ee3aeb3f55badb3b75f3d731eef5	0	0
4725	7	2	6	0	0	00900c600022026800a010401101140	1d2ee39eb7d55d97b7174fbfe25eebd	0	0
4726	7	9	9	0	0	0090203000130402848000628005104	1d2ecfceb7e45bfd33375f9d735aef9	0	0
4727	7	9	6	0	1	0090203000230084120114003208108	1d2ecfceb7d45f7ba5b64bffc157ef5	0	0
4728	7	3	4	0	1	009020b00013100092800040a240104	1d2ecf4eb7e44fff25375fbf511fef9	0	0
4729	7	4	2	0	0	009020b0011100841400082c000c030	1d2ecf4eb6e65f7ba3b757d3f353fcd	0	0
4730	7	6	10	0	0	0090211404040108848002222104021	1d2eceeab3f35ef733375dddd25bfdc	0	0
4731	7	2	4	0	0	0090213004020a0c040108802041410	1d2ececeb3f555f3b3b6577fd31ebed	0	0
4732	7	4	4	0	0	0090223000134001120000622240050	1d2ecdceb7e41ffea5b75f9dd11ffad	0	0
4733	7	7	9	0	1	0090243000030402848000628005104	1d2ecbceb7f45bfd33375f9d735aef9	0	0
4734	7	7	0	0	0	0090243000110402860000628041104	1d2ecbceb7e65bfd31b75f9d731eef9	0	0
4735	7	4	6	0	0	0090243000120490840000621240120	1d2ecbceb7e55b6f33b75f9de11fedd	0	0
4736	7	4	4	0	0	0090243000120492040000621240120	1d2ecbceb7e55b6db3b75f9de11fedd	0	0
4737	7	4	9	0	0	0090243000130402840000628041104	1d2ecbceb7e45bfd33b75f9d731eef9	0	0
4738	7	2	9	0	0	0090243000130402848000608041104	1d2ecbceb7e45bfd33375f9f731eef9	0	0
4739	7	1	9	0	0	0090243000130402848000628001104	1d2ecbceb7e45bfd33375f9d735eef9	0	0
4740	7	3	10	0	0	0090243000150402828000228001904	1d2ecbceb7e25bfd35375fdd735e6f9	0	0
4741	7	4	3	0	1	0090243004020482840000621240120	1d2ecbceb3f55b7d33b75f9de11fedd	0	0
4742	7	6	9	0	1	009028101014004a048002920005220	1d2ec7eea7e35fb5b3375d6df35addd	0	0
4743	7	6	3	0	0	009028101014004a048002920101220	1d2ec7eea7e35fb5b3375d6df25eddd	0	0
4744	7	6	7	0	1	0090283000140042848000b08005300	1d2ec7ceb7e35fbd33375f4f735acfd	0	0
4745	7	6	10	0	0	0090283000221010100510442240028	1d2ec7ceb7d54fefa7b24fbbd11ffd5	0	0
4746	7	8	2	0	0	0090411000504222040102290041210	1d2eaeeeb7a71dddb3b65dd6f31eded	0	0
4747	7	4	8	0	1	009041420102123000010249000a108	1d2eaebcb6f54dcfb7b65db6f355ef5	0	0
4748	7	6	3	0	0	0090415000304030020100c18048041	1d2eaeaeb7c71fcfb5b65f3e7317fbc	0	0
4749	7	5	1	0	0	0090415000305020020102888040848	1d2eaeaeb7c70fdfb5b65d77731f7b5	0	0
4750	7	5	2	0	0	0090415000504202040102290041210	1d2eaeaeb7a71dfdb3b65dd6f31eded	0	0
4751	7	5	4	0	0	0090415000504220020100a90041050	1d2eaeaeb7a71ddfb5b65f56f31efad	0	0
4752	7	5	7	0	0	0090415000504220020102890001850	1d2eaeaeb7a71ddfb5b65d76f35e7ad	0	0
4753	7	5	0	0	0	0090415000504220020102890041050	1d2eaeaeb7a71ddfb5b65d76f31efad	0	0
4754	7	4	2	0	0	0090415000504222000102290041210	1d2eaeaeb7a71dddb7b65dd6f31eded	0	0
4755	7	8	6	0	0	00904400150005280402082c0005030	1d2eabfea2f75ad7b3b557d3f35afcd	0	0
4756	7	8	4	0	1	009044400500028a0401082c0003030	1d2eabbeb2f75d75b3b657d3f35cfcd	0	0
4757	7	5	6	0	0	00904800341044080401018a0201060	1d2ea7fe83e71bf7b3b65e75f15ef9d	0	0
4758	7	8	6	0	0	0090481000065020140412082100828	1d2ea7eeb7f10fdfa3b34df7d25f7d5	0	0
4759	7	8	6	0	1	009048100014406206000228804100c	1d2ea7eeb7e31f9db1b75dd7731eff1	0	0
4760	7	7	10	0	1	00904810100241220022014a0108048	1d2ea7eea7f51eddb7955eb5f257fb5	0	0
4761	7	2	4	0	1	0090481010065020240218080014208	1d2ea7eea7f10fdf93b547f7f34bdf5	0	0
4762	7	1	4	0	1	0090481010065020240218082010208	1d2ea7eea7f10fdf93b547f7d34fdf5	0	0
4763	7	4	8	0	0	009048180012044214000c180003208	1d2ea7e6b7e55bbda3b753e7f35cdf5	0	0
4764	7	7	6	0	1	0090484020025018001110482202028	1d2ea7be97f50fe7b7a64fb7d15dfd5	0	0
4765	7	6	6	0	1	0090485000060058041010482006060	1d2ea7aeb7f15fa7b3a74fb7d359f9d	0	0
4766	7	4	8	0	0	0090485000140462020000a88041048	1d2ea7aeb7e35b9db5b75f57731efb5	0	0
4767	7	4	2	0	1	0090485000144062020002288041048	1d2ea7aeb7e31f9db5b75dd7731efb5	0	0
4768	7	3	7	0	0	0090600030230092042001041108108	1d2e8ffe87d45f6db3975efbe257ef5	0	0
4769	7	4	7	0	1	0090600090a10118000101540009220	1d2e8ffe27565ee7b7b65eabf356ddd	0	0
4770	7	5	4	0	0	0090601020125000140412082200a20	1d2e8fee97e50fffa3b34df7d15f5dd	0	0
4771	7	6	8	0	1	0090812020a10012001101320044024	1d2e6ede97565fedb7a65ecdf31bfd9	0	0
4772	7	4	6	0	0	0090814081800268000112088003210	1d2e6ebe36775d97b7b64df7735cded	0	0
4773	7	4	7	0	0	009081420110025800010a180003050	1d2e6ebcb6e75da7b7b655e7f35cfad	0	0
4774	7	6	4	0	0	0090815004100052040102830041028	1d2e6eaeb3e75fadb3b65d7cf31efd5	0	0
4775	7	6	6	0	1	0090820211040048840209180104090	1d2e6dfca6f35fb733b556e7f25bf6d	0	0
4776	7	4	6	0	1	0090820211050048800209180104090	1d2e6dfca6f25fb737b556e7f25bf6d	0	0
4777	7	2	6	0	1	0090820211050048840209080104090	1d2e6dfca6f25fb733b556f7f25bf6d	0	0
4778	7	4	6	0	0	0090820881050049000208304104210	1d2e6df636f25fb6b7b557cfb25bded	0	0
4779	7	5	4	0	1	0090820a050000c804020a102104041	1d2e6df4b2f75f37b3b555efd25bfbc	0	0
4780	7	5	6	0	1	00908218005100500401024a0009048	1d2e6de6b7a65fafb3b65db5f356fb5	0	0
4781	7	5	4	0	1	0090821804101040160000612240030	1d2e6de6b3e74fbfa1b75f9ed11ffcd	0	0
4782	7	8	6	0	1	00908220022002910401015200088c0	1d2e6ddeb5d75d6eb3b65eadf35773d	0	0
4783	7	4	4	0	0	0090822011041220140008248104090	1d2e6ddea6f34ddfa3b757db725bf6d	0	0
4784	7	6	6	0	1	0090822200220044860001430005500	1d2e6ddcb7d55fbb31b75ebcf35aafd	0	0
4785	7	6	4	0	1	00908222010200a8041010412004a40	1d2e6ddcb6f55f57b3a74fbed35b5bd	0	0
4786	7	6	6	0	1	0090824010a000580012015201040a0	1d2e6dbea7575fa7b7a55eadf25bf5d	0	0
4787	7	4	6	0	1	0090824012800254020001428009410	1d2e6dbea5775dabb5b75ebd7356bed	0	0
4788	7	7	3	0	0	0090824200021068001210482140050	1d2e6dbcb7f54f97b7a54fb7d21ffad	0	0
4789	7	4	8	0	0	0090824400820251000201520108090	1d2e6dbab7755daeb7b55eadf257f6d	0	0
4790	7	2	6	0	1	009082480007004a001241020104030	1d2e6db6b7f05fb5b7a51efdf25bfcd	0	0
4791	7	4	4	0	0	0090825000850043020000622140018	1d2e6daeb7725fbcb5b75f9dd21ffe5	0	0
4792	7	6	9	0	1	0090844081800068000312088003050	1d2e6bbe36775f97b7b44df7735cfad	0	0
4793	7	6	6	0	0	0090881024020101148012012200a08	1d2e67ee93f55efea3374dfed15f5f5	0	0
4794	7	5	0	0	0	0090881205000240148008412102410	1d2e67ecb2f75dbfa33757bed25dbed	0	0
4795	7	7	6	0	1	00908820100241210402014a000c0c0	1d2e67dea7f51edeb3b55eb5f353f3d	0	0
4796	7	4	3	0	1	0090882020065021020000a062400c0	1d2e67de97f10fdeb5b75f5f911ff3d	0	0
4797	7	5	4	0	0	00908820208211200003110c0210088	1d2e67de97754edfb7b44ef3f14ff75	0	0
4798	7	5	8	0	1	0090884800061050041010482006060	1d2e67b6b7f14fafb3a74fb7d359f9d	0	0
4799	7	4	7	0	1	0090a00094104042840002501041220	1d2e4ffe23e71fbd33b75dafe31eddd	0	0
4800	7	5	6	0	0	0090a00094110040828010501009120	1d2e4ffe23e65fbf35374fafe356edd	0	0
4801	7	3	6	0	0	0090a00280150050848000421108101	1d2e4ffc37e25faf33375fbde257efc	0	0
4802	7	8	7	0	1	0090a010001400c2860002301044220	1d2e4feeb7e35f3d31b75dcfe31bddd	0	0
4803	7	5	6	0	0	0090a010101304008480404a0005024	1d2e4feea7e45bff33371fb5f35afd9	0	0
4804	7	6	9	0	0	0090a01010310002820110502041024	1d2e4feea7c65ffd35b64fafd31efd9	0	0
4805	7	6	2	0	0	0090a01010310002820110502041220	1d2e4feea7c65ffd35b64fafd31eddd	0	0
4806	7	5	6	0	1	0090a01085000140148002502100830	1d2e4fee32f75ebfa3375dafd25f7cd	0	0
4807	7	5	3	0	1	0090a02020065001060000a06240090	1d2e4fde97f10ffeb1b75f5f911ff6d	0	0
4808	7	5	3	0	0	0090a02080610040120118021009500	1d2e4fde37965fbfa5b647fde356afd	0	0
4809	7	4	7	0	0	0090a02081050101140008244004a10	1d2e4fde36f25efea3b757dbb35b5ed	0	0
4810	7	8	0	0	0	0090c00020a1009200300134014000c	1d2e2ffe97565f6db7875ecbf21fff1	0	0
4811	7	7	7	0	0	0090c00030210092003001340104044	1d2e2ffe87d65f6db7875ecbf25bfb9	0	0
4812	7	3	7	0	0	0090c00030230092003001140104044	1d2e2ffe87d45f6db7875eebf25bfb9	0	0
4813	7	3	9	0	0	0090c000a0c10122001100260101018	1d2e2ffe17365eddb7a65fd9f25efe5	0	0
4814	7	4	4	0	0	0090c00281810130000100644101048	1d2e2ffc36765ecfb7b65f9bb25efb5	0	0
4815	7	7	4	0	0	0090c00820030092003001340104044	1d2e2ff697f45f6db7875ecbf25bfb9	0	0
4816	7	6	1	0	0	0090c00820230012003001340104044	1d2e2ff697d45fedb7875ecbf25bfb9	0	0
4817	7	8	9	0	1	0090c01000120164042008482009050	1d2e2feeb7e55e9bb39757b7d356fad	0	0
4818	7	4	2	0	1	0090c0120104026014000a090100818	1d2e2fecb6f35d9fa3b755f6f25f7e5	0	0
4819	7	6	3	0	0	0090c01800140042160002211300030	1d2e2fe6b7e35fbda1b75ddee05ffcd	0	0
4820	7	4	4	0	1	0090c040108340022020014a0101018	1d2e2fbea7741ffd97975eb5f25efe5	0	0
4821	7	3	4	0	1	0090c040108340022022010a0101018	1d2e2fbea7741ffd97955ef5f25efe5	0	0
4822	7	4	0	0	0	0090c04020c002a20010012c0140014	1d2e2fbe97375d5db7a75ed3f21ffe9	0	0
4823	7	1	9	0	1	0090c04020c002a20011012c0040014	1d2e2fbe97375d5db7a65ed3f31ffe9	0	0
4824	7	5	2	0	0	0090c04086000241000318180009050	1d2e2fbe31f75dbeb7b447e7f356fad	0	0
4825	7	4	0	0	0	0090c05000140462020002888041048	1d2e2faeb7e35b9db5b75d77731efb5	0	0
4826	7	6	1	0	0	009202081083000a001241060104030	1d2cedf6a7745ff5b7a51ef9f25bfcd	0	0
4827	7	6	0	0	0	0092020820c10012001201260108108	1d2cedf697365fedb7a55ed9f257ef5	0	0
4828	7	3	6	0	1	009204140014412082800020c001a80	1d2cebeab7e31edf35375fdf335e57d	0	0
4829	7	8	7	0	0	0092202000220510150009060001828	1d2ccfdeb7d55aefa2b756f9f35e7d5	0	0
4830	7	3	3	0	1	00924000a0c14002820200205140101	1d2caffe17361ffd35b55fdfa21fefc	0	0
4831	7	3	3	0	0	0092400880831010101200248108104	1d2caff637744fefa7a55fdb7257ef9	0	0
4832	7	9	4	0	1	00a00110250008680401028900060c0	1d1eeeee92f75797b3b65d76f359f3d	0	0
4833	7	9	7	0	0	00a0013004100868001100d1000a0c0	1d1eeeceb3e75797b7a65f2ef355f3d	0	0
4834	7	4	6	0	0	00a0019400234000320050005240028	1d1eee6ab7d41fff85b70fffa11ffd5	0	0
4835	7	4	4	0	0	00a0019800a140101004082033000a0	1d1eee66b7561fefa7b357dfc05ff5d	0	0
4836	7	7	2	0	0	00a001a081004428001108580050044	1d1eee5e36f71bd7b7a657a7f30ffb9	0	0
4837	7	5	8	0	0	00a001a4028005001410402212040a0	1d1eee5ab5775affa3a71fdde15bf5d	0	0
4838	7	6	6	0	0	00a001b000900094040402205240120	1d1eee4eb7675f6bb3b35ddfa11fedd	0	0
4839	7	6	7	0	0	00a001b004100828001100d1000a0c0	1d1eee4eb3e757d7b7a65f2ef355f3d	0	0
4840	7	4	7	0	0	00a001b004100868001000d1000a0c0	1d1eee4eb3e75797b7a75f2ef355f3d	0	0
4841	7	9	4	0	0	00a002108480105404020064800a480	1d1eedee33774fabb3b55f9b7355b7d	0	0
4842	7	9	10	0	0	00a0022205000464010100c50009048	1d1eeddcb2f75b9bb6b65f3af356fb5	0	0
4843	7	9	4	0	0	00a0022205000524010100650201048	1d1eeddcb2f75adbb6b65f9af15efb5	0	0
4844	7	9	6	0	1	00a0022800a00154040101540009120	1d1eedd6b7575eabb3b65eabf356edd	0	0
4845	7	8	6	0	0	00a0028205000630010100d400090c0	1d1eed7cb2f759cfb6b65f2bf356f3d	0	0
4846	7	1	6	0	0	00a002980025401010140820a100480	1d1eed66b7d21fefa7a357df525fb7d	0	0
4847	7	6	6	0	1	00a0030416000044860001908009180	1d1eecfaa1f75fbb31b75e6f7356e7d	0	0
4848	7	6	7	0	0	00a0031015000408840200b10014240	1d1eeceea2f75bf733b55f4ef34bdbd	0	0
4849	7	6	6	0	0	00a0031015000408840200b800140c0	1d1eeceea2f75bf733b55f47f34bf3d	0	0
4850	7	5	6	0	0	00a00312001540100011402242020c0	1d1eececb7e21fefb7a61fddb15df3d	0	0
4851	7	3	1	0	1	00a0031404401060260000206048180	1d1eeceab3b74f9f91b75fdf9317e7d	0	0
4852	7	5	8	0	0	00a0032400514000201102320041240	1d1eecdab7a61fff97a65dcdf31edbd	0	0
4853	7	5	0	0	0	00a0032800a11010000501540048120	1d1eecd6b7564fefb7b25eabf317edd	0	0
4854	7	3	7	0	0	00a003300410086800110051000a0c0	1d1eecceb3e75797b7a65faef355f3d	0	0
4855	7	2	6	0	0	00a0033004100868001100d000480c0	1d1eecceb3e75797b7a65f2ff317f3d	0	0
4856	7	1	7	0	0	00a0033004100868001100d100080c0	1d1eecceb3e75797b7a65f2ef357f3d	0	0
4857	7	6	8	0	1	00a00330044000608401028300050c0	1d1eecceb3b75f9f33b65d7cf35af3d	0	0
4858	7	5	8	0	0	00a0034400514000201140230009280	1d1eecbab7a61fff97a61fdcf356d7d	0	0
4859	7	5	6	0	0	00a00350001540100011082a000a0a0	1d1eecaeb7e21fefb7a657d5f355f5d	0	0
4860	7	6	6	0	0	00a0049204020422000612180041104	1d1eeb6cb3f55bddb7b14de7f31eef9	0	0
4861	7	3	4	0	1	00a004b0018001a01404080c00088a0	1d1eeb4eb6775e5fa3b357f3f35775d	0	0
4862	7	6	7	0	1	00a004b0048000a2001400740048024	1d1eeb4eb3775f5db7a35f8bf317fd9	0	0
4863	7	5	4	0	1	00a004b0048000c2040410501048120	1d1eeb4eb3775f3db3b34fafe317edd	0	0
4864	7	6	9	0	1	00a004c402020098009010405202060	1d1eeb3ab5f55f67b7274fbfa15df9d	0	0
4865	7	6	4	0	1	00a004d001024020202200c90140050	1d1eeb2eb6f51fdf97955f36f21ffad	0	0
4866	7	6	9	0	0	00a005101180012014040a0c00088a0	1d1eeaeea6775edfa3b355f3f35775d	0	0
4867	7	6	7	0	0	00a005101180012014040a0c0008a20	1d1eeaeea6775edfa3b355f3f3575dd	0	0
4868	7	6	6	0	1	00a0051014400068041000ca000a0c0	1d1eeaeea3b75f97b3a75f35f355f3d	0	0
4869	7	6	6	0	0	00a005101500012014040a0c00088a0	1d1eeaeea2f75edfa3b355f3f35775d	0	0
4870	7	4	4	0	1	00a00510150041201020089800088c0	1d1eeaeea2f71edfa7975767f35773d	0	0
4871	7	3	4	0	1	00a00512002241300005400302010c0	1d1eeaecb7d51ecfb7b21ffcf15ef3d	0	0
4872	7	5	4	0	1	00a00512020301100401088a00090c0	1d1eeaecb5f45eefb3b65775f356f3d	0	0
4873	7	3	0	0	1	00a00512020301101410080a000a0c0	1d1eeaecb5f45eefa3a757f5f355f3d	0	0
4874	7	4	10	0	0	00a005180082404214005008100a030	1d1eeae6b7751fbda3b70ff7e355fcd	0	0
4875	7	6	6	0	0	00a00530018000640404006c000a030	1d1eeaceb6775f9bb3b35f93f355fcd	0	0
4876	7	6	0	0	0	00a005300180012014040a0c00088a0	1d1eeaceb6775edfa3b355f3f35775d	0	0
4877	7	5	4	0	0	00a00530018001a00404082c00088a0	1d1eeaceb6775e5fb3b357d3f35775d	0	0
4878	7	7	7	0	1	00a0053004000868001100d1000a0c0	1d1eeaceb3f75797b7a65f2ef355f3d	0	0
4879	7	4	6	0	1	00a0054013000858001000d8000a0c0	1d1eeabea4f757a7b7a75f27f355f3d	0	0
4880	7	6	4	0	0	00a0063004800046040400660009420	1d1ee9ceb3775fb9b3b35f99f356bdd	0	0
4881	7	2	2	0	0	00a00640150010680022024401080c0	1d1ee9bea2f74f97b7955dbbf257f3d	0	0
4882	7	7	6	0	1	00a00910100340300024028a0041048	1d1ee6eea7f41fcfb7935d75f31efb5	0	0
4883	7	4	9	0	0	00a009101420112011001080a2008c0	1d1ee6eea3d74edfa6b74f7f515f73d	0	0
4884	7	4	7	0	0	00a009101420112011001080a200a40	1d1ee6eea3d74edfa6b74f7f515f5bd	0	0
4885	7	4	6	0	0	00a009101420112011001080a200a80	1d1ee6eea3d74edfa6b74f7f515f57d	0	0
4886	7	7	4	0	1	00a0091024001070048000a18006180	1d1ee6ee93f74f8fb3375f5e7359e7d	0	0
4887	7	6	6	0	0	00a0091400224020100550003240220	1d1ee6eab7d51fdfa7b20fffc11fddd	0	0
4888	7	2	2	0	0	00a0091400225020100550002240220	1d1ee6eab7d50fdfa7b20fffd11fddd	0	0
4889	7	6	4	0	0	00a0091404024020100518003240220	1d1ee6eab3f51fdfa7b247ffc11fddd	0	0
4890	7	5	6	0	0	00a0091404024120001110428202208	1d1ee6eab3f51edfb7a64fbd715ddf5	0	0
4891	7	6	7	0	0	00a0091404044022000502301140028	1d1ee6eab3f31fddb7b25dcfe21ffd5	0	0
4892	7	6	6	0	1	00a00914042040201005402032400a0	1d1ee6eab3d71fdfa7b21fdfc11ff5d	0	0
4893	7	5	6	0	1	00a0091800074010001440222202060	1d1ee6e6b7f01fefb7a31fddd15df9d	0	0
4894	7	5	6	0	0	00a0091800254010000508221300028	1d1ee6e6b7d21fefb7b257dde05ffd5	0	0
4895	7	4	8	0	0	00a009240022502010015000924000c	1d1ee6dab7d50fdfa7b60fff611fff1	0	0
4896	7	2	8	0	0	00a0092400225020100514001240208	1d1ee6dab7d50fdfa7b24bffe11fdf5	0	0
4897	7	2	8	0	0	00a0093000221130000510408240048	1d1ee6ceb7d54ecfb7b24fbf711ffb5	0	0
4898	7	2	7	0	1	00a0093000221130010100c08240048	1d1ee6ceb7d54ecfb6b65f3f711ffb5	0	0
4899	7	2	6	0	0	00a009300022503000051040824000c	1d1ee6ceb7d50fcfb7b24fbf711fff1	0	0
4900	7	7	4	0	1	00a00930004140240005088a0001848	1d1ee6ceb7b61fdbb7b25775f35e7b5	0	0
4901	7	5	6	0	1	00a009300042406004040a0a004100c	1d1ee6ceb7b51f9fb3b355f5f31eff1	0	0
4902	7	4	4	0	1	00a00930004340240004088a0001848	1d1ee6ceb7b41fdbb7b35775f35e7b5	0	0
4903	7	2	4	0	1	00a0093000434024000508880041048	1d1ee6ceb7b41fdbb7b25777f31efb5	0	0
4904	7	1	4	0	1	00a00930004340240005088a0001048	1d1ee6ceb7b41fdbb7b25775f35efb5	0	0
4905	7	4	8	0	0	00a0094400225000300150003240220	1d1ee6bab7d50fff87b60fffc11fddd	0	0
4906	7	3	8	0	0	00a0095004020452040400830041028	1d1ee6aeb3f55badb3b35f7cf31efd5	0	0
4907	7	5	6	0	1	00a00a1011054004000302980110048	1d1ee5eea6f21ffbb7b45d67f24ffb5	0	0
4908	7	5	7	0	0	00a00a1016000a00800350110003440	1d1ee5eea1f755ff37b40feef35cbbd	0	0
4909	7	4	8	0	1	00a00a2800250114000109140001860	1d1ee5d6b7d25eebb7b656ebf35e79d	0	0
4910	7	4	8	0	0	00a00a2801050412000100b40005060	1d1ee5d6b6f25bedb7b65f4bf35af9d	0	0
4911	7	7	10	0	1	00a00c18000244021404480a0001824	1d1ee3e6b7f51bfda3b317f5f35e7d9	0	0
4912	7	2	8	0	1	00a00c1800070112002140820009440	1d1ee3e6b7f05eedb7961f7df356bbd	0	0
4913	7	4	6	0	0	00a00c18000740018400006a0102044	1d1ee3e6b7f01ffe33b75f95f25dfb9	0	0
4914	7	9	0	0	0	00a0200095011004140202848102110	1d1ecffe22f64ffba3b55d7b725deed	0	0
4915	7	9	4	0	0	00a0201084800154040400660009420	1d1ecfee33775eabb3b35f99f356bdd	0	0
4916	7	8	8	0	1	00a02080850101041404082c0009030	1d1ecf7e32f65efba3b357d3f356fcd	0	0
4917	7	7	1	0	0	00a02090810101041404082c0108030	1d1ecf6e36f65efba3b357d3f257fcd	0	0
4918	7	7	10	0	0	00a0209084000146020410540009030	1d1ecf6e33f75eb9b5b34fabf356fcd	0	0
4919	7	7	9	0	0	00a021108400044a040402320041024	1d1eceee33f75bb5b3b35dcdf31efd9	0	0
4920	7	3	6	0	1	00a0211085000140350002120008a20	1d1eceee32f75ebf82b75dedf3575dd	0	0
4921	7	5	6	0	0	00a021420012405000904050100a180	1d1ecebcb7e51fafb7271fafe355e7d	0	0
4922	7	5	4	0	0	00a02150001340001014480a00028a0	1d1eceaeb7e41fffa7a317f5f35d75d	0	0
4923	7	5	2	0	0	00a02150001540100011082a000a0a0	1d1eceaeb7e21fefb7a657d5f355f5d	0	0
4924	7	4	8	0	0	00a021500082024414005008100a030	1d1eceaeb7755dbba3b70ff7e355fcd	0	0
4925	7	3	0	0	0	00a0220095011004140202048102110	1d1ecdfe22f64ffba3b55dfb725deed	0	0
4926	7	1	0	0	0	00a0220095011004140202848100110	1d1ecdfe22f64ffba3b55d7b725feed	0	0
4927	7	6	2	0	0	00a022101410008c042002520108041	1d1ecdeea3e75f73b3975dadf257fbc	0	0
4928	7	4	4	0	0	00a0221080850054000440260009420	1d1ecdee37725fabb7b31fd9f356bdd	0	0
4929	7	6	4	0	0	00a0221084800054040400660009420	1d1ecdee33775fabb3b35f99f356bdd	0	0
4930	7	4	1	0	0	00a0221084800150840002260011480	1d1ecdee33775eaf33b75dd9f34eb7d	0	0
4931	7	4	4	0	0	00a0221084800154040000660009420	1d1ecdee33775eabb3b75f99f356bdd	0	0
4932	7	4	6	0	0	00a0221085000144140000740108030	1d1ecdee32f75ebba3b75f8bf257fcd	0	0
4933	7	4	4	0	1	00a02250001400d804000a0a0050005	1d1ecdaeb7e35f27b3b755f5f30fff8	0	0
4934	7	5	1	0	1	00a02250001540100011082a000a0a0	1d1ecdaeb7e21fefb7a657d5f355f5d	0	0
4935	7	8	8	0	0	00a024100402044214804042100a420	1d1ecbeeb3f55bbda3371fbde355bdd	0	0
4936	7	2	10	0	1	00a02412040200c214805000100a110	1d1ecbecb3f55f3da3370fffe355eed	0	0
4937	7	2	4	0	0	00a02412040200c214805000100a500	1d1ecbecb3f55f3da3370fffe355afd	0	0
4938	7	2	6	0	1	00a0245000220190148050001008920	1d1ecbaeb7d55e6fa3370fffe3576dd	0	0
4939	7	4	3	0	1	00a0281011054004100102980102060	1d1ec7eea6f21ffba7b65d67f25df9d	0	0
4940	7	4	4	0	1	00a0281011054004100108980102028	1d1ec7eea6f21ffba7b65767f25dfd5	0	0
4941	7	4	1	0	0	00a0281011114004102000b80102050	1d1ec7eea6e61ffba7975f47f25dfad	0	0
4942	7	4	1	0	0	00a02810112101041400088c0100828	1d1ec7eea6d65efba3b75773f25f7d5	0	0
4943	7	6	10	0	0	00a0281020140052050002221140024	1d1ec7ee97e35fadb2b75ddde21ffd9	0	0
4944	7	5	3	0	1	00a0281021054004000502380102060	1d1ec7ee96f21ffbb7b25dc7f25df9d	0	0
4945	7	6	2	0	0	00a02810212100041401088c0100828	1d1ec7ee96d65ffba3b65773f25f7d5	0	0
4946	7	4	2	0	1	00a0281021214004100108980100828	1d1ec7ee96d61ffba7b65767f25f7d5	0	0
4947	7	3	6	0	0	00a02810241004501500002212020a0	1d1ec7ee93e75bafa2b75fdde15df5d	0	0
4948	7	6	3	0	0	00a0281025000046040400740102030	1d1ec7ee92f75fb9b3b35f8bf25dfcd	0	0
4949	7	1	4	0	1	00a0285000064100348018082010201	1d1ec7aeb7f11eff833747f7d34fdfc	0	0
4950	7	4	9	0	1	00a028500007020410011808100a120	1d1ec7aeb7f05dfba7b647f7e355edd	0	0
4951	7	5	6	0	1	00a0285000224110000510428201208	1d1ec7aeb7d51eefb7b24fbd715edf5	0	0
4952	7	9	4	0	1	00a04000a2810042250040421108021	1d1eaffe15765fbd92b71fbde257fdc	0	0
4953	7	9	6	0	1	00a04012000603300401088c0009090	1d1eafecb7f15ccfb3b65773f356f6d	0	0
4954	7	2	4	0	1	00a0408284025020810200c013000c0	1d1eaf7c33f50fdf36b55f3fe05ff3d	0	0
4955	7	7	4	0	1	00a0410030814014000509081208120	1d1eaefe87761febb7b256f7e157edd	0	0
4956	7	6	6	0	0	00a0410095000828001100d4000a240	1d1eaefe22f757d7b7a65f2bf355dbd	0	0
4957	7	4	6	0	1	00a0410095004828000102910003210	1d1eaefe22f717d7b7b65d6ef35cded	0	0
4958	7	4	4	0	1	00a0410095004828000102910003240	1d1eaefe22f717d7b7b65d6ef35cdbd	0	0
4959	7	2	6	0	1	00a0410095005020102402900008b00	1d1eaefe22f70fdfa7935d6ff3574fd	0	0
4960	7	5	6	0	0	00a04100a5004820001402340002a40	1d1eaefe12f717dfb7a35dcbf35d5bd	0	0
4961	7	3	8	0	1	00a04100a5004820201102110002a40	1d1eaefe12f717df97a65deef35d5bd	0	0
4962	7	1	2	0	1	00a04100a5004820211002310000a40	1d1eaefe12f717df96a75dcef35f5bd	0	0
4963	7	2	7	0	1	00a041048023402022010c001009300	1d1eaefa37d41fdf95b653ffe356cfd	0	0
4964	7	8	7	0	0	00a0411000504060260002290003050	1d1eaeeeb7a71f9f91b75dd6f35cfad	0	0
4965	7	6	7	0	0	00a0411010504020260002290003050	1d1eaeeea7a71fdf91b75dd6f35cfad	0	0
4966	7	5	4	0	0	00a04110105040600600028900030c0	1d1eaeeea7a71f9fb1b75d76f35cf3d	0	0
4967	7	6	6	0	0	00a0411012200082260050101008828	1d1eaeeea5d75f7d91b70fefe3577d5	0	0
4968	7	6	6	0	0	00a0411020500068001102980042240	1d1eaeee97a75f97b7a65d67f31ddbd	0	0
4969	7	6	10	0	0	00a0411080224000a60000c30110041	1d1eaeee37d51fff11b75f3cf24ffbc	0	0
4970	7	6	6	0	0	00a0411200064022040402281140018	1d1eaeecb7f11fddb3b35dd7e21ffe5	0	0
4971	7	6	4	0	1	00a041120006403000050a081240048	1d1eaeecb7f11fcfb7b255f7e11ffb5	0	0
4972	7	6	0	0	0	00a0411402200082260050101008828	1d1eaeeab5d75f7d91b70fefe3577d5	0	0
4973	7	6	8	0	0	00a0414011104020202102890009240	1d1eaebea6e71fdf97965d76f356dbd	0	0
4974	7	5	8	0	0	00a0414800514000201102290003240	1d1eaeb6b7a61fff97a65dd6f35cdbd	0	0
4975	7	5	3	0	1	00a04214020400c2060050101008830	1d1eadeab5f35f3db1b70fefe3577cd	0	0
4976	7	6	0	0	1	00a04250004402240201088c0009050	1d1eadaeb7b35ddbb5b65773f356fad	0	0
4977	7	5	1	0	0	00a0425002200301020110510008a40	1d1eadaeb5d75cfeb5b64faef3575bd	0	0
4978	7	4	6	0	1	00a0441011044820100102980102050	1d1eabeea6f317dfa7b65d67f25dfad	0	0
4979	7	6	6	0	1	00a04412000601300401088c0009090	1d1eabecb7f15ecfb3b65773f356f6d	0	0
4980	7	6	6	0	1	00a04412000640208410006a0102044	1d1eabecb7f11fdf33a75f95f25dfb9	0	0
4981	7	5	6	0	0	00a0441800064101040200a84300050	1d1eabe6b7f11efeb3b55f57b05ffad	0	0
4982	7	8	6	0	0	00a0481000064121040100ca0108048	1d1ea7eeb7f11edeb3b65f35f257fb5	0	0
4983	7	4	6	0	1	00a04810201440700001060812020c0	1d1ea7ee97e31f8fb7b659f7e15df3d	0	0
4984	7	6	8	0	1	00a04810205000700401028900030c0	1d1ea7ee97a75f8fb3b65d76f35cf3d	0	0
4985	7	4	10	0	1	00a04810205040700001028900030c0	1d1ea7ee97a71f8fb7b65d76f35cf3d	0	0
4986	7	4	10	0	1	00a0481020504070000102890041044	1d1ea7ee97a71f8fb7b65d76f31efb9	0	0
4987	7	7	4	0	1	00a0601010020294050000c05300060	1d1e8feea7f55d6bb2b75f3fa05ff9d	0	0
4988	7	6	3	0	1	00a0601010220094050000c05300060	1d1e8feea7d55f6bb2b75f3fa05ff9d	0	0
4989	7	5	6	0	0	00a0601010220190060010441208028	1d1e8feea7d55e6fb1b74fbbe157fd5	0	0
4990	7	3	6	0	1	00a0601010220194060000441208028	1d1e8feea7d55e6bb1b75fbbe157fd5	0	0
4991	7	4	10	0	1	00a0601400064104120002203300030	1d1e8feab7f11efba5b75ddfc05ffcd	0	0
4992	7	9	4	0	1	00a080021105402020050a0a0101048	1d1e6ffca6f21fdf97b255f5f25efb5	0	0
4993	7	9	2	0	0	00a08060004205240003090c00090c0	1d1e6f9eb7b55adbb7b456f3f356f3d	0	0
4994	7	5	6	0	0	00a0808281044420001140520102044	1d1e6f7c36f31bdfb7a61fadf25dfb9	0	0
4995	7	5	9	0	0	00a0808285010404000308940003050	1d1e6f7c32f65bfbb7b4576bf35cfad	0	0
4996	7	5	10	0	0	00a0808480065020000650005140030	1d1e6f7a37f10fdfb7b10fffa21ffcd	0	0
4997	7	2	9	0	0	00a08094001204a012800c001240014	1d1e6f6ab7e55b5fa53753ffe11ffe9	0	0
4998	7	5	1	0	0	00a0809404101080228010304202030	1d1e6f6ab3e74f7f95374fcfb15dfcd	0	0
4999	7	5	4	0	0	00a080c0101444200280088810110c0	1d1e6f3ea7e31bdfb5375777e34ef3d	0	0
5000	7	5	8	0	1	00a080c080430404020208881041050	1d1e6f3e37b45bfbb5b55777e31efad	0	0
5001	7	1	6	0	1	00a080c206000250109000c11008480	1d1e6f3cb1f75dafa7275f3ee357b7d	0	0
5002	7	6	6	0	1	00a0810281044020201142120002a40	1d1e6efc36f31fdf97a61dedf35d5bd	0	0
5003	7	4	6	0	0	00a08110101301240020408840090c0	1d1e6eeea7e45edbb7971f77b356f3d	0	0
5004	7	4	4	0	0	00a08112001201700400088a00090c0	1d1e6eecb7e55e8fb3b75775f356f3d	0	0
5005	7	5	6	0	0	00a08112001500600011408a000a0c0	1d1e6eecb7e25f9fb7a61f75f355f3d	0	0
5006	7	6	8	0	0	00a0812010310000a081481010110c0	1d1e6edea7c65fff173617efe34ef3d	0	0
5007	7	5	4	0	0	00a08120114005080401089800050c0	1d1e6edea6b75af7b3b65767f35af3d	0	0
5008	7	4	4	0	0	00a08120114005280001089800050c0	1d1e6edea6b75ad7b7b65767f35af3d	0	0
5009	7	2	4	0	0	00a08120114005280401088800050c0	1d1e6edea6b75ad7b3b65777f35af3d	0	0
5010	7	5	2	0	0	00a0812020a10042011001320140024	1d1e6ede97565fbdb6a75ecdf21ffd9	0	0
5011	7	5	4	0	0	00a0812020a10042050001221140024	1d1e6ede97565fbdb2b75edde21ffd9	0	0
5012	7	5	8	0	0	00a08120810205200410084a0010844	1d1e6ede36f55adfb3a757b5f34f7b9	0	0
5013	7	5	2	0	0	00a0812081024420001108580050044	1d1e6ede36f51bdfb7a657a7f30ffb9	0	0
5014	7	5	8	0	0	00a08122010205200410084a0004844	1d1e6edcb6f55adfb3a757b5f35b7b9	0	0
5015	7	5	6	0	0	00a0812201024420000502980041048	1d1e6edcb6f51bdfb7b25d67f31efb5	0	0
5016	7	5	4	0	0	00a08122010244200005088a0201048	1d1e6edcb6f51bdfb7b25775f15efb5	0	0
5017	7	4	0	0	0	00a0812400505020120000a05240090	1d1e6edab7a70fdfa5b75f5fa11ff6d	0	0
5018	7	2	4	0	0	00a08130001201640420088800090c0	1d1e6eceb7e55e9bb3975777f356f3d	0	0
5019	7	1	6	0	0	00a08142001240608090404810020c0	1d1e6ebcb7e51f9f37271fb7e35df3d	0	0
5020	7	1	0	0	0	00a08142001340009090480810020c0	1d1e6ebcb7e41fff272717f7e35df3d	0	0
5021	7	4	6	0	0	00a081500082024414005008100a030	1d1e6eaeb7755dbba3b70ff7e355fcd	0	0
5022	7	4	2	0	0	00a0815004020452040002830041028	1d1e6eaeb3f55badb3b75d7cf31efd5	0	0
5023	7	3	4	0	0	00a0815004020452040400830041028	1d1e6eaeb3f55badb3b35f7cf31efd5	0	0
5024	7	2	6	0	0	00a0815004020452040402820041028	1d1e6eaeb3f55badb3b35d7df31efd5	0	0
5025	7	6	6	0	1	00a08210101500240021408a0009050	1d1e6deea7e25fdbb7961f75f356fad	0	0
5026	7	2	7	0	1	00a0821010241220120108900110090	1d1e6deea7d34ddfa5b6576ff24ff6d	0	0
5027	7	2	4	0	1	00a082108480105404020060800a480	1d1e6dee33774fabb3b55f9f7355b7d	0	0
5028	7	5	4	0	1	00a082120015005004010a0a00030c0	1d1e6decb7e25fafb3b655f5f35cf3d	0	0
5029	7	4	4	0	0	00a0822011041220100108940110090	1d1e6ddea6f34ddfa7b6576bf24ff6d	0	0
5030	7	2	4	0	0	00a0822011041220140108840110090	1d1e6ddea6f34ddfa3b6577bf24ff6d	0	0
5031	7	1	4	0	0	00a0822011041220140108848100090	1d1e6ddea6f34ddfa3b6577b725ff6d	0	0
5032	7	4	1	0	0	00a082201111010c002008304101050	1d1e6ddea6e65ef3b79757cfb25efad	0	0
5033	7	7	1	0	1	00a082208101010c002108304101050	1d1e6dde36f65ef3b79657cfb25efad	0	0
5034	7	2	4	0	1	00a08230001500640021088800090c0	1d1e6dceb7e25f9bb7965777f356f3d	0	0
5035	7	4	4	0	0	00a0824012800454000241030003420	1d1e6dbea5775babb7b51efcf35cbdd	0	0
5036	7	2	4	0	1	00a08250001500540021088800090c0	1d1e6daeb7e25fabb7965777f356f3d	0	0
5037	7	8	4	0	1	00a0840206010040908148011003480	1d1e6bfcb1f65fbf273617fee35cb7d	0	0
5038	7	6	6	0	0	00a08412002300208005104a0101044	1d1e6becb7d45fdf37b24fb5f25efb9	0	0
5039	7	8	6	0	0	00a08440010201a4001200ac0110050	1d1e6bbeb6f55e5bb7a55f53f24ffad	0	0
5040	7	8	6	0	1	00a084400202085010904041100a480	1d1e6bbeb5f557afa7271fbee355b7d	0	0
5041	7	6	6	0	1	00a084420202005010904041100a480	1d1e6bbcb5f55fafa7271fbee355b7d	0	0
5042	7	6	4	0	1	00a0844204030000908118081003140	1d1e6bbcb3f45fff273647f7e35cebd	0	0
5043	7	8	8	0	1	00a0880011030410202208980041048	1d1e67fea6f45bef97955767f31efb5	0	0
5044	7	6	6	0	1	00a08810101500240021408a0003050	1d1e67eea7e25fdbb7961f75f35cfad	0	0
5045	7	6	7	0	1	00a08810205000700401028900030c0	1d1e67ee97a75f8fb3b65d76f35cf3d	0	0
5046	7	7	8	0	0	00a08820100205210480084a0005044	1d1e67dea7f55adeb33757b5f35afb9	0	0
5047	7	4	7	0	0	00a0882400061420100144041202088	1d1e67dab7f14bdfa7b61bfbe15df75	0	0
5048	7	7	6	0	0	00a0884012000514000311180003060	1d1e67bea5f75aebb7b44ee7f35cf9d	0	0
5049	7	3	4	0	1	00a0884800150054002108081003140	1d1e67b6b7e25fabb79657f7e35cebd	0	0
5050	7	1	6	0	0	00a08860004205240003018c00010c0	1d1e679eb7b55adbb7b45e73f35ef3d	0	0
5051	7	7	4	0	1	00a0a000a081400414015008100a021	1d1e4ffe17761ffba3b60ff7e355fdc	0	0
5052	7	5	10	0	1	00a0a000a48040500005121010090a0	1d1e4ffe13771fafb7b24defe356f5d	0	0
5053	7	2	8	0	1	00a0a00284050044800548001009480	1d1e4ffc33f25fbb37b217ffe356b7d	0	0
5054	7	5	4	0	0	00a0a01024800140142010203300090	1d1e4fee93775ebfa3974fdfc05ff6d	0	0
5055	7	6	6	0	1	00a0a01081050004100502380102030	1d1e4fee36f25ffba7b25dc7f25dfcd	0	0
5056	7	5	4	0	1	00a0a01084800150040400628009480	1d1e4fee33775eafb3b35f9d7356b7d	0	0
5057	7	2	4	0	1	00a0a01084800154040400620009420	1d1e4fee33775eabb3b35f9df356bdd	0	0
5058	7	8	6	0	1	00a0a0400006025804101048100a0a0	1d1e4fbeb7f15da7b3a74fb7e355f5d	0	0
5059	7	5	10	0	0	00a0a04080241040110110809108280	1d1e4fbe37d34fbfa6b64f7f6257d7d	0	0
5060	7	5	6	0	1	00a0a04080244050000512101041220	1d1e4fbe37d31fafb7b24defe31eddd	0	0
5061	7	5	6	0	0	00a0a040802440500005121011010a0	1d1e4fbe37d31fafb7b24defe25ef5d	0	0
5062	7	5	6	0	1	00a0a040802440500005501010090a0	1d1e4fbe37d31fafb7b20fefe356f5d	0	0
5063	7	5	10	0	1	00a0a04080844050000512021009220	1d1e4fbe37731fafb7b24dfde356ddd	0	0
5064	7	5	10	0	1	00a0a040808440500005120810090a0	1d1e4fbe37731fafb7b24df7e356f5d	0	0
5065	7	5	9	0	1	00a0a040808440500005121010090a0	1d1e4fbe37731fafb7b24defe356f5d	0	0
5066	7	5	7	0	1	00a0a04080844050000512101009220	1d1e4fbe37731fafb7b24defe356ddd	0	0
5067	7	5	4	0	1	00a0a04080844050000512101041220	1d1e4fbe37731fafb7b24defe31eddd	0	0
5068	7	5	4	0	0	00a0a040808440500005121011010a0	1d1e4fbe37731fafb7b24defe25ef5d	0	0
5069	7	5	4	0	1	00a0a040808440500005501010090a0	1d1e4fbe37731fafb7b20fefe356f5d	0	0
5070	7	5	6	0	0	00a0a04081044040200512180101030	1d1e4fbe36f31fbf97b24de7f25efcd	0	0
5071	7	5	6	0	1	00a0a0500006084016005000300a090	1d1e4faeb7f157bfa1b70fffc355f6d	0	0
5072	7	4	4	0	0	00a0a0500012085010804041100a480	1d1e4faeb7e557afa7371fbee355b7d	0	0
5073	7	5	6	0	1	00a0a050001400d0048002205042220	1d1e4faeb7e35f2fb3375ddfa31dddd	0	0
5074	7	8	6	0	1	00a0c000205100680011408a0009044	1d1e2ffe97a65f97b7a61f75f356fb9	0	0
5075	7	5	6	0	0	00a0c00091044420000302901110240	1d1e2ffe26f31bdfb7b45d6fe24fdbd	0	0
5076	7	4	0	0	0	00a0c0009104442020020a101110240	1d1e2ffe26f31bdf97b555efe24fdbd	0	0
5077	7	6	4	0	1	00a0c00093000100342008380101050	1d1e2ffe24f75eff839757c7f25efad	0	0
5078	7	6	4	0	1	00a0c00093010000302108980101050	1d1e2ffe24f65fff87965767f25efad	0	0
5079	7	4	4	0	1	00a0c00093010100302008380101050	1d1e2ffe24f65eff879757c7f25efad	0	0
5080	7	2	4	0	1	00a0c00093010100342008280101050	1d1e2ffe24f65eff839757d7f25efad	0	0
5081	7	5	1	0	1	00a0c00095000508040108980011050	1d1e2ffe22f75af7b3b65767f34efad	0	0
5082	7	2	4	0	1	00a0c0021105402020050a080101048	1d1e2ffca6f21fdf97b255f7f25efb5	0	0
5083	7	5	6	0	1	00a0c00280064060041002421102240	1d1e2ffc37f11f9fb3a75dbde25ddbd	0	0
5084	7	4	2	0	1	00a0c0028024407000010a1011010c0	1d1e2ffc37d31f8fb7b655efe25ef3d	0	0
5085	7	6	6	0	0	00a0c00481050020101100a48102210	1d1e2ffa36f25fdfa7a65f5b725dded	0	0
5086	7	4	4	0	0	00a0c01020840262040010281102030	1d1e2fee97735d9db3b74fd7e25dfcd	0	0
5087	7	4	3	0	1	00a0c01021040860240002290102050	1d1e2fee96f3579f93b75dd6f25dfad	0	0
5088	7	6	2	0	0	00a0c01800140042160002211300030	1d1e2fe6b7e35fbda1b75ddee05ffcd	0	0
5089	7	6	10	0	0	00a0c040800601050201088c0009050	1d1e2fbe37f15efab5b65773f356fad	0	0
5090	7	6	7	0	0	00a0c040800601210201088c0009050	1d1e2fbe37f15edeb5b65773f356fad	0	0
5091	7	3	10	0	1	00a0c04080064400a20208081050041	1d1e2fbe37f11bff15b557f7e30ffbc	0	0
5092	7	3	8	0	1	00a0c04080070400a20208081050041	1d1e2fbe37f05bff15b557f7e30ffbc	0	0
5093	7	3	4	0	1	00a0c04800134000303000290003240	1d1e2fb6b7e41fff87875fd6f35cdbd	0	0
5094	7	4	6	0	0	00a2010212114000a080408a0009041	1d1ceefca5e61fff17371f75f356fbc	0	0
5095	7	6	8	0	0	00a2010481800120101440248008a80	1d1ceefa36775edfa7a31fdb735757d	0	0
5096	7	4	8	0	0	00a20124001210a8008040205050014	1d1ceedab7e54f57b7371fdfa30ffe9	0	0
5097	7	4	8	0	1	00a202041500112010024024800c090	1d1cedfaa2f74edfa7b51fdb7353f6d	0	0
5098	7	4	8	0	1	00a202048500106010024024800a090	1d1cedfa32f74f9fa7b51fdb7355f6d	0	0
5099	7	4	8	0	0	00a202088180105010024024800a410	1d1cedf636774fafa7b51fdb7355bed	0	0
5100	7	4	7	0	1	00a2021400254000920000a0a140041	1d1cedeab7d21fff25b75f5f521ffbc	0	0
5101	7	4	1	0	1	00a2021400254004820000a0a140041	1d1cedeab7d21ffb35b75f5f521ffbc	0	0
5102	7	3	4	0	0	00a2021402040145020200320104050	1d1cedeab5f35ebab5b55fcdf25bfad	0	0
5103	7	5	7	0	0	00a2200090a001500500024411010a0	1d1ccffe27575eafb2b75dbbe25ef5d	0	0
5104	7	5	9	0	1	00a2200091810100110402260009220	1d1ccffe26765effa6b35dd9f356ddd	0	0
5105	7	4	8	0	1	00a2200091810110100402260009220	1d1ccffe26765eefa7b35dd9f356ddd	0	0
5106	7	6	7	0	0	00a22000a4800100950002241110081	1d1ccffe13775eff22b75ddbe24ff7c	0	0
5107	7	4	2	0	0	00a22000a5001104140002248100910	1d1ccffe12f74efba3b75ddb725f6ed	0	0
5108	7	5	6	0	1	00a22010101440408600028a0011084	1d1ccfeea7e31fbf31b75d75f34ef79	0	0
5109	7	3	10	0	1	00a2201404020310109000460002830	1d1ccfeab3f55cefa7275fb9f35d7cd	0	0
5110	7	6	10	0	0	00a2201404100090109000a440028a0	1d1ccfeab3e75f6fa7275f5bb35d75d	0	0
5111	7	3	6	0	1	00a22050001400d80090008840028a0	1d1ccfaeb7e35f27b7275f77b35d75d	0	0
5112	7	6	8	0	0	00a2404404040103020100a60009018	1d1cafbab3f35efcb5b65f59f356fe5	0	0
5113	7	10	3	0	0	01000342001210680030404a000a180	1cbeecbcb7e54f97b7871fb5f355e7d	0	0
5114	7	10	8	0	1	01000342002210b0002141022048104	1cbeecbcb7d54f4fb7961efdd317ef9	0	0
5115	7	10	3	0	0	010004e002800468001210888011084	1cbeeb1eb5775b97b7a54f77734ef79	0	0
5116	7	10	3	0	1	01000910128000f000a0408052040a0	1cbee6eea5775f0fb7171f7fa15bf5d	0	0
5117	7	10	6	0	0	01000920124048240005018a0009408	1cbee6dea5b717dbb7b25e75f356bf5	0	0
5118	7	10	6	0	1	01000a08142001700500014480050a0	1cbee5f6a3d75e8fb2b75ebb735af5d	0	0
5119	7	10	2	0	0	01000a20120414280003111800140a0	1cbee5dea5f34bd7b7b44ee7f34bf5d	0	0
5121	7	10	10	0	0	01000c202500044a040400a480050a0	1cbee3de92f75bb5b3b35f5b735af5d	0	0
5122	7	10	1	0	0	01000c30009000e100840438000a180	1cbee3ceb7675f1eb7335bc7f355e7d	0	0
5123	7	10	4	0	0	01000c50009000e1008200aa0012300	1cbee3aeb7675f1eb7355f55f34dcfd	0	0
5124	7	10	4	0	1	0100223000420264042000cc0009088	1cbecdceb7b55d9bb3975f33f356f75	0	0
5125	7	10	8	0	1	01002400a50001a4041000a48010a10	1cbecbfe12f75e5bb3a75f5b734f5ed	0	0
5126	7	10	4	0	1	01002850001400d8048000a21014220	1cbec7aeb7e35f27b3375f5de34bddd	0	0
5127	7	10	4	0	1	01002850001400d8048000a810140a0	1cbec7aeb7e35f27b3375f57e34bf5d	0	0
5128	7	10	4	0	0	01004140810212202021404c000a120	1cbeaebe36f54ddf97961fb3f355edd	0	0
5129	7	10	10	0	0	0100422082021209000310504018204	1cbeadde35f54df6b7b44fafb347df9	0	0
5130	7	10	4	0	0	01008810209000f0008440209044420	1cbe67ee97675f0fb7331fdf631bbdd	0	0
5131	7	10	9	0	1	0100c00030a0025405000140900a420	1cbe2ffe87575dabb2b75ebf6355bdd	0	0
5132	7	10	4	0	0	0100c00090a00294060004441012401	1cbe2ffe27575d6bb1b75bbbe34dbfc	0	0
5133	7	10	6	0	0	010200c800120a11010202481048104	1cbcef36b7e555eeb6b55db7e317ef9	0	0
5134	7	10	8	0	0	010201042420085101010192000a088	1cbceefa93d757aeb6b65e6df355f75	0	0
5135	7	10	4	0	1	0102020424400870010101860009088	1cbcedfa93b7578fb6b65e79f356f75	0	0
5136	7	10	6	0	1	0102080214200154050001460003028	1cbce7fca3d75eabb2b75eb9f35cfd5	0	0
5137	7	10	4	0	0	010220101012028c048000c05110220	1cbccfeea7e55d73b3375f3fa24fddd	0	0
5138	7	9	3	0	0	01040112014002a8000502980048240	1cbaeeecb6b75d57b7b25d67f317dbd	0	0
5139	7	7	4	0	0	01040922020010a02101050a024000c	1cbae6dcb5f74f5f96b65af5f11fff1	0	0
5140	7	2	10	0	0	0104094012800a1401800140100a220	1cbae6bea57755ebb6375ebfe355ddd	0	0
5141	7	4	4	0	0	01042430010202a4040000cc0012030	1cbacbceb6f55d5bb3b75f33f34dfcd	0	0
5142	7	3	8	0	0	01042460010402a40011008c0012030	1cbacb9eb6f35d5bb7a65f73f34dfcd	0	0
5143	7	8	10	0	0	0104280081414004102400ac0009208	1cbac7fe36b61ffba7935f53f356df5	0	0
5144	7	5	10	0	0	0104282081414000102400ac0041018	1cbac7de36b61fffa7935f53f31efe5	0	0
5145	7	2	8	0	0	0104282081414004102400a80009408	1cbac7de36b61ffba7935f57f356bf5	0	0
5146	7	6	3	0	0	0104284020444011010102803240280	1cbac7be97b31feeb6b65d7fc11fd7d	0	0
5147	7	6	8	0	0	010440c401100228020202888011014	1cbaaf3ab6e75dd7b5b55d77734efe9	0	0
5148	7	8	6	0	0	01044420010202a8041000cc0012030	1cbaabdeb6f55d57b3a75f33f34dfcd	0	0
5149	7	5	6	0	0	0104446001020288041000cc0012030	1cbaab9eb6f55d77b3a75f33f34dfcd	0	0
5150	7	4	6	0	0	01044460010202a8001000cc0012030	1cbaab9eb6f55d57b7a75f33f34dfcd	0	0
5151	7	5	8	0	1	0104446001040288001108980012030	1cbaab9eb6f35d77b7a65767f34dfcd	0	0
5152	7	3	6	0	0	01044460010402a80011008c0012030	1cbaab9eb6f35d57b7a65f73f34dfcd	0	0
5153	7	3	6	0	1	0104446003000288201100580018024	1cbaab9eb4f75d7797a65fa7f347fd9	0	0
5154	7	4	6	0	1	0104486001200298000101508012104	1cbaa79eb6d75d67b7b65eaf734def9	0	0
5155	7	9	4	0	1	01048002814002a8000502980041240	1cba6ffc36b75d57b7b25d67f31edbd	0	0
5156	7	3	6	0	0	01048102810202a8041000884050204	1cba6efc36f55d57b3a75f77b30fdf9	0	0
5157	7	2	9	0	0	01048102810202a8041008880050014	1cba6efc36f55d57b3a75777f30ffe9	0	0
5158	7	2	3	0	0	01048122010202a8041008880050014	1cba6edcb6f55d57b3a75777f30ffe9	0	0
5159	7	5	4	0	1	0104822201040288040109180012090	1cba6ddcb6f35d77b3b656e7f34df6d	0	0
5160	7	2	6	0	1	010482220404028c001101900210090	1cba6ddcb3f35d73b7a65e6ff14ff6d	0	0
5161	7	6	3	0	0	0104880420440061030002803240280	1cba67fa97b35f9eb4b75d7fc11fd7d	0	0
5162	7	7	6	0	0	01048822020002a10005014a0208084	1cba67dcb5f75d5eb7b25eb5f157f79	0	0
5163	7	8	7	0	0	0104c02000241230001100d40012028	1cba2fdeb7d34dcfb7a65f2bf34dfd5	0	0
5164	7	5	1	0	0	0104c0220102032004040a0c0011018	1cba2fdcb6f55cdfb3b355f3f34efe5	0	0
5165	7	2	6	0	0	0106008286000a30001400c40041090	1cb8ef7c31f755cfb7a35f3bf31ef6d	0	0
5166	7	2	8	0	0	01062000a50008b0002101840048014	1cb8cffe12f7574fb7965e7bf317fe9	0	0
5167	7	3	0	0	0	0106800282800291001400580048084	1cb86ffc35775d6eb7a35fa7f317f79	0	0
5168	7	9	10	0	0	01080112004212280005028a0140018	1cb6eeecb7b54dd7b7b25d75f21ffe5	0	0
5169	7	9	6	0	1	0108020214400170050003060009088	1cb6edfca3b75e8fb2b75cf9f356f75	0	0
5170	7	4	8	0	0	010803280110106024004020a018110	1cb6ecd6b6e74f9f93b71fdf5347eed	0	0
5171	7	9	1	0	1	0108041800820328048004205110210	1cb6ebe6b7755cd7b3375bdfa24fded	0	0
5172	7	6	10	0	1	0108049800820228000644005140030	1cb6eb66b7755dd7b7b11bffa21ffcd	0	0
5173	7	6	2	0	0	010804b000c04000940414082048401	1cb6eb4eb7371fff23b34bf7d317bfc	0	0
5174	7	7	7	0	0	0108050c0021007000210504100a300	1cb6eaf2b7d65f8fb7965afbe355cfd	0	0
5175	7	6	7	0	0	0108050c0023003000210504100a300	1cb6eaf2b7d45fcfb7965afbe355cfd	0	0
5176	7	4	7	0	0	0108050c0023007000200504100a300	1cb6eaf2b7d45f8fb7975afbe355cfd	0	0
5177	7	6	6	0	0	010805480420006800214104100a0a0	1cb6eab6b3d75f97b7961efbe355f5d	0	0
5178	7	2	4	0	0	0108064402020161002241020108180	1cb6e9bab5f55e9eb7951efdf257e7d	0	0
5179	7	9	6	0	1	0108080214400170050001860009088	1cb6e7fca3b75e8fb2b75e79f356f75	0	0
5180	7	6	4	0	0	010809401280007000a001809104180	1cb6e6bea5775f8fb7175e7f625be7d	0	0
5181	7	6	6	0	1	01080a0214400070050001860009088	1cb6e5fca3b75f8fb2b75e79f356f75	0	0
5182	7	3	6	0	1	01080a0214400170050001060009088	1cb6e5fca3b75e8fb2b75ef9f356f75	0	0
5183	7	6	10	0	1	01080a0604400070010101860009088	1cb6e5f8b3b75f8fb6b65e79f356f75	0	0
5184	7	7	9	0	1	01080a101080015405000142800c420	1cb6e5eea7775eabb2b75ebd7353bdd	0	0
5185	7	6	8	0	1	01080a1200441030040102822100888	1cb6e5ecb7b34fcfb3b65d7dd25f775	0	0
5186	7	4	8	0	1	01080a1200441070040002822100888	1cb6e5ecb7b34f8fb3b75d7dd25f775	0	0
5187	7	2	8	0	1	01080a1200441070040102802140088	1cb6e5ecb7b34f8fb3b65d7fd21ff75	0	0
5188	7	1	8	0	1	01080a1200441070040102822100088	1cb6e5ecb7b34f8fb3b65d7dd25ff75	0	0
5189	7	3	3	0	1	01080a300044107004010406000a088	1cb6e5ceb7b34f8fb3b65bf9f355f75	0	0
5190	7	6	7	0	0	01080c1020900060848040209102120	1cb6e3ee97675f9f33371fdf625dedd	0	0
5191	7	4	3	0	0	01080c1022400870000102821140440	1cb6e3ee95b7578fb7b65d7de21fbbd	0	0
5192	7	6	9	0	0	01080c300090006100060432000a180	1cb6e3ceb7675f9eb7b15bcdf355e7d	0	0
5193	7	5	9	0	0	01080c30009000e0048004241012090	1cb6e3ceb7675f1fb3375bdbe34df6d	0	0
5194	7	4	9	0	0	01080c30009000e100040432000a180	1cb6e3ceb7675f1eb7b35bcdf355e7d	0	0
5195	7	4	7	0	0	01080c30009000e100040438000a180	1cb6e3ceb7675f1eb7b35bc7f355e7d	0	0
5196	7	2	9	0	0	01080c30009000e100840430000a180	1cb6e3ceb7675f1eb7335bcff355e7d	0	0
5197	7	4	9	0	0	01080c30009000e4040004241012090	1cb6e3ceb7675f1bb3b75bdbe34df6d	0	0
5198	7	4	8	0	1	01080c30009000e4040004281012090	1cb6e3ceb7675f1bb3b75bd7e34df6d	0	0
5199	7	4	4	0	1	010820b0010203240400044c0012018	1cb6cf4eb6f55cdbb3b75bb3f34dfe5	0	0
5200	7	2	7	0	1	0108241020124060248044001018210	1cb6cbee97e51f9f93371bffe347ded	0	0
5201	7	7	4	0	0	01082430000201a4048004241110018	1cb6cbceb7f55e5bb3375bdbe24ffe5	0	0
5202	7	5	8	0	0	0108280036000a10000511101048420	1cb6c7fe81f755efb7b24eefe317bdd	0	0
5203	7	7	7	0	1	01082810101000e4050002881014220	1cb6c7eea7e75f1bb2b75d77e34bddd	0	0
5204	7	4	2	0	0	01082830011000c4840000b40014220	1cb6c7ceb6e75f3b33b75f4bf34bddd	0	0
5205	7	6	4	0	1	0108285000140058048000a21014220	1cb6c7aeb7e35fa7b3375f5de34bddd	0	0
5206	7	6	4	0	0	0108286000444009040100a03140088	1cb6c79eb7b31ff6b3b65f5fc21ff75	0	0
5207	7	9	4	0	1	0108400210c001700500018c0009088	1cb6affca7375e8fb2b75e73f356f75	0	0
5208	7	4	10	0	0	0108410c0022027000204104100a120	1cb6aef2b7d55d8fb7971efbe355edd	0	0
5209	7	1	10	0	0	0108410c00220270012041041008024	1cb6aef2b7d55d8fb6971efbe357fd9	0	0
5210	7	5	4	0	0	0108422200c00150050001260009408	1cb6addcb7375eafb2b75ed9f356bf5	0	0
5211	7	6	4	0	1	01084444020201210022410a0008904	1cb6abbab5f55edeb7951ef5f3576f9	0	0
5212	7	6	4	0	0	01084460000610280011108c0012028	1cb6ab9eb7f14fd7b7a64f73f34dfd5	0	0
5213	7	4	2	0	1	01084820120414280001019800140a0	1cb6a7dea5f34bd7b7b65e67f34bf5d	0	0
5214	7	7	4	0	1	0108482200045021050000a8204080c	1cb6a7dcb7f30fdeb2b75f57d31f7f1	0	0
5215	7	9	4	0	0	01088014001202a4048000a05110220	1cb66feab7e55d5bb3375f5fa24fddd	0	0
5216	7	7	3	0	1	01088106000300700030018a000a180	1cb66ef8b7f45f8fb7875e75f355e7d	0	0
5217	7	4	8	0	0	0108820210830111040001424108088	1cb66dfca7745eeeb3b75ebdb257f75	0	0
5218	7	4	2	0	0	0108820210830211040001424108180	1cb66dfca7745deeb3b75ebdb257e7d	0	0
5219	7	6	8	0	0	0108840c001200a4041004281102030	1cb66bf2b7e55f5bb3a75bd7e25dfcd	0	0
5220	7	6	4	0	0	01088414001200a4048000a05110220	1cb66beab7e55f5bb3375f5fa24fddd	0	0
5221	7	6	7	0	0	01088424000604300011019400120a0	1cb66bdab7f15bcfb7a65e6bf34df5d	0	0
5222	7	5	7	0	1	01088430008201a0048004205110018	1cb66bceb7755e5fb3375bdfa24ffe5	0	0
5223	7	4	4	0	1	01088430009000e4040004281012090	1cb66bceb7675f1bb3b75bd7e34df6d	0	0
5224	7	5	6	0	0	0108880036000a10000511101048420	1cb667fe81f755efb7b24eefe317bdd	0	0
5225	7	4	6	0	0	0108880214400154040001860009408	1cb667fca3b75eabb3b75e79f356bf5	0	0
5226	7	8	4	0	0	01088810009000d4048040209006420	1cb667eeb7675f2bb3371fdf6359bdd	0	0
5227	7	2	3	0	1	0108881010c00294048002201012600	1cb667eea7375d6bb3375ddfe34d9fd	0	0
5228	7	6	4	0	1	01088810209000700480402090060a0	1cb667ee97675f8fb3371fdf6359f5d	0	0
5229	7	6	3	0	1	0108881020c000700404022031400a0	1cb667ee97375f8fb3b35ddfc21ff5d	0	0
5230	7	4	3	0	1	0108881020c00254040002281012480	1cb667ee97375dabb3b75dd7e34db7d	0	0
5231	7	3	4	0	1	0108881020c002700404002031400a0	1cb667ee97375d8fb3b35fdfc21ff5d	0	0
5232	7	6	6	0	0	0108882080450009040400a06140081	1cb667de37b25ff6b3b35f5f921ff7c	0	0
5233	7	4	3	0	1	01088830009000e4040004281012090	1cb667ceb7675f1bb3b75bd7e34df6d	0	0
5234	7	5	4	0	0	0108a00036000a10000511101048420	1cb64ffe81f755efb7b24eefe317bdd	0	0
5235	7	6	4	0	0	0108a01010120224048000c05110220	1cb64feea7e55ddbb3375f3fa24fddd	0	0
5236	7	3	4	0	0	0108a010101202a4048000805110220	1cb64feea7e55d5bb3375f7fa24fddd	0	0
5237	7	3	3	0	1	0108a01010420294048000805018600	1cb64feea7b55d6bb3375f7fa3479fd	0	0
5238	7	5	3	0	1	0108a0180006015004204202100c420	1cb64fe6b7f15eafb3971dfde353bdd	0	0
5239	7	8	6	0	0	0108c00010600294040101841018600	1cb62ffea7975d6bb3b65e7be3479fd	0	0
5240	7	8	6	0	1	0108c000106002b0040101841018280	1cb62ffea7975d4fb3b65e7be347d7d	0	0
5241	7	5	3	0	0	0108c00091020520060008848011210	1cb62ffe26f55adfb1b7577b734eded	0	0
5242	7	3	4	0	1	0108c02020421230040100841018088	1cb62fde97b54dcfb3b65f7be347f75	0	0
5243	7	5	6	0	0	0108c020210206200401018c0012030	1cb62fde96f559dfb3b65e73f34dfcd	0	0
5244	7	6	6	0	0	0108c02080420224040202841110011	1cb62fde37b55ddbb3b55d7be24ffec	0	0
5245	7	6	3	0	0	010a01041420006101204082100c180	1cb4eefaa3d75f9eb6971f7de353e7d	0	0
5246	7	6	7	0	1	010a01041420007001200180900c180	1cb4eefaa3d75f8fb6975e7f6353e7d	0	0
5247	7	5	6	0	1	010a020214400150050003060009088	1cb4edfca3b75eafb2b75cf9f356f75	0	0
5248	7	4	6	0	1	010a020214400170010003060009088	1cb4edfca3b75e8fb6b75cf9f356f75	0	0
5249	7	6	4	0	1	010a020604400070010101860009088	1cb4edf8b3b75f8fb6b65e79f356f75	0	0
5250	7	4	4	0	1	010a020604400170010001260009088	1cb4edf8b3b75e8fb6b75ed9f356f75	0	0
5251	7	4	0	0	1	010a020604400170010003060009088	1cb4edf8b3b75e8fb6b75cf9f356f75	0	0
5252	7	5	4	0	1	010a022800c00150050001260009028	1cb4edd6b7375eafb2b75ed9f356fd5	0	0
5253	7	8	4	0	0	010a041000120858041000c301020a0	1cb4ebeeb7e557a7b3a75f3cf25df5d	0	0
5254	7	3	9	0	1	010a080030c00270018001041048024	1cb4e7fe87375d8fb6375efbe317fd9	0	0
5255	7	3	6	0	1	010a0800344042300005010410480a0	1cb4e7fe83b71dcfb7b25efbe317f5d	0	0
5256	7	4	3	0	0	010a08003480405101000182800a480	1cb4e7fe83771faeb6b75e7d7355b7d	0	0
5257	7	3	6	0	1	010a080214200154050001048003088	1cb4e7fca3d75eabb2b75efb735cf75	0	0
5258	7	5	6	0	1	010a080214400150050001860009088	1cb4e7fca3b75eafb2b75e79f356f75	0	0
5259	7	4	6	0	1	010a080214400170010001860009088	1cb4e7fca3b75e8fb6b75e79f356f75	0	0
5260	7	6	6	0	1	010a080214404030000501860009088	1cb4e7fca3b71fcfb7b25e79f356f75	0	0
5261	7	6	3	0	0	010a080414400091010101860208084	1cb4e7faa3b75f6eb6b65e79f157f79	0	0
5262	7	4	2	0	0	010a080414400291010001260208084	1cb4e7faa3b75d6eb6b75ed9f157f79	0	0
5263	7	6	7	0	1	010a08060440007001010186000900c	1cb4e7f8b3b75f8fb6b65e79f356ff1	0	0
5264	7	6	3	0	1	010a080604400070010101860009084	1cb4e7f8b3b75f8fb6b65e79f356f79	0	0
5265	7	6	2	0	1	010a080604400070010101860009088	1cb4e7f8b3b75f8fb6b65e79f356f75	0	0
5266	7	4	0	0	1	010a080604400170010001860009088	1cb4e7f8b3b75e8fb6b75e79f356f75	0	0
5267	7	3	4	0	0	010a20101012028c048000805110220	1cb4cfeea7e55d73b3375f7fa24fddd	0	0
5268	7	4	4	0	1	010a400210c001700100018c0009088	1cb4affca7375e8fb6b75e73f356f75	0	0
5269	7	4	4	0	1	010a400810820318040001441018220	1cb4aff6a7755ce7b3b75ebbe347ddd	0	0
5270	7	4	4	0	1	010a402200c0017001000126000900c	1cb4afdcb7375e8fb6b75ed9f356ff1	0	0
5271	7	8	6	0	0	010a800014400311040402260009088	1cb46ffea3b75ceeb3b35dd9f356f75	0	0
5272	7	4	0	0	0	010a800282800191000450104048009	1cb46ffc35775e6eb7b30fefb317ff4	0	0
5273	7	4	4	0	1	011001d001040a28020000a82050050	1caeee2eb6f355d7b5b75f57d30ffad	0	0
5274	7	6	10	0	0	0110028425000428020206042050009	1caeed7a92f75bd7b5b559fbd30fff4	0	0
5275	7	4	7	0	0	011003280402106084000144800c120	1caeecd6b3f54f9f33b75ebb7353edd	0	0
5276	7	9	8	0	0	0110040825000622040100ac0011030	1caeebf692f759ddb3b65f53f34efcd	0	0
5277	7	3	8	0	0	01100488250004a20404020c0014021	1caeeb7692f75b5db3b35df3f34bfdc	0	0
5278	7	5	10	0	0	01100498008202a00090044c0108024	1caeeb66b7755d5fb7275bb3f257fd9	0	0
5279	7	6	9	0	0	01100498009000a8008204205300030	1caeeb66b7675f57b7355bdfa05ffcd	0	0
5280	7	7	1	0	0	01100498010004a20404022c0014220	1caeeb66b6f75b5db3b35dd3f34bddd	0	0
5281	7	3	10	0	1	0110055001020848222000482048050	1caeeaaeb6f557b795975fb7d317fad	0	0
5282	7	9	6	0	1	01100808142001700500014480050a0	1caee7f6a3d75e8fb2b75ebb735af5d	0	0
5283	7	2	7	0	1	011008e000a00890112001201044500	1caee71eb757576fa6975edfe31bafd	0	0
5284	7	7	3	0	0	01100930002040a1040100aa00140c0	1caee6ceb7d71f5eb3b65f55f34bf3d	0	0
5285	7	5	7	0	0	0110094800a002600021410c0003120	1caee6b6b7575d9fb7961ef3f35cedd	0	0
5286	7	4	4	0	0	01100950009000f0008040209044120	1caee6aeb7675f0fb7371fdf631bedd	0	0
5287	7	5	2	0	0	0110096000a04050002111028201108	1caee69eb7571fafb7964efd715eef5	0	0
5288	7	3	6	0	1	01100a02144002b0040101060009180	1caee5fca3b75d4fb3b65ef9f356e7d	0	0
5289	7	6	6	0	1	01100a08142000700500014480050a0	1caee5f6a3d75f8fb2b75ebb735af5d	0	0
5290	7	4	7	0	0	01100a1800140868040040212101030	1caee5e6b7e35797b3b71fded25efcd	0	0
5291	7	7	6	0	1	01100a2200400270040101460009180	1caee5dcb7b75d8fb3b65eb9f356e7d	0	0
5292	7	5	6	0	1	01100a2204400260040101460009180	1caee5dcb3b75d9fb3b65eb9f356e7d	0	0
5293	7	6	6	0	1	01100c0a04200070040101448003180	1caee3f4b3d75f8fb3b65ebb735ce7d	0	0
5294	7	4	7	0	1	01100c280404028a040004241210011	1caee3d6b3f35d75b3b75bdbe14ffec	0	0
5295	7	7	8	0	0	01102228000304018500006a0005028	1caecdd6b7f45bfe32b75f95f35afd5	0	0
5296	7	7	7	0	1	01102230000202640420044c0009018	1caecdceb7f55d9bb3975bb3f356fe5	0	0
5297	7	5	4	0	1	01102430010200e00480044c0012018	1caecbceb6f55f1fb3375bb3f34dfe5	0	0
5298	7	8	3	0	0	0110280014104081850000aa02010a0	1caec7fea3e71f7e32b75f55f15ef5d	0	0
5299	7	8	7	0	1	01102800142001700500014480050a0	1caec7fea3d75e8fb2b75ebb735af5d	0	0
5300	7	7	4	0	0	01102800340042300005110482010a0	1caec7fe83f71dcfb7b24efb715ef5d	0	0
5301	7	4	3	0	1	01102810205040b00004042a0208081	1caec7ee97a71f4fb7b35bd5f157f7c	0	0
5302	7	6	0	0	0	0110281800140091050000a842040a0	1caec7e6b7e35f6eb2b75f57b15bf5d	0	0
5303	7	8	6	0	0	01104120012000e0860004842014101	1caeaedeb6d75f1f31b75b7bd34befc	0	0
5304	7	4	10	0	0	01104124012000e0820004842014101	1caeaedab6d75f1f35b75b7bd34befc	0	0
5305	7	4	10	0	0	011041280022123000010144800a120	1caeaed6b7d54dcfb7b65ebb7355edd	0	0
5306	7	4	4	0	0	0110412800221230000101448202120	1caeaed6b7d54dcfb7b65ebb715dedd	0	0
5307	7	4	8	0	1	011041480022123000010148800a120	1caeaeb6b7d54dcfb7b65eb77355edd	0	0
5308	7	4	8	0	1	0110414800221230000101488018104	1caeaeb6b7d54dcfb7b65eb77347ef9	0	0
5309	7	4	2	0	0	0110414800820630010001288009120	1caeaeb6b77559cfb6b75ed77356edd	0	0
5310	7	5	4	0	0	0110414800a002600021410c0003120	1caeaeb6b7575d9fb7961ef3f35cedd	0	0
5311	7	3	2	0	1	0110414800a00270010101088009120	1caeaeb6b7575d8fb6b65ef77356edd	0	0
5312	7	4	8	0	1	0110416000221230000101428018104	1caeae9eb7d54dcfb7b65ebd7347ef9	0	0
5313	7	5	9	0	1	01104224002200e0042005060009108	1caeaddab7d55f1fb3975af9f356ef5	0	0
5314	7	6	4	0	0	01104260000640018402090c0010888	1caead9eb7f11ffe33b556f3f34f775	0	0
5315	7	8	4	0	1	01104420010202a80401088c0011030	1caeabdeb6f55d57b3b65773f34efcd	0	0
5316	7	7	6	0	0	0110442021000628040100ac0011030	1caeabde96f759d7b3b65f53f34efcd	0	0
5317	7	5	4	0	1	01104460010202880401088c0011030	1caeab9eb6f55d77b3b65773f34efcd	0	0
5318	7	4	4	0	1	01104460010202a80001088c0011030	1caeab9eb6f55d57b7b65773f34efcd	0	0
5319	7	3	2	0	1	01104460012002680021004c0009060	1caeab9eb6d75d97b7965fb3f356f9d	0	0
5320	7	7	6	0	1	01104802102001700500014c00050a0	1caea7fca7d75e8fb2b75eb3f35af5d	0	0
5321	7	5	9	0	1	0110484800a002600021014c0003120	1caea7b6b7575d9fb7965eb3f35cedd	0	0
5322	7	5	1	0	1	0110484800a002600021410c0003120	1caea7b6b7575d9fb7961ef3f35cedd	0	0
5323	7	6	8	0	0	0110602020220094040105041018408	1cae8fde97d55f6bb3b65afbe347bf5	0	0
5324	7	6	7	0	0	01108112001200700420028a0009048	1cae6eecb7e55f8fb3975d75f356fb5	0	0
5325	7	2	4	0	1	0110811201040160860008280014088	1cae6eecb6f35e9f31b757d7f34bf75	0	0
5326	7	4	4	0	0	01108122008300a10100012a004800c	1cae6edcb7745f5eb6b75ed5f317ff1	0	0
5327	7	6	0	0	1	0110812201400228040102890041018	1cae6edcb6b75dd7b3b65d76f31efe5	0	0
5328	7	3	4	0	1	0110812201400268040108082041014	1cae6edcb6b75d97b3b657f7d31efe9	0	0
5329	7	4	4	0	0	0110820a00310068002040422101041	1cae6df4b7c65f97b7971fbdd25efbc	0	0
5330	7	6	6	0	1	0110822200600070040101460009088	1cae6ddcb7975f8fb3b65eb9f356f75	0	0
5331	7	5	6	0	1	0110842800230410040101428003120	1cae6bd6b7d45befb3b65ebd735cedd	0	0
5332	7	5	10	0	1	0110880030c04090008103081050408	1cae67fe87371f6fb7365cf7e30fbf5	0	0
5333	7	4	8	0	1	0110880814200254040001418003420	1cae67f6a3d75dabb3b75ebe735cbdd	0	0
5334	7	4	6	0	0	0110880814200254040001448003420	1cae67f6a3d75dabb3b75ebb735cbdd	0	0
5335	7	7	6	0	1	01108828002002700401014480030a0	1cae67d6b7d75d8fb3b65ebb735cf5d	0	0
5336	7	3	4	0	0	0110a02020224085040110003210208	1cae4fde97d51f7ab3b64fffc14fdf5	0	0
5337	7	4	7	0	1	0110c00090444222040002209101210	1cae2ffe27b31dddb3b75ddf625eded	0	0
5338	7	1	6	0	1	0110c000a14001a08600022c0010009	1cae2ffe16b75e5f31b75dd3f34fff4	0	0
5339	7	6	6	0	1	0110c002204202300401018c0009090	1cae2ffc97b55dcfb3b65e73f356f6d	0	0
5340	7	6	4	0	0	0110c02010124021042000ca0009048	1cae2fdea7e51fdeb3975f35f356fb5	0	0
5341	7	4	6	0	1	0110c02800220270040001448003030	1cae2fd6b7d55d8fb3b75ebb735cfcd	0	0
5342	7	2	3	0	0	01120800344040910081018402080c0	1cace7fe83b71f6eb7365e7bf157f3d	0	0
5343	7	6	2	0	0	0112201200140058048002424104021	1caccfecb7e35fa7b3375dbdb25bfdc	0	0
5344	7	4	3	0	1	0112400210a001700100014c00090a0	1cacaffca7575e8fb6b75eb3f356f5d	0	0
5345	7	9	4	0	0	01200098008202b0000614005300120	1c9eef66b7755d4fb7b14bffa05fedd	0	0
5346	7	9	3	0	0	012000b0008201a4008244041018410	1c9eef4eb7755e5bb7351bfbe347bed	0	0
5347	7	9	4	0	1	01200100328140140005410092080a0	1c9eeefe85761febb7b21eff6157f5d	0	0
5348	7	9	4	0	0	012001021211402020a0408a0009041	1c9eeefca5e61fdf97171f75f356fbc	0	0
5349	7	9	4	0	1	01200110128000f000a0408052040a0	1c9eeeeea5775f0fb7171f7fa15bf5d	0	0
5350	7	9	3	0	0	0120014400244068001150009012280	1c9eeebab7d31f97b7a60fff634dd7d	0	0
5351	7	8	4	0	0	0120019000a001b0018040209044420	1c9eee6eb7575e4fb6371fdf631bbdd	0	0
5352	7	6	6	0	0	012001e001204020201110488012108	1c9eee1eb6d71fdf97a64fb7734def5	0	0
5353	7	9	9	0	0	0120020810a00154050001448009420	1c9eedf6a7575eabb2b75ebb7356bdd	0	0
5354	7	9	8	0	0	0120022201050044802140850009408	1c9eeddcb6f25fbb37961f7af356bf5	0	0
5355	7	5	4	0	0	012002a403000320028000648011410	1c9eed5ab4f75cdfb5375f9b734ebed	0	0
5356	7	6	3	0	0	01200310114000a4022002844200a40	1c9eeceea6b75f5bb5975d7bb15f5bd	0	0
5357	7	4	3	0	0	01200314030000e400204080c008e00	1c9eeceab4f75f1bb7971f7f33571fd	0	0
5358	7	8	8	0	1	012003200140106026000060a048110	1c9eecdeb6b74f9f91b75f9f5317eed	0	0
5359	7	5	7	0	0	0120032011401220060000c48008910	1c9eecdea6b74ddfb1b75f3b73576ed	0	0
5360	7	5	7	0	0	0120032015001200142000b40018110	1c9eecdea2f74dffa3975f4bf347eed	0	0
5361	7	1	8	0	1	01200344002500580011410280020a0	1c9eecbab7d25fa7b7a61efd735df5d	0	1
5362	7	6	3	0	0	0120035001040064022002848008a40	1c9eecaeb6f35f9bb5975d7b73575bd	0	0
5363	7	5	6	0	0	0120048226004120009010288003410	1c9eeb7c91f71edfb7274fd7735cbed	0	0
5364	7	6	4	0	0	0120048c010500210006022c0012300	1c9eeb72b6f25fdeb7b15dd3f34dcfd	0	0
5365	7	4	4	0	0	0120048c010500a10004022c0012300	1c9eeb72b6f25f5eb7b35dd3f34dcfd	0	0
5366	7	3	9	0	0	012004b0008201a4008204041018410	1c9eeb4eb7755e5bb7355bfbe347bed	0	0
5367	7	5	0	0	0	012004b000a001a0008244041018480	1c9eeb4eb7575e5fb7351bfbe347b7d	0	0
5368	7	3	7	0	0	012004b0028001a1008200284018404	1c9eeb4eb5775e5eb7355fd7b347bf9	0	0
5369	7	5	1	0	0	012004c4020205200090408c00110a0	1c9eeb3ab5f55adfb7271f73f34ef5d	0	0
5370	7	6	7	0	0	01200512000640210401028a000a240	1c9eeaecb7f11fdeb3b65d75f355dbd	0	0
5371	7	7	7	0	0	0120051202000870001100c9000a480	1c9eeaecb5f7578fb7a65f36f355b7d	0	0
5372	7	5	6	0	0	012005120202016000a040884009480	1c9eeaecb5f55e9fb7171f77b356b7d	0	0
5373	7	5	8	0	1	01200518008200e004804408100a030	1c9eeae6b7755f1fb3371bf7e355fcd	0	0
5374	7	3	4	0	0	0120053002800161008200320018204	1c9eeaceb5775e9eb7355fcdf347df9	0	0
5375	7	1	4	0	0	0120053002800161008204320008204	1c9eeaceb5775e9eb7355bcdf357df9	0	0
5376	7	3	7	0	0	0120054400254008201140028102021	1c9eeabab7d21ff797a61ffd725dfdc	0	0
5377	7	2	4	0	1	01200544020201680090408800110a0	1c9eeabab5f55e97b7271f77f34ef5d	0	0
5378	7	6	0	0	1	0120056001404028000502888041050	1c9eea9eb6b71fd7b7b25d77731efad	0	0
5379	7	6	0	0	0	0120060c010500210006022c0018300	1c9ee9f2b6f25fdeb7b15dd3f347cfd	0	0
5380	7	9	6	0	0	0120082021414004202100ac0009408	1c9ee7de96b61ffb97965f53f356bf5	0	0
5381	7	9	6	0	0	01200828004500610104022c004100c	1c9ee7d6b7b25f9eb6b35dd3f31eff1	0	0
5382	7	6	10	0	1	01200890802440240003408091100c0	1c9ee76e37d31fdbb7b41f7f624ff3d	0	0
5383	7	5	6	0	0	012008a081414000102400ac0041410	1c9ee75e36b61fffa7935f53f31ebed	0	0
5384	7	4	6	0	0	012008a081414000302000ac0041410	1c9ee75e36b61fff87975f53f31ebed	0	0
5385	7	3	6	0	0	012008a0814140003024002c0041410	1c9ee75e36b61fff87935fd3f31ebed	0	0
5386	7	7	2	0	0	012008a084005020102410448240011	1c9ee75e33f70fdfa7934fbb711ffec	0	0
5387	7	7	1	0	0	012008a084005020102410848240011	1c9ee75e33f70fdfa7934f7b711ffec	0	0
5388	7	1	10	0	0	012008a084045020102410848040011	1c9ee75e33f30fdfa7934f7b731ffec	0	0
5389	7	4	8	0	1	012008c801210051000200c88006140	1c9ee736b6d65faeb7b55f377359ebd	0	0
5390	7	8	9	0	1	0120090082045020202140828240011	1c9ee6fe35f30fdf97961f7d711ffec	0	0
5391	7	4	1	0	1	0120090096005020202040828240011	1c9ee6fe21f70fdf97971f7d711ffec	0	0
5392	7	8	6	0	0	01200910005040a4040400aa0018201	1c9ee6eeb7a71f5bb3b35f55f347dfc	0	0
5393	7	4	10	0	0	01200914004440610001028a0042208	1c9ee6eab7b31f9eb7b65d75f31ddf5	0	0
5394	7	6	2	0	0	0120092012201020210114028201208	1c9ee6dea5d74fdf96b64bfd715edf5	0	0
5395	7	7	10	0	1	0120092020205010210104828240009	1c9ee6de97d70fef96b65b7d711fff4	0	0
5396	7	4	8	0	0	01200960012000d1008000b08006140	1c9ee69eb6d75f2eb7375f4f7359ebd	0	0
5398	7	1	6	0	0	01200a18005000e40402028c0010201	1c9ee5e6b7a75f1bb3b55d73f34fdfc	0	0
5399	7	8	6	0	0	01200a2000450061010402260041208	1c9ee5deb7b25f9eb6b35dd9f31edf5	0	0
5400	7	4	3	0	1	01200a2800441070040000a48009180	1c9ee5d6b7b34f8fb3b75f5b7356e7d	0	0
5408	7	6	0	0	0	01200c1800241030000304848300084	1c9ee3e6b7d34fcfb7b45b7b705ff79	0	0
5409	7	7	4	0	0	01200c20240000e1018010809200940	1c9ee3de93f75f1eb6374f7f615f6bd	0	0
5410	7	7	0	0	0	01200c2024005020102410848240011	1c9ee3de93f70fdfa7934f7b711ffec	0	0
5411	7	8	9	0	0	0120208081414004102400ac0009410	1c9ecf7e36b61ffba7935f53f356bed	0	0
5412	7	4	1	0	0	012020d0002201a4001050042012220	1c9ecf2eb7d55e5bb7a70ffbd34dddd	0	0
5413	7	7	8	0	1	012021101100016404040248800c220	1c9eceeea6f75e9bb3b35db77353ddd	0	0
5414	7	6	10	0	1	012021108104402400050228800a220	1c9eceee36f31fdbb7b25dd77355ddd	0	0
5415	7	8	10	0	1	01202200142001540500014480090a0	1c9ecdfea3d75eabb2b75ebb7356f5d	0	0
5416	7	8	9	0	1	01202200142001640500014480090a0	1c9ecdfea3d75e9bb2b75ebb7356f5d	0	0
5417	7	8	7	0	1	01202200142001700500014480090a0	1c9ecdfea3d75e8fb2b75ebb7356f5d	0	0
5418	7	2	7	0	1	0120224012200154030001408009420	1c9ecdbea5d75eabb4b75ebf7356bdd	0	0
5419	7	6	4	0	0	0120241200064030009010488002c04	1c9ecbecb7f11fcfb7274fb7735d3f9	0	0
5420	7	8	4	0	0	01202800105040a1050000aa0041204	1c9ec7fea7a71f5eb2b75f55f31edf9	0	0
5421	7	8	0	0	0	01202800105040a10500028a0041204	1c9ec7fea7a71f5eb2b75d75f31edf9	0	0
5422	7	5	7	0	1	01202800341040600500028810110a0	1c9ec7fe83e71f9fb2b75d77e34ef5d	0	0
5423	7	6	8	0	1	01202810205000b00404022a0050005	1c9ec7ee97a75f4fb3b35dd5f30fff8	0	0
5424	7	5	4	0	1	01202810205000e0050000a81050280	1c9ec7ee97a75f1fb2b75f57e30fd7d	0	0
5425	7	5	7	0	1	01202810205000e0050002281050204	1c9ec7ee97a75f1fb2b75dd7e30fdf9	0	0
5426	7	4	1	0	1	0120281020504070000404281240090	1c9ec7ee97a71f8fb7b35bd7e11ff6d	0	0
5427	7	4	2	0	1	01202810205040b00004042a0208081	1c9ec7ee97a71f4fb7b35bd5f157f7c	0	0
5428	7	6	4	0	1	0120281080444024000500aa0011600	1c9ec7ee37b31fdbb7b25f55f34e9fd	0	0
5429	7	4	8	0	0	01202850001400d4008002281012420	1c9ec7aeb7e35f2bb7375dd7e34dbdd	0	0
5430	7	2	6	0	0	012040e002040628001110880011024	1c9eaf1eb5f359d7b7a64f77f34efd9	0	0
5431	7	4	9	0	0	01204104120202a8001010805210220	1c9eaefaa5f55d57b7a74f7fa14fddd	0	0
5432	7	8	8	0	0	0120412001040628001108980010824	1c9eaedeb6f359d7b7a65767f34f7d9	0	0
5433	7	2	9	0	0	0120412200225021010100c2020800c	1c9eaedcb7d50fdeb6b65f3df157ff1	0	0
5434	7	4	0	0	0	01204124020202a8001010805210220	1c9eaedab5f55d57b7a74f7fa14fddd	0	0
5435	7	6	1	0	0	0120412800a0007004010504100a120	1c9eaed6b7575f8fb3b65afbe355edd	0	0
5436	7	6	4	0	0	01204160010202280005088c0011030	1c9eae9eb6f55dd7b7b25773f34efcd	0	0
5437	7	3	0	0	0	01204160014042202021008c0009050	1c9eae9eb6b71ddf97965f73f356fad	0	0
5438	7	8	9	0	0	0120420010a00154050001448009420	1c9eadfea7575eabb2b75ebb7356bdd	0	0
5439	7	4	10	0	1	0120420413000a20120000a48009210	1c9eadfaa4f755dfa5b75f5b7356ded	0	0
5440	7	4	9	0	0	0120420413000a20120000a48009410	1c9eadfaa4f755dfa5b75f5b7356bed	0	0
5441	7	5	9	0	0	0120420810a00150050001448009420	1c9eadf6a7575eafb2b75ebb7356bdd	0	0
5442	7	5	8	0	1	0120422010a00150050001428009420	1c9eaddea7575eafb2b75ebd7356bdd	0	0
5443	7	5	7	0	0	0120422010a00150050001448009420	1c9eaddea7575eafb2b75ebb7356bdd	0	0
5444	7	5	0	0	0	0120422800a00150050001448009420	1c9eadd6b7575eafb2b75ebb7356bdd	0	0
5445	7	2	6	0	0	0120426002040468001110880011028	1c9ead9eb5f35b97b7a64f77f34efd5	0	0
5446	7	8	8	0	1	01204420008201a4041000ac0011030	1c9eabdeb7755e5bb3a75f53f34efcd	0	0
5447	7	4	4	0	1	0120482020445030000100a41210088	1c9ea7de97b30fcfb7b65f5be14ff75	0	0
5448	7	3	8	0	0	0120482800240262040104041101024	1c9ea7d6b7d35d9db3b65bfbe25efd9	0	0
5449	7	5	4	0	1	0120600030504060050002881011280	1c9e8ffe87a71f9fb2b75d77e34ed7d	0	0
5450	7	9	4	0	1	0120801020440252040102881050480	1c9e6fee97b35dadb3b65d77e30fb7d	0	0
5451	7	7	4	0	0	01208084820008b0000612101140021	1c9e6f7a35f7574fb7b14defe21ffdc	0	0
5452	7	5	3	0	1	0120808c010500a00014022c0012220	1c9e6f72b6f25f5fb7a35dd3f34dddd	0	0
5453	7	6	9	0	0	0120809011100424002200d80012050	1c9e6f6ea6e75bdbb7955f27f34dfad	0	0
5454	7	6	4	0	1	01208094011000a4000602380012220	1c9e6f6ab6e75f5bb7b15dc7f34dddd	0	0
5455	7	8	6	0	0	012081020013402020a0408a0009011	1c9e6efcb7e41fdf97171f75f356fec	0	0
5456	7	8	4	0	0	012081020211006020a0408a0009041	1c9e6efcb5e65f9f97171f75f356fbc	0	0
5457	7	7	6	0	0	012081021011402020a0408a0009011	1c9e6efca7e61fdf97171f75f356fec	0	0
5458	7	6	4	0	0	012081021211002020a0408a0009041	1c9e6efca5e65fdf97171f75f356fbc	0	0
5459	7	4	4	0	0	0120810282051020200140828140011	1c9e6efc35f24fdf97b61f7d721ffec	0	0
5460	7	8	4	0	1	0120810402020270009000d01050220	1c9e6efab5f55d8fb7275f2fe30fddd	0	0
5461	7	7	9	0	0	01208104100202a8009010805210220	1c9e6efaa7f55d57b7274f7fa14fddd	0	0
5462	7	4	4	0	0	012081041600085400800150100a420	1c9e6efaa1f757abb7375eafe355bdd	0	0
5463	7	6	2	0	1	012081060202007000900158000a0a0	1c9e6ef8b5f55f8fb7275ea7f355f5d	0	0
5464	7	3	6	0	1	01208110102202b0048000805050220	1c9e6eeea7d55d4fb3375f7fa30fddd	0	0
5465	7	7	4	0	1	01208114000202a4009000b80012220	1c9e6eeab7f55d5bb7275f47f34dddd	0	0
5466	7	5	3	0	1	0120811400440860060002281042090	1c9e6eeab7b3579fb1b75dd7e31df6d	0	0
5467	7	4	6	0	0	012081180006016400204208100c420	1c9e6ee6b7f15e9bb7971df7e353bdd	0	0
5468	7	2	4	0	0	0120812021101060248040208012110	1c9e6ede96e74f9f93371fdf734deed	0	0
5469	7	7	4	0	0	0120812081000181248008304010b00	1c9e6ede36f75e7e933757cfb34f4fd	0	0
5470	7	4	8	0	1	01208124010202a4001000b80012030	1c9e6edab6f55d5bb7a75f47f34dfcd	0	0
5471	7	2	4	0	0	0120812404020a04250010401208021	1c9e6edab3f555fb92b74fbfe157fdc	0	0
5472	7	5	4	0	0	01208130009000e0048004281050014	1c9e6eceb7675f1fb3375bd7e30ffe9	0	0
5473	7	8	4	0	0	0120820015001204160000648012410	1c9e6dfea2f74dfba1b75f9b734dbed	0	0
5474	7	7	6	0	0	01208210101000e40420404051080a0	1c9e6deea7e75f1bb3971fbfa257f5d	0	0
5475	7	6	6	0	1	012082180014007004100068800a0a0	1c9e6de6b7e35f8fb3a75f977355f5d	0	0
5476	7	5	10	0	0	0120822010a00490040205060012081	1c9e6ddea7575b6fb3b55af9f34df7c	0	0
5477	7	4	2	0	0	0120822081041428000110504010a20	1c9e6dde36f34bd7b7b64fafb34f5dd	0	0
5478	7	5	6	0	0	0120822200150041010402520048201	1c9e6ddcb7e25fbeb6b35dadf317dfc	0	0
5479	7	4	6	0	1	01208222010401608400022c0011088	1c9e6ddcb6f35e9f33b75dd3f34ef75	0	0
5480	7	6	4	0	0	0120840a000700220011500c0003024	1c9e6bf4b7f05fddb7a60ff3f35cfd9	0	0
5481	7	6	7	0	1	0120840a000700300014022c0003060	1c9e6bf4b7f05fcfb7a35dd3f35cf9d	0	0
5482	7	6	6	0	1	01208810205000b0040400aa0018081	1c9e67ee97a75f4fb3b35f55f347f7c	0	0
5483	7	6	4	0	0	0120881800500054040208288003404	1c9e67e6b7a75fabb3b557d7735cbf9	0	0
5484	7	4	7	0	0	01208820104444210001088a020100c	1c9e67dea7b31bdeb7b65775f15eff1	0	0
5485	7	6	6	0	1	0120882010504024040200a81011090	1c9e67dea7a71fdbb3b55f57e34ef6d	0	0
5486	7	7	6	0	1	0120882080414004102400aa0009401	1c9e67de37b61ffba7935f55f356bfc	0	0
5487	7	5	6	0	1	0120882080454004002400aa0009401	1c9e67de37b21ffbb7935f55f356bfc	0	0
5488	7	6	4	0	0	0120882081050004202100ac0011440	1c9e67de36f25ffb97965f53f34ebbd	0	0
5489	7	6	4	0	1	0120882081050004202100b40011240	1c9e67de36f25ffb97965f4bf34edbd	0	0
5490	7	3	6	0	1	01208828004500610104002a000900c	1c9e67d6b7b25f9eb6b35fd5f356ff1	0	0
5491	7	5	10	0	0	0120a000312000d0028002841014420	1c9e4ffe86d75f2fb5375d7be34bbdd	0	0
5492	7	5	4	0	1	0120a01020440250040102881050480	1c9e4fee97b35dafb3b65d77e30fb7d	0	0
5493	7	4	4	0	1	0120a01020440270000102881050480	1c9e4fee97b35d8fb7b65d77e30fb7d	0	0
5494	7	5	3	0	1	0120a01800060150048002481018420	1c9e4fe6b7f15eafb3375db7e347bdd	0	0
5495	7	5	4	0	0	0120a018001400d0048002281012420	1c9e4fe6b7e35f2fb3375dd7e34dbdd	0	0
5496	7	6	9	0	1	0120c00030a0005405000140900a420	1c9e2ffe87575fabb2b75ebf6355bdd	0	0
5497	7	7	4	0	1	0120c02010024121042000ca0009048	1c9e2fdea7f51edeb3975f35f356fb5	0	0
5498	7	4	8	0	0	0120c02010220285040000c05300060	1c9e2fdea7d55d7ab3b75f3fa05ff9d	0	0
5499	7	1	9	0	1	0120c02010220285050000c05200060	1c9e2fdea7d55d7ab2b75f3fa15ff9d	0	0
5500	7	1	6	0	1	0120c02010220285050000c05200220	1c9e2fdea7d55d7ab2b75f3fa15fddd	0	0
5501	7	6	4	0	1	0120c02010a00050250001428003420	1c9e2fdea7575faf92b75ebd735cbdd	0	0
5502	7	9	0	0	0	0122006000221800330010441048028	1c9cef9eb7d547ff84b74fbbe317fd5	0	0
5503	7	6	4	0	0	01220094001440240006022811100a0	1c9cef6ab7e31fdbb7b15dd7e24ff5d	0	0
5504	7	7	7	0	0	012200a080410409010200a84041044	1c9cef5e37b65bf6b6b55f57b31efb9	0	0
5505	7	4	7	0	0	012200a080450409010000a84041044	1c9cef5e37b25bf6b6b75f57b31efb9	0	0
5506	7	6	6	0	1	0122010812020218009000c05210220	1c9ceef6a5f55de7b7275f3fa14fddd	0	0
5507	7	6	9	0	0	012201140012008c048040205012030	1c9ceeeab7e55f73b3371fdfa34dfcd	0	0
5508	7	6	4	0	0	012201140012008c048040281012030	1c9ceeeab7e55f73b3371fd7e34dfcd	0	0
5509	7	2	8	0	1	0122014400220258009000c01050220	1c9ceebab7d55da7b7275f3fe30fddd	0	0
5510	7	4	4	0	1	0122080091054004202000ac0011240	1c9ce7fe26f21ffb97975f53f34edbd	0	0
5511	7	6	4	0	0	0122081400144024000600a88110081	1c9ce7eab7e31fdbb7b15f57724ff7c	0	0
5512	7	3	6	0	1	0122085000144050808200888012081	1c9ce7aeb7e31faf37355f77734df7c	0	0
5513	7	5	8	0	1	01222000a5000184041000a48010a10	1c9ccffe12f75e7bb3a75f5b734f5ed	0	0
5514	7	4	8	0	1	01222000a50001a4001000a48010a10	1c9ccffe12f75e5bb7a75f5b734f5ed	0	0
5515	7	5	8	0	0	01222042001440500014104a000a021	1c9ccfbcb7e31fafb7a34fb5f355fdc	0	0
5516	7	5	8	0	0	01222050001400d000901080c002a20	1c9ccfaeb7e35f2fb7274f7f335d5dd	0	0
5517	7	5	4	0	0	01228006010408600005500c0003018	1c9c6ff8b6f3579fb7b20ff3f35cfe5	0	0
5518	7	6	4	0	1	01228014001200b0008240205050024	1c9c6feab7e55f4fb7351fdfa30ffd9	0	0
5519	7	9	6	0	0	01800102201340300090012a000a104	1c3eeefc97e41fcfb7275ed5f355ef9	0	0
5520	7	9	7	0	0	018001300012028c041008980002830	1c3eeeceb7e55d73b3a75767f35d7cd	0	0
5521	7	6	3	0	0	018001c0850010202022028c0040910	1c3eee3e32f74fdf97955d73f31f6ed	0	0
5522	7	9	2	0	1	01800244022000d100034112000c180	1c3eedbab5d75f2eb7b41eedf353e7d	0	0
5523	7	6	3	0	0	0180028605000060800650140005110	1c3eed78b2f75f9f37b10febf35aeed	0	0
5524	7	7	6	0	0	018002c012000c18001201520102088	1c3eed3ea5f753e7b7a55eadf25df75	0	0
5525	7	1	2	0	0	018002c012800c18001201520100088	1c3eed3ea57753e7b7a55eadf25ff75	0	0
5526	7	5	6	0	0	018002c016000c08001201520102088	1c3eed3ea1f753f7b7a55eadf25df75	0	0
5527	7	6	7	0	0	018002d000120098021010406202060	1c3eed2eb7e55f67b5a74fbf915df9d	0	0
5528	7	7	6	0	1	018003021003400814104102200a280	1c3eecfca7f41ff7a3a71efdd355d7d	0	0
5529	7	5	6	0	0	018003028007400804105002200a201	1c3eecfc37f01ff7b3a70ffdd355dfc	0	0
5531	7	3	8	0	1	01800324002300b0002101021048108	1c3eecdab7d45f4fb7965efde317ef5	0	0
5532	7	8	6	0	0	0180034006000458001101520042028	1c3eecbeb1f75ba7b7a65eadf31dfd5	0	0
5533	7	6	3	0	1	0180034022800058001141120048024	1c3eecbe95775fa7b7a61eedf317fd9	0	0
5534	7	2	3	0	1	0180034022810058001141020048024	1c3eecbe95765fa7b7a61efdf317fd9	0	0
5535	7	4	2	0	0	01800344022000d100014112000c180	1c3eecbab5d75f2eb7b61eedf353e7d	0	0
5537	7	3	10	0	1	01800344042000d8002101003048180	1c3eecbab3d75f27b7965effc317e7d	0	0
5541	7	1	3	0	1	01800344042000e8002141021008180	1c3eecbab3d75f17b7961efde357e7d	0	0
5542	7	3	8	0	1	01800344042000f0002101003048180	1c3eecbab3d75f0fb7965effc317e7d	0	0
5543	7	4	8	0	1	0180035001020260202040490048018	1c3eecaeb6f55d9f97971fb6f317fe5	0	0
5544	7	4	6	0	0	01800350010202640020404c000a018	1c3eecaeb6f55d9bb7971fb3f355fe5	0	0
5545	7	6	8	0	0	0180036001020224002140850009018	1c3eec9eb6f55ddbb7961f7af356fe5	0	0
5546	7	9	1	0	0	01800450011000d020a04021400a500	1c3eebaeb6e75f2f97171fdeb355afd	0	0
5547	7	9	4	0	1	018004600102028c0401088c0003030	1c3eeb9eb6f55d73b3b65773f35cfcd	0	0
5548	7	6	7	0	1	01800492001440300014006a0202050	1c3eeb6cb7e31fcfb7a35f95f15dfad	0	0
5549	7	6	4	0	1	01800492001440300014006a02020c0	1c3eeb6cb7e31fcfb7a35f95f15df3d	0	0
5550	7	7	0	0	1	018004a081011020102400cc0048110	1c3eeb5e36f64fdfa7935f33f317eed	0	0
5551	7	6	6	0	0	018004a081040428000512180011104	1c3eeb5e36f35bd7b7b24de7f34eef9	0	0
5552	7	3	8	0	1	018004b0009000c48404004812080a0	1c3eeb4eb7675f3b33b35fb7e157f5d	0	0
5553	7	8	0	0	0	018004c004800c28000641060003090	1c3eeb3eb37753d7b7b11ef9f35cf6d	0	0
5554	7	6	4	0	1	018004c082020818001200d011400c0	1c3eeb3e35f557e7b7a55f2fe21ff3d	0	0
5555	7	6	4	0	1	01800512000640300014402222020c0	1c3eeaecb7f11fcfb7a31fddd15df3d	0	0
5556	7	6	6	0	0	0180051200120068041000ca000a280	1c3eeaecb7e55f97b3a75f35f355d7d	0	0
5557	7	6	0	0	0	01800512001240208014404a02020c0	1c3eeaecb7e51fdf37a31fb5f15df3d	0	0
5558	7	6	4	0	0	0180051200124030001400630202280	1c3eeaecb7e51fcfb7a35f9cf15dd7d	0	0
5559	7	6	10	0	0	01800512001240300014006a0042050	1c3eeaecb7e51fcfb7a35f95f31dfad	0	0
5560	7	6	6	0	0	01800512001240300014006a0202090	1c3eeaecb7e51fcfb7a35f95f15df6d	0	0
5561	7	6	6	0	0	01800512001240300014006a0240014	1c3eeaecb7e51fcfb7a35f95f11ffe9	0	0
5562	7	6	6	0	0	0180051800120050848040405202120	1c3eeae6b7e55faf33371fbfa15dedd	0	0
5563	7	8	3	0	0	01800520018001680404022c00090a0	1c3eeadeb6775e97b3b35dd3f356f5d	0	0
5564	7	6	0	0	0	01800520818001280404022c00090a0	1c3eeade36775ed7b3b35dd3f356f5d	0	0
5565	7	5	7	0	1	0180052202030088001101980048044	1c3eeadcb5f45f77b7a65e67f317fb9	0	0
5566	7	6	7	0	1	0180053000061028028000a06210014	1c3eeaceb7f14fd7b5375f5f914ffe9	0	0
5567	7	5	7	0	0	0180053000120848041000d8000a0c0	1c3eeaceb7e557b7b3a75f27f355f3d	0	0
5568	7	7	6	0	0	0180053001000284840100ac0202030	1c3eeaceb6f75d7b33b65f53f15dfcd	0	0
5569	7	4	8	0	1	0180053001020284840000a84202060	1c3eeaceb6f55d7b33b75f57b15df9d	0	0
5570	7	4	6	0	0	0180053001020284840000ac0202030	1c3eeaceb6f55d7b33b75f53f15dfcd	0	0
5571	7	3	6	0	0	01800530010202848401008c0202030	1c3eeaceb6f55d7b33b65f73f15dfcd	0	0
5572	7	6	3	0	0	01800530018000640404006c000a030	1c3eeaceb6775f9bb3b35f93f355fcd	0	0
5573	7	5	0	0	0	01800530018001840404022c0208028	1c3eeaceb6775e7bb3b35dd3f157fd5	0	0
5574	7	4	2	0	0	01800530018001a40400022c0008828	1c3eeaceb6775e5bb3b75dd3f3577d5	0	0
5575	7	7	6	0	1	01800542020000d8001101980048084	1c3eeabcb5f75f27b7a65e67f317f79	0	0
5576	7	5	8	0	1	01800544022000d0002141021208084	1c3eeabab5d75f2fb7961efde157f79	0	0
5577	7	5	2	0	1	01800544022000d0002141021208180	1c3eeabab5d75f2fb7961efde157e7d	0	0
5578	7	1	10	0	1	01800544022000d8002141021008084	1c3eeabab5d75f27b7961efde357f79	0	0
5579	7	7	6	0	0	0180055000020630009000ca0010904	1c3eeaaeb7f559cfb7275f35f34f6f9	0	0
5580	7	4	3	0	0	018005500082404094005008100a0a0	1c3eeaaeb7751fbf23b70ff7e355f5d	0	0
5581	7	7	0	0	1	0180055001004060202440490048018	1c3eeaaeb6f71f9f97931fb6f317fe5	0	0
5582	7	5	4	0	1	0180055001024060002440490042018	1c3eeaaeb6f51f9fb7931fb6f31dfe5	0	0
5583	7	4	7	0	1	018005500102406020204049000a018	1c3eeaaeb6f51f9f97971fb6f355fe5	0	0
5584	7	4	4	0	1	0180055001024060202040490042018	1c3eeaaeb6f51f9f97971fb6f31dfe5	0	0
5585	7	4	2	0	1	0180055001024060202040490048018	1c3eeaaeb6f51f9f97971fb6f317fe5	0	0
5586	7	1	4	0	1	0180055001024060202440490040018	1c3eeaaeb6f51f9f97931fb6f31ffe5	0	0
5587	7	3	4	0	0	01800560010212202021004c0048104	1c3eea9eb6f54ddf97965fb3f317ef9	0	0
5588	7	6	8	0	0	0180062081050014000508244009420	1c3ee9de36f25febb7b257dbb356bdd	0	0
5589	7	3	7	0	1	0180062400230070002201060009104	1c3ee9dab7d45f8fb7955ef9f356ef9	0	0
5590	7	3	7	0	1	01800624002300b0002101060009104	1c3ee9dab7d45f4fb7965ef9f356ef9	0	0
5591	7	4	8	0	1	0180062800430112000201224009500	1c3ee9d6b7b45eedb7b55eddb356afd	0	0
5592	7	4	4	0	0	0180062800430112000201260009500	1c3ee9d6b7b45eedb7b55ed9f356afd	0	0
5593	7	5	8	0	0	0180062801030080800548044005420	1c3ee9d6b6f45f7f37b217fbb35abdd	0	0
5594	7	5	7	0	1	0180063000061220042000cc0008890	1c3ee9ceb7f14ddfb3975f33f35776d	0	0
5595	7	6	0	0	0	0180063000820084160014041208018	1c3ee9ceb7755f7ba1b74bfbe157fe5	0	0
5596	7	5	0	0	1	01800630010402a00401088c0018090	1c3ee9ceb6f35d5fb3b65773f347f6d	0	0
5597	7	4	10	0	0	0180063002020291000110424208044	1c3ee9ceb5f55d6eb7b64fbdb157fb9	0	0
5598	7	8	4	0	0	018006400300025100031058000a140	1c3ee9beb4f75daeb7b44fa7f355ebd	0	0
5599	7	6	4	0	0	0180064400220068002241060101084	1c3ee9bab7d55f97b7951ef9f25ef79	0	0
5600	7	7	9	0	1	018006480003004a002241060009014	1c3ee9b6b7f45fb5b7951ef9f356fe9	0	0
5601	7	5	6	0	0	0180064800230048002241060101014	1c3ee9b6b7d45fb7b7951ef9f25efe9	0	0
5602	7	5	4	0	0	0180064800830048002241060101014	1c3ee9b6b7745fb7b7951ef9f25efe9	0	0
5603	7	5	0	0	0	0180064800a10048002241060101014	1c3ee9b6b7565fb7b7951ef9f25efe9	0	1
5604	7	3	7	0	1	01800660000612280012008c0010890	1c3ee99eb7f14dd7b7a55f73f34f76d	0	0
5605	7	1	7	0	0	01800660008200c8841010403100120	1c3ee99eb7755f3733a74fbfc25fedd	0	0
5606	7	5	8	0	0	0180090820a10050042001203140104	1c3ee6f697565fafb3975edfc21fef9	0	0
5607	7	8	9	0	0	0180091000140862050002221044204	1c3ee6eeb7e3579db2b75ddde31bdf9	0	0
5608	7	8	10	0	0	0180091000441068000502882140088	1c3ee6eeb7b34f97b7b25d77d21ff75	0	0
5609	7	8	7	0	0	0180091000441068000502882300088	1c3ee6eeb7b34f97b7b25d77d05ff75	0	0
5610	7	6	0	0	0	01800912001440300014402222020c0	1c3ee6ecb7e31fcfb7a31fddd15df3d	0	0
5611	7	5	6	0	0	0180093000140860050002221044204	1c3ee6ceb7e3579fb2b75ddde31bdf9	0	0
5612	7	6	6	0	0	018009401220021800215010104100c	1c3ee6bea5d75de7b7960fefe31eff1	0	0
5613	7	4	6	0	0	018009402300025800011118000a024	1c3ee6be94f75da7b7b64ee7f355fd9	0	0
5614	7	8	6	0	1	01800a0014400170050001460009088	1c3ee5fea3b75e8fb2b75eb9f356f75	0	0
5615	7	8	10	0	1	01800a0014800154050001460009028	1c3ee5fea3775eabb2b75eb9f356fd5	0	0
5616	7	6	10	0	1	01800a0033001008200312180014208	1c3ee5fe84f74ff797b44de7f34bdf5	0	0
5617	7	1	6	0	1	01800a0214200170050001460001088	1c3ee5fca3d75e8fb2b75eb9f35ef75	0	0
5618	7	2	10	0	1	01800a0814800154050001440009028	1c3ee5f6a3775eabb2b75ebbf356fd5	0	0
5619	7	7	4	0	0	01800a10200410700401140c0006088	1c3ee5ee97f34f8fb3b64bf3f359f75	0	0
5620	7	6	7	0	1	01800a1020441030020100a42240018	1c3ee5ee97b34fcfb5b65f5bd11ffe5	0	0
5621	7	5	8	0	1	01800a1020441060040102882140088	1c3ee5ee97b34f9fb3b65d77d21ff75	0	0
5622	7	4	7	0	0	01800a1020441070040002842100888	1c3ee5ee97b34f8fb3b75d7bd25f775	0	0
5623	7	2	8	0	1	01800a1020441070040102802140088	1c3ee5ee97b34f8fb3b65d7fd21ff75	0	0
5624	7	3	7	0	1	01800a1020441230020100242240014	1c3ee5ee97b34dcfb5b65fdbd11ffe9	0	0
5625	7	3	8	0	1	01800a1020441230040100206140084	1c3ee5ee97b34dcfb3b65fdf921ff79	0	0
5626	7	7	8	0	0	01800a20100414280003111800060a0	1c3ee5dea7f34bd7b7b44ee7f359f5d	0	0
5627	7	4	8	0	0	01800a2010c00154040001460009408	1c3ee5dea7375eabb3b75eb9f356bf5	0	0
5628	7	6	8	0	1	01800a2012800814000501520009408	1c3ee5dea57757ebb7b25eadf356bf5	0	0
5629	7	4	8	0	0	01800a2014040a24000111140003050	1c3ee5dea3f355dbb7b64eebf35cfad	0	0
5630	7	4	8	0	0	01800a2020c10054000101860009408	1c3ee5de97365fabb7b65e79f356bf5	0	0
5631	7	4	7	0	1	01800a2404040268040001248003090	1c3ee5dab3f35d97b3b75edb735cf6d	0	0
5632	7	5	6	0	1	01800a2800250050042001260005104	1c3ee5d6b7d25fafb3975ed9f35aef9	0	0
5633	7	5	4	0	1	01800a2800850050042001260005104	1c3ee5d6b7725fafb3975ed9f35aef9	0	0
5634	7	8	3	0	0	01800a400300025100031058000a140	1c3ee5beb4f75daeb7b44fa7f355ebd	0	0
5635	7	4	8	0	0	01800a4011800251000210406202300	1c3ee5bea6775daeb7b54fbf915dcfd	0	0
5636	7	6	3	0	1	01800a402280005100034112000a180	1c3ee5be95775faeb7b41eedf355e7d	0	0
5637	7	6	8	0	1	01800a500014005206000222804100c	1c3ee5aeb7e35fadb1b75ddd731eff1	0	0
5638	7	6	2	0	1	01800a50004402240201082c0041018	1c3ee5aeb7b35ddbb5b657d3f31efe5	0	0
5639	7	8	2	0	1	01800c200500060a040100708041104	1c3ee3deb2f759f5b3b65f8f731eef9	0	0
5640	7	8	2	0	0	01800c400300025100031058000a140	1c3ee3beb4f75daeb7b44fa7f355ebd	0	0
5641	7	7	4	0	0	01800c60000450202003108c0050009	1c3ee39eb7f30fdf97b44f73f30fff4	0	0
5642	7	3	7	0	0	018021300012028c041000980002830	1c3ececeb7e55d73b3a75f67f35d7cd	0	0
5643	7	7	4	0	0	01802150000203180410104a0002828	1c3eceaeb7f55ce7b3a74fb5f35d7d5	0	0
5644	7	8	1	0	1	0180222004020a0c040101940009090	1c3ecddeb3f555f3b3b65e6bf356f6d	0	0
5645	7	6	4	0	0	0180223000420214040100c60009408	1c3ecdceb7b55debb3b65f39f356bf5	0	0
5646	7	4	4	0	0	0180223000420254040000c60009408	1c3ecdceb7b55dabb3b75f39f356bf5	0	0
5647	7	5	4	0	0	01802240141000c8042001421108180	1c3ecdbea3e75f37b3975ebde257e7d	0	0
5648	7	5	9	0	0	018022420014404804101042200a201	1c3ecdbcb7e31fb7b3a74fbdd355dfc	0	0
5649	7	5	7	0	0	018022420014404804101048200a201	1c3ecdbcb7e31fb7b3a74fb7d355dfc	0	0
5650	7	5	3	0	0	01802242001440480410104a000a201	1c3ecdbcb7e31fb7b3a74fb5f355dfc	0	0
5651	7	6	4	0	0	0180225000060058041010422102028	1c3ecdaeb7f15fa7b3a74fbdd25dfd5	0	0
5652	7	5	2	0	0	01802250001400c8060012022018201	1c3ecdaeb7e35f37b1b74dfdd347dfc	0	0
5653	7	7	10	0	1	018022600004028c0011018c0010890	1c3ecd9eb7f35d73b7a65e73f34f76d	0	0
5654	7	4	4	0	1	0180226000064808140001203140090	1c3ecd9eb7f117f7a3b75edfc21ff6d	0	0
5655	7	4	4	0	0	0180226000120898040010403048101	1c3ecd9eb7e55767b3b74fbfc317efc	0	0
5656	7	6	4	0	1	01802450000602180410104a0002824	1c3ecbaeb7f15de7b3a74fb5f35d7d9	0	0
5657	7	6	4	0	1	01802450001400980480022a0012005	1c3ecbaeb7e35f67b3375dd5f34dff8	0	0
5658	7	6	10	0	0	0180281020140050848000a09104180	1c3ec7ee97e35faf33375f5f625be7d	0	0
5659	7	7	3	0	1	0180284020044051010102803240280	1c3ec7be97f31faeb6b65d7fc11fd7d	0	0
5660	7	7	1	0	0	0180285000040148248012082104021	1c3ec7aeb7f35eb793374df7d25bfdc	0	0
5661	7	2	7	0	1	0180414010a002a8010141001018204	1c3eaebea7575d57b6b61effe347df9	0	0
5662	7	3	9	0	1	0180414020a00258010101101048024	1c3eaebe97575da7b6b65eefe317fd9	0	0
5663	7	3	2	0	1	0180414081024128003000482008a40	1c3eaebe36f51ed7b7875fb7d3575bd	0	0
5664	7	7	2	0	1	01804244002000e8002141042009280	1c3eadbab7d75f17b7961efbd356d7d	0	0
5665	7	4	8	0	0	01804244022000c1200150102009208	1c3eadbab5d75f3e97b60fefd356df5	0	0
5666	7	8	9	0	0	0180480020144062048001209102110	1c3ea7fe97e31f9db3375edf625deed	0	0
5667	7	6	4	0	1	018048402104004a0401018c0006220	1c3ea7be96f35fb5b3b65e73f359ddd	0	0
5668	7	8	8	0	0	0180600010220194060001441018408	1c3e8ffea7d55e6bb1b75ebbe347bf5	0	0
5669	7	4	10	0	0	018060402012025800101048100a120	1c3e8fbe97e55da7b7a74fb7e355edd	0	0
5670	7	9	4	0	0	0180800091041428000310980012208	1c3e6ffe26f34bd7b7b44f67f34ddf5	0	0
5671	7	9	7	0	0	01808004101202a8009000c05300220	1c3e6ffaa7e55d57b7275f3fa05fddd	0	0
5672	7	9	4	0	1	01808020102202a800a001501140044	1c3e6fdea7d55d57b7175eafe21ffb9	0	0
5673	7	9	4	0	1	01808020204302240081018c0009044	1c3e6fde97b45ddbb7365e73f356fb9	0	0
5674	7	6	4	0	0	01808082800700280014108821010c0	1c3e6f7c37f05fd7b7a34f77d25ef3d	0	0
5675	7	6	4	0	1	01808082800700280014500820030c0	1c3e6f7c37f05fd7b7a30ff7d35cf3d	0	0
5676	7	4	4	0	0	018080a081040628000110980011044	1c3e6f5e36f359d7b7b64f67f34efb9	0	0
5677	7	5	1	0	0	01808102101340200090410a000a044	1c3e6efca7e41fdfb7271ef5f355fb9	0	0
5678	7	6	6	0	0	01808102201300300090012a000a104	1c3e6efc97e45fcfb7275ed5f355ef9	0	0
5679	7	3	6	0	0	01808102201300700090010a000a104	1c3e6efc97e45f8fb7275ef5f355ef9	0	0
5680	7	1	6	0	0	01808102201300700090018a0008104	1c3e6efc97e45f8fb7275e75f357ef9	0	0
5681	7	5	2	0	0	01808102201340200090410a0008844	1c3e6efc97e41fdfb7271ef5f3577b9	0	0
5682	7	5	0	0	0	01808102201340200090410a000a044	1c3e6efc97e41fdfb7271ef5f355fb9	0	1
5683	7	4	4	0	0	01808102201340300010012a0042044	1c3e6efc97e41fcfb7a75ed5f31dfb9	0	0
5684	7	3	4	0	0	01808102201340300090010a0002844	1c3e6efc97e41fcfb7275ef5f35d7b9	0	0
5685	7	1	4	0	0	01808102201340300090012a0002044	1c3e6efc97e41fcfb7275ed5f35dfb9	0	0
5686	7	2	4	0	0	0180810220134030009041020002844	1c3e6efc97e41fcfb7271efdf35d7b9	0	0
5687	7	7	0	0	0	0180810280045020241050082002890	1c3e6efc37f30fdf93a70ff7d35d76d	0	0
5688	7	5	2	0	0	0180810280065020041050082002890	1c3e6efc37f10fdfb3a70ff7d35d76d	0	0
5689	7	5	6	0	0	01808110106002a002015000524000c	1c3e6eeea7975d5fb5b60fffa11fff1	0	0
5690	7	7	2	0	0	0180811020021060848050082006030	1c3e6eee97f54f9f33370ff7d359fcd	0	0
5691	7	8	4	0	0	01808120004302240081018c0009044	1c3e6edeb7b45ddbb7365e73f356fb9	0	0
5692	7	6	4	0	0	018081201022022800a001501140044	1c3e6edea7d55dd7b7175eafe21ffb9	0	0
5693	7	3	4	0	0	01808120102202a800a001101140044	1c3e6edea7d55d57b7175eefe21ffb9	0	0
5694	7	5	8	0	0	0180812081020620040108888041014	1c3e6ede36f559dfb3b65777731efe9	0	0
5695	7	6	4	0	1	0180812201020228040108882041014	1c3e6edcb6f55dd7b3b65777d31efe9	0	0
5696	7	6	4	0	1	0180813000061020248000a82050018	1c3e6eceb7f14fdf93375f57d30ffe5	0	0
5697	7	6	4	0	1	0180813000420224040108882041014	1c3e6eceb7b55ddbb3b65777d31efe9	0	0
5698	7	8	4	0	0	0180820010c00154060001460009408	1c3e6dfea7375eabb1b75eb9f356bf5	0	0
5699	7	8	4	0	0	0180820011041428000310980014208	1c3e6dfea6f34bd7b7b44f67f34bdf5	0	0
5700	7	4	10	0	0	0180820030a00294000141041018480	1c3e6dfe87575d6bb7b61efbe347b7d	0	0
5701	7	3	9	0	0	0180820030a00294040101041018480	1c3e6dfe87575d6bb3b65efbe347b7d	0	0
5702	7	4	8	0	1	0180820091050430000102828005240	1c3e6dfe26f25bcfb7b65d7d735adbd	0	0
5703	7	7	6	0	0	0180820092010414000341024003420	1c3e6dfe25f65bebb7b41efdb35cbdd	0	0
5704	7	4	1	0	0	0180820092030414020001828009440	1c3e6dfe25f45bebb5b75e7d7356bbd	0	0
5705	7	6	4	0	1	0180820092810014000341024003420	1c3e6dfe25765febb7b41efdb35cbdd	0	0
5706	7	3	2	0	1	0180820093010410800340120005060	1c3e6dfe24f65bef37b41fedf35af9d	0	0
5707	7	1	4	0	0	0180820211810094000341044002408	1c3e6dfca6765f6bb7b41efbb35dbf5	0	0
5708	7	4	4	0	1	0180820214800154040001540009088	1c3e6dfca3775eabb3b75eabf356f75	0	0
5709	7	4	3	0	0	0180820220a10054000141060009404	1c3e6dfc97565fabb7b61ef9f356bf9	0	0
5710	7	4	4	0	0	0180820224800154040001260009408	1c3e6dfc93775eabb3b75ed9f356bf5	0	0
5711	7	6	4	0	0	0180820280830014000341060009404	1c3e6dfc37745febb7b41ef9f356bf9	0	0
5712	7	4	8	0	1	0180820600060270001001520102090	1c3e6df8b7f15d8fb7a75eadf25df6d	0	0
5713	7	4	8	0	0	0180820814200450240001430005420	1c3e6df6a3d75baf93b75ebcf35abdd	0	0
5714	7	4	3	0	0	0180820884021114040000648009410	1c3e6df633f54eebb3b75f9b7356bed	0	0
5715	7	4	2	0	0	0180820884021214040000648009410	1c3e6df633f54debb3b75f9b7356bed	0	0
5716	7	2	4	0	0	0180820a04020294040109040003410	1c3e6df4b3f55d6bb3b656fbf35cbed	0	0
5717	7	5	4	0	0	0180821020441220040110282102090	1c3e6dee97b34ddfb3b64fd7d25df6d	0	0
5718	7	3	2	0	1	0180821020441230040100206140090	1c3e6dee97b34dcfb3b65fdf921ff6d	0	0
5719	7	2	4	0	1	0180821020441230040100a02140090	1c3e6dee97b34dcfb3b65f5fd21ff6d	0	0
5720	7	4	4	0	1	0180821200120270040000ca00090c0	1c3e6decb7e55d8fb3b75f35f356f3d	0	0
5721	7	4	4	0	0	01808212010201b0000250006004c40	1c3e6decb6f55e4fb7b50fff935b3bd	0	0
5722	7	5	6	0	1	0180821201040160040212082004a10	1c3e6decb6f35e9fb3b54df7d35b5ed	0	0
5723	7	4	6	0	0	0180821201040170000212006004e00	1c3e6decb6f35e8fb7b54dff935b1fd	0	0
5724	7	8	0	0	0	0180822000121224042000cc0009090	1c3e6ddeb7e54ddbb3975f33f356f6d	0	0
5725	7	8	6	0	1	0180822000220450250001520041028	1c3e6ddeb7d55baf92b75eadf31efd5	0	0
5726	7	7	4	0	0	0180822010041428000311180012088	1c3e6ddea7f34bd7b7b44ee7f34df75	0	0
5727	7	5	6	0	0	01808220103000e0042001421108180	1c3e6ddea7c75f1fb3975ebde257e7d	0	0
5728	7	4	4	0	0	0180822011100468040000c880050c0	1c3e6ddea6e75b97b3b75f37735af3d	0	0
5729	7	1	1	0	0	0180822012810105020201224008408	1c3e6ddea5765efab5b55eddb357bf5	0	0
5730	7	7	6	0	0	0180822020400470040101860009088	1c3e6dde97b75b8fb3b65e79f356f75	0	0
5731	7	4	4	0	0	0180822020c00154040001260009408	1c3e6dde97375eabb3b75ed9f356bf5	0	0
5732	7	7	7	0	1	0180822080041230040100a48009090	1c3e6dde37f34dcfb3b65f5b7356f6d	0	0
5733	7	6	2	0	1	0180822080820410150001520048021	1c3e6dde37755befa2b75eadf317fdc	0	0
5734	7	4	6	0	0	0180822082030404200241024001c20	1c3e6dde35f45bfb97b51efdb35e3dd	0	0
5735	7	2	6	0	0	0180822082030404220205020001c10	1c3e6dde35f45bfb95b55afdf35e3ed	0	0
5736	7	5	7	0	1	0180822200120248041040510003090	1c3e6ddcb7e55db7b3a71faef35cf6d	0	0
5737	7	5	6	0	1	0180822200120250041000d20009180	1c3e6ddcb7e55dafb3a75f2df356e7d	0	0
5738	7	4	6	0	1	0180822200120270001000d20009180	1c3e6ddcb7e55d8fb7a75f2df356e7d	0	0
5739	7	2	6	0	1	0180822200120270041000c20009180	1c3e6ddcb7e55d8fb3a75f3df356e7d	0	0
5740	7	4	4	0	1	01808222012000e8000118102005204	1c3e6ddcb6d75f17b7b647efd35adf9	0	0
5741	7	6	4	0	1	0180823000120064042000ca0009048	1c3e6dceb7e55f9bb3975f35f356fb5	0	0
5742	7	5	7	0	0	0180823000120460042000ca0009048	1c3e6dceb7e55b9fb3975f35f356fb5	0	0
5743	7	3	4	0	1	0180842080254024000300821110041	1c3e6bde37d21fdbb7b45f7de24ffbc	0	0
5744	7	8	2	0	0	0180880800250052002141060005404	1c3e67f6b7d25fadb7961ef9f35abf9	0	0
5745	7	5	6	0	0	0180880820250050048001241104024	1c3e67f697d25fafb3375edbe25bfd9	0	0
5746	7	4	9	0	0	0180880820250052002001241044404	1c3e67f697d25fadb7975edbe31bbf9	0	0
5747	7	4	7	0	0	0180880820250052040001241104024	1c3e67f697d25fadb3b75edbe25bfd9	0	0
5748	7	4	4	0	1	01808810208402700400102810060a0	1c3e67ee97735d8fb3b74fd7e359f5d	0	0
5749	7	7	7	0	1	0180882010041428000301980012088	1c3e67dea7f34bd7b7b45e67f34df75	0	0
5750	7	7	2	0	0	0180882010041428000311180012088	1c3e67dea7f34bd7b7b44ee7f34df75	0	0
5751	7	5	4	0	0	0180882020141060048000a09104180	1c3e67de97e34f9fb3375f5f625be7d	0	0
5752	7	3	6	0	1	0180882020500268048000281003090	1c3e67de97a75d97b3375fd7e35cf6d	0	0
5753	7	4	6	0	1	0180882020614004140000a03140009	1c3e67de97961ffba3b75f5fc21fff4	0	0
5754	7	5	2	0	0	0180a02020220890040111003048500	1c3e4fde97d5576fb3b64effc317afd	0	0
5755	7	4	8	0	0	0180c00031100460240042090003028	1c3e2ffe86e75b9f93b71df6f35cfd5	0	0
5756	7	4	9	0	0	0180c00031100468040002890003028	1c3e2ffe86e75b97b3b75d76f35cfd5	0	0
5757	7	3	4	0	1	0180c00091041428000300980012208	1c3e2ffe26f34bd7b7b45f67f34ddf5	0	0
5758	7	9	0	0	1	0182000284800330011002460001884	1c3ceffc33775ccfb6a75db9f35e779	0	0
5759	7	4	6	0	0	0182010032210050808001809104180	1c3ceefe85d65faf37375e7f625be7d	0	0
5760	7	6	4	0	0	01820114001200a8008440205044220	1c3ceeeab7e55f57b7331fdfa31bddd	0	0
5761	7	5	9	0	1	0182020210a00150050001460009088	1c3cedfca7575eafb2b75eb9f356f75	0	0
5762	7	5	1	0	1	0182020214800150050003060009088	1c3cedfca3775eafb2b75cf9f356f75	0	0
5763	7	5	4	0	1	0182020224800150050001260009088	1c3cedfc93775eafb2b75ed9f356f75	0	0
5764	7	5	0	0	1	0182020224800150050003060009088	1c3cedfc93775eafb2b75cf9f356f75	0	1
5765	7	6	6	0	1	0182020284040110850002260005081	1c3cedfc33f35eef32b75dd9f35af7c	0	0
5766	7	8	2	0	1	01820204060000c180034112000c180	1c3cedfab1f75f3e37b41eedf353e7d	0	0
5767	7	6	7	0	1	018202042220005100034112000c104	1c3cedfa95d75faeb7b41eedf353ef9	0	0
5768	7	5	3	0	1	01820206050000e000034106000a110	1c3cedf8b2f75f1fb7b41ef9f355eed	0	0
5769	7	1	3	0	1	01820214004200f0008241060008014	1c3cedeab7b55f0fb7351ef9f357fe9	0	0
5770	7	6	6	0	1	0182023000420230008201460008814	1c3cedceb7b55dcfb7355eb9f3577e9	0	0
5771	7	6	6	0	1	018202600006020c0012018c0010890	1c3ced9eb7f15df3b7a55e73f34f76d	0	0
5772	7	4	8	0	0	0182080424040160808001848104081	1c3ce7fa93f35e9f37375e7b725bf7c	0	0
5773	7	6	6	0	0	0182081020140050848000a09104180	1c3ce7ee97e35faf33375f5f625be7d	0	0
5774	7	6	6	0	1	01820810201400580480028a0014005	1c3ce7ee97e35fa7b3375d75f34bff8	0	0
5775	7	7	3	0	0	01820820104005280082018c00018c0	1c3ce7dea7b75ad7b7355e73f35e73d	0	0
5776	7	4	2	0	1	0182082020441218000101244240084	1c3ce7de97b34de7b7b65edbb11ff79	0	0
5777	7	4	6	0	1	01820840124005180002018a0001888	1c3ce7bea5b75ae7b7b55e75f35e775	0	0
5778	7	8	4	0	1	01822010001400d8048000a05044220	1c3ccfeeb7e35f27b3375f5fa31bddd	0	0
5779	7	5	7	0	0	0182201010120288009000d04102220	1c3ccfeea7e55d77b7275f2fb25dddd	0	0
5780	7	6	4	0	0	0182201020140050848000a09104180	1c3ccfee97e35faf33375f5f625be7d	0	0
5781	7	5	1	0	0	0182205000120248009000c841020a0	1c3ccfaeb7e55db7b7275f37b25df5d	0	0
5782	7	1	1	0	1	0182205000120258009000c840020a0	1c3ccfaeb7e55da7b7275f37b35df5d	0	0
5783	7	4	6	0	1	01824000902203300100404410090a0	1c3caffe27d55ccfb6b71fbbe356f5d	0	0
5784	7	4	4	0	1	01824000908203300100404410090a0	1c3caffe27755ccfb6b71fbbe356f5d	0	0
5785	7	6	4	0	0	0182800032030000a08211081104060	1c3c6ffe85f45fff17354ef7e25bf9d	0	0
5786	7	2	4	0	1	018280003203011102800142000c044	1c3c6ffe85f45eeeb5375ebdf353fb9	0	0
5787	7	6	3	0	0	0182800420064020209010205110208	1c3c6ffa97f11fdf97274fdfa24fdf5	0	0
5788	7	10	3	0	0	04000312004410608401028a01040c0	19beececb7b34f9f33b65d75f25bf3d	0	0
5789	7	10	3	0	1	04000312014000e082010898000c0c0	19beececb6b75f1f35b65767f353f3d	0	0
5790	7	10	6	0	0	04000520130005208401088880050a0	19beeadea4f75adf33b65777735af5d	0	0
5791	7	10	2	0	0	0400091020821060848050082014024	19bee6ee97754f9f33370ff7d34bfd9	0	0
5792	7	10	6	0	1	04000a12001500700021028a00050c0	19bee5ecb7e25f8fb7965d75f35af3d	0	0
5793	7	10	7	0	1	04000c18005000f0040102890003060	19bee3e6b7a75f0fb3b65d76f35cf9d	0	0
5794	7	10	6	0	1	04000c18005008b00401022a0003044	19bee3e6b7a7574fb3b65dd5f35cfb9	0	0
5795	7	10	4	0	1	04000c30009000e2048000a28011204	19bee3ceb7675f1db3375f5d734edf9	0	0
5796	7	10	6	0	0	04002830001204a014800428105000c	19bec7ceb7e55b5fa3375bd7e30fff1	0	0
5797	7	10	4	0	1	04004800a2801220140150081010824	19bea7fe15774ddfa3b60ff7e34f7d9	0	0
5798	7	10	6	0	1	0400484080074001222000a82041050	19bea7be37f01ffe95975f57d31efad	0	0
5799	7	10	4	0	0	0400840214110042828010501003060	19be6bfca3e65fbd35374fafe35cf9d	0	0
5800	7	10	4	0	0	0402082080061230000518048041024	19bce7de37f14dcfb7b247fb731efd9	0	0
5801	7	8	6	0	0	04040a20022001910402051200048c0	19bae5deb5d75e6eb3b55aedf35b73d	0	0
5802	7	4	9	0	0	0404241011110820102000ca000a050	19bacbeea6e657dfa7975f35f355fad	0	0
5803	7	5	4	0	0	0404245000150102028002228011204	19bacbaeb7e25efdb5375ddd734edf9	0	0
5804	7	8	6	0	0	0404280024414001128000a03240018	19bac7fe93b61ffea5375f5fc11ffe5	0	0
5805	7	4	6	0	0	0404286000244101120001828200888	19bac79eb7d31efea5b75e7d715f775	0	0
5806	7	5	4	0	0	04044402220412200401028811100c0	19baabfc95f34ddfb3b65d77e24ff3d	0	0
5807	7	5	4	0	0	040482220104120014010880a300090	19ba6ddcb6f34dffa3b6577f505ff6d	0	0
5808	7	6	6	0	0	0404840a00300060160044011003090	19ba6bf4b7c75f9fa1b71bfee35cf6d	0	0
5809	7	3	6	0	1	0404884200220894040401030003208	19ba67bcb7d5576bb3b35efcf35cdf5	0	0
5810	7	6	7	0	0	0406041200500060820202890041044	19b8ebecb7a75f9f35b55d76f31efb9	0	0
5811	7	6	6	0	0	0406041200500060820202890041084	19b8ebecb7a75f9f35b55d76f31ef79	0	0
5812	7	6	2	0	0	04060412005000608202028900410c0	19b8ebecb7a75f9f35b55d76f31ef3d	0	0
5813	7	2	6	0	0	04062000a50008b0002101840048014	19b8cffe12f7574fb7965e7bf317fe9	0	0
5814	7	5	4	0	0	04080494009001a0028004301110090	19b6eb6ab7675e5fb5375bcfe24ff6d	0	0
5815	7	5	9	0	0	04080494009001a0048004205110090	19b6eb6ab7675e5fb3375bdfa24ff6d	0	0
5816	7	5	7	0	0	04080494009001a0060004205110090	19b6eb6ab7675e5fb1b75bdfa24ff6d	0	0
5817	7	4	6	0	1	0408088284051024000402822110101	19b6e77c33f24fdbb7b35d7dd24fefc	0	0
5818	7	7	3	0	0	040808d0010000c0a60014012102060	19b6e72eb6f75f3f11b74bfed25df9d	0	0
5819	7	4	7	0	1	04080a0600061060840041028104104	19b6e5f8b7f14f9f33b71efd725bef9	0	0
5820	7	5	7	0	1	04080c00a2801060040104809108280	19b6e3fe15774f9fb3b65b7f6257d7d	0	0
5821	7	6	6	0	0	04080c1024100061000544030202090	19b6e3ee93e75f9eb7b21bfcf15df6d	0	0
5822	7	6	6	0	0	04080c14001200a4048000a05110220	19b6e3eab7e55f5bb3375f5fa24fddd	0	0
5823	7	8	8	0	0	04080c20008210a0840114003140024	19b6e3deb7754f5f33b64bffc21ffd9	0	0
5824	7	7	8	0	0	04080c2020801060840114003140024	19b6e3de97774f9f33b64bffc21ffd9	0	0
5825	7	6	6	0	1	04080c2020820124040105041018280	19b6e3de97755edbb3b65afbe347d7d	0	0
5826	7	6	8	0	0	04080c2020821020840114003140024	19b6e3de97754fdf33b64bffc21ffd9	0	0
5827	7	4	8	0	0	04080c2020821060840014003140024	19b6e3de97754f9f33b74bffc21ffd9	0	0
5828	7	3	4	0	1	04080c20828010601401008091400a0	19b6e3de35774f9fa3b65f7f621ff5d	0	0
5829	7	3	4	0	0	04080c2082801060140110009140024	19b6e3de35774f9fa3b64fff621ffd9	0	0
5830	7	1	4	0	0	04080c20828010601401108091000a0	19b6e3de35774f9fa3b64f7f625ff5d	0	0
5831	7	6	9	0	0	04080c2400820121040104860009088	19b6e3dab7755edeb3b65b79f356f75	0	0
5832	7	6	7	0	0	04080c24008201210401048c0009088	19b6e3dab7755edeb3b65b73f356f75	0	0
5833	7	6	8	0	1	04080c24009000a4040104881018081	19b6e3dab7675f5bb3b65b77e347f7c	0	0
5834	7	4	6	0	0	04080c30008200e0840014003140024	19b6e3ceb7755f1f33b74bffc21ffd9	0	0
5835	7	5	0	0	0	040820a80110050025000c180005030	19b6cf56b6e75aff92b753e7f35afcd	0	0
5836	7	6	6	0	0	040821101110012404040228800c220	19b6ceeea6e75edbb3b35dd77353ddd	0	0
5837	7	6	4	0	0	040821101110012404040a088004a20	19b6ceeea6e75edbb3b355f7735b5dd	0	0
5838	7	6	8	0	1	04082260040200a0801118003050028	19b6cd9eb3f55f5f37a647ffc30ffd5	0	0
5839	7	6	9	0	0	04082414001200a4048000a05110030	19b6cbeab7e55f5bb3375f5fa24ffcd	0	0
5840	7	6	4	0	1	0408242020820124040105041018280	19b6cbde97755edbb3b65afbe347d7d	0	0
5841	7	6	6	0	0	0408242800220104160005041008c20	19b6cbd6b7d55efba1b75afbe3573dd	0	0
5842	7	6	6	0	1	0408246000220110142011021008920	19b6cb9eb7d55eefa3974efde3576dd	0	0
5843	7	3	6	0	0	0408280280154024000540009108081	19b6c7fc37e21fdbb7b21fff6257f7c	0	0
5844	7	6	4	0	0	04082814001200a4040150003012220	19b6c7eab7e55f5bb3b60fffc34dddd	0	0
5845	7	6	3	0	0	04082814001200a4048000a05110220	19b6c7eab7e55f5bb3375f5fa24fddd	0	0
5846	7	6	0	0	0	0408281400120124040212081014220	19b6c7eab7e55edbb3b54df7e34bddd	0	0
5847	7	6	10	0	1	0408282020820114040105041018088	19b6c7de97755eebb3b65afbe347f75	0	0
5848	7	6	3	0	1	0408282020820124040105041018280	19b6c7de97755edbb3b65afbe347d7d	0	0
5849	7	6	7	0	1	0408282020820130040105041018088	19b6c7de97755ecfb3b65afbe347f75	0	0
5850	7	2	6	0	0	04082830040202a0800514001050408	19b6c7ceb3f55d5f37b24bffe30fbf5	0	0
5851	7	3	4	0	0	04082860010202850404080c0002828	19b6c79eb6f55d7ab3b357f3f35d7d5	0	0
5852	7	1	2	0	1	0408410212810206040141005008220	19b6aefca5765df9b3b61effa357ddd	0	0
5853	7	4	9	0	1	0408410212810222000141005048024	19b6aefca5765dddb7b61effa317fd9	0	0
5854	7	6	6	0	1	04084800a0820130040105041018280	19b6a7fe17755ecfb3b65afbe347d7d	0	0
5855	7	6	8	0	0	04084800a0821020840150003110024	19b6a7fe17754fdf33b60fffc24ffd9	0	0
5856	7	4	8	0	0	04084800a0821060840050003110024	19b6a7fe17754f9f33b70fffc24ffd9	0	0
5857	7	5	4	0	0	04084800a2801060040150003110024	19b6a7fe15774f9fb3b60fffc24ffd9	0	0
5858	7	6	6	0	0	0408481020121020840150082012024	19b6a7ee97e54fdf33b60ff7d34dfd9	0	0
5859	7	4	6	0	0	0408481020121060840050082012024	19b6a7ee97e54f9f33b70ff7d34dfd9	0	0
5860	7	6	6	0	1	0408482020820130040105041018088	19b6a7de97755ecfb3b65afbe347f75	0	0
5861	7	1	8	0	0	0408482020901060840150003010024	19b6a7de97674f9f33b60fffc34ffd9	0	0
5862	7	1	4	0	0	0408482080841130040111048000824	19b6a7de37734ecfb3b64efb735f7d9	0	0
5863	7	3	4	0	0	0408482200061060250010003104060	19b6a7dcb7f14f9f92b74fffc25bf9d	0	0
5864	7	2	2	0	0	0408483000121060840218080014024	19b6a7ceb7e54f9f33b547f7f34bfd9	0	0
5865	7	4	7	0	1	0408483000141060800108980014024	19b6a7ceb7e34f9f37b65767f34bfd9	0	0
5866	7	2	7	0	1	0408483000141060840108880014024	19b6a7ceb7e34f9f33b65777f34bfd9	0	0
5867	7	3	7	0	0	040848408600024112010801100a420	19b6a7be31f75dbea5b657fee355bdd	0	0
5868	7	6	4	0	1	0408602020820130040105041018088	19b68fde97755ecfb3b65afbe347f75	0	0
5869	7	4	3	0	1	040882060403100412000122800a410	19b66df8b3f44ffba5b75edd7355bed	0	0
5870	7	4	4	0	1	04088800a0821050240014101044220	19b667fe17754faf93b74befe31bddd	0	0
5871	7	4	4	0	1	04088800a5010041220000b10044060	19b667fe12f65fbe95b75f4ef31bf9d	0	0
5872	7	5	6	0	0	0408880280151020000540828108081	19b667fc37e24fdfb7b21f7d7257f7c	0	0
5873	7	6	4	0	1	0408a022008200a4008141003018404	19b64fdcb7755f5bb7361effc347bf9	0	0
5874	7	4	6	0	1	040a01021281005080804102100c024	19b4eefca5765faf37371efde353fd9	0	0
5875	7	6	4	0	1	040a010600a00070012041021004884	19b4eef8b7575f8fb6971efde35b779	0	0
5876	7	4	7	0	0	040a040884800161000440250009030	19b4ebf633775e9eb7b31fdaf356fcd	0	0
5877	7	5	6	0	1	040a0800a3000244040444011100830	19b4e7fe14f75dbbb3b31bfee25f7cd	0	0
5878	7	4	3	0	0	040a0820808211101400140410088a0	19b4e7de37754eefa3b74bfbe35775d	0	0
5879	7	8	3	0	0	040a0840011000d100054803000a120	19b4e7beb6e75f2eb7b217fcf355edd	0	0
5880	7	4	7	0	0	0410018601101220120002888200910	19aeee78b6e74ddfa5b75d77715f6ed	0	0
5881	7	9	6	0	1	041002220110106016000060a048110	19aeeddcb6e74f9fa1b75f9f5317eed	0	0
5882	7	5	6	0	1	041002920141004014020a082104090	19aeed6cb6b65fbfa3b555f7d25bf6d	0	0
5883	7	6	6	0	0	0410030a01020068001206102104240	19aeecf4b6f55f97b7a559efd25bdbd	0	0
5884	7	5	7	0	0	0410031201040860060002212104050	19aeececb6f3579fb1b75dded25bfad	0	0
5885	7	6	6	0	1	041003120140006014010a08200c280	19aeececb6b75f9fa3b655f7d353d7d	0	0
5886	7	5	4	0	0	04100312014000e004010a0a0104048	19aeececb6b75f1fb3b655f5f25bfb5	0	0
5887	7	3	6	0	0	041003220110106016000020a048110	19aeecdcb6e74f9fa1b75fdf5317eed	0	0
5888	7	7	6	0	0	04100512001008700401028a00090c0	19aeeaecb7e7578fb3b65d75f356f3d	0	0
5889	7	5	4	0	0	041005180013081004010a0a0003060	19aeeae6b7e457efb3b655f5f35cf9d	0	0
5890	7	4	10	0	0	041005180110087000010249000a060	19aeeae6b6e7578fb7b65db6f355f9d	0	0
5891	7	9	4	0	0	0410081084800264000618088001c20	19aee7ee33775d9bb7b147f7735e3dd	0	0
5892	7	7	4	0	0	041009300002121014011800a240024	19aee6ceb7f54defa3b647ff511ffd9	0	0
5893	7	5	6	0	1	04100a28010200c8041004502104060	19aee5d6b6f55f37b3a75bafd25bf9d	0	0
5894	7	3	4	0	0	04102082240300a2009010003104120	19aecf7c93f45f5db7274fffc25bedd	0	0
5895	7	6	7	0	1	0410208284410008101108882041410	19aecf7c33b65ff7a7a65777d31ebed	0	0
5896	7	3	1	0	0	04102094001202a4048004081108030	19aecf6ab7e55d5bb3375bf7e257fcd	0	0
5897	7	4	7	0	0	04102400a1054021020000a0c100850	19aecbfe16f21fdeb5b75f5f325f7ad	0	0
5898	7	9	6	0	1	0410400093000a2012010a108101014	19aeaffe24f755dfa5b655ef725efe9	0	0
5899	7	6	2	0	0	0410408820230012001205140104060	19aeaf7697d45fedb7a55aebf25bf9d	0	0
5900	7	3	9	0	1	04104102808310208003010a0018104	19aeaefc37744fdf37b45ef5f347ef9	0	0
5901	7	3	6	0	0	0410412083000281240108180008830	19aeaede34f75d7e93b657e7f3577cd	0	0
5902	7	2	6	0	1	0410421201040840960008300104018	19aeadecb6f357bf21b757cff25bfe5	0	0
5903	7	4	6	0	1	041044009300016014000a088101030	19aeabfe24f75e9fa3b755f7725efcd	0	0
5904	7	7	6	0	0	04104400a1014021020200a0c100850	19aeabfe16f61fdeb5b55f5f325f7ad	0	0
5905	7	3	6	0	0	04104400a103402102020080c100850	19aeabfe16f41fdeb5b55f7f325f7ad	0	0
5906	7	4	6	0	0	04104400a1054021020000a0c100850	19aeabfe16f21fdeb5b75f5f325f7ad	0	0
5907	7	7	4	0	1	0410441800100870040202290003060	19aeabe6b7e7578fb3b55dd6f35cf9d	0	0
5908	7	4	4	0	1	0410483000140862040000a28005240	19aea7ceb7e3579db3b75f5d735adbd	0	0
5909	7	7	9	0	0	0410484080101068000312088003060	19aea7be37e74f97b7b44df7735cf9d	0	0
5910	7	6	4	0	1	0410484084800230000318009001920	19aea7be33775dcfb7b447ff635e6dd	0	0
5911	7	3	3	0	1	0410820211041060840208088104090	19ae6dfca6f34f9f33b557f7725bf6d	0	0
5912	7	6	7	0	0	041082028110007000030a108101050	19ae6dfc36e75f8fb7b455ef725efad	0	0
5913	7	6	3	0	0	0410820a00130021020202490048041	19ae6df4b7e45fdeb5b55db6f317fbc	0	0
5914	7	4	3	0	0	0410820a001300610002480a0009050	19ae6df4b7e45f9eb7b517f5f356fad	0	0
5915	7	6	3	0	0	0410820a0110007000030a108101050	19ae6df4b6e75f8fb7b455ef725efad	0	0
5916	7	5	3	0	0	0410820a0111006000030a088101050	19ae6df4b6e65f9fb7b455f7725efad	0	0
5917	7	1	3	0	1	04108242048000d1000309120008090	19ae6dbcb3775f2eb7b456edf357f6d	0	0
5918	7	1	6	0	0	0410884084040841220212102040041	19ae67be33f357be95b54defd31ffbc	0	0
5919	7	6	3	0	0	04108842041000430003029800410c0	19ae67bcb3e75fbcb7b45d67f31ef3d	0	0
5920	7	4	4	0	0	0410a0208104112014001020a100830	19ae4fde36f34edfa3b74fdf525f7cd	0	0
5921	7	6	6	0	1	0412080a005000700003090a0009104	19ace7f4b7a75f8fb7b456f5f356ef9	0	0
5922	7	9	7	0	1	0420010485000920210102310009220	199eeefa32f756df96b65dcef356ddd	0	0
5923	7	5	2	0	1	0420018c002340200012480810140a0	199eee72b7d41fdfb7a517f7e34bf5d	0	0
5924	7	5	6	0	0	0420018c002500600110408091040a0	199eee72b7d25f9fb6a71f7f625bf5d	0	0
5925	7	7	7	0	0	0420019081000880a60004310102050	199eee6e36f7577f11b75bcef25dfad	0	0
5926	7	7	6	0	0	04200198002101201014082881040a0	199eee66b7d65edfa7a357d7725bf5d	0	0
5927	7	7	4	0	0	0420019801000860260004412102050	199eee66b6f7579f91b75bbed25dfad	0	0
5928	7	4	2	0	1	042001c203000870001000c9000c0c0	199eee3cb4f7578fb7a75f36f353f3d	0	0
5929	7	9	4	0	0	0420020813010101140208288104050	199eedf6a4f65efea3b557d7725bfad	0	0
5930	7	4	10	0	0	04200282850000c180025011000a140	199eed7c32f75f3e37b50feef355ebd	0	0
5931	7	6	6	0	1	0420028605010020800312088003108	199eed78b2f65fdf37b44df7735cef5	0	0
5932	7	6	6	0	1	0420028c002500201110402091040a0	199eed72b7d25fdfa6a71fdf625bf5d	0	0
5933	7	3	6	0	1	0420028c002500601110400091040a0	199eed72b7d25f9fa6a71fff625bf5d	0	0
5934	7	7	8	0	1	0420028c01010120101208288104030	199eed72b6f65edfa7a557d7725bfcd	0	0
5935	7	7	6	0	0	0420028c01010120101240248104030	199eed72b6f65edfa7a51fdb725bfcd	0	0
5936	7	6	6	0	0	042002c08300004502024041800a410	199eed3e34f75fbab5b51fbe7355bed	0	0
5937	7	6	7	0	1	042002c08300006102024041800a050	199eed3e34f75f9eb5b51fbe7355fad	0	0
5938	7	6	7	0	1	04200304130000a0822041108008844	199eecfaa4f75f5f35971eef73577b9	0	0
5939	7	5	7	0	1	042003300044106004010282800c240	199eecceb7b34f9fb3b65d7d7353dbd	0	0
5940	7	3	9	0	1	042003300044106084010082800c0c0	199eecceb7b34f9f33b65f7d7353f3d	0	0
5941	7	3	0	0	1	0420035005000860222000412048050	199eecaeb2f7579f95975fbed317fad	0	0
5942	7	3	10	0	1	04200504130001608220008880090c0	199eeafaa4f75e9f35975f777356f3d	0	0
5943	7	6	4	0	1	042005101180010414040a088200a20	199eeaeea6775efba3b355f7715f5dd	0	0
5944	7	4	8	0	1	0420054801200870020002218003044	199eeab6b6d7578fb5b75dde735cfb9	0	0
5945	7	3	1	0	0	042006081301004182024001800a440	199ee9f6a4f65fbe35b51ffe7355bbd	0	0
5946	7	6	10	0	1	0420061204400060800312090041044	199ee9ecb3b75f9f37b44df6f31efb9	0	0
5947	7	6	7	0	1	042006401300006102024041800a050	199ee9bea4f75f9eb5b51fbe7355fad	0	0
5948	7	4	6	0	0	04200880a4051024000402848140021	199ee77e13f24fdbb7b35d7b721ffdc	0	0
5949	7	4	6	0	1	042008c801210051000200c88006140	199ee736b6d65faeb7b55f377359ebd	0	0
5950	7	3	0	0	0	042008c803000181240208090104030	199ee736b4f75e7e93b557f6f25bfcd	0	0
5951	7	6	6	0	0	0420091084040062002440828048401	199ee6ee33f35f9db7931f7d7317bfc	0	0
5952	7	6	6	0	0	04200914001200a4048040281012030	199ee6eab7e55f5bb3371fd7e34dfcd	0	0
5953	7	5	10	0	0	04200924012000c1018000b08006240	199ee6dab6d75f3eb6375f4f7359dbd	0	0
5954	7	4	2	0	0	042009480300025100010858000a060	199ee6b6b4f75daeb7b657a7f355f9d	0	0
5955	7	4	0	0	0	042009480300031100010858000a060	199ee6b6b4f75ceeb7b657a7f355f9d	0	0
5956	7	4	6	0	0	04200960012000d1008000b08006140	199ee69eb6d75f2eb7375f4f7359ebd	0	0
5957	7	3	6	0	1	04200960012000d2010400908044021	199ee69eb6d75f2db6b35f6f731bfdc	0	0
5958	7	5	4	0	0	04200a1800150050040108828101060	199ee5e6b7e25fafb3b6577d725ef9d	0	0
5959	7	5	4	0	1	04200a18005100500402082a0003060	199ee5e6b7a65fafb3b557d5f35cf9d	0	0
5960	7	4	4	0	1	04200a2082041070000110908041060	199ee5de35f34f8fb7b64f6f731ef9d	0	0
5961	7	4	4	0	1	04200a2082041070000118108041024	199ee5de35f34f8fb7b647ef731efd9	0	0
5962	7	4	10	0	1	04200a2400241070000204860014081	199ee5dab7d34f8fb7b55b79f34bf7c	0	0
5963	7	6	6	0	0	04200a4802100051000348120003030	199ee5b6b5e75faeb7b417edf35cfcd	0	0
5964	7	1	6	0	0	0420208091054005020202888002410	199ecf7e26f21ffab5b55d77735dbed	0	0
5965	7	5	0	0	0	04202080a5005020000612108102030	199ecf7e12f70fdfb7b14def725dfcd	0	0
5966	7	4	7	0	1	04202080a5005020100402908100830	199ecf7e12f70fdfa7b35d6f725f7cd	0	0
5967	7	3	0	0	0	04202080a5011024000602048102030	199ecf7e12f64fdbb7b15dfb725dfcd	0	0
5968	7	6	4	0	0	04202082840440220005121011010a0	199ecf7c33f31fddb7b24defe25ef5d	0	0
5969	7	8	10	0	0	04202090001204a012800c081050014	199ecf6eb7e55b5fa53753f7e30ffe9	0	0
5970	7	3	4	0	1	04202090109001a4048000481018220	199ecf6ea7675e5bb3375fb7e347ddd	0	0
5971	7	3	4	0	0	0420211010910104848000288011204	199eceeea7665efb33375fd7734edf9	0	0
5972	7	3	4	0	0	0420211010910124000640088018081	199eceeea7665edbb7b11ff77347f7c	0	0
5973	7	6	0	0	1	0420211010a000b00480408050140a0	199eceeea7575f4fb3371f7fa34bf5d	0	0
5974	7	6	10	0	1	0420211081800104140402288008a20	199eceee36775efba3b35dd773575dd	0	0
5975	7	6	7	0	1	0420211081800120140402288008a20	199eceee36775edfa3b35dd773575dd	0	0
5976	7	6	9	0	0	04202114001200a4048040805010830	199eceeab7e55f5bb3371f7fa34f7cd	0	0
5977	7	6	4	0	0	04202114001200a4048040881010830	199eceeab7e55f5bb3371f77e34f7cd	0	0
5978	7	3	0	0	0	04202140111041208220008880090c0	199ecebea6e71edf35975f777356f3d	0	0
5979	7	6	4	0	0	0420214081044021020100a88042050	199ecebe36f31fdeb5b65f57731dfad	0	0
5980	7	6	7	0	0	0420214081044021020102888002850	199ecebe36f31fdeb5b65d77735d7ad	0	0
5981	7	6	0	0	0	0420214081044021020102888042050	199ecebe36f31fdeb5b65d77731dfad	0	0
5982	7	6	7	0	1	0420221400150024000342088018005	199ecdeab7e25fdbb7b41df77347ff8	0	0
5983	7	2	0	0	1	0420221400150124002242080018081	199ecdeab7e25edbb7951df7f347f7c	0	0
5984	7	7	10	0	0	0420240034005001128002828002c10	199ecbfe83f70ffea5375d7d735d3ed	0	0
5985	7	6	6	0	1	0420241021050024000502288108024	199ecbee96f25fdbb7b25dd77257fd9	0	0
5986	7	6	7	0	0	0420244011044021000302888102050	199ecbbea6f31fdeb7b45d77725dfad	0	0
5987	7	4	7	0	1	04202444000641210001028a0011210	199ecbbab7f11edeb7b65d75f34eded	0	0
5988	7	5	6	0	1	04202800a14101040401048c0001a10	199ec7fe16b65efbb3b65b73f35e5ed	0	0
5989	7	7	1	0	0	0420280484004121008110908001a10	199ec7fa33f71edeb7364f6f735e5ed	0	0
5990	7	4	7	0	0	0420280484044121000110980001830	199ec7fa33f31edeb7b64f67f35e7cd	0	0
5991	7	6	4	0	0	0420281020150012040100a091400a0	199ec7ee97e25fedb3b65f5f621ff5d	0	0
5992	7	7	4	0	1	0420281080050124000518088001a20	199ec7ee37f25edbb7b247f7735e5dd	0	0
5993	7	6	6	0	1	0420281081050004102400a88008e00	199ec7ee36f25ffba7935f5773571fd	0	0
5994	7	6	9	0	1	04202814001200a0148004281050014	199ec7eab7e55f5fa3375bd7e30ffe9	0	0
5995	7	6	1	0	1	04202814001200a4048040281012030	199ec7eab7e55f5bb3371fd7e34dfcd	0	0
5996	7	6	0	0	1	04202814002200a0148050003012220	199ec7eab7d55f5fa3370fffc34dddd	0	0
5997	7	6	7	0	0	0420284400220081150050003002a20	199ec7bab7d55f7ea2b70fffc35d5dd	0	0
5998	7	2	0	0	0	04202850001204b0008248001050024	199ec7aeb7e55b4fb73517ffe30ffd9	0	0
5999	7	4	6	0	0	0420285000220181140050022002a20	199ec7aeb7d55e7ea3b70ffdd35d5dd	0	0
6000	7	9	4	0	1	0420400093010100322008308101050	199eaffe24f65eff859757cf725efad	0	0
6001	7	9	4	0	1	0420400093010100342008288101050	199eaffe24f65eff839757d7725efad	0	0
6002	7	9	4	0	1	0420400882030101160008288003050	199eaff635f45efea1b757d7735cfad	0	0
6003	7	6	4	0	1	0420408283010000340108888101050	199eaf7c34f65fff83b65777725efad	0	0
6004	7	8	9	0	0	0420410011104820202102910009240	199eaefea6e717df97965d6ef356dbd	0	0
6005	7	8	9	0	0	042041001110482020210a180009044	199eaefea6e717df979655e7f356fb9	0	0
6006	7	8	6	0	1	0420410085000920210102310009220	199eaefe32f756df96b65dcef356ddd	0	0
6007	7	4	2	0	0	0420410093001820100102908108240	199eaefe24f747dfa7b65d6f7257dbd	0	0
6008	7	5	4	0	1	04204100a2801060040140809018280	199eaefe15774f9fb3b61f7f6347d7d	0	0
6009	7	3	6	0	1	0420410a0007006201104008100c024	199eaef4b7f05f9db6a71ff7e353fd9	0	0
6010	7	6	0	0	0	0420416000220128001218081014060	199eae9eb7d55ed7b7a547f7e34bf9d	0	0
6011	7	5	4	0	1	0420420093010100122008308101050	199eadfe24f65effa59757cf725efad	0	0
6012	7	6	6	0	1	04204402220500202011028a0110041	199eabfc95f25fdf97a65d75f24ffbc	0	0
6013	7	6	4	0	1	04204800a20410220401408091008a0	199ea7fe15f34fddb3b61f7f625f75d	0	0
6014	7	4	4	0	1	04204800a20410620400408091008a0	199ea7fe15f34f9db3b71f7f625f75d	0	0
6015	7	8	2	0	0	0420480800144062040106081101060	199ea7f6b7e31f9db3b659f7e25ef9d	0	0
6016	7	7	6	0	1	0420480880044060240106081101060	199ea7f637f31f9f93b659f7e25ef9d	0	0
6017	7	3	6	0	0	0420480880064121040100888101050	199ea7f637f11edeb3b65f77725efad	0	0
6018	7	7	6	0	1	0420481800100870040202288003044	199ea7e6b7e7578fb3b55dd7735cfb9	0	0
6019	7	6	6	0	1	0420481800140070040102888003060	199ea7e6b7e35f8fb3b65d77735cf9d	0	0
6020	7	3	4	0	0	0420482080061120150010009100860	199ea7de37f14edfa2b74fff625f79d	0	0
6021	7	6	4	0	0	0420482082041020140110809100860	199ea7de35f34fdfa3b64f7f625f79d	0	0
6022	7	6	4	0	0	0420484086000041200350110003060	199ea7be31f75fbe97b40feef35cf9d	0	0
6023	7	4	1	0	0	0420484086000141200150110009060	199ea7be31f75ebe97b60feef356f9d	0	0
6024	7	5	6	0	0	0420600031114020002102888101014	199e8ffe86e61fdfb7965d77725efe9	0	0
6025	7	5	4	0	0	0420600031114020002102888101044	199e8ffe86e61fdfb7965d77725efb9	0	0
6026	7	7	6	0	1	0420600091014020102102888101014	199e8ffe26f61fdfa7965d77725efe9	0	0
6027	7	7	4	0	1	0420600091014020102102888101044	199e8ffe26f61fdfa7965d77725efb9	0	0
6028	7	6	4	0	1	0420600093010000320108908101030	199e8ffe24f65fff85b6576f725efcd	0	0
6029	7	6	4	0	1	0420600093010000340108888101030	199e8ffe24f65fff83b65777725efcd	0	0
6030	7	1	4	0	0	0420605000060901160010282002050	199e8faeb7f156fea1b74fd7d35dfad	0	0
6031	7	5	4	0	1	0420808281051020000340828102050	199e6f7c36f24fdfb7b41f7d725dfad	0	0
6032	7	6	4	0	0	042080a400141020128000a09050410	199e6f5ab7e34fdfa5375f5f630fbed	0	0
6033	7	4	4	0	0	0420810094811000300450028208021	199e6efe23764fff87b30ffd7157fdc	0	0
6034	7	3	4	0	0	0420810410910084248040081018021	199e6efaa7665f7b93371ff7e347fdc	0	0
6035	7	7	6	0	1	04208144000202b0009000a05050220	199e6ebab7f55d4fb7275f5fa30fddd	0	0
6036	7	6	6	0	1	0420820600150030001100a28009280	199e6df8b7e25fcfb7a65f5d7356d7d	0	0
6037	7	7	4	0	0	0420820811010101140208288104050	199e6df6a6f65efea3b557d7725bfad	0	0
6038	7	4	4	0	1	04208800a1051010200100b08140060	199e67fe16f24fef97b65f4f721ff9d	0	0
6039	7	3	4	0	0	04208820201410620401008091400a0	199e67de97e34f9db3b65f7f621ff5d	0	0
6040	7	6	4	0	1	0420882080061030000510908041060	199e67de37f14fcfb7b24f6f731ef9d	0	0
6041	7	6	6	0	1	0420a0021013002080a040481009084	199e4ffca7e45fdf37171fb7e356f79	0	0
6042	7	4	4	0	0	0420c00031110060202002890101060	199e2ffe86e65f9f97975d76f25ef9d	0	0
6043	7	7	4	0	1	0420c00091010100322008308101050	199e2ffe26f65eff859757cf725efad	0	0
6044	7	7	4	0	1	0420c00091010100342008288101050	199e2ffe26f65eff839757d7725efad	0	0
6045	7	2	7	0	0	0420c04010130101202248080009050	199e2fbea7e45efe979517f7f356fad	0	0
6046	7	5	8	0	1	0422010091801100140442028008a20	199ceefe26774effa3b31dfd73575dd	0	0
6047	7	5	2	0	0	0422010a0110085001010a180009044	199ceef4b6e757afb6b655e7f356fb9	0	0
6048	7	4	8	0	1	0422012084201120101008228010884	199ceede33d74edfa7a757dd734f779	0	0
6049	7	1	3	0	0	0422020c03000141120240218008410	199cedf2b4f75ebea5b51fde7357bed	0	0
6050	7	4	4	0	0	04220800a2041070000118009140024	199ce7fe15f34f8fb7b647ff621ffd9	0	0
6051	7	2	4	0	0	04220800a5010045000608210102120	199ce7fe12f65fbab7b157def25dedd	0	0
6052	7	4	4	0	0	0422080480065020100150009140024	199ce7fa37f10fdfa7b60fff621ffd9	0	0
6053	7	6	4	0	0	0422082080061030000518048041024	199ce7de37f14fcfb7b247fb731efd9	0	0
6054	7	6	4	0	1	0422200091800120110412088001a20	199ccffe26775edfa6b34df7735e5dd	0	0
6055	7	4	7	0	1	0422200091810110100402248009220	199ccffe26765eefa7b35ddb7356ddd	0	0
6056	7	6	4	0	1	0422201400120084148040281012030	199ccfeab7e55f7ba3371fd7e34dfcd	0	0
6057	7	6	0	0	1	0422201400140120828000a0c011280	199ccfeab7e35edf35375f5f334ed7d	0	0
6058	7	9	2	0	0	04800118005100428600022a0005044	193eeee6b7a65fbd31b75dd5f35afb9	0	0
6059	7	9	3	0	0	04800202110414280003029801040c0	193eedfca6f34bd7b7b45d67f25bf3d	0	0
6060	7	9	6	0	1	04800202801500580011409200090c0	193eedfc37e25fa7b7a61f6df356f3d	0	0
6061	7	6	4	0	0	0480028225000068009000c12104440	193eed7c92f75f97b7275f3ed25bbbd	0	0
6062	7	4	8	0	0	04800300314010608400028821040c0	193eecfe86b74f9f33b75d77d25bf3d	0	0
6063	7	4	6	0	1	048003003281004484004108100c0a0	193eecfe85765fbb33b71ef7e353f5d	0	0
6064	7	6	6	0	0	0480030211100068041000ca000c240	193eecfca6e75f97b3a75f35f353dbd	0	0
6065	7	4	9	0	0	048003022110106800010298000c0c0	193eecfc96e74f97b7b65d67f353f3d	0	0
6066	7	6	7	0	0	0480030280130028001140830009240	193eecfc37e45fd7b7a61f7cf356dbd	0	0
6067	7	6	6	0	0	0480030281040068001102920104240	193eecfc36f35f97b7a65d6df25bdbd	0	0
6068	7	4	8	0	0	0480030410a10040a400410221010a0	193eecfaa7565fbf13b71efdd25ef5d	0	0
6069	7	4	8	0	1	0480030600241070020002902044081	193eecf8b7d34f8fb5b75d6fd31bf7c	0	0
6070	7	8	4	0	0	048003100091005206000222804100c	193eeceeb7665fadb1b75ddd731eff1	0	0
6071	7	4	7	0	0	04800310104410608400028821040c0	193eeceea7b34f9f33b75d77d25bf3d	0	0
6072	7	2	7	0	0	04800310104410608600028021040c0	193eeceea7b34f9f31b75d7fd25bf3d	0	0
6073	7	1	7	0	1	04800310104410608600028820040c0	193eeceea7b34f9f31b75d77d35bf3d	0	0
6074	7	5	4	0	0	0480031010c000c206000312014000c	193eeceea7375f3db1b75cedf21fff1	0	0
6075	7	6	6	0	0	04800312001400700410028a00048c0	193eececb7e35f8fb3a75d75f35b73d	0	0
6076	7	6	6	0	0	0480031400150030001100a2800c280	193eeceab7e25fcfb7a65f5d7353d7d	0	0
6077	7	3	6	0	0	0480031404040145020102102208088	193eeceab3f35ebab5b65defd157f75	0	0
6078	7	8	7	0	0	04800320041008680011029100050c0	193eecdeb3e75797b7a65d6ef35af3d	0	0
6079	7	6	4	0	0	0480032081020221010100d10048240	193eecde36f55ddeb6b65f2ef317dbd	0	0
6080	7	7	1	0	0	04800322001010680011029800440c0	193eecdcb7e74f97b7a65d67f31bf3d	0	0
6081	7	6	3	0	0	0480032200121028001100d800480c0	193eecdcb7e54fd7b7a65f27f317f3d	0	0
6082	7	4	3	0	0	0480032200121068001000d800480c0	193eecdcb7e54f97b7a75f27f317f3d	0	0
6083	7	3	7	0	0	048003220014106800110098000c0c0	193eecdcb7e34f97b7a65f67f353f3d	0	0
6084	7	4	3	0	1	048003220104106800010298000c0c0	193eecdcb6f34f97b7b65d67f353f3d	0	0
6085	7	6	4	0	0	04800322011000680401028900050c0	193eecdcb6e75f97b3b65d76f35af3d	0	0
6086	7	4	1	0	0	048003220110106800010298000c0c0	193eecdcb6e74f97b7b65d67f353f3d	0	0
6087	7	7	4	0	0	04800330001008700401028300050c0	193eecceb7e7578fb3b65d7cf35af3d	0	0
6088	7	5	6	0	0	0480033004100860001100d20048048	193eecceb3e7579fb7a65f2df317fb5	0	0
6089	7	4	3	0	1	048003420104105800010298000c0c0	193eecbcb6f34fa7b7b65d67f353f3d	0	0
6090	7	9	4	0	1	0480040480834000320250005240021	193eebfa37741fff85b50fffa11ffdc	0	0
6091	7	5	4	0	0	04800494001401a0028008301110090	193eeb6ab7e35e5fb53757cfe24ff6d	0	0
6092	7	7	9	0	0	048005009100112014040a0c00088a0	193eeafe26f74edfa3b355f3f35775d	0	0
6093	7	2	4	0	0	048005009180016804040a0801010a0	193eeafe26775e97b3b355f7f25ef5d	0	0
6094	7	3	9	0	0	04800500918011201404020c00088a0	193eeafe26774edfa3b35df3f35775d	0	0
6095	7	7	4	0	1	04800502100340208084480810050c0	193eeafca7f41fdf373317f7e35af3d	0	0
6096	7	7	10	0	0	0480050280030048809040830101044	193eeafc37f45fb737271f7cf25efb9	0	0
6097	7	7	8	0	0	0480050280030060809040830101044	193eeafc37f45f9f37271f7cf25efb9	0	0
6098	7	5	10	0	0	0480050282030040809040830101044	193eeafc35f45fbf37271f7cf25efb9	0	0
6099	7	5	4	0	0	0480050480834000220250005240021	193eeafa37741fff95b50fffa11ffdc	0	0
6100	7	4	10	0	0	0480050480834000320050005048021	193eeafa37741fff85b70fffa317fdc	0	0
6101	7	4	4	0	0	0480050480834000320050005240021	193eeafa37741fff85b70fffa11ffdc	0	0
6102	7	3	6	0	0	0480050600134000328040021208011	193eeaf8b7e41fff85371ffde157fec	0	0
6103	7	6	10	0	0	0480051400150012020102828048005	193eeaeab7e25fedb5b65d7d7317ff8	0	0
6104	7	7	2	0	1	04800518004100428600022a0005044	193eeae6b7b65fbd31b75dd5f35afb9	0	0
6105	7	5	10	0	0	04800518005100420201028a0009044	193eeae6b7a65fbdb5b65d75f356fb9	0	0
6106	7	1	1	0	0	04800518005100422600028a0008041	193eeae6b7a65fbd91b75d75f357fbc	0	0
6107	7	1	2	0	0	04800518005100428600022a0001044	193eeae6b7a65fbd31b75dd5f35efb9	0	0
6108	7	7	4	0	0	048005201100112014040a0c00048a0	193eeadea6f74edfa3b355f3f35b75d	0	0
6109	7	7	0	0	0	048005201100112014040a0c000c0a0	193eeadea6f74edfa3b355f3f353f5d	0	0
6110	7	3	3	0	0	04800520118011201404020c00088a0	193eeadea6774edfa3b35df3f35775d	0	0
6111	7	7	0	0	0	048005208100112014040a0c00088a0	193eeade36f74edfa3b355f3f35775d	0	0
6112	7	5	0	0	0	048005208104112004040a0c00088a0	193eeade36f34edfb3b355f3f35775d	0	0
6113	7	3	2	0	0	04800520810411208401080c00088a0	193eeade36f34edf33b657f3f35775d	0	0
6114	7	6	2	0	0	04800520818001208401082c00090a0	193eeade36775edf33b657d3f356f5d	0	0
6115	7	5	6	0	1	04800520818001480404023800090a0	193eeade36775eb7b3b35dc7f356f5d	0	0
6116	7	5	6	0	0	04800520818001600404022c00090a0	193eeade36775e9fb3b35dd3f356f5d	0	0
6117	7	3	0	0	0	04800520818011201404020c00088a0	193eeade36774edfa3b35df3f35775d	0	0
6118	7	6	10	0	0	0480052083001000340110888008850	193eeade34f74fff83b64f7773577ad	0	0
6119	7	7	7	0	0	0480053000101060840100c8800a0c0	193eeaceb7e74f9f33b65f377355f3d	0	0
6120	7	4	6	0	0	04800530012004a2040000a28004a04	193eeaceb6d75b5db3b75f5d735b5f9	0	0
6121	7	2	6	0	1	04800530018001a4040402280008828	193eeaceb6775e5bb3b35dd7f3577d5	0	0
6122	7	5	2	0	0	0480055000510082020102830048201	193eeaaeb7a65f7db5b65d7cf317dfc	0	0
6123	7	5	4	0	0	0480055000510082028000a3000a201	193eeaaeb7a65f7db5375f5cf355dfc	0	0
6124	7	3	4	0	0	048005500051008222800023000a201	193eeaaeb7a65f7d95375fdcf355dfc	0	0
6125	7	4	7	0	1	048005500102026020204049000a050	193eeaaeb6f55d9f97971fb6f355fad	0	0
6126	7	8	1	0	1	04800602041100680011408300090c0	193ee9fcb3e65f97b7a61f7cf356f3d	0	0
6127	7	8	6	0	1	0480061000430060820212082041044	193ee9eeb7b45f9f35b54df7d31efb9	0	0
6128	7	6	2	0	1	048006101140006014020a090104090	193ee9eea6b75f9fa3b555f6f25bf6d	0	0
6129	7	6	1	0	1	04800610114000608402028901040c0	193ee9eea6b75f9f33b55d76f25bf3d	0	0
6130	7	3	4	0	1	04800610114000e08402008901040c0	193ee9eea6b75f1f33b55f76f25bf3d	0	0
6131	7	2	6	0	1	0480061081030060202240420108050	193ee9ee36f45f9f97951fbdf257fad	0	0
6132	7	8	7	0	1	0480062004100868001100d100090c0	193ee9deb3e75797b7a65f2ef356f3d	0	0
6133	7	3	6	0	0	0480062011041220140100848108090	193ee9dea6f34ddfa3b65f7b7257f6d	0	0
6134	7	1	4	0	0	0480062011041220140108848100090	193ee9dea6f34ddfa3b6577b725ff6d	0	0
6135	7	6	7	0	1	0480062204100068001100d100090c0	193ee9dcb3e75f97b7a65f2ef356f3d	0	0
6136	7	6	3	0	0	0480064011041028000312088102050	193ee9bea6f34fd7b7b44df7725dfad	0	0
6137	7	4	10	0	1	0480064204800240900150011009180	193ee9bcb3775dbf27b60ffee356e7d	0	0
6138	7	4	7	0	0	0480064204800240900150011009500	193ee9bcb3775dbf27b60ffee356afd	0	0
6139	7	5	1	0	1	0480065000510082020102830048201	193ee9aeb7a65f7db5b65d7cf317dfc	0	0
6140	7	9	6	0	1	0480082020c001640401018c0009088	193ee7de97375e9bb3b65e73f356f75	0	0
6141	7	4	6	0	0	048008a022800510140011009200888	193ee75e95775aefa3b74eff615f775	0	0
6142	7	3	9	0	0	0480090221100252010102101240044	193ee6fc96e75dadb6b65defe11ffb9	0	0
6143	7	6	6	0	0	0480090424024021028000a03240018	193ee6fa93f51fdeb5375f5fc11ffe5	0	0
6144	7	5	6	0	0	0480090820230042050041021104024	193ee6f697d45fbdb2b71efde25bfd9	0	0
6145	7	5	4	0	0	0480090820830042050041021104024	193ee6f697745fbdb2b71efde25bfd9	0	0
6146	7	4	4	0	1	0480090820834012000141003240024	193ee6f697741fedb7b61effc11ffd9	0	0
6147	7	4	3	0	1	0480090820834012000141021208024	193ee6f697741fedb7b61efde157fd9	0	0
6148	7	6	10	0	0	0480090820a00052050001203140024	193ee6f697575fadb2b75edfc21ffd9	0	0
6149	7	5	9	0	0	0480090820a10042050001203140024	193ee6f697565fbdb2b75edfc21ffd9	0	0
6150	7	5	0	0	0	0480090820a10042050041021104024	193ee6f697565fbdb2b71efde25bfd9	0	0
6151	7	4	8	0	0	0480090820a10052040001203140024	193ee6f697565fadb3b75edfc21ffd9	0	0
6152	7	4	2	0	0	0480090820a10052040001203140120	193ee6f697565fadb3b75edfc21fedd	0	0
6153	7	6	6	0	0	0480090a00240052050001902140005	193ee6f4b7d35fadb2b75e6fd21fff8	0	0
6154	7	7	6	0	0	04800918001100520401028a0005024	193ee6e6b7e65fadb3b65d75f35afd9	0	0
6155	7	5	2	0	0	0480092800060610010109101240060	193ee6d6b7f159efb6b656efe11ff9d	0	0
6156	7	7	2	0	1	0480093000021220148008282050014	193ee6ceb7f54ddfa33757d7d30ffe9	0	0
6157	7	6	3	0	1	0480093000061020248008282050014	193ee6ceb7f14fdf933757d7d30ffe9	0	0
6158	7	7	2	0	1	0480093000401060148008282044014	193ee6ceb7b74f9fa33757d7d31bfe9	0	0
6159	7	5	2	0	1	0480093000441060048008282044014	193ee6ceb7b34f9fb33757d7d31bfe9	0	0
6160	7	2	2	0	0	0480093000501060148008280044014	193ee6ceb7a74f9fa33757d7f31bfe9	0	0
6161	7	1	2	0	0	0480093000501060148008282040014	193ee6ceb7a74f9fa33757d7d31ffe9	0	0
6162	7	8	3	0	1	0480094001041058008102980006060	193ee6beb6f34fa7b7365d67f359f9d	0	0
6163	7	4	4	0	0	04800a0225014002100108203140408	193ee5fc92f61ffda7b657dfc21fbf5	0	0
6164	7	7	6	0	1	04800a042400016100034112000c180	193ee5fa93f75e9eb7b41eedf353e7d	0	0
6165	7	1	4	0	0	04800a0424800151000311102200180	193ee5fa93775eaeb7b44eefd15fe7d	0	0
6166	7	8	6	0	1	04800a080007004a001241120104024	193ee5f6b7f05fb5b7a51eedf25bfd9	0	0
6167	7	6	4	0	0	04800a0820900052050001320101024	193ee5f697675fadb2b75ecdf25efd9	0	0
6168	7	4	4	0	0	04800a0821810052000201340104024	193ee5f696765fadb7b55ecbf25bfd9	0	0
6169	7	3	6	0	1	04800a0824110058001100920005060	193ee5f693e65fa7b7a65f6df35af9d	0	0
6170	7	3	0	0	0	04800a08248003110003011402080c0	193ee5f693775ceeb7b45eebf157f3d	0	0
6171	7	2	0	0	0	04800a0824800311000311100208140	193ee5f693775ceeb7b44eeff157ebd	0	0
6172	7	8	7	0	0	04800a1000150052040102828101048	193ee5eeb7e25fadb3b65d7d725efb5	0	0
6173	7	8	6	0	1	04800a10001500700021028a00050c0	193ee5eeb7e25f8fb7965d75f35af3d	0	0
6174	7	7	7	0	0	04800a1020110052040102828101048	193ee5ee97e65fadb3b65d7d725efb5	0	0
6175	7	6	6	0	1	04800a10205000700401028a00050c0	193ee5ee97a75f8fb3b65d75f35af3d	0	0
6176	7	5	6	0	1	04800a10205100500401028a00050c0	193ee5ee97a65fafb3b65d75f35af3d	0	0
6177	7	4	4	0	1	04800a1020850052040001222140024	193ee5ee97725fadb3b75eddd21ffd9	0	0
6178	7	4	9	0	1	04800a102091005204000222804100c	193ee5ee97665fadb3b75ddd731eff1	0	0
6179	7	4	7	0	0	04800a102091005204000222810100c	193ee5ee97665fadb3b75ddd725eff1	0	0
6180	7	5	3	0	1	04800a1021410040840200a901040c0	193ee5ee96b65fbf33b55f56f25bf3d	0	0
6181	7	7	0	0	0	04800a1200041220140118082140014	193ee5ecb7f34ddfa3b647f7d21ffe9	0	0
6182	7	5	9	0	1	04800a1200061060040218082044014	193ee5ecb7f14f9fb3b547f7d31bfe9	0	0
6183	7	3	6	0	0	04800a1200061220140110082140014	193ee5ecb7f14ddfa3b64ff7d21ffe9	0	0
6184	7	1	9	0	1	04800a1200061220140118082040014	193ee5ecb7f14ddfa3b647f7d31ffe9	0	0
6185	7	6	6	0	1	04800a120014007004010a0a004100c	193ee5ecb7e35f8fb3b655f5f31eff1	0	0
6186	7	4	6	0	1	04800a12001500700001028a00050c0	193ee5ecb7e25f8fb7b65d75f35af3d	0	0
6187	7	4	1	0	0	04800a1404041060208010302104030	193ee5eab3f34f9f97374fcfd25bfcd	0	0
6188	7	4	6	0	1	04800a1800130044140048082003030	193ee5e6b7e45fbba3b717f7d35cfcd	0	0
6189	7	2	4	0	1	04800a1800850052040201220104024	193ee5e6b7725fadb3b55eddf25bfd9	0	0
6190	7	6	4	0	1	04800a2020900052050001320041024	193ee5de97675fadb2b75ecdf31efd9	0	0
6191	7	4	6	0	0	04800a2021800151000110502208108	193ee5de96775eaeb7b64fafd157ef5	0	0
6192	7	2	3	0	1	04800a202280105024021410000c081	193ee5de95774faf93b54beff353f7c	0	0
6193	7	7	4	0	0	04800a24000411300003111400048a0	193ee5dab7f34ecfb7b44eebf35b75d	0	0
6194	7	4	7	0	0	04800a2400241070000211140004824	193ee5dab7d34f8fb7b54eebf35b7d9	0	0
6195	7	4	2	0	0	04800a24002410700002111400048a0	193ee5dab7d34f8fb7b54eebf35b75d	0	0
6196	7	4	7	0	0	04800a3000140462020000b08041048	193ee5ceb7e35b9db5b75f4f731efb5	0	0
6197	7	3	3	0	0	04800a40260002412201101100090c0	193ee5be91f75dbe95b64feef356f3d	0	0
6198	7	6	6	0	1	04800a500015001202010222804100c	193ee5aeb7e25fedb5b65ddd731eff1	0	0
6199	7	4	6	0	1	04800a500015005202000222804100c	193ee5aeb7e25fadb5b75ddd731eff1	0	0
6200	7	2	7	0	1	04800a5000150052020102808041048	193ee5aeb7e25fadb5b65d7f731efb5	0	0
6201	7	2	3	0	0	04800c1204020462008240810041404	193ee3ecb3f55b9db7351f7ef31ebf9	0	0
6202	7	6	4	0	1	04800c1800150012040100aa0003060	193ee3e6b7e25fedb3b65f55f35cf9d	0	0
6203	7	8	6	0	0	04800c2000824101140250003200890	193ee3deb7751efea3b50fffc15f76d	0	0
6204	7	7	6	0	0	04800c4200045000340110882140011	193ee3bcb7f30fff83b64f77d21ffec	0	0
6205	7	6	1	0	0	04800c4204100060808150011003140	193ee3bcb3e75f9f37360ffee35cebd	0	0
6206	7	5	1	0	0	04800c4204110040808118081003140	193ee3bcb3e65fbf373647f7e35cebd	0	0
6207	7	6	1	0	1	048020b000820104160014003208018	193ecf4eb7755efba1b74bffc157fe5	0	0
6208	7	3	6	0	0	0480210094110808201100920009280	193ecefe23e657f797a65f6df356d7d	0	0
6209	7	5	4	0	0	0480210424034001028000a03240018	193ecefa93f41ffeb5375f5fc11ffe5	0	0
6210	7	2	4	0	1	0480220604030084120111001208108	193ecdf8b3f45f7ba5b64effe157ef5	0	0
6211	7	5	8	0	1	048022402044111004011208200c081	193ecdbe97b34eefb3b64df7d353f7c	0	0
6212	7	5	2	0	0	0480224200125000160010482048011	193ecdbcb7e50fffa1b74fb7d317fec	0	0
6213	7	6	3	0	1	0480225000150012020102428048005	193ecdaeb7e25fedb5b65dbd7317ff8	0	0
6214	7	2	4	0	1	0480225000500294040108880001890	193ecdaeb7a75d6bb3b65777f35e76d	0	0
6215	7	5	4	0	1	04802400918140001005029801010a0	193ecbfe26761fffa7b25d67f25ef5d	0	0
6216	7	5	6	0	1	04802410110500808401028a0104024	193ecbeea6f25f7f33b65d75f25bfd9	0	0
6217	7	7	10	0	0	0480243000020482840250021004824	193ecbceb7f55b7d33b50ffde35b7d9	0	0
6218	7	4	4	0	0	0480243000140191040000a242008c0	193ecbceb7e35e6eb3b75f5db15f73d	0	0
6219	7	2	0	0	1	0480243000a00184160014001200818	193ecbceb7575e7ba1b74bffe15f7e5	0	0
6220	7	5	10	0	0	0480245000140502028002228001a04	193ecbaeb7e35afdb5375ddd735e5f9	0	0
6221	7	6	4	0	1	0480285000150012020100a2804100c	193ec7aeb7e25fedb5b65f5d731eff1	0	0
6222	7	9	4	0	0	0480400284040262010112101101044	193eaffc33f35d9db6b64defe25efb9	0	0
6223	7	6	9	0	0	0480410091100820210102910009240	193eaefe26e757df96b65d6ef356dbd	0	0
6224	7	6	6	0	0	0480410091104020202102980009240	193eaefe26e71fdf97965d67f356dbd	0	0
6225	7	6	9	0	0	048041009110402020210a180009044	193eaefe26e71fdf979655e7f356fb9	0	0
6226	7	4	6	0	1	0480410095000a28000102910003210	193eaefe22f755d7b7b65d6ef35cded	0	0
6227	7	4	4	0	1	0480410095000a28000102910003240	193eaefe22f755d7b7b65d6ef35cdbd	0	0
6228	7	4	3	0	1	0480410095004820200102910009240	193eaefe22f717df97b65d6ef356dbd	0	0
6229	7	6	6	0	1	0480410281020228040102890003210	193eaefc36f55dd7b3b65d76f35cded	0	0
6230	7	6	4	0	1	0480410281020228040102890003240	193eaefc36f55dd7b3b65d76f35cdbd	0	0
6231	7	4	10	0	1	048041120104027000010289000a048	193eaeecb6f35d8fb7b65d76f355fb5	0	0
6232	7	3	4	0	0	04804140103001680220080810050c0	193eaebea7c75e97b59757f7e35af3d	0	0
6233	7	2	6	0	0	0480414081104060202102880009240	193eaebe36e71f9f97965d77f356dbd	0	0
6234	7	6	7	0	0	0480414084100102230002310009021	193eaebe33e75efd94b75dcef356fdc	0	0
6235	7	3	7	0	0	0480414084100142230002110009021	193eaebe33e75ebd94b75deef356fdc	0	0
6236	7	6	6	0	1	04804200a1100070010102908009240	193eadfe16e75f8fb6b65d6f7356dbd	0	0
6237	7	6	6	0	1	0480480220240052050001902140005	193ea7fc97d35fadb2b75e6fd21fff8	0	0
6238	7	6	6	0	0	0480481200060220140112081102048	193ea7ecb7f15ddfa3b64df7e25dfb5	0	0
6239	7	5	1	0	1	0480600091114000202102980009240	193e8ffe26e61fff97965d67f356dbd	0	0
6240	7	4	0	0	0	0480600091114000302002980101050	193e8ffe26e61fff87975d67f25efad	0	0
6241	7	4	8	0	1	0480604080150112020002228009005	193e8fbe37e25eedb5b75ddd7356ff8	0	0
6242	7	5	6	0	0	0480808281040460001240920104044	193e6f7c36f35b9fb7a51f6df25bfb9	0	0
6243	7	4	4	0	0	04808100a1021224040000a90102030	193e6efe16f54ddbb3b75f56f25dfcd	0	0
6244	7	6	6	0	0	0480810210240060828009101104084	193e6efca7d35f9f353756efe25bf79	0	0
6245	7	6	7	0	0	0480810210300060828048101005044	193e6efca7c75f9f353717efe35afb9	0	0
6246	7	6	6	0	0	0480810210300060828048101005084	193e6efca7c75f9f353717efe35af79	0	0
6247	7	6	2	0	0	04808102103000608280481010050c0	193e6efca7c75f9f353717efe35af3d	0	0
6248	7	6	7	0	0	0480812080061020209000b02110050	193e6ede37f14fdf97275f4fd24ffad	0	0
6249	7	5	6	0	0	0480812081020620040108888041014	193e6ede36f559dfb3b65777731efe9	0	0
6250	7	1	6	0	0	04808144001202b0009000a05040220	193e6ebab7e55d4fb7275f5fa31fddd	0	0
6251	7	4	6	0	1	0480820091050430000102828005240	193e6dfe26f25bcfb7b65d7d735adbd	0	0
6252	7	4	6	0	0	0480820091050430000102828101048	193e6dfe26f25bcfb7b65d7d725efb5	0	0
6253	7	6	6	0	1	04808202110404300003031800060c0	193e6dfca6f35bcfb7b45ce7f359f3d	0	0
6254	7	4	6	0	1	04808202110404b0000103120006240	193e6dfca6f35b4fb7b65cedf359dbd	0	0
6255	7	5	6	0	1	04808202110504100003031800060c0	193e6dfca6f25befb7b45ce7f359f3d	0	0
6256	7	3	1	0	0	0480820214030400a28001030005440	193e6dfca3f45bff15375efcf35abbd	0	0
6257	7	6	6	0	1	04808202801400700011409200090c0	193e6dfc37e35f8fb7a61f6df356f3d	0	0
6258	7	6	4	0	1	048082028015001022010a120041041	193e6dfc37e25fef95b655edf31efbc	0	0
6259	7	5	6	0	1	04808202801500500011409200090c0	193e6dfc37e25fafb7a61f6df356f3d	0	0
6260	7	2	6	0	0	04808202801500700011028201010c0	193e6dfc37e25f8fb7a65d7df25ef3d	0	0
6261	7	4	6	0	1	0480820281040470000102920005240	193e6dfc36f35b8fb7b65d6df35adbd	0	0
6262	7	8	4	0	0	0480820400151020128000a0a140011	193e6dfab7e24fdfa5375f5f521ffec	0	0
6263	7	1	4	0	0	0480820484050041220212102040041	193e6dfa33f25fbe95b54defd31ffbc	0	0
6264	7	2	4	0	1	0480820485010040a00350100005060	193e6dfa32f65fbf17b40feff35af9d	0	0
6265	7	4	4	0	1	0480820604810084100150003208009	193e6df8b3765f7ba7b60fffc157ff4	0	0
6266	7	5	2	0	1	048082060501004010820a102104011	193e6df8b2f65fbfa73555efd25bfec	0	0
6267	7	4	4	0	1	0480822021400164040008212101018	193e6dde96b75e9bb3b757ded25efe5	0	0
6268	7	6	6	0	1	04808222001400700011029200050c0	193e6ddcb7e35f8fb7a65d6df35af3d	0	0
6269	7	6	6	0	1	0480822200140070009000d2000c041	193e6ddcb7e35f8fb7275f2df353fbc	0	0
6270	7	3	6	0	1	04808222002400f00410100030048c0	193e6ddcb7d35f0fb3a74fffc35b73d	0	0
6271	7	5	2	0	0	048082220082049004021112000c041	193e6ddcb7755b6fb3b54eedf353fbc	0	0
6272	7	4	10	0	1	0480822201040470000102830005048	193e6ddcb6f35b8fb7b65d7cf35afb5	0	0
6273	7	4	7	0	1	0480822201040470000102910005048	193e6ddcb6f35b8fb7b65d6ef35afb5	0	0
6274	7	4	6	0	1	0480822201040470000102920005048	193e6ddcb6f35b8fb7b65d6df35afb5	0	0
6275	7	4	3	0	1	0480826000301060120000c18048081	193e6d9eb7c74f9fa5b75f3e7317f7c	0	0
6276	7	2	6	0	1	0480826000420324001218080001818	193e6d9eb7b55cdbb7a547f7f35e7e5	0	0
6277	7	8	4	0	0	0480840014110042828010501003060	193e6bfea3e65fbd35374fafe35cf9d	0	0
6278	7	6	4	0	0	0480840091041020140110888102050	193e6bfe26f34fdfa3b64f77725dfad	0	0
6279	7	4	2	0	0	04808402103100608080404111010c0	193e6bfca7c65f9f37371fbee25ef3d	0	0
6280	7	6	4	0	1	0480840480830000320250005240021	193e6bfa37745fff85b50fffa11ffdc	0	0
6281	7	4	6	0	0	0480880220130060808050081005044	193e67fc97e45f9f37370ff7e35afb9	0	0
6282	7	7	9	0	0	0480880420021220148010203102030	193e67fa97f54ddfa3374fdfc25dfcd	0	0
6283	7	8	6	0	0	0480884000060530008211081004860	193e67beb7f15acfb7354ef7e35b79d	0	0
6284	7	4	6	0	0	04808842001402700001120810030c0	193e67bcb7e35d8fb7b64df7e35cf3d	0	0
6285	7	6	0	0	1	0480a000a5010000a00512180005060	193e4ffe12f65fff17b24de7f35af9d	0	0
6286	7	3	4	0	1	0480c00030a1004226000102810100c	193e2ffe87565fbd91b75efd725eff1	0	0
6287	7	6	6	0	1	0480c000a1100060240142090003030	193e2ffe16e75f9f93b61df6f35cfcd	0	0
6288	7	6	6	0	0	04820102810400680011028a0104044	193ceefc36f35f97b7a65d75f25bfb9	0	0
6289	7	6	4	0	0	0482011010500060828008890005084	193ceeeea7a75f9f35375776f35af79	0	0
6290	7	6	6	0	1	04820202801400580011409200090c0	193cedfc37e35fa7b7a61f6df356f3d	0	0
6291	7	2	6	0	1	04820202801500580011408200090c0	193cedfc37e25fa7b7a61f7df356f3d	0	0
6292	7	4	2	0	1	048202048500106010024024800c090	193cedfa32f74f9fa7b51fdb7353f6d	0	0
6293	7	6	6	0	1	0482020a00140058001102920005240	193cedf4b7e35fa7b7a65d6df35adbd	0	0
6294	7	6	6	0	1	0482020a00140058001142120005044	193cedf4b7e35fa7b7a61dedf35afb9	0	0
6295	7	6	2	0	0	0482020c00070010801201260104060	193cedf2b7f05fef37a55ed9f25bf9d	0	0
6296	7	4	4	0	0	0482024800124211000100c900090c0	193cedb6b7e51deeb7b65f36f356f3d	0	0
6297	7	7	2	0	1	0482040480054002120150005048021	193cebfa37f21ffda5b60fffa317fdc	0	0
6298	7	6	4	0	1	0482041080420060820210890041044	193cebee37b55f9f35b54f76f31efb9	0	0
6299	7	4	4	0	1	0482043000420260800210890041044	193cebceb7b55d9f37b54f76f31efb9	0	0
6300	7	8	4	0	1	04822000840501048101082031010a0	193ccffe33f25efb36b657dfc25ef5d	0	0
6301	7	4	3	0	1	0482200091810110100402260009220	193ccffe26765eefa7b35dd9f356ddd	0	0
6302	7	6	6	0	0	04822000a1400104141000ac0100818	193ccffe16b75efba3a75f53f25f7e5	0	0
6303	7	6	6	0	1	0482201080150010101440228008884	193ccfee37e25fefa7a31fdd7357779	0	0
6304	7	2	4	0	1	04824000a0844042860001201140024	193caffe17731fbd31b75edfe21ffd9	0	0
6305	7	6	2	0	1	048280028014005082010a1010410c0	193c6ffc37e35faf35b655efe31ef3d	0	0
6306	7	9	6	0	1	050000a084040a24001400b40011090	18beef5e33f355dbb7a35f4bf34ef6d	0	0
6307	7	6	4	0	1	05000184122000b000a041101014084	18beee7aa5d75f4fb7171eefe34bf79	0	0
6308	7	6	1	0	0	05000306001300300030018a0008980	18beecf8b7e45fcfb7875e75f35767d	0	0
6309	7	6	6	0	0	05000312001400700420028a000c081	18beececb7e35f8fb3975d75f353f7c	0	0
6310	7	6	4	0	1	0500032201020228002101580048044	18beecdcb6f55dd7b7965ea7f317fb9	0	0
6311	7	4	4	0	0	0500034010a100482020410221010a0	18beecbea7565fb797971efdd25ef5d	0	0
6312	7	7	6	0	1	05000502220108300005030a0048005	18beeafc95f657cfb7b25cf5f317ff8	0	0
6313	7	5	3	0	0	0500050222030810001402920140041	18beeafc95f457efb7a35d6df21ffbc	0	0
6314	7	5	9	0	1	05000502228108200005030a0048005	18beeafc957657dfb7b25cf5f317ff8	0	0
6315	7	8	3	0	0	05000504022000f0009000b011100a0	18beeafab5d75f0fb7275f4fe24ff5d	0	0
6316	7	5	4	0	0	050005060013402000a0408a0009005	18beeaf8b7e41fdfb7171f75f356ff8	0	0
6317	7	6	8	0	0	05000506002200b000a001920108005	18beeaf8b7d55f4fb7175e6df257ff8	0	0
6318	7	5	8	0	0	050005060023009000a001920108005	18beeaf8b7d45f6fb7175e6df257ff8	0	0
6319	7	2	8	0	0	05000506002300b000a001820108005	18beeaf8b7d45f4fb7175e7df257ff8	0	0
6320	7	5	6	0	0	05000518001200e004804408100a030	18beeae6b7e55f1fb3371bf7e355fcd	0	0
6321	7	3	4	0	0	0500052021021230000500848240030	18beeade96f54dcfb7b25f7b711ffcd	0	0
6322	7	4	8	0	0	05000528009000e4000406081208021	18beead6b7675f1bb7b359f7e157fdc	0	0
6323	7	1	8	0	0	05000528009000e4040406081008021	18beead6b7675f1bb3b359f7e357fdc	0	0
6324	7	4	4	0	0	0500056001041228000110888002830	18beea9eb6f34dd7b7b64f77735d7cd	0	0
6325	7	7	6	0	1	05000610210004608402402880060a0	18bee9ee96f75b9f33b51fd77359f5d	0	0
6326	7	6	8	0	0	0500062400220084160014003018401	18bee9dab7d55f7ba1b74bffc347bfc	0	0
6327	7	2	0	0	1	05000642041008580012029000410c0	18bee9bcb3e757a7b7a55d6ff31ef3d	0	0
6328	7	9	4	0	1	05000810209000f0048000a810140a0	18bee7ee97675f0fb3375f57e34bf5d	0	0
6329	7	7	9	0	0	05000880a4001820200612140044021	18bee77e13f747df97b14debf31bfdc	0	0
6330	7	7	2	0	0	05000880a4001830000612140044021	18bee77e13f747cfb7b14debf31bfdc	0	0
6331	7	6	4	0	1	0500088286000830000311120003044	18bee77c31f757cfb7b44eedf35cfb9	0	0
6332	7	3	7	0	1	05000890209000f004040408100c0a0	18bee76e97675f0fb3b35bf7e353f5d	0	0
6333	7	3	1	0	1	05000898009000f004040408100c0a0	18bee766b7675f0fb3b35bf7e353f5d	0	0
6334	7	5	1	0	0	05000898009002a0048004281110014	18bee766b7675d5fb3375bd7e24ffe9	0	0
6335	7	4	3	0	0	050008a082041430000110908041024	18bee75e35f34bcfb7b64f6f731efd9	0	0
6336	7	8	4	0	0	05000910009000e4048000a81014220	18bee6eeb7675f1bb3375f57e34bddd	0	0
6337	7	8	4	0	0	05000910009000f0048000a810140a0	18bee6eeb7675f0fb3375f57e34bf5d	0	0
6338	7	7	0	0	0	05000910201010608480408880060a0	18bee6ee97e74f9f33371f777359f5d	0	0
6339	7	6	2	0	0	05000910209000608480402810140a0	18bee6ee97675f9f33371fd7e34bf5d	0	0
6340	7	6	4	0	0	0500091020900070048000a810140a0	18bee6ee97675f8fb3375f57e34bf5d	0	0
6341	7	6	4	0	0	0500091020900070048040209014084	18bee6ee97675f8fb3371fdf634bf79	0	0
6342	7	7	4	0	0	0500091021000246040440288006420	18bee6ee96f75db9b3b31fd77359bdd	0	0
6343	7	5	4	0	0	05000918009000e0048040209014204	18bee6e6b7675f1fb3371fdf634bdf9	0	0
6344	7	3	4	0	0	05000918009000f0048000209014204	18bee6e6b7675f0fb3375fdf634bdf9	0	0
6345	7	5	4	0	1	0500092200445020040101882040884	18bee6dcb7b30fdfb3b65e77d31f779	0	0
6346	7	7	2	0	1	05000922020008b000810192000c041	18bee6dcb5f7574fb7365e6df353fbc	0	0
6347	7	4	4	0	0	0500092404044061000101828202088	18bee6dab3f31f9eb7b65e7d715df75	0	0
6348	7	3	3	0	1	0500093000441060248000282050014	18bee6ceb7b34f9f93375fd7d30ffe9	0	0
6349	7	5	3	0	0	05000930009000e0048004281050014	18bee6ceb7675f1fb3375bd7e30ffe9	0	0
6350	7	4	4	0	0	05000930009000e4040000a810140a0	18bee6ceb7675f1bb3b75f57e34bf5d	0	0
6351	7	5	4	0	0	05000950009000d0048000a21014220	18bee6aeb7675f2fb3375f5de34bddd	0	0
6352	7	5	4	0	0	05000950009000d0048000a810140a0	18bee6aeb7675f2fb3375f57e34bf5d	0	0
6353	7	8	8	0	1	05000a00208500508480012091040a0	18bee5fe97725faf33375edf625bf5d	0	0
6354	7	4	4	0	1	05000a0220441070040001822100980	18bee5fc97b34f8fb3b75e7dd25f67d	0	0
6355	7	6	4	0	1	05000a04240400510101019202040a0	18bee5fa93f35faeb6b65e6df15bf5d	0	0
6356	7	4	10	0	0	05000a04250000c1800150102006120	18bee5fa92f75f3e37b60fefd359edd	0	0
6357	7	7	4	0	0	05000a06040000d1000311102202180	18bee5f8b3f75f2eb7b44eefd15de7d	0	0
6358	7	7	4	0	1	05000a06040000e1000341120006180	18bee5f8b3f75f1eb7b41eedf359e7d	0	0
6359	7	7	3	0	1	05000a06040000e100034112000a180	18bee5f8b3f75f1eb7b41eedf355e7d	0	0
6360	7	7	1	0	1	05000a06040000e101010192000c280	18bee5f8b3f75f1eb6b65e6df353d7d	0	0
6361	7	7	4	0	0	05000a06040000e1010110902005280	18bee5f8b3f75f1eb6b64f6fd35ad7d	0	0
6362	7	6	4	0	0	05000a0604040061010110920005208	18bee5f8b3f35f9eb6b64f6df35adf5	0	0
6363	7	2	4	0	1	05000a06040400e1010101820204280	18bee5f8b3f35f1eb6b65e7df15bd7d	0	0
6364	7	1	4	0	1	05000a06040400e1010101822200280	18bee5f8b3f35f1eb6b65e7dd15fd7d	0	0
6365	7	5	10	0	1	05000a18005000d004020a082050005	18bee5e6b7a75f2fb3b555f7d30fff8	0	0
6366	7	3	6	0	0	05000a18005000e4040202082110005	18bee5e6b7a75f1bb3b55df7d24fff8	0	0
6367	7	3	6	0	1	05000a18005000f0040202082050005	18bee5e6b7a75f0fb3b55df7d30fff8	0	0
6368	7	4	6	0	0	05000a2204040864000111140003018	18bee5dcb3f3579bb7b64eebf35cfe5	0	0
6369	7	6	3	0	0	05000a4205000081800350110002908	18bee5bcb2f75f7e37b40feef35d6f5	0	0
6370	7	5	4	0	1	05000c0824800260000514081201120	18bee3f693775d9fb7b24bf7e15eedd	0	0
6371	7	4	6	0	0	05000c0a005100700002028c0041005	18bee3f4b7a65f8fb7b55d73f31eff8	0	0
6372	7	8	4	0	1	05000c10009000e4048000a88011204	18bee3eeb7675f1bb3375f57734edf9	0	0
6373	7	5	4	0	0	05000c10209000e0048000a811100a0	18bee3ee97675f1fb3375f57e24ff5d	0	0
6374	7	5	4	0	0	05000c10209000e0048004281110084	18bee3ee97675f1fb3375bd7e24ff79	0	0
6375	7	7	7	0	1	05000c1800100870040202288003044	18bee3e6b7e7578fb3b55dd7735cfb9	0	0
6376	7	6	4	0	1	05000c1800500070040200a880030c0	18bee3e6b7a75f8fb3b55f57735cf3d	0	0
6377	7	6	7	0	1	05000c1800500070040202288003044	18bee3e6b7a75f8fb3b55dd7735cfb9	0	0
6378	7	4	1	0	1	05000c18005008700400022a0003044	18bee3e6b7a7578fb3b75dd5f35cfb9	0	0
6379	7	2	7	0	1	05000c1800500870040202280003044	18bee3e6b7a7578fb3b55dd7f35cfb9	0	0
6380	7	4	0	0	1	05000c18005008b00400022a0003044	18bee3e6b7a7574fb3b75dd5f35cfb9	0	0
6381	7	5	1	0	0	05000c18009000e0048004281110014	18bee3e6b7675f1fb3375bd7e24ffe9	0	0
6382	7	5	7	0	1	05000c28009000e0050002281011024	18bee3d6b7675f1fb2b75dd7e34efd9	0	0
6383	7	6	4	0	1	05000c28041000a8000604211210081	18bee3d6b3e75f57b7b15bdee14ff7c	0	0
6384	7	7	4	0	1	05000c30001000e2048000a28011204	18bee3ceb7e75f1db3375f5d734edf9	0	0
6385	7	7	10	0	0	05000c3000100452040200a28011084	18bee3ceb7e75badb3b55f5d734ef79	0	0
6386	7	7	9	0	0	05000c3000100462040200a28011084	18bee3ceb7e75b9db3b55f5d734ef79	0	0
6387	7	7	7	0	0	05000c3000100462040200a88011084	18bee3ceb7e75b9db3b55f57734ef79	0	0
6388	7	7	1	0	0	05000c3000100462048000a28011204	18bee3ceb7e75b9db3375f5d734edf9	0	0
6389	7	7	0	0	0	05000c30001004a2048000a28011204	18bee3ceb7e75b5db3375f5d734edf9	0	0
6390	7	5	4	0	1	05000c30009000e0048000a28011204	18bee3ceb7675f1fb3375f5d734edf9	0	0
6391	7	4	7	0	1	05000c4202100870000202890041005	18bee3bcb5e7578fb7b55d76f31eff8	0	0
6392	7	7	10	0	0	05000c5000100452020200a28011084	18bee3aeb7e75badb5b55f5d734ef79	0	0
6393	7	7	9	0	0	05000c5000100452040200a28011084	18bee3aeb7e75badb3b55f5d734ef79	0	0
6394	7	7	7	0	0	05000c5000100452040200a88011084	18bee3aeb7e75badb3b55f57734ef79	0	0
6395	7	7	1	0	0	05000c5000100452060000a28011084	18bee3aeb7e75badb1b75f5d734ef79	0	0
6396	7	7	7	0	0	05000c5000100462020200a88011084	18bee3aeb7e75b9db5b55f57734ef79	0	0
6397	7	3	10	0	0	05000c5000140492028000228012005	18bee3aeb7e35b6db5375fdd734dff8	0	0
6398	7	4	4	0	0	05000c50005008b0000200a30140005	18bee3aeb7a7574fb7b55f5cf21fff8	0	0
6399	7	6	3	0	1	050020a084040824001400b40011090	18becf5e33f357dbb7a35f4bf34ef6d	0	0
6400	7	3	0	0	1	050020a084040a24001400940011090	18becf5e33f355dbb7a35f6bf34ef6d	0	0
6401	7	8	0	0	0	05002220040202a010a005041048410	18becddeb3f55d5fa7175afbe317bed	0	0
6402	7	3	0	0	1	05002240814002a4020100848009210	18becdbe36b75d5bb5b65f7b7356ded	0	0
6403	7	6	4	0	1	05002430000602240005048a0011410	18becbceb7f15ddbb7b25b75f34ebed	0	0
6404	7	7	4	0	0	05008100a1001220240150088002830	18be6efe16f74ddf93b60ff7735d7cd	0	0
6405	7	6	3	0	1	0500820281050004820140214003420	18be6dfc36f25ffb35b61fdeb35cbdd	0	0
6406	7	6	4	0	1	05008400a0061030048000a09140030	18be6bfe17f14fcfb3375f5f621ffcd	0	0
6407	7	6	6	0	0	0500880820140070048001209102030	18be67f697e35f8fb3375edf625dfcd	0	0
6408	7	5	4	0	0	0502010030a1005000a001809104180	18bceefe87565fafb7175e7f625be7d	0	0
6409	7	4	4	0	1	05020102130008b00001018a000c044	18bceefca4f7574fb7b65e75f353fb9	0	0
6410	7	7	0	0	0	0502010281000289000502980048240	18bceefc36f75d76b7b25d67f317dbd	0	0
6411	7	3	1	0	0	050201041420027000a001041048024	18bceefaa3d75d8fb7175efbe317fd9	0	0
6412	7	4	9	0	0	050201042022085101000192000a088	18bceefa97d557aeb6b75e6df355f75	0	0
6413	7	5	7	0	0	050201042023005000a04104100c024	18bceefa97d45fafb7171efbe353fd9	0	0
6414	7	7	4	0	0	050201042400085101010192000a088	18bceefa93f757aeb6b65e6df355f75	0	0
6415	7	4	0	0	0	050201042420085101000192000a088	18bceefa93d757aeb6b75e6df355f75	0	0
6416	7	2	4	0	1	05020200924002a08201500010110c0	18bcedfe25b75d5f35b60fffe34ef3d	0	0
6417	7	6	7	0	0	0502020094800201130000a0c009480	18bcedfe23775dfea4b75f5f3356b7d	0	0
6418	7	4	4	0	1	05020202144002b00001018600090c0	18bcedfca3b75d4fb7b65e79f356f3d	0	0
6419	7	6	3	0	1	0502020604040051010102920009088	18bcedf8b3f35faeb6b65d6df356f75	0	0
6420	7	6	6	0	1	0502042800060224001400ac0011030	18bcebd6b7f15ddbb7a35f53f34efcd	0	0
6421	7	6	9	0	0	0502081020140042848000a091040a0	18bce7ee97e35fbd33375f5f625bf5d	0	0
6422	7	6	6	0	0	0502081020140050848000a091040a0	18bce7ee97e35faf33375f5f625bf5d	0	0
6423	7	6	4	0	0	0502081020140052048000a091040a0	18bce7ee97e35fadb3375f5f625bf5d	0	0
6424	7	3	4	0	0	05020810201402520404002091400a0	18bce7ee97e35dadb3b35fdf621ff5d	0	0
6425	7	2	0	0	1	05022000a50008b0002101840048014	18bccffe12f7574fb7965e7bf317fe9	0	0
6426	7	6	4	0	1	0502200824020214000501848201030	18bccff693f55debb7b25e7b715efcd	0	0
6427	7	5	4	0	0	0502201010120284048000c05110220	18bccfeea7e55d7bb3375f3fa24fddd	0	0
6428	7	4	4	0	0	05022010101202a4008000c05110220	18bccfeea7e55d5bb7375f3fa24fddd	0	0
6429	7	10	6	0	1	08000a102044107004010486000c088	15bee5ee97b34f8fb3b65b79f353f75	0	0
6430	7	10	6	0	1	0800422800240528010101308005060	15beadd6b7d35ad7b6b65ecf735af9d	0	0
6431	7	5	6	0	0	08040a088501040805000060a003060	15bae5f632f65bf7b2b75f9f535cf9d	0	0
6432	7	5	2	0	0	08040a280202120104020452000c140	15bae5d6b5f54dfeb3b55badf353ebd	0	0
6433	7	7	6	0	0	08040c0222005000340114081208088	15bae3fc95f70fff83b64bf7e157f75	0	0
6434	7	6	3	0	1	08040c0a02024002140444011201090	15bae3f4b5f51ffda3b31bfee15ef6d	0	0
6435	7	6	7	0	0	0804284400444001130000a03240018	15bac7bab7b31ffea4b75f5fc11ffe5	0	0
6436	7	6	4	0	0	080803041481000505000120a00a180	15b6ecfaa3765ffab2b75edf5355e7d	0	0
6437	7	4	7	0	1	0808061400430070002002860009048	15b6e9eab7b45f8fb7975d79f356fb5	0	0
6438	7	6	3	0	0	0808089083000040a40214110102060	15b6e76e34f75fbf13b54beef25df9d	0	0
6439	7	5	2	0	1	0808091202401060040102890044088	15b6e6ecb5b74f9fb3b65d76f31bf75	0	0
6440	7	7	6	0	0	080809300081006101040422204800c	15b6e6ceb7765f9eb6b35bddd317ff1	0	0
6441	7	3	6	0	0	0808093000c1006101040022204800c	15b6e6ceb7365f9eb6b35fddd317ff1	0	0
6442	7	5	6	0	1	08080a0604020160050005060009088	15b6e5f8b3f55e9fb2b75af9f356f75	0	0
6443	7	8	6	0	1	08080a100044107004010486000c088	15b6e5eeb7b34f8fb3b65b79f353f75	0	0
6444	7	5	6	0	1	08080a300044106004010486000c088	15b6e5ceb7b34f9fb3b65b79f353f75	0	0
6445	7	3	9	0	1	08080c1020c1006100840021200a180	15b6e3ee97365f9eb7335fded355e7d	0	0
6446	7	5	7	0	0	08080c14000611200404120c0010828	15b6e3eab7f14edfb3b34df3f34f7d5	0	0
6447	7	3	8	0	0	08080c202082112104010406000a088	15b6e3de97754edeb3b65bf9f355f75	0	0
6448	7	6	6	0	0	08080c300090006100820432000a104	15b6e3ceb7675f9eb7355bcdf355ef9	0	0
6449	7	5	6	0	0	08080c300091004100820432000a104	15b6e3ceb7665fbeb7355bcdf355ef9	0	0
6450	7	2	6	0	0	08080c300091006100060422000a180	15b6e3ceb7665f9eb7b15bddf355e7d	0	0
6451	7	5	6	0	1	08082410224100402404120a000c021	15b6cbee95b65fbf93b34df5f353fdc	0	0
6452	7	6	6	0	1	0808244012200118002111120009024	15b6cbbea5d75ee7b7964eedf356fd9	0	0
6453	7	6	6	0	1	0808281011210004140104842012208	15b6c7eea6d65ffba3b65b7bd34ddf5	0	0
6454	7	7	4	0	1	080842041400112015000124800c0a0	15b6adfaa3f74edfa2b75edb7353f5d	0	0
6455	7	4	4	0	0	0808440824021420240001250012120	15b6abf693f54bdf93b75edaf34dedd	0	0
6456	7	5	9	0	1	080848009280112004010144800a0a0	15b6a7fe25774edfb3b65ebb7355f5d	0	0
6457	7	4	4	0	0	0808485002020301140018090002828	15b6a7aeb5f55cfea3b747f6f35d7d5	0	0
6458	7	1	2	0	0	080a0424008200e1018005060008014	15b4ebdab7755f1eb6375af9f357fe9	0	0
6459	7	3	6	0	1	080a080030c00270018001041048024	15b4e7fe87375d8fb6375efbe317fd9	0	0
6460	7	4	6	0	0	080a0800a140014c040002850110009	15b4e7fe16b75eb3b3b75d7af24fff4	0	0
6461	7	6	4	0	1	080a080420c00070018001241044024	15b4e7fa97375f8fb6375edbe31bfd9	0	0
6462	7	6	6	0	0	0810090a00220062050001403140120	15aee6f4b7d55f9db2b75ebfc21fedd	0	0
6463	7	7	7	0	1	08100a18000200ca041004502104060	15aee5e6b7f55f35b3a75bafd25bf9d	0	0
6464	7	3	6	0	0	08100c480022026800a000441101060	15aee3b6b7d55d97b7175fbbe25ef9d	0	0
6465	7	4	10	0	0	0810422800220261010004450009048	15aeadd6b7d55d9eb6b75bbaf356fb5	0	0
6466	7	5	6	0	1	0810442800234020002101448009044	15aeabd6b7d41fdfb7965ebb7356fb9	0	0
6467	7	2	4	0	1	0810481010065020240218080014028	15aea7eea7f10fdf93b547f7f34bfd5	0	0
6468	7	5	1	0	1	08104848002211200003090c0014120	15aea7b6b7d54edfb7b456f3f34bedd	0	0
6469	7	5	1	0	0	08104850002211200003180c0014028	15aea7aeb7d54edfb7b447f3f34bfd5	0	0
6470	7	6	6	0	0	0810884081100058000312108003060	15ae67be36e75fa7b7b44def735cf9d	0	0
6471	7	1	8	0	0	08120424008200e1008205060008014	15acebdab7755f1eb7355af9f357fe9	0	0
6472	7	9	6	0	0	0820010281044061010102980048044	159eeefc36f31f9eb6b65d67f317fb9	0	0
6473	7	5	10	0	1	0820028c002540001110082091040a0	159eed72b7d21fffa6a757df625bf5d	0	0
6474	7	3	4	0	0	0820049206000462000610110041024	159eeb6cb1f75b9db7b14feef31efd9	0	0
6475	7	2	4	0	0	08200518010204a2040440210012120	159eeae6b6f55b5db3b31fdef34dedd	0	0
6476	7	4	4	0	0	082005401140412200040a0c00018a0	159eeabea6b71eddb7b355f3f35e75d	0	0
6477	7	6	4	0	0	0820060813010009040200614102060	159ee9f6a4f65ff6b3b55f9eb25df9d	0	0
6478	7	8	4	0	0	082006100500044a040200630012420	159ee9eeb2f75bb5b3b55f9cf34dbdd	0	0
6479	7	7	8	0	0	0820088424001820200612140044021	159ee77a93f747df97b14debf31bfdc	0	0
6480	7	2	7	0	0	0820089084044422000608201050420	159ee76e33f31bddb7b157dfe30fbdd	0	0
6481	7	7	7	0	0	0820091800024422040408282011024	159ee6e6b7f51bddb3b357d7d34efd9	0	0
6482	7	8	6	0	1	08200a1000454004102408282048401	159ee5eeb7b21ffba79357d7d317bfc	0	0
6483	7	4	6	0	1	08200a3000450064000104860009048	159ee5ceb7b25f9bb7b65b79f356fb5	0	0
6484	7	8	6	0	0	08200c0800225030000510448201024	159ee3f6b7d50fcfb7b24fbb715efd9	0	0
6485	7	4	4	0	1	08200c1800061092040004260202024	159ee3e6b7f14f6db3b75bd9f15dfd9	0	0
6486	7	1	4	0	0	08200c4015010083008200a48002140	159ee3bea2f65f7cb7355f5b735debd	0	0
6487	7	1	4	0	0	08200c40250000c3018000a18002500	159ee3be92f75f3cb6375f5e735dafd	0	0
6488	7	7	3	0	1	08202112000440620005421010480a0	159eceecb7f31f9db7b21defe317f5d	0	0
6489	7	3	7	0	1	08202400344040620404020410090a0	159ecbfe83b71f9db3b35dfbe356f5d	0	0
6490	7	7	7	0	1	08202402140040620404024410090a0	159ecbfca3f71f9db3b35dbbe356f5d	0	0
6491	7	1	4	0	0	0820280035014001118000a0a002440	159ec7fe82f61ffea6375f5f535dbbd	0	0
6492	7	5	6	0	0	08202808111100401500060c0003024	159ec7f6a6e65fbfa2b759f3f35cfd9	0	0
6493	7	6	8	0	0	0820281020140052040102821050420	159ec7ee97e35fadb3b65d7de30fbdd	0	0
6494	7	2	7	0	0	08202810201440620005060013000a0	159ec7ee97e31f9db7b259ffe05ff5d	0	0
6495	7	4	1	0	0	0820281022100452040004221210084	159ec7ee95e75badb3b75bdde14ff79	0	0
6496	7	7	2	0	0	08202818000400d2048002241014420	159ec7e6b7f35f2db3375ddbe34bbdd	0	0
6497	7	5	4	0	1	08202818001500420500042a0003024	159ec7e6b7e25fbdb2b75bd5f35cfd9	0	0
6498	7	4	6	0	0	082040a081040528000108940011030	159eaf5e36f35ad7b7b6576bf34efcd	0	0
6499	7	4	4	0	1	0820410093005020200100d08018240	159eaefe24f70fdf97b65f2f7347dbd	0	0
6500	7	3	4	0	0	0820411800224121040100490012048	159eaee6b7d51edeb3b65fb6f34dfb5	0	0
6501	7	5	4	0	0	0820412011201120010100c48210048	159eaedea6d74edfb6b65f3b714ffb5	0	0
6502	7	3	4	0	0	0820412020c10062010101041048024	159eaede97365f9db6b65efbe317fd9	0	0
6503	7	6	8	0	0	0820414020a0401200051110800a021	159eaebe97571fedb7b24eef7355fdc	0	0
6504	7	6	8	0	1	0820414081204020220100c18018041	159eaebe36d71fdf95b65f3e7347fbc	0	0
6505	7	6	4	0	1	0820414083004020220100c18018041	159eaebe34f71fdf95b65f3e7347fbc	0	0
6506	7	4	7	0	0	0820415000224121000100c90018048	159eaeaeb7d51edeb7b65f36f347fb5	0	0
6507	7	4	6	0	0	082042240025006101000426000900c	159eaddab7d25f9eb6b75bd9f356ff1	0	0
6508	7	4	4	0	0	0820480092045020200118108101024	159ea7fe25f30fdf97b647ef725efd9	0	0
6509	7	6	2	0	0	0820480c00220062010205140101024	159ea7f2b7d55f9db6b55aebf25efd9	0	0
6510	7	3	7	0	0	0820484020251002210100848104021	159ea7be97d24ffd96b65f7b725bfdc	0	0
6511	7	3	3	0	0	0820484020251002210100848140021	159ea7be97d24ffd96b65f7b721ffdc	0	0
6512	7	7	7	0	1	0820485000044061002100c9000a048	159ea7aeb7f31f9eb7965f36f355fb5	0	0
6513	7	6	7	0	1	0820485000064021002100c9000a048	159ea7aeb7f11fdeb7965f36f355fb5	0	0
6514	7	4	7	0	1	0820485000064061002000c9000a048	159ea7aeb7f11f9eb7975f36f355fb5	0	0
6515	7	1	7	0	1	0820485000224121000300c90010048	159ea7aeb7d51edeb7b45f36f34ffb5	0	0
6516	7	8	2	0	1	0820600010a001700500014480090a0	159e8ffea7575e8fb2b75ebb7356f5d	0	0
6517	7	4	4	0	0	0820810092211020200114028003240	159e6efe25d64fdf97b64bfd735cdbd	0	0
6518	7	5	6	0	0	0820812200614000100518003208081	159e6edcb7961fffa7b247ffc157f7c	0	0
6519	7	6	4	0	1	0820884082040070002118009041044	159e67be35f35f8fb79647ff631efb9	0	0
6520	7	6	2	0	0	0820884086000041200312110041060	159e67be31f75fbe97b44deef31ef9d	0	0
6521	7	3	9	0	0	0820a0402031004a001110028003024	159e4fbe97c65fb5b7a64ffd735cfd9	0	0
6522	7	5	6	0	0	0822010281044041010102980048044	159ceefc36f31fbeb6b65d67f317fb9	0	0
6523	7	4	9	0	1	0822020601400160110002250009088	159cedf8b6b75e9fa6b75ddaf356f75	0	0
6524	7	6	6	0	1	0822020604400100950002260005081	159cedf8b3b75eff22b75dd9f35af7c	0	0
6525	7	5	6	0	0	0822020a01040460010440250009028	159cedf4b6f35b9fb6b31fdaf356fd5	0	0
6526	7	5	6	0	0	08220804802440600104102091010a0	159ce7fa37d31f9fb6b34fdf625ef5d	0	0
6527	7	8	7	0	1	088003002281004a00114112000c024	153eecfe95765fb5b7a61eedf353fd9	0	0
6528	7	8	4	0	1	088003002281004a001141120044024	153eecfe95765fb5b7a61eedf31bfd9	0	0
6529	7	8	3	0	1	088003002281004a001141120048024	153eecfe95765fb5b7a61eedf317fd9	0	0
6530	7	7	8	0	0	088005009100112014040a0c00088a0	153eeafe26f74edfa3b355f3f35775d	0	0
6531	7	5	8	0	0	08800500918010600404024c000a0a0	153eeafe26774f9fb3b35db3f355f5d	0	0
6532	7	2	8	0	0	088005009500112014040a0400088a0	153eeafe22f74edfa3b355fbf35775d	0	0
6533	7	5	7	0	0	0880051010904042040402501048220	153eeaeea7671fbdb3b35dafe317ddd	0	0
6534	7	7	6	0	0	088005101400024284801050100a120	153eeaeea3f75dbd33374fafe355edd	0	0
6535	7	2	10	0	1	088006440202014a001250020005030	153ee9bab5f55eb5b7a50ffdf35afcd	0	0
6536	7	7	6	0	1	088006480003004a002241060009014	153ee9b6b7f45fb5b7951ef9f356fe9	0	0
6537	7	5	7	0	0	0880065002020181000350014208048	153ee9aeb5f55e7eb7b40ffeb157fb5	0	0
6538	7	5	4	0	0	0880088604024120000611050201088	153ee778b3f51edfb7b14efaf15ef75	0	0
6539	7	4	6	0	1	0880089200224120100450012201088	153ee76cb7d51edfa7b30ffed15ef75	0	0
6540	7	5	7	0	0	0880091200224120000518012201208	153ee6ecb7d51edfb7b247fed15edf5	0	0
6541	7	5	6	0	0	0880091200224120000550012201088	153ee6ecb7d51edfb7b20ffed15ef75	0	0
6542	7	5	3	0	0	08800912002301200005180a0005140	153ee6ecb7d45edfb7b247f5f35aebd	0	0
6543	7	5	8	0	1	0880092020a10042050001221044024	153ee6de97565fbdb2b75edde31bfd9	0	0
6544	7	5	2	0	1	0880092020a10042050001221044120	153ee6de97565fbdb2b75edde31bedd	0	0
6545	7	5	10	0	1	08800a0814210108000309060005060	153ee5f6a3d65ef7b7b456f9f35af9d	0	0
6546	7	5	7	0	1	08800a0814210108000309140005060	153ee5f6a3d65ef7b7b456ebf35af9d	0	0
6547	7	4	9	0	0	08800a101083020114001042200a140	153ee5eea7745dfea3b74fbdd355ebd	0	0
6548	7	5	4	0	1	08800a1020850042050001222140024	153ee5ee97725fbdb2b75eddd21ffd9	0	0
6549	7	6	4	0	1	08800a180402004a040408422005420	153ee5e6b3f55fb5b3b357bdd35abdd	0	0
6550	7	4	1	0	0	08800a2020910043010001320048104	153ee5de97665fbcb6b75ecdf317ef9	0	0
6551	7	6	6	0	1	08800a2022400400350001230240009	153ee5de95b75bff82b75edcf11fff4	0	0
6552	7	6	6	0	1	08800a280015000a010101304041024	153ee5d6b7e25ff5b6b65ecfb31efd9	0	0
6553	7	4	8	0	0	08800a401280025100020143000a480	153ee5bea5775daeb7b55ebcf355b7d	0	0
6554	7	3	3	0	1	08800c081501010a000308140003030	153ee3f6a2f65ef5b7b457ebf35cfcd	0	0
6555	7	6	4	0	1	08800c1014100042148008920003120	153ee3eea3e75fbda337576df35cedd	0	0
6556	7	4	1	0	0	08800c180410044a040008320003024	153ee3e6b3e75bb5b3b757cdf35cfd9	0	0
6557	7	8	7	0	1	0880280020144052010103101240024	153ec7fe97e31fadb6b65cefe11ffd9	0	0
6558	7	6	9	0	1	088028101014004a048002920005024	153ec7eea7e35fb5b3375d6df35afd9	0	0
6559	7	6	3	0	0	088028101014004a048002920101024	153ec7eea7e35fb5b3375d6df25efd9	0	0
6560	7	6	10	0	1	0880281020140052050002221044024	153ec7ee97e35fadb2b75ddde31bfd9	0	0
6561	7	3	4	0	1	0880281020150052048000221006120	153ec7ee97e25fadb3375fdde359edd	0	0
6562	7	3	6	0	0	0880281020500450150000221204084	153ec7ee97a75bafa2b75fdde15bf79	0	0
6563	7	3	4	0	1	0880283000150042150000221044024	153ec7ceb7e25fbda2b75fdde31bfd9	0	0
6564	7	5	0	0	0	0880283000150400110408221240028	153ec7ceb7e25bffa6b357dde11ffd5	0	0
6565	7	6	2	0	1	088028500014004a008102920005220	153ec7aeb7e35fb5b7365d6df35addd	0	0
6566	7	4	0	0	1	088028500014014a008002920005220	153ec7aeb7e35eb5b7375d6df35addd	0	0
6567	7	7	4	0	0	08804100a080404a04011110100a220	153eaefe17771fb5b3b64eefe355ddd	0	0
6568	7	5	4	0	0	08804200328110001401110c000a028	153eadfe85764fffa3b64ef3f355fd5	0	0
6569	7	4	4	0	0	088042003480120414000124800a500	153eadfe83774dfba3b75edb7355afd	0	0
6570	7	5	2	0	0	08804400918104080402082c0003030	153eabfe26765bf7b3b557d3f35cfcd	0	0
6571	7	8	6	0	1	0880480020074002850001203140024	153ea7fe97f01ffd32b75edfc21ffd9	0	0
6572	7	4	8	0	0	0880480032021400340011090202028	153ea7fe85f54bff83b74ef6f15dfd5	0	0
6573	7	5	4	0	1	088048003280500014011108820200c	153ea7fe85770fffa3b64ef7715dff1	0	0
6574	7	5	6	0	0	088048401006442000a0018c0003048	153ea7bea7f11bdfb7175e73f35cfb5	0	0
6575	7	5	2	0	0	08804840208250001401110c000a028	153ea7be97750fffa3b64ef3f355fd5	0	0
6576	7	1	3	0	1	0880485000221124000300cc0010048	153ea7aeb7d54edbb7b45f33f34ffb5	0	0
6577	7	5	0	0	0	08804850002411200003108c0014048	153ea7aeb7d34edfb7b44f73f34bfb5	0	0
6578	7	5	6	0	1	0880820285000448040102520003048	153e6dfc32f75bb7b3b65dadf35cfb5	0	0
6579	7	6	4	0	0	0880821400070005000602302140048	153e6deab7f05ffab7b15dcfd21ffb5	0	0
6580	7	4	7	0	0	0880880032021400340011090202028	153e67fe85f54bff83b74ef6f15dfd5	0	0
6581	7	8	6	0	1	0880880200074002148001203140014	153e67fcb7f01ffda3375edfc21ffe9	0	0
6582	7	5	6	0	1	0882020210a00150050001460009088	153cedfca7575eafb2b75eb9f356f75	0	0
6583	7	6	4	0	0	0882081800140042118008301104024	153ce7e6b7e35fbda63757cfe25bfd9	0	0
6584	7	9	6	0	1	0900020210600170050001460009088	14beedfca7975e8fb2b75eb9f356f75	0	0
6585	7	9	4	0	0	0900020210a00154050001448005480	14beedfca7575eabb2b75ebb735ab7d	0	0
6586	7	9	3	0	0	0900020210a00154050001448009480	14beedfca7575eabb2b75ebb7356b7d	0	0
6587	7	9	10	0	1	09000204106000f001200306004100c	14beedfaa7975f0fb6975cf9f31eff1	0	0
6588	7	5	9	0	0	090003060023006001200306004100c	14beecf8b7d45f9fb6975cf9f31eff1	0	0
6589	7	4	8	0	0	090003060023007000200306004100c	14beecf8b7d45f8fb7975cf9f31eff1	0	0
6590	7	5	6	0	0	090003280061006001010506000900c	14beecd6b7965f9fb6b65af9f356ff1	0	0
6591	7	2	2	0	0	09000488850004a2040402240011120	14beeb7632f75b5db3b35ddbf34eedd	0	0
6592	7	2	4	0	0	0900050c0023006800a041040003024	14beeaf2b7d45f97b7171efbf35cfd9	0	0
6593	7	7	2	0	0	090005480021004a002141060009024	14beeab6b7d65fb5b7961ef9f356fd9	0	0
6594	7	4	8	0	0	0900060421400160820002248041408	14bee9fa96b75e9f35b75ddb731ebf5	0	0
6595	7	4	4	0	1	090006088105103000010064800a120	14bee9f636f24fcfb7b65f9b7355edd	0	0
6596	7	7	6	0	1	0900060a00030068002241060009014	14bee9f4b7f45f97b7951ef9f356fe9	0	0
6597	7	6	0	0	0	0900060c010500210006022c0018108	14bee9f2b6f25fdeb7b15dd3f347ef5	0	0
6598	7	5	7	0	1	0900062400230060002205060009104	14bee9dab7d45f9fb7955af9f356ef9	0	0
6599	7	5	6	0	1	0900062800230060002205060009104	14bee9d6b7d45f9fb7955af9f356ef9	0	0
6600	7	7	8	0	0	09000880a4001820200612140044021	14bee77e13f747df97b14debf31bfdc	0	0
6601	7	6	1	0	0	0900089010c00214048002441012408	14bee76ea7375debb3375dbbe34dbf5	0	0
6602	7	6	6	0	1	0900090096000828002401520048005	14bee6fe21f757d7b7935eadf317ff8	0	0
6603	7	4	6	0	0	09000920122008a800011110105000c	14bee6dea5d75757b7b64eefe30fff1	0	0
6604	7	6	4	0	0	09000a00a2041030002111140040824	14bee5fe15f34fcfb7964eebf31f7d9	0	0
6605	7	8	6	0	1	09000a0200440170050003060001888	14bee5fcb7b35e8fb2b75cf9f35e775	0	0
6606	7	7	6	0	1	09000a0210400170050001460009088	14bee5fca7b75e8fb2b75eb9f356f75	0	0
6607	7	1	6	0	1	09000a0214200164050001448001088	14bee5fca3d75e9bb2b75ebb735ef75	0	0
6608	7	5	6	0	1	09000a0214400160050001460009088	14bee5fca3b75e9fb2b75eb9f356f75	0	0
6609	7	3	10	0	1	09000a04106000f001200106004100c	14bee5faa7975f0fb6975ef9f31eff1	0	0
6610	7	6	0	0	0	09000a04142000a1040201860014180	14bee5faa3d75f5eb3b55e79f34be7d	0	0
6611	7	5	9	0	1	09000a0600440160050003060001888	14bee5f8b7b35e9fb2b75cf9f35e775	0	0
6612	7	7	6	0	1	09000a08102001700500014480050a0	14bee5f6a7d75e8fb2b75ebb735af5d	0	0
6613	7	5	6	0	1	09000a08142001600500014480050a0	14bee5f6a3d75e9fb2b75ebb735af5d	0	0
6614	7	7	3	0	1	09000a102040107004010446000a088	14bee5ee97b74f8fb3b65bb9f355f75	0	0
6615	7	2	6	0	0	09000a1020440461030000a02240088	14bee5ee97b35b9eb4b75f5fd11ff75	0	0
6616	7	2	3	0	0	09000a1020440461030000a022400c0	14bee5ee97b35b9eb4b75f5fd11ff3d	0	0
6617	7	1	3	0	1	09000a1020441070040104860008088	14bee5ee97b34f8fb3b65b79f357f75	0	0
6618	7	7	1	0	0	09000a401200024503000141800a480	14bee5bea5f75dbab4b75ebe7355b7d	0	0
6619	7	7	6	0	0	09000a4012000518002211120001828	14bee5bea5f75ae7b7954eedf35e7d5	0	0
6620	7	3	3	0	0	09000a4012200245030000418003480	14bee5bea5d75dbab4b75fbe735cb7d	0	0
6621	7	1	1	0	0	09000a4012200245030001418002480	14bee5bea5d75dbab4b75ebe735db7d	0	0
6622	7	4	7	0	0	09000a40228000d100011100a208104	14bee5be95775f2eb7b64eff5157ef9	0	0
6623	7	7	8	0	0	09000a4400040461030000a0a041088	14bee5bab7f35b9eb4b75f5f531ef75	0	0
6624	7	2	6	0	0	09000a4802040451010101408202088	14bee5b6b5f35baeb6b65ebf715df75	0	0
6625	7	7	7	0	0	09000c00a101040a040100a48003220	14bee3fe16f65bf5b3b65f5b735cddd	0	0
6626	7	4	2	0	1	09000c0824400488240001230210101	14bee3f693b75b7793b75edcf14fefc	0	0
6627	7	3	10	0	0	09000c102110044a0402002a0012024	14bee3ee96e75bb5b3b55fd5f34dfd9	0	0
6628	7	3	3	0	0	09000c2020c10061008400260009104	14bee3de97365f9eb7335fd9f356ef9	0	0
6629	7	7	3	0	0	09000c30008000e100820434000a084	14bee3ceb7775f1eb7355bcbf355f79	0	0
6630	7	6	1	0	0	09000c300090006100820432000a104	14bee3ceb7675f9eb7355bcdf355ef9	0	0
6631	7	6	4	0	0	0900221010500064042000cc0009088	14becdeea7a75f9bb3975f33f356f75	0	0
6632	7	2	3	0	0	0900221020440461030002202240084	14becdee97b35b9eb4b75ddfd11ff79	0	0
6633	7	7	4	0	0	0900224012000518002211120001828	14becdbea5f75ae7b7954eedf35e7d5	0	0
6634	7	8	3	0	0	0900280020444051010102803240480	14bec7fe97b31faeb6b65d7fc11fb7d	0	0
6635	7	6	4	0	0	0900281020140068048010281014024	14bec7ee97e35f97b3374fd7e34bfd9	0	0
6636	7	4	1	0	1	09002810205040700004022032400a0	14bec7ee97a71f8fb7b35ddfc11ff5d	0	0
6637	7	6	4	0	1	0900284020444011010100a03240088	14bec7be97b31feeb6b65f5fc11ff75	0	0
6638	7	6	6	0	1	0900412010220228012001501048024	14beaedea7d55dd7b6975eafe317fd9	0	0
6639	7	5	6	0	1	090041480022025005000140900a120	14beaeb6b7d55dafb2b75ebf6355edd	0	0
6640	7	8	4	0	0	0900420012041428000311180012028	14beadfea5f34bd7b7b44ee7f34dfd5	0	0
6641	7	5	4	0	1	0900420032400260030001818009480	14beadfe85b75d9fb4b75e7e7356b7d	0	0
6642	7	5	2	0	1	0900422800220260012001418009500	14beadd6b7d55d9fb6975ebe7356afd	0	0
6643	7	2	2	0	1	0900444020065028001112080012028	14beabbe97f10fd7b7a64df7f34dfd5	0	0
6644	7	8	2	0	0	0900480012041428000311180012028	14bea7fea5f34bd7b7b44ee7f34dfd5	0	0
6645	7	4	3	0	0	0900480092041428000110980011024	14bea7fe25f34bd7b7b64f67f34efd9	0	0
6646	7	4	2	0	0	0900480092041428000110980011028	14bea7fe25f34bd7b7b64f67f34efd5	0	0
6647	7	2	6	0	1	0900484020244051010101808202088	14bea7be97d31faeb6b65e7f715df75	0	0
6648	7	7	9	0	1	0900820600050061010402222009088	14be6df8b7f25f9eb6b35dddd356f75	0	0
6649	7	6	4	0	0	0900820600060061010412102041208	14be6df8b7f15f9eb6b34defd31edf5	0	0
6650	7	9	4	0	1	0902000210a00154050001448003088	14bceffca7575eabb2b75ebb735cf75	0	0
6651	7	8	7	0	0	0902008080450409030000a06041044	14bcef7e37b25bf6b4b75f5f931efb9	0	0
6652	7	2	10	0	1	090202003220104123000442000c088	14bcedfe85d74fbe94b75bbdf353f75	0	0
6653	7	5	6	0	1	0902020210600150050001460009088	14bcedfca7975eafb2b75eb9f356f75	0	0
6654	7	4	6	0	1	0902020210600170010001460009088	14bcedfca7975e8fb6b75eb9f356f75	0	0
6655	7	6	4	0	1	0902020210a00054050001448003088	14bcedfca7575fabb2b75ebb735cf75	0	0
6656	7	5	4	0	1	0902020210a001500500014600050a0	14bcedfca7575eafb2b75eb9f35af5d	0	0
6657	7	5	7	0	1	0902020210a00150050001460009028	14bcedfca7575eafb2b75eb9f356fd5	0	0
6658	7	5	3	0	1	0902020210a001500500014600090a0	14bcedfca7575eafb2b75eb9f356f5d	0	0
6659	7	4	4	0	0	0902020210a00154010001448005480	14bcedfca7575eabb6b75ebb735ab7d	0	0
6660	7	1	4	0	1	0902020210a00154050001448001088	14bcedfca7575eabb2b75ebb735ef75	0	0
6661	7	5	4	0	1	0902020210c00150050001460009088	14bcedfca7375eafb2b75eb9f356f75	0	0
6662	7	6	3	0	0	0902020604040061010402260009088	14bcedf8b3f35f9eb6b35dd9f356f75	0	0
6663	7	7	3	0	1	0902024010021808122001460048014	14bcedbea7f547f7a5975eb9f317fe9	0	0
6664	7	5	6	0	0	090208003050406000a0018c0009084	14bce7fe87a71f9fb7175e73f356f79	0	0
6665	7	6	0	0	1	0902080030c00230018001441048024	14bce7fe87375dcfb6375ebbe317fd9	0	0
6666	7	3	1	0	1	0902080030c00270018001041048024	14bce7fe87375d8fb6375efbe317fd9	0	0
6667	7	9	6	0	1	0c00020281040470010102908041048	11beedfc36f35b8fb6b65d6f731efb5	0	0
6668	7	9	4	0	1	0c0004009301100034011048800a060	11beebfe24f64fff83b64fb77355f9d	0	0
6669	7	4	7	0	1	0c00048481210060800244050003024	11beeb7a36d65f9f37b51bfaf35cfd9	0	0
6670	7	2	2	0	0	0c000504122000e20410500010140a0	11beeafaa5d75f1db3a70fffe34bf5d	0	0
6671	7	3	6	0	0	0c00060600230044122010003009500	11bee9f8b7d45fbba5974fffc356afd	0	0
6672	7	7	3	0	1	0c000612000310009401104a000a060	11bee9ecb7f44fff23b64fb5f355f9d	0	0
6673	7	7	6	0	0	0c000880a4001820200612140044021	11bee77e13f747df97b14debf31bfdc	0	0
6674	7	4	3	0	0	0c00088282041430000110908041044	11bee77c35f34bcfb7b64f6f731efb9	0	0
6675	7	6	4	0	0	0c0008a020820122008205041014480	11bee75e97755eddb7355afbe34bb7d	0	0
6676	7	4	7	0	0	0c0008c080144430000108809041060	11bee73e37e31bcfb7b6577f631ef9d	0	0
6677	7	5	4	0	0	0c00090222021810040111120006044	11bee6fc95f547efb3b64eedf359fb9	0	0
6678	7	6	6	0	1	0c00090a00060052050003101044024	11bee6f4b7f15fadb2b75cefe31bfd9	0	0
6679	7	3	6	0	1	0c00090a002240620404400030050a0	11bee6f4b7d51f9db3b31fffc35af5d	0	0
6680	7	1	6	0	0	0c000a40221004520401018280010a0	11bee5be95e75badb3b65e7d735ef5d	0	0
6681	7	8	4	0	1	0c000c0022101062040104888041084	11bee3fe95e74f9db3b65b77731ef79	0	0
6682	7	3	4	0	0	0c000c00a2801060140110009140024	11bee3fe15774f9fa3b64fff621ffd9	0	0
6683	7	6	4	0	1	0c000c02220410202401108a0014041	11bee3fc95f34fdf93b64f75f34bfbc	0	0
6684	7	8	10	0	0	0c000c2000121422008200a28011104	11bee3deb7e54bddb7355f5d734eef9	0	0
6685	7	3	4	0	1	0c000c2020121062048000828011104	11bee3de97e54f9db3375f7d734eef9	0	0
6686	7	5	6	0	1	0c000c4080854000100550009048021	11bee3be37721fffa7b20fff6317fdc	0	0
6687	7	3	4	0	1	0c000c6000121062008200828011104	11bee39eb7e54f9db7355f7d734eef9	0	0
6688	7	8	2	0	0	0c002200221104120401012280090a0	11becdfe95e65bedb3b65edd7356f5d	0	0
6689	7	4	8	0	0	0c02040420820141120014003208090	11bcebfa97755ebea5b74bffc157f6d	0	0
6690	7	10	8	0	0	10000c0c01040882220140244006420	0dbee3f2b6f3577d95b61fdbb359bdd	0	0
6691	7	10	7	0	1	10002400a1044122020402248010a10	0dbecbfe16f31eddb5b35ddb734f5ed	0	0
6692	7	10	0	0	0	10002402201450280005028a0110090	0dbecbfc97e30fd7b7b25d75f24ff6d	0	0
6693	7	10	4	0	0	1000280096000a14000510540003060	0dbec7fe21f755ebb7b24fabf35cf9d	0	0
6694	7	10	9	0	1	10002800a01410680101048a0018084	0dbec7fe17e34f97b6b65b75f347f79	0	0
6695	7	10	2	0	1	100028108014407000034402800a0c0	0dbec7ee37e31f8fb7b41bfd7355f3d	0	0
6696	7	10	7	0	0	1000284020a0404111014080a102088	0dbec7be97571fbea6b61f7f525df75	0	0
6697	7	10	2	0	0	10006002208205101500050c0008888	0dbe8ffc97755aefa2b75af3f357775	0	0
6698	7	10	6	0	1	1000880280065020100550088042018	0dbe67fc37f10fdfa7b20ff7731dfe5	0	0
6699	7	1	6	0	0	10040c00910540042022028c0010240	0dbae3fe26f21ffb97955d73f34fdbd	0	0
6700	7	3	3	0	1	100428009105400411200088800a240	0dbac7fe26f21ffba6975f777355dbd	0	0
6701	7	3	1	0	0	100428009111400411200088800a240	0dbac7fe26e61ffba6975f777355dbd	0	0
6702	7	5	3	0	0	1004280885014000102100c4800a240	0dbac7f632f61fffa7965f3b7355dbd	0	0
6703	7	5	4	0	0	1004480282020904050000c12101240	0dbaa7fc35f556fbb2b75f3ed25edbd	0	0
6704	7	7	2	0	0	100460101010092081024048800c0c0	0dba8feea7e756df36b51fb77353f3d	0	0
6705	7	9	0	0	0	1008040c00145028000502828110210	0db6ebf2b7e30fd7b7b25d7d724fded	0	0
6706	7	6	4	0	0	1008048c0210009800050c0053000a0	0db6eb72b5e75f67b7b253ffa05ff5d	0	0
6707	7	9	4	0	0	1008080410c000f0012001860104084	0db6e7faa7375f0fb6975e79f25bf79	0	0
6708	7	3	7	0	1	10080c0480065028000500828110210	0db6e3fa37f10fd7b7b25f7d724fded	0	0
6709	7	9	1	0	1	100820108090015405000222800a220	0db6cfee37675eabb2b75ddd7355ddd	0	0
6710	7	4	4	0	1	10082098008203140400044c000a028	0db6cf66b7755cebb3b75bb3f355fd5	0	0
6711	7	5	4	0	1	10082098009001500500044a000a028	0db6cf66b7675eafb2b75bb5f355fd5	0	0
6712	7	4	4	0	0	10082098009001540400044c000a028	0db6cf66b7675eabb3b75bb3f355fd5	0	0
6713	7	5	9	0	0	100821108090014405000222800a220	0db6ceee37675ebbb2b75ddd7355ddd	0	0
6714	7	3	7	0	1	100824009280410116004000c002890	0db6cbfe25771efea1b71fff335d76d	0	0
6715	7	6	4	0	1	100824081440004a040402860005220	0db6cbf6a3b75fb5b3b35d79f35addd	0	0
6716	7	3	9	0	0	1008240884800189040100244012090	0db6cbf633775e76b3b65fdbb34df6d	0	0
6717	7	8	4	0	0	10082410008201441600140c000a028	0db6cbeeb7755ebba1b74bf3f355fd5	0	0
6718	7	4	4	0	1	100824101090018c0400022a0012220	0db6cbeea7675e73b3b75dd5f34dddd	0	0
6719	7	6	4	0	1	1008241400144024000500a88018280	0db6cbeab7e31fdbb7b25f577347d7d	0	0
6720	7	5	4	0	1	1008241400154004000500a88018280	0db6cbeab7e21ffbb7b25f577347d7d	0	0
6721	7	3	7	0	0	1008242084800189040100244012090	0db6cbde33775e76b3b65fdbb34df6d	0	0
6722	7	4	4	0	0	10082800a2804111000150108002888	0db6c7fe15771eeeb7b60fef735d775	0	0
6723	7	6	3	0	1	100828101090004415000488800a280	0db6c7eea7675fbba2b75b777355d7d	0	0
6724	7	5	3	0	1	10082810109000c40500028a0012220	0db6c7eea7675f3bb2b75d75f34dddd	0	0
6725	7	4	3	0	0	10082810109001640002420c00120a0	0db6c7eea7675e9bb7b51df3f34df5d	0	0
6726	7	4	2	0	0	10082810208202540400140c000a028	0db6c7ee97755dabb3b74bf3f355fd5	0	0
6727	7	1	6	0	1	1008281080144070000504828008280	0db6c7ee37e31f8fb7b25b7d7357d7d	0	0
6728	7	5	6	0	0	1008281080150044010102828102220	0db6c7ee37e25fbbb6b65d7d725dddd	0	0
6729	7	4	3	0	0	1008281084800144140012048002a20	0db6c7ee33775ebba3b74dfb735d5dd	0	0
6730	7	6	4	0	0	1008281400144024000500a88110088	0db6c7eab7e31fdbb7b25f57724ff75	0	0
6731	7	8	7	0	0	1008284000a0404111014080a102088	0db6c7beb7571fbea6b61f7f525df75	0	0
6732	7	5	7	0	0	1008284020a0404101014080a102088	0db6c7be97571fbeb6b61f7f525df75	0	0
6733	7	5	4	0	0	1008412080901040250000a28018300	0db6aede37674fbf92b75f5d7347cfd	0	0
6734	7	8	2	0	0	10086002008205101500050c0008888	0db68ffcb7755aefa2b75af3f357775	0	0
6735	7	5	2	0	0	10086002208205100500050c0008888	0db68ffc97755aefb2b75af3f357775	0	0
6736	7	6	6	0	1	1008a0108015001400050222800a220	0db64fee37e25febb7b25ddd7355ddd	0	0
6737	7	4	6	0	1	1008a0108015005400040222800a220	0db64fee37e25fabb7b35ddd7355ddd	0	0
6738	7	8	6	0	0	1008a0200202060094011408105000c	0db64fdeb5f559ff23b64bf7e30fff1	0	0
6739	7	6	6	0	0	100a0404101440090201028a0018084	0db4ebfaa7e31ff6b5b65d75f347f79	0	0
6740	7	8	6	0	1	100a2000205001580104060a000c081	0db4cffe97a75ea7b6b359f5f353f7c	0	0
6741	7	9	3	0	1	10102008844000ca040402260009220	0daecff633b75f35b3b35dd9f356ddd	0	0
6742	7	5	8	0	1	1010209080310090020104428048044	0daecf6e37c65f6fb5b65bbd7317fb9	0	0
6743	7	7	8	0	0	10102104840000c0a60014022018101	0daecefa33f75f3f11b74bfdd347efc	0	0
6744	7	3	2	0	0	10102114041008888401002a000c0a0	0daeceeab3e7577733b65fd5f353f5d	0	0
6745	7	4	4	0	0	1010211800424042240004482140018	0daecee6b7b51fbd93b75bb7d21ffe5	0	0
6746	7	2	3	0	1	10102118044000ca04040222000c220	0daecee6b3b75f35b3b35dddf353ddd	0	0
6747	7	6	7	0	1	10102400a1044022020402248010a10	0daecbfe16f31fddb5b35ddb734f5ed	0	0
6748	7	4	7	0	1	10102400a1044122020002248010a10	0daecbfe16f31eddb5b75ddb734f5ed	0	0
6749	7	7	2	0	0	10102414001008888401006a01080a0	0daecbeab7e7577733b65f95f257f5d	0	0
6750	7	8	4	0	1	10102810001400d20500042a00060a0	0daec7eeb7e35f2db2b75bd5f359f5d	0	0
6751	7	8	9	0	1	101028100082026010a0044c0042018	0daec7eeb7755d9fa7175bb3f31dfe5	0	0
6752	7	7	6	0	1	10102818000202940401044c000a028	0daec7e6b7f55d6bb3b65bb3f355fd5	0	0
6753	7	6	7	0	0	10102818001400421600042c0006030	0daec7e6b7e35fbda1b75bd3f359fcd	0	0
6754	7	4	4	0	0	10102818001400d20400042c00060a0	0daec7e6b7e35f2db3b75bd3f359f5d	0	0
6755	7	2	4	0	1	10102818001400d20500042800060a0	0daec7e6b7e35f2db2b75bd7f359f5d	0	0
6756	7	6	6	0	1	1010408485000220120202848010910	0daeaf7a32f75ddfa5b55d7b734f6ed	0	0
6757	7	3	4	0	0	10104104818000e08201040c0012108	0daeaefa36775f1f35b65bf3f34def5	0	0
6758	7	4	6	0	0	1010410484104828000102228003210	0daeaefa33e717d7b7b65ddd735cded	0	0
6759	7	2	6	0	0	10104230002202a4002104440108048	0daeadceb7d55d5bb7965bbbf257fb5	0	0
6760	7	5	10	0	0	10104404818000c0820204244102120	0daeabfa36775f3f35b55bdbb25dedd	0	0
6761	7	5	9	0	1	10104808808203200101044c0009060	0daea7f637755cdfb6b65bb3f356f9d	0	0
6762	7	3	4	0	0	101060009180025013000044800a420	0dae8ffe26775dafa4b75fbb7355bdd	0	0
6763	7	3	4	0	0	1010600091800310130000448008c20	0dae8ffe26775cefa4b75fbb73573dd	0	0
6764	7	6	6	0	0	1010600884100048160002248003030	0dae8ff633e75fb7a1b75ddb735cfcd	0	0
6765	7	4	4	0	1	1010601080c000e01200042c004800c	0dae8fee37375f1fa5b75bd3f317ff1	0	0
6766	7	6	4	0	0	1010840214110002800318088003180	0dae6bfca3e65ffd37b447f7735ce7d	0	0
6767	7	3	3	0	1	1010a008804400ca060000205140030	0dae4ff637b35f35b1b75fdfa21ffcd	0	0
6768	7	3	1	0	0	1010a008805000ca060000205140030	0dae4ff637a75f35b1b75fdfa21ffcd	0	0
6769	7	2	4	0	0	1010a010841000d404011040800a060	0dae4fee33e75f2bb3b64fbf7355f9d	0	0
6770	7	5	10	0	1	10200314004440440220028a0008848	0d9eeceab7b31fbbb5975d75f3577b5	0	0
6771	7	6	6	0	1	10200512000640300024028a0040850	0d9eeaecb7f11fcfb7935d75f31f7ad	0	0
6772	7	8	6	0	0	102009100014406400214088800a0c0	0d9ee6eeb7e31f9bb7961f777355f3d	0	0
6773	7	7	3	0	1	102009140004406400214088800a0c0	0d9ee6eab7f31f9bb7961f777355f3d	0	0
6774	7	5	6	0	0	102009180014406000214088800a0c0	0d9ee6e6b7e31f9fb7961f777355f3d	0	0
6775	7	9	2	0	1	10202000918001841500022c0018220	0d9ecffe26775e7ba2b75dd3f347ddd	0	0
6776	7	9	4	0	1	1020201400154004102400a88008a80	0d9ecfeab7e21ffba7935f57735757d	0	0
6777	7	4	6	0	0	10202080a50004a40004022c0012120	0d9ecf7e12f75b5bb7b35dd3f34dedd	0	0
6778	7	8	9	0	0	102021008180014415000224800a220	0d9ecefe36775ebba2b75ddb7355ddd	0	0
6779	7	8	8	0	1	102021008180014415000228800a220	0d9ecefe36775ebba2b75dd77355ddd	0	0
6780	7	6	9	0	0	102021009180010415000224800a220	0d9ecefe26775efba2b75ddb7355ddd	0	0
6781	7	6	8	0	1	102021009180010415000228800a220	0d9ecefe26775efba2b75dd77355ddd	0	0
6782	7	4	4	0	1	10202100a1800164010000a88018300	0d9ecefe16775e9bb6b75f577347cfd	0	0
6783	7	5	7	0	1	1020210880a0404014014400900a300	0d9ecef637571fbfa3b61bff6355cfd	0	0
6784	7	8	4	0	0	102021100014406400214088800a0c0	0d9eceeeb7e31f9bb7961f777355f3d	0	0
6785	7	8	4	0	1	10202110008201540500044a000a028	0d9eceeeb7755eabb2b75bb5f355fd5	0	0
6786	7	4	8	0	0	1020211014100144802000c882080c0	0d9eceeea3e75ebb37975f377157f3d	0	0
6787	7	1	8	0	0	1020211014100144842000c880080c0	0d9eceeea3e75ebb33975f377357f3d	0	0
6788	7	7	9	0	1	102021108080014415000222800a220	0d9eceee37775ebba2b75ddd7355ddd	0	0
6789	7	7	7	0	1	102021108080014415000228800a220	0d9eceee37775ebba2b75dd77355ddd	0	0
6790	7	4	8	0	1	102021108480014414000222800a220	0d9eceee33775ebba3b75ddd7355ddd	0	0
6791	7	4	7	0	0	102021108480014414000224800a220	0d9eceee33775ebba3b75ddb7355ddd	0	0
6792	7	5	4	0	0	102021120202049004040c0a004080c	0d9eceecb5f55b6fb3b353f5f31f7f1	0	0
6793	7	6	4	0	0	1020211400144024000500a88018280	0d9eceeab7e31fdbb7b25f577347d7d	0	0
6794	7	5	4	0	0	1020211400154004000500a88018280	0d9eceeab7e21ffbb7b25f577347d7d	0	0
6795	7	5	4	0	0	1020211400154004002100a8800a280	0d9eceeab7e21ffbb7965f577355d7d	0	0
6796	7	5	0	0	0	102021180031401000050442800a240	0d9ecee6b7c61fefb7b25bbd7355dbd	0	0
6797	7	2	4	0	1	102021180082015405000448000a028	0d9ecee6b7755eabb2b75bb7f355fd5	0	0
6798	7	5	6	0	0	102021408104014403000224800a220	0d9ecebe36f35ebbb4b75ddb7355ddd	0	0
6799	7	2	8	0	0	102021500014015400240a0800088a0	0d9eceaeb7e35eabb79355f7f35775d	0	0
6800	7	2	2	0	0	102021500014015401200a0800088a0	0d9eceaeb7e35eabb69755f7f35775d	0	0
6801	7	6	8	0	1	10202200914000a4022000c44008a40	0d9ecdfe26b75f5bb5975f3bb3575bd	0	0
6802	7	6	4	0	1	10202218008400501420042c0006090	0d9ecde6b7735fafa3975bd3f359f6d	0	0
6803	7	4	4	0	1	102022180084015011004022800c420	0d9ecde6b7735eafa6b71fdd7353bdd	0	0
6804	7	6	4	0	1	102022180090005015000068800a0a0	0d9ecde6b7675fafa2b75f977355f5d	0	0
6805	7	3	4	0	1	10202412000605101104080a02008a0	0d9ecbecb7f15aefa6b357f5f15f75d	0	0
6806	7	8	4	0	0	1020280016000a14000510540003060	0d9ec7fea1f755ebb7b24fabf35cf9d	0	0
6807	7	4	7	0	1	10202800322000c6040040809104120	0d9ec7fe85d75f39b3b71f7f625bedd	0	0
6808	7	5	8	0	0	1020280035000a1000051054000a060	0d9ec7fe82f755efb7b24fabf355f9d	0	0
6809	7	7	9	0	1	1020280091004804102100d4000a240	0d9ec7fe26f717fba7965f2bf355dbd	0	0
6810	7	7	4	0	0	1020280091004804102100d40102240	0d9ec7fe26f717fba7965f2bf25ddbd	0	0
6811	7	5	9	0	1	1020280091044804002100d4000a240	0d9ec7fe26f317fbb7965f2bf355dbd	0	0
6812	7	3	9	0	1	102028009105400410210084800a240	0d9ec7fe26f21ffba7965f7b7355dbd	0	0
6813	7	7	8	0	0	1020280094000914000510540009060	0d9ec7fe23f756ebb7b24fabf356f9d	0	0
6814	7	6	1	0	1	10202800950100041024082c000a120	0d9ec7fe22f65ffba79357d3f355edd	0	0
6815	7	6	4	0	0	1020280096000814000510540003060	0d9ec7fe21f757ebb7b24fabf35cf9d	0	0
6816	7	1	4	0	0	1020280096000914000510540001060	0d9ec7fe21f756ebb7b24fabf35ef9d	0	0
6817	7	6	6	0	0	10202800a2200044140150009102120	0d9ec7fe15d75fbba3b60fff625dedd	0	0
6818	7	4	8	0	0	10202800a4210044100118009102120	0d9ec7fe13d65fbba7b647ff625dedd	0	0
6819	7	4	4	0	0	10202800a60010501400108480028a0	0d9ec7fe11f74fafa3b74f7b735d75d	0	0
6820	7	7	4	0	1	1020280880054014002100a48003240	0d9ec7f637f21febb7965f5b735cdbd	0	0
6821	7	3	10	0	0	10202808802410501101008481020a0	0d9ec7f637d34fafa6b65f7b725df5d	0	0
6822	7	6	4	0	1	10202810101440240003408880120c0	0d9ec7eea7e31fdbb7b41f77734df3d	0	0
6823	7	3	6	0	1	102028101015004411200088800a280	0d9ec7eea7e25fbba6975f777355d7d	0	0
6824	7	5	4	0	1	10202810101540040003408880120c0	0d9ec7eea7e21ffbb7b41f77734df3d	0	0
6825	7	7	4	0	1	1020281020050046010104888102088	0d9ec7ee97f25fb9b6b65b77725df75	0	0
6826	7	6	4	0	0	1020281020140052050000a281020a0	0d9ec7ee97e35fadb2b75f5d725df5d	0	0
6827	7	6	4	0	1	1020281020444014002400a82040c40	0d9ec7ee97b31febb7935f57d31f3bd	0	0
6828	7	7	10	0	1	102028102400024600054044800a0a0	0d9ec7ee93f75db9b7b21fbb7355f5d	0	0
6829	7	7	7	0	1	102028102400026200054044800a0a0	0d9ec7ee93f75d9db7b21fbb7355f5d	0	0
6830	7	4	4	0	0	10202810241000d2040000a600120a0	0d9ec7ee93e75f2db3b75f59f34df5d	0	0
6831	7	6	10	0	1	102028108404004600054044800a0a0	0d9ec7ee33f35fb9b7b21fbb7355f5d	0	0
6832	7	6	7	0	1	102028108404005204040064800a0a0	0d9ec7ee33f35fadb3b35f9b7355f5d	0	0
6833	7	6	7	0	1	102028108404006200054044800a0a0	0d9ec7ee33f35f9db7b21fbb7355f5d	0	0
6834	7	5	8	0	1	102028108404015004011042800a060	0d9ec7ee33f35eafb3b64fbd7355f9d	0	0
6835	7	4	6	0	1	102028108404016400014044800a0a0	0d9ec7ee33f35e9bb7b61fbb7355f5d	0	0
6836	7	1	6	0	1	10202810840401640005404480080a0	0d9ec7ee33f35e9bb7b21fbb7357f5d	0	0
6837	7	5	4	0	0	10202818001400c20104043801020a0	0d9ec7e6b7e35f3db6b35bc7f25df5d	0	0
6838	7	5	6	0	1	10202818001400d00104042a0208024	0d9ec7e6b7e35f2fb6b35bd5f157fd9	0	0
6839	7	4	6	0	1	1020281800150044102000a8800a300	0d9ec7e6b7e25fbba7975f577355cfd	0	0
6840	7	4	9	0	0	1020410212020a04810002411300044	0d9eaefca5f555fb36b75dbee05ffb9	0	0
6841	7	6	4	0	0	1020410485000080a22004340002940	0d9eaefa32f75f7f15975bcbf35d6bd	0	0
6842	7	7	6	0	0	1020411010104060822000c8800a0c0	0d9eaeeea7e71f9f35975f377355f3d	0	0
6843	7	6	4	0	0	1020411010900104850000688012240	0d9eaeeea7675efb32b75f97734ddbd	0	0
6844	7	4	4	0	0	1020411010904104840000688012240	0d9eaeeea7671efb33b75f97734ddbd	0	0
6845	7	5	4	0	1	102041108082014405000448800a240	0d9eaeee37755ebbb2b75bb77355dbd	0	0
6846	7	6	3	0	1	10206000314040201220028c0008844	0d9e8ffe86b71fdfa5975d73f3577b9	0	0
6847	7	4	6	0	1	1020600031404120120000ac0018018	0d9e8ffe86b71edfa5b75f53f347fe5	0	0
6848	7	8	6	0	1	10206000814001a0130000a48008a10	0d9e8ffe36b75e5fa4b75f5b73575ed	0	0
6849	7	4	4	0	0	102060009180091011000064800a600	0d9e8ffe267756efa6b75f9b73559fd	0	0
6850	7	5	4	0	1	10206000a12000d0030004940002860	0d9e8ffe16d75f2fb4b75b6bf35d79d	0	0
6851	7	6	6	0	1	10206000a1400120130000a48008a10	0d9e8ffe16b75edfa4b75f5b73575ed	0	0
6852	7	6	0	0	1	10206000a14040201220028c0008844	0d9e8ffe16b71fdfa5975d73f3577b9	0	0
6853	7	5	1	0	1	10206000a14040600220028c0008844	0d9e8ffe16b71f9fb5975d73f3577b9	0	0
6854	7	4	6	0	1	10206000a1404120120000a48008a10	0d9e8ffe16b71edfa5b75f5b73575ed	0	0
6855	7	3	4	0	1	10206004850000e0122000848008904	0d9e8ffa32f75f1fa5975f7b73576f9	0	0
6856	7	6	7	0	0	10208422000604220005088c0011090	0d9e6bdcb7f15bddb7b25773f34ef6d	0	0
6857	7	6	6	0	0	1020880091050014000602248102060	0d9e67fe26f25febb7b15ddb725df9d	0	0
6858	7	7	6	0	1	10208800a1014000302100a88140050	0d9e67fe16f61fff87965f57721ffad	0	0
6859	7	2	6	0	0	1020880882041040340150008102030	0d9e67f635f34fbf83b60fff725dfcd	0	0
6860	7	4	2	0	0	1020881020150052000102828140060	0d9e67ee97e25fadb7b65d7d721ff9d	0	0
6861	7	6	4	0	1	1020a000344000520404028600050a0	0d9e4ffe83b75fadb3b35d79f35af5d	0	0
6862	7	5	4	0	0	1020a00092050804000350005102060	0d9e4ffe25f257fbb7b40fffa25df9d	0	0
6863	7	6	6	0	1	1020a00281044020100512088002a10	0d9e4ffc36f31fdfa7b24df7735d5ed	0	0
6864	7	8	7	0	1	1080029002800910140208206140018	0d3eed6eb57756efa3b557df921ffe5	0	0
6865	7	6	10	0	0	1080029010c0021402021044400a048	0d3eed6ea7375debb5b54fbbb355fb5	0	0
6866	7	6	4	0	0	1080029010c00214020210444202048	0d3eed6ea7375debb5b54fbbb15dfb5	0	0
6867	7	6	2	0	0	1080029010c00214020210444208048	0d3eed6ea7375debb5b54fbbb157fb5	0	0
6868	7	4	4	0	0	10800298044000c0a40010412104140	0d3eed66b3b75f3f13b74fbed25bebd	0	0
6869	7	5	6	0	0	10800310104440408600028221040c0	0d3eeceea7b31fbf31b75d7dd25bf3d	0	0
6870	7	9	7	0	1	10800410141000c2860000c2800a140	0d3eebeea3e75f3d31b75f3d7355ebd	0	0
6871	7	4	6	0	1	10800512000642300001028a0042050	0d3eeaecb7f11dcfb7b65d75f31dfad	0	0
6872	7	6	6	0	0	10800512001440300005028a0040850	0d3eeaecb7e31fcfb7b25d75f31f7ad	0	0
6873	7	6	4	0	0	1080060280064014020108860009440	0d3ee9fc37f11febb5b65779f356bbd	0	0
6874	7	5	4	0	1	10800610124000c0860000c301040c0	0d3ee9eea5b75f3f31b75f3cf25bf3d	0	0
6875	7	2	4	0	0	10800610148000c606001044000a028	0d3ee9eea3775f39b1b74fbbf355fd5	0	0
6876	7	4	8	0	0	108006101480024090025001800a480	0d3ee9eea3775dbf27b50ffe7355b7d	0	0
6877	7	6	10	0	0	1080061080420040a20210430108140	0d3ee9ee37b55fbf15b54fbcf257ebd	0	0
6878	7	3	7	0	1	1080061080430040a20200430108140	0d3ee9ee37b45fbf15b55fbcf257ebd	0	0
6879	7	2	6	0	0	1080061080430040a20210420108140	0d3ee9ee37b45fbf15b54fbdf257ebd	0	0
6880	7	3	7	0	0	108006440014440a020100228003210	0d3ee9bab7e31bf5b5b65fdd735cded	0	0
6881	7	6	8	0	1	1080090213000112008240904004848	0d3ee6fca4f75eedb7351f6fb35b7b5	0	0
6882	7	3	3	0	0	10800910128001508402100a0006060	0d3ee6eea5775eaf33b54ff5f359f9d	0	0
6883	7	8	4	0	0	10800a00228010501401140c0006088	0d3ee5fe95774fafa3b64bf3f359f75	0	0
6884	7	5	3	0	0	10800a10128001408402104a0104060	0d3ee5eea5775ebf33b54fb5f25bf9d	0	0
6885	7	4	1	0	0	10800a1012800150840010422104060	0d3ee5eea5775eaf33b74fbdd25bf9d	0	0
6886	7	2	3	0	0	10800a1012800150840210420104060	0d3ee5eea5775eaf33b54fbdf25bf9d	0	0
6887	7	4	6	0	0	10800a101480015014001046000c028	0d3ee5eea3775eafa3b74fb9f353fd5	0	0
6888	7	4	8	0	0	10800a1020150052000102828140048	0d3ee5ee97e25fadb7b65d7d721ffb5	0	0
6889	7	4	2	0	0	10800a1020154012000102228140048	0d3ee5ee97e21fedb7b65ddd721ffb5	0	0
6890	7	3	7	0	1	10800a280084104035000020a104110	0d3ee5d6b7734fbf82b75fdf525beed	0	0
6891	7	2	6	0	1	10800c10128001409402500800060a0	0d3ee3eea5775ebf23b50ff7f359f5d	0	0
6892	7	6	6	0	0	10800c10148001041402120c0002828	0d3ee3eea3775efba3b54df3f35d7d5	0	0
6893	7	6	4	0	0	10800c10148001041402180c0002828	0d3ee3eea3775efba3b547f3f35d7d5	0	0
6894	7	5	8	0	0	1080210484114000101440228002890	0d3ecefa33e61fffa7a31fdd735d76d	0	0
6895	7	6	7	0	0	1080211010300088820108980014084	0d3eceeea7c75f7735b65767f34bf79	0	0
6896	7	7	4	0	1	108021108004014c02010a1800060a0	0d3eceee37f35eb3b5b655e7f359f5d	0	0
6897	7	5	4	0	1	108021108404014804010a0a00060a0	0d3eceee33f35eb7b3b655f5f359f5d	0	0
6898	7	1	6	0	1	10802110840401488401028a00040a0	0d3eceee33f35eb733b65d75f35bf5d	0	0
6899	7	4	3	0	0	10802110848001441400022c000a0a0	0d3eceee33775ebba3b75dd3f355f5d	0	0
6900	7	4	3	0	1	10802110848001481400022a000a0a0	0d3eceee33775eb7a3b75dd5f355f5d	0	0
6901	7	6	7	0	1	1080220030a00058011000d20104028	0d3ecdfe87575fa7b6a75f2df25bfd5	0	0
6902	7	7	9	0	1	1080220210800194050001444008888	0d3ecdfca7775e6bb2b75ebbb357775	0	0
6903	7	5	7	0	0	1080220410130088022001424108104	0d3ecdfaa7e45f77b5975ebdb257ef9	0	0
6904	7	8	6	0	1	1080221000424040360010482048018	0d3ecdeeb7b51fbf81b74fb7d317fe5	0	0
6905	7	4	4	0	0	108022101480015014001046000c028	0d3ecdeea3775eafa3b74fb9f353fd5	0	0
6906	7	4	4	0	0	108022108084015014001026000c220	0d3ecdee37735eafa3b74fd9f353ddd	0	0
6907	7	4	3	0	0	10802240104250003200104c0048018	0d3ecdbea7b50fff85b74fb3f317fe5	0	0
6908	7	5	3	0	1	10802250001400c802010a0a0050014	0d3ecdaeb7e35f37b5b655f5f30ffe9	0	0
6909	7	5	6	0	0	10802250001400c8020112022018204	0d3ecdaeb7e35f37b5b64dfdd347df9	0	0
6910	7	8	8	0	1	108024001500029010a002940008844	0d3ecbfea2f75d6fa7175d6bf3577b9	0	0
6911	7	5	0	0	1	10802412001540100005024a000a0c0	0d3ecbecb7e21fefb7b25db5f355f3d	0	0
6912	7	5	0	0	1	10802412001540100005024a0048044	0d3ecbecb7e21fefb7b25db5f317fb9	0	0
6913	7	6	10	0	1	1080241400140098008102224012204	0d3ecbeab7e35f67b7365dddb34ddf9	0	0
6914	7	3	8	0	0	1080244400140498008100205012280	0d3ecbbab7e35b67b7365fdfa34dd7d	0	0
6915	7	4	3	0	0	10802810148001441400104c000a028	0d3ec7eea3775ebba3b74fb3f355fd5	0	0
6916	7	6	6	0	1	10802810201400580401028a00060a0	0d3ec7ee97e35fa7b3b65d75f359f5d	0	0
6917	7	6	6	0	1	10802810201400580401028a0014084	0d3ec7ee97e35fa7b3b65d75f34bf79	0	0
6918	7	8	6	0	0	108041008082404096001400300a300	0d3eaefe37751fbf21b74bffc355cfd	0	0
6919	7	8	4	0	0	1080410080910042230000a28009300	0d3eaefe37665fbd94b75f5d7356cfd	0	0
6920	7	8	4	0	1	1080410082810102230004224001a08	0d3eaefe35765efd94b75bddb35e5f5	0	0
6921	7	1	6	0	1	1080410092800244860040405002120	0d3eaefe25775dbb31b71fbfa35dedd	0	0
6922	7	4	7	0	1	108041009480024a04004040500a120	0d3eaefe23775db5b3b71fbfa355edd	0	0
6923	7	4	4	0	1	108041009480024a04004042100a120	0d3eaefe23775db5b3b71fbde355edd	0	0
6924	7	6	4	0	1	1080410482800204160040205002920	0d3eaefa35775dfba1b71fdfa35d6dd	0	0
6925	7	4	8	0	0	1080410484800240340050009008910	0d3eaefa33775dbf83b70fff63576ed	0	0
6926	7	4	3	0	1	108041081480024a04004040500a120	0d3eaef6a3775db5b3b71fbfa355edd	0	0
6927	7	5	6	0	0	1080410880820240250040405108120	0d3eaef637755dbf92b71fbfa257edd	0	0
6928	7	4	0	0	1	108041088480024a04004040500a120	0d3eaef633775db5b3b71fbfa355edd	0	0
6929	7	4	6	0	0	1080411800120a18000102414202204	0d3eaee6b7e555e7b7b65dbeb15ddf9	0	0
6930	7	5	7	0	1	1080420030a00290030005140008844	0d3eadfe87575d6fb4b75aebf3577b9	0	0
6931	7	6	4	0	1	1080441010900042160000c2800a300	0d3eabeea7675fbda1b75f3d7355cfd	0	0
6932	7	4	3	0	0	1080480030c05000340000ac0108088	0d3ea7fe87370fff83b75f53f257f75	0	0
6933	7	7	4	0	1	1080600091000a10110100d4000a240	0d3e8ffe26f755efa6b65f2bf355dbd	0	0
6934	7	6	6	0	0	1080600094100408160002228003104	0d3e8ffe23e75bf7a1b75ddd735cef9	0	0
6935	7	5	2	0	0	108081028082500014015008200a090	0d3e6efc37750fffa3b60ff7d355f6d	0	0
6936	7	4	4	0	0	10808200908510081001500061020a0	0d3e6dfe27724ff7a7b60fff925df5d	0	0
6937	7	6	4	0	0	108082021480009400031114000a048	0d3e6dfca3775f6bb7b44eebf355fb5	0	0
6938	7	4	4	0	1	108082021480029400010154000a0c0	0d3e6dfca3775d6bb7b65eabf355f3d	0	0
6939	7	3	4	0	1	108082021481009400030106000a048	0d3e6dfca3765f6bb7b45ef9f355fb5	0	0
6940	7	4	4	0	0	1080821020150052000102828140048	0d3e6dee97e25fadb7b65d7d721ffb5	0	0
6941	7	8	2	0	0	10808800208212140401104c000a028	0d3e67fe97754debb3b64fb3f355fd5	0	0
6942	7	4	2	0	0	1080881020150052000102828140048	0d3e67ee97e25fadb7b65d7d721ffb5	0	0
6943	7	8	6	0	1	1080a00080154010101440228008884	0d3e4ffe37e21fefa7a31fdd7357779	0	0
6944	7	5	6	0	1	1080a000a05140001014402a0040814	0d3e4ffe17a61fffa7a31fd5f31f7e9	0	0
6945	7	6	0	0	1	1080a000a090005015004202100a0a0	0d3e4ffe17675fafa2b71dfde355f5d	0	0
6946	7	3	4	0	0	1080a02080150054002100860009044	0d3e4fde37e25fabb7965f79f356fb9	0	0
6947	7	7	6	0	0	1080a040800404482204140a0001818	0d3e4fbe37f35bb795b34bf5f35e7e5	0	0
6948	7	4	4	0	0	1080c000a4800242140010209102110	0d3e2ffe13775dbda3b74fdf625deed	0	0
6949	7	4	6	0	1	10822000901440488200028a0011084	0d3ccffe27e31fb735b75d75f34ef79	0	0
6950	7	5	6	0	1	1082200090440248030002824101084	0d3ccffe27b35db7b4b75d7db25ef79	0	0
6951	7	2	6	0	0	10824000a0c04100930010202108005	0d3caffe17371eff24b74fdfd257ff8	0	0
6952	7	6	4	0	0	11000284830000a0200350044014220	0cbeed7a34f75f5f97b40ffbb34bddd	0	0
6953	7	5	4	0	1	11000318008201500500044a000c028	0cbeece6b7755eafb2b75bb5f353fd5	0	0
6954	7	9	7	0	0	11000400a1044422000540248012210	0cbeebfe16f31bddb7b21fdb734dded	0	0
6955	7	9	6	0	0	11000400a2040c28000542028140005	0cbeebfe15f353d7b7b21dfd721fff8	0	0
6956	7	9	7	0	0	11000400a500048a040100a48012210	0cbeebfe12f75b75b3b65f5b734dded	0	0
6957	7	8	7	0	0	1100048085000482260000644012120	0cbeeb7e32f75b7d91b75f9bb34dedd	0	0
6958	7	6	7	0	0	11000480a5000402260000648012110	0cbeeb7e12f75bfd91b75f9b734deed	0	0
6959	7	5	4	0	0	1100048282045020000310888102090	0cbeeb7c35f30fdfb7b44f77725df6d	0	0
6960	7	5	7	0	0	1100048284044820001400660102050	0cbeeb7c33f317dfb7a35f99f25dfad	0	0
6961	7	5	4	0	0	11000482840448200014006601020c0	0cbeeb7c33f317dfb7a35f99f25df3d	0	0
6962	7	7	3	0	1	11000486000448280005028a0101090	0cbeeb78b7f317d7b7b25d75f25ef6d	0	0
6963	7	6	4	0	1	110004888204009800050c0053000a0	0cbeeb7635f35f67b7b253ffa05ff5d	0	0
6964	7	7	7	0	0	1100060a000202a8003040450100814	0cbee9f4b7f55d57b7871fbaf25f7e9	0	0
6965	7	3	7	0	0	1100060a040202a8003000450100814	0cbee9f4b3f55d57b7875fbaf25f7e9	0	0
6966	7	1	7	0	1	1100060a040202a8003040450000814	0cbee9f4b3f55d57b7871fbaf35f7e9	0	0
6967	7	7	7	0	0	110006202400060a040100a48011090	0cbee9de93f759f5b3b65f5b734ef6d	0	0
6968	7	1	1	0	0	110006202500060a040100a48010090	0cbee9de92f759f5b3b65f5b734ff6d	0	0
6969	7	9	4	0	0	1100080096000a14000510540003060	0cbee7fe21f755ebb7b24fabf35cf9d	0	0
6970	7	9	4	0	0	1100080216000a14000510540003048	0cbee7fca1f755ebb7b24fabf35cfb5	0	0
6971	7	9	4	0	0	1100080216000a30000510460003048	0cbee7fca1f755cfb7b24fb9f35cfb5	0	0
6972	7	9	4	0	1	1100080282045030000310888002888	0cbee7fc35f30fcfb7b44f77735d775	0	0
6973	7	8	4	0	0	1100088086000a14000510540003060	0cbee77e31f755ebb7b24fabf35cf9d	0	0
6974	7	8	4	0	0	1100088206000a14000510540003048	0cbee77cb1f755ebb7b24fabf35cfb5	0	0
6975	7	5	3	0	0	1100088282045020000310888102090	0cbee77c35f30fdfb7b44f77725df6d	0	0
6976	7	5	3	0	1	1100088282045020000340828102090	0cbee77c35f30fdfb7b41f7d725df6d	0	0
6977	7	3	3	0	1	1100088282045030000300828102090	0cbee77c35f30fcfb7b45f7d725df6d	0	0
6978	7	6	4	0	0	1100088286000214000510540003060	0cbee77c31f75debb7b24fabf35cf9d	0	0
6979	7	6	4	0	0	1100088286000814000510540003048	0cbee77c31f757ebb7b24fabf35cfb5	0	0
6980	7	6	4	0	0	1100088286000830000510460003048	0cbee77c31f757cfb7b24fb9f35cfb5	0	0
6981	7	4	0	0	0	1100090282045020200150088042018	0cbee6fc35f30fdf97b60ff7731dfe5	0	0
6982	7	6	6	0	0	1100090810250018002141060006024	0cbee6f6a7d25fe7b7961ef9f359fd9	0	0
6983	7	4	6	0	0	1100090810250058002041060006024	0cbee6f6a7d25fa7b7971ef9f359fd9	0	0
6984	7	6	2	0	0	110009088500020a040100644012220	0cbee6f632f75df5b3b65f9bb34dddd	0	0
6985	7	7	7	0	0	11000910101040608022408880060c0	0cbee6eea7e71f9f37951f777359f3d	0	0
6986	7	7	8	0	1	1100091010800144842040488006088	0cbee6eea7775ebb33971fb77359f75	0	0
6987	7	1	7	0	0	1100094020a0405101014080a002088	0cbee6be97571faeb6b61f7f535df75	0	0
6988	7	6	9	0	1	11000a0030a000540500014480060a0	0cbee5fe87575fabb2b75ebb7359f5d	0	0
6989	7	4	7	0	0	11000a00a204142800015000a010a04	0cbee5fe15f34bd7b7b60fff534f5f9	0	0
6990	7	7	8	0	0	11000a021400089400031114000a048	0cbee5fca3f7576bb7b44eebf355fb5	0	0
6991	7	7	8	0	0	11000a0214000a14000510540009048	0cbee5fca3f755ebb7b24fabf356fb5	0	0
6992	7	6	6	0	1	11000a0824040058042001248006090	0cbee5f693f35fa7b3975edb7359f6d	0	0
6993	7	6	8	0	1	11000a1400440040960000a0a140088	0cbee5eab7b35fbf21b75f5f521ff75	0	0
6994	7	2	0	0	0	11000a30002402a4020114040012048	0cbee5ceb7d35d5bb5b64bfbf34dfb5	0	0
6995	7	8	10	0	0	11000c002500048a000500ac00140a0	0cbee3fe92f75b75b7b25f53f34bf5d	0	0
6996	7	8	3	0	0	11000c002500048a040100ac00120a0	0cbee3fe92f75b75b3b65f53f34df5d	0	0
6997	7	8	2	0	0	11000c002500048a040100ac00140a0	0cbee3fe92f75b75b3b65f53f34bf5d	0	0
6998	7	8	0	0	0	11000c002500048a040400ac00140a0	0cbee3fe92f75b75b3b35f53f34bf5d	0	0
6999	7	7	6	0	0	11000c00a0044428000550088050005	0cbee3fe17f31bd7b7b20ff7730fff8	0	0
7000	7	6	6	0	1	11000c00a2040828000542028140005	0cbee3fe15f357d7b7b21dfd721fff8	0	0
7001	7	3	6	0	0	11000c00a2040c28000540028140005	0cbee3fe15f353d7b7b21ffd721fff8	0	0
7002	7	8	4	0	1	11000c0202045030000310888002888	0cbee3fcb5f30fcfb7b44f77735d775	0	0
7003	7	5	9	0	0	11000c0282045020000310828100814	0cbee3fc35f30fdfb7b44f7d725f7e9	0	0
7004	7	5	4	0	0	11000c0282045020000310888100884	0cbee3fc35f30fdfb7b44f77725f779	0	0
7005	7	5	0	0	0	11000c0282045020000310888102090	0cbee3fc35f30fdfb7b44f77725df6d	0	0
7006	7	3	7	0	1	11000c0282045030000300828100814	0cbee3fc35f30fcfb7b45f7d725f7e9	0	0
7007	7	3	2	0	1	11000c0282045030000300828100890	0cbee3fc35f30fcfb7b45f7d725f76d	0	0
7008	7	3	0	0	1	11000c0282045030000300828102090	0cbee3fc35f30fcfb7b45f7d725df6d	0	0
7009	7	3	4	0	1	11000c0282045030000310088002884	0cbee3fc35f30fcfb7b44ff7735d779	0	0
7010	7	1	4	0	1	11000c0282045030000310888000884	0cbee3fc35f30fcfb7b44f77735f779	0	0
7011	7	3	6	0	1	11000c10205000d80404002a000a0a0	0cbee3ee97a75f27b3b35fd5f355f5d	0	0
7012	7	6	4	0	1	11000c2082041028000310888010884	0cbee3de35f34fd7b7b44f77734f779	0	0
7013	7	5	8	0	0	110021009410482000140062800a280	0cbecefe23e717dfb7a35f9d7355d7d	0	0
7014	7	7	8	0	0	11002120102008b000210186000c084	0cbecedea7d7574fb7965e79f353f79	0	0
7015	7	6	4	0	0	11002210101400640022028c0014280	0cbecdeea7e35f9bb7955d73f34bd7d	0	0
7016	7	2	3	0	1	1100223000420840360010402048110	0cbecdceb7b557bf81b74fbfd317eed	0	0
7017	7	4	4	0	1	1100223000440264002000cc0008888	0cbecdceb7b35d9bb7975f33f357775	0	0
7018	7	6	4	0	1	1100240884040098040402260012021	0cbecbf633f35f67b3b35dd9f34dfdc	0	0
7019	7	5	1	0	1	1100280091054004002400ac0018208	0cbec7fe26f21ffbb7935f53f347df5	0	0
7020	7	3	4	0	0	1100280096000a14000500460003420	0cbec7fe21f755ebb7b25fb9f35cbdd	0	0
7021	7	6	2	0	0	11002810101400640022028c0014280	0cbec7eea7e35f9bb7955d73f34bd7d	0	0
7022	7	5	3	0	1	11002810205000d00104042a0208084	0cbec7ee97a75f2fb6b35bd5f157f79	0	0
7023	7	1	3	0	1	11002810205000f00104042a0008084	0cbec7ee97a75f0fb6b35bd5f357f79	0	0
7024	7	5	3	0	1	11002818001400d00104042a0208024	0cbec7e6b7e35f2fb6b35bd5f157fd9	0	0
7025	7	5	2	0	1	11002818001400d00104042a0208028	0cbec7e6b7e35f2fb6b35bd5f157fd5	0	0
7026	7	5	1	0	1	11002818005000d00104042a020800c	0cbec7e6b7a75f2fb6b35bd5f157ff1	0	0
7027	7	9	7	0	0	1100402020220a11010100d4000a048	0cbeafde97d555eeb6b65f2bf355fb5	0	0
7028	7	6	3	0	0	11004140810200888201088c0012030	0cbeaebe36f55f7735b65773f34dfcd	0	0
7029	7	4	4	0	1	11004402204241300002090c0008884	0cbeabfc97b51ecfb7b556f3f357779	0	0
7030	7	6	7	0	0	1100480090c04000342000ac0101018	0cbea7fe27371fff83975f53f25efe5	0	0
7031	7	7	4	0	1	11004800a2001228000350088002824	0cbea7fe15f74dd7b7b40ff7735d7d9	0	0
7032	7	4	4	0	0	11008100930004a4000140888006060	0cbe6efe24f75b5bb7b61f777359f9d	0	0
7033	7	6	4	0	0	1100810282030000a201140a0003048	0cbe6efc35f45fff15b64bf5f35cfb5	0	0
7034	7	7	4	0	0	110082021400089400031114000a048	0cbe6dfca3f7576bb7b44eebf355fb5	0	0
7035	7	6	4	0	1	1100880096000814000510508003048	0cbe67fe21f757ebb7b24faf735cfb5	0	0
7036	7	2	4	0	1	1100880096000a14000510500003060	0cbe67fe21f755ebb7b24faff35cf9d	0	0
7037	7	4	2	0	0	1100880096000c14000110508003048	0cbe67fe21f753ebb7b64faf735cfb5	0	0
7038	7	7	2	0	0	110088021400089400031114000a048	0cbe67fca3f7576bb7b44eebf355fb5	0	0
7039	7	5	4	0	1	1100880216000a10000510520003048	0cbe67fca1f755efb7b24fadf35cfb5	0	0
7040	7	2	4	0	1	1100880216000a14000510500003048	0cbe67fca1f755ebb7b24faff35cfb5	0	0
7041	7	5	6	0	0	110088102014025004041028800a0a0	0cbe67ee97e35dafb3b34fd77355f5d	0	0
7042	7	3	0	0	1	11020406001448088006400a000a081	0cbcebf8b7e317f737b11ff5f355f7c	0	0
7043	7	4	2	0	1	1102080030c041140002030c0010888	0cbce7fe87371eebb7b55cf3f34f775	0	0
7044	7	4	6	0	0	1400018881040a28020002218102014	09beee7636f355d7b5b75dde725dfe9	0	0
7045	7	7	4	0	0	14000304140008b000210186000c0c0	09beecfaa3f7574fb7965e79f353f3d	0	0
7046	7	4	9	0	0	1400050600141828000100aa000a090	09beeaf8b7e347d7b7b65f55f355f6d	0	0
7047	7	5	4	0	0	1400050600145020020100a88048084	09beeaf8b7e30fdfb5b65f577317f79	0	0
7048	7	4	4	0	0	1400052400141828000100a88042090	09beeadab7e347d7b7b65f57731df6d	0	0
7049	7	9	4	0	1	14000800a20410502401140a0006060	09bee7fe15f34faf93b64bf5f359f9d	0	0
7050	7	5	9	0	0	1400090282021200140118088042014	09bee6fc35f54dffa3b647f7731dfe9	0	0
7051	7	7	4	0	0	14000a00a200105014011800a140024	09bee5fe15f74fafa3b647ff521ffd9	0	0
7052	7	5	4	0	0	14000a00a204105004011800a140024	09bee5fe15f34fafb3b647ff521ffd9	0	0
7053	7	4	4	0	0	14000a00a204107000011800a140024	09bee5fe15f34f8fb7b647ff521ffd9	0	0
7054	7	3	4	0	0	14000a00a280105014011000a140024	09bee5fe15774fafa3b64fff521ffd9	0	0
7055	7	7	7	0	0	14000c00a2001410140118088002824	09bee3fe15f74befa3b647f7735d7d9	0	0
7056	7	4	7	0	0	14000c00a2021410140018088002824	09bee3fe15f54befa3b747f7735d7d9	0	0
7057	7	1	7	0	0	14000c00a2021410140118088002024	09bee3fe15f54befa3b647f7735dfd9	0	0
7058	7	5	1	0	0	14000c00a280016000a050009100850	09bee3fe15775e9fb7170fff625f7ad	0	0
7059	7	3	6	0	0	14000c0280065020100510088140014	09bee3fc37f10fdfa7b24ff7721ffe9	0	0
7060	7	7	1	0	0	14000c02820014101401180a0002824	09bee3fc35f74befa3b647f5f35d7d9	0	0
7061	7	4	1	0	0	14000c02820214101400180a0002824	09bee3fc35f54befa3b747f5f35d7d9	0	0
7062	7	1	1	0	0	14000c02820214101401180a0002024	09bee3fc35f54befa3b647f5f35dfd9	0	0
7063	7	6	4	0	1	14000c02820410300003108880028c0	09bee3fc35f34fcfb7b44f77735d73d	0	0
7064	7	4	10	0	0	14000c02820414101001180a0002824	09bee3fc35f34befa7b647f5f35d7d9	0	0
7065	7	8	7	0	0	14000c0401040882220140244006420	09bee3fab6f3577d95b61fdbb359bdd	0	0
7066	7	5	9	0	0	1400210280145020000540828008890	09becefc37e30fdfb7b21f7d735776d	0	0
7067	7	5	7	0	0	1400210280145020000540888008890	09becefc37e30fdfb7b21f77735776d	0	0
7068	7	5	4	0	0	1400210280145020000540888040890	09becefc37e30fdfb7b21f77731f76d	0	0
7069	7	5	0	0	0	1400210280145020000540888048090	09becefc37e30fdfb7b21f777317f6d	0	0
7070	7	6	0	0	1	1400210481040224022002888008904	09becefa36f35ddbb5975d7773576f9	0	0
7071	7	5	4	0	0	14002400950008a0002100c60108044	09becbfe22f7575fb7965f39f257fb9	0	0
7072	7	3	4	0	0	14002400950008a0202100460108044	09becbfe22f7575f97965fb9f257fb9	0	0
7073	7	6	0	0	0	14002402201410280005028a0110090	09becbfc97e34fd7b7b25d75f24ff6d	0	0
7074	7	7	4	0	0	1400240280045020100510888100890	09becbfc37f30fdfa7b24f77725f76d	0	0
7075	7	4	4	0	1	140024401050018a020000a24011280	09becbbea7a75e75b5b75f5db34ed7d	0	0
7076	7	8	2	0	0	1400280022100492040104281050088	09bec7fe95e75b6db3b65bd7e30ff75	0	0
7077	7	7	3	0	0	14002800a2001410140150028002824	09bec7fe15f74befa3b60ffd735d7d9	0	0
7078	7	7	3	0	1	1400280280045020100550088040814	09bec7fc37f30fdfa7b20ff7731f7e9	0	0
7079	7	6	4	0	1	1400280284050014000508860001828	09bec7fc33f25febb7b25779f35e7d5	0	0
7080	7	6	7	0	0	1400280484044021000310888002818	09bec7fa33f31fdeb7b44f77735d7e5	0	0
7081	7	6	4	0	1	14002814001400b0008100a28014204	09bec7eab7e35f4fb7365f5d734bdf9	0	0
7082	7	7	2	0	0	140028202010048a040104281050088	09bec7de97e75b75b3b65bd7e30ff75	0	0
7083	7	5	6	0	0	140028202202060014011408105000c	09bec7de95f559ffa3b64bf7e30fff1	0	0
7084	7	4	4	0	1	140041088082410034000c082018201	09beaef637751eff83b753f7d347dfc	0	0
7085	7	8	6	0	1	1400480084104830000300a28003050	09bea7fe33e717cfb7b45f5d735cfad	0	0
7086	7	7	3	0	0	14004800a400084120035011000a140	09bea7fe13f757be97b40feef355ebd	0	0
7087	7	4	4	0	0	14004800a4800162000104848101088	09bea7fe13775e9db7b65b7b725ef75	0	0
7088	7	7	4	0	1	14008800a00410502401140a0006060	09be67fe17f34faf93b64bf5f359f9d	0	0
7089	7	6	4	0	1	14008800a00610102401140a0006060	09be67fe17f14fef93b64bf5f359f9d	0	0
7090	7	4	4	0	1	14008800a00610502400140a0006060	09be67fe17f14faf93b74bf5f359f9d	0	0
7091	7	7	2	0	1	14008802800212101401104a000a060	09be67fc37f54defa3b64fb5f355f9d	0	0
7092	7	5	2	0	1	14008802800612100401104a000a060	09be67fc37f14defb3b64fb5f355f9d	0	0
7093	7	7	2	0	1	14020804800410508003440600060a0	09bce7fa37f34faf37b41bf9f359f5d	0	0
7094	7	5	6	0	1	1402200090500188028002224011204	09bccffe27a75e77b5375dddb34edf9	0	0
7095	7	4	4	0	1	140220009050018a020000a24011280	09bccffe27a75e75b5b75f5db34ed7d	0	0
7096	7	7	4	0	1	140220028004501010055000a008884	09bccffc37f30fefa7b20fff5357779	0	0
7097	7	4	6	0	0	18000a0092404404120000a0a041440	05bee5fe25b71bfba5b75f5f531ebbd	0	0
7098	7	7	7	0	1	18000a00a004107001010484800c0c0	05bee5fe17f34f8fb6b65b7b7353f3d	0	0
7099	7	1	8	0	0	18000c2080a01060100314048002084	05bee3de37574f9fa7b44bfb735df79	0	0
7100	7	6	4	0	0	18002810201400520401048600060a0	05bec7ee97e35fadb3b65b79f359f5d	0	0
7101	7	1	2	0	0	1800284020a0404111015000a002088	05bec7be97571fbea6b60fff535df75	0	0
7102	7	5	4	0	1	18008800a20410402401140a0006060	05be67fe15f34fbf93b64bf5f359f9d	0	0
7103	7	2	4	0	1	18008800a2041050240114020006060	05be67fe15f34faf93b64bfdf359f9d	0	0
7104	7	1	4	0	1	18008800a2041050240114028002048	05be67fe15f34faf93b64bfd735dfb5	0	0
7105	6	10	4	0	0	0008062402021130000305060018480	1db6e9dab5f54ecfb7b45af9f347b7d	0	0
7106	6	10	6	0	1	00080a300044107004010486000c088	1db6e5ceb7b34f8fb3b65b79f353f75	0	0
7107	6	10	4	0	1	000822300044107004010486000c088	1db6cdceb7b34f8fb3b65b79f353f75	0	0
7108	6	10	0	0	0	00082430009001a8048004205110090	1db6cbceb7675e57b3375bdfa24ff6d	0	0
7109	6	10	10	0	1	000828108044406400050a003140220	1db6c7ee37b31f9bb7b255ffc21fddd	0	0
7110	6	10	4	0	0	000828220006502105001088204080c	1db6c7dcb7f10fdeb2b74f77d31f7f1	0	0
7111	6	10	2	0	1	000828300044107004010486000c088	1db6c7ceb7b34f8fb3b65b79f353f75	0	0
7112	6	10	3	0	0	00084800a0821430050000a09140120	1db6a7fe17754bcfb2b75f5f621fedd	0	0
7113	6	10	7	0	1	000848208082113004010144800a120	1db6a7de37754ecfb3b65ebb7355edd	0	0
7114	6	5	7	0	0	000c241012810200828004501108024	1db2cbeea5765dff35375bafe257fd9	0	0
7115	6	7	6	0	1	000c243000210110142001828008980	1db2cbceb7d65eefa3975e7d735767d	0	0
7116	6	5	8	0	0	000c24300031102000050442800a280	1db2cbceb7c64fdfb7b25bbd7355d7d	0	0
7117	6	3	2	0	0	000c2450005140101014080a00088a0	1db2cbaeb7a61fefa7a357f5f35775d	0	0
7118	6	1	4	0	0	000c2450021008501410408300020a0	1db2cbaeb5e757afa3a71f7cf35df5d	0	0
7119	6	5	4	0	1	000c282081810040250004828005300	1db2c7de36765fbf92b75b7d735acfd	0	0
7120	6	4	3	0	1	000c48022600106204004080900c180	1db2a7fc91f74f9db3b71f7f6353e7d	0	0
7121	6	6	6	0	0	000c482085000408250008302011024	1db2a7de32f75bf792b757cfd34efd9	0	0
7122	6	6	2	0	0	000c482085000408250008302011060	1db2a7de32f75bf792b757cfd34ef9d	0	0
7123	6	4	2	0	0	000c8844005010a80001018a0018280	1db267bab7a74f57b7b65e75f347d7d	0	0
7124	6	10	7	0	0	0010091804024422040408282011028	1daee6e6b3f51bddb3b357d7d34efd5	0	0
7125	6	10	6	0	1	00104818002203300401084c0011028	1daea7e6b7d55ccfb3b657b3f34efd5	0	0
7126	6	6	10	0	0	001405180300004096000c090006030	1daaeae6b4f75fbf21b753f6f359fcd	0	0
7127	6	9	1	0	0	00142030012001a084010c0c0014088	1daacfceb6d75e5f33b653f3f34bf75	0	0
7128	6	4	4	0	0	00144130012002a8000108980014060	1daaaeceb6d75d57b7b65767f34bf9d	0	0
7129	6	3	6	0	0	0014601083000280940100980110030	1daa8fee34f75d7f23b65f67f24ffcd	0	0
7130	6	6	4	0	0	00146020850000a2050000a48005030	1daa8fde32f75f5db2b75f5b735afcd	0	0
7131	6	4	0	0	0	001460208500032014000a048011110	1daa8fde32f75cdfa3b755fb734eeed	0	0
7132	6	4	6	0	1	0014c0028104016804000a082011210	1daa2ffc36f35e97b3b755f7d34eded	0	0
7133	6	4	6	0	0	0014c0220102032014000a0c0011018	1daa2fdcb6f55cdfa3b755f3f34efe5	0	0
7134	6	1	4	0	0	0014c04085000289000308980010050	1daa2fbe32f75d76b7b45767f34ffad	0	0
7135	6	2	6	0	0	0018243002020290840114001048420	1da6cbceb5f55d6f33b64bffe317bdd	0	0
7136	6	6	8	0	1	00182812005000700401028a00050c0	1da6c7ecb7a75f8fb3b65d75f35af3d	0	0
7137	6	6	7	0	1	0018283001040042860000b40014028	1da6c7ceb6f35fbd31b75f4bf34bfd5	0	0
7138	6	4	8	0	0	001828300402142014001020a05000c	1da6c7ceb3f54bdfa3b74fdf530fff1	0	0
7139	6	4	6	0	0	0018485000064421020000a82050048	1da6a7aeb7f11bdeb5b75f57d30ffb5	0	0
7140	6	5	6	0	0	0018602081100160050002248009220	1da68fde36e75e9fb2b75ddb7356ddd	0	0
7141	6	4	3	0	1	0018602085001120140002248008920	1da68fde32f74edfa3b75ddb73576dd	0	0
7142	6	5	3	0	0	00186024012000e0022001848008d00	1da68fdab6d75f1fb5975e7b73572fd	0	0
7143	6	6	6	0	1	0018603000064021060000a06050018	1da68fceb7f11fdeb1b75f5f930ffe5	0	0
7144	6	3	6	0	1	00186030010204a0850000282014024	1da68fceb6f55b5f32b75fd7d34bfd9	0	0
7145	6	1	6	0	1	00186030010204a085000428201000c	1da68fceb6f55b5f32b75bd7d34fff1	0	0
7146	6	9	4	0	1	00188020104241210402090a000c0c0	1da66fdea7b51edeb3b556f5f353f3d	0	0
7147	6	6	3	0	1	0018809200c10010101408282048480	1da66f6cb7365fefa7a357d7d317b7d	0	0
7148	6	4	4	0	1	00188812000610700400140a0006048	1da667ecb7f14f8fb3b74bf5f359fb5	0	0
7149	6	3	6	0	1	00188820104241210402010a000c0c0	1da667dea7b51edeb3b55ef5f353f3d	0	0
7150	6	5	7	0	1	0018885001040840260002212104060	1da667aeb6f357bf91b75dded25bf9d	0	0
7151	6	4	6	0	1	0018a002860000d0840012101044021	1da64ffc31f75f2f33b74defe31bfdc	0	0
7152	6	5	3	0	1	0018a0120045005004040a022108081	1da64fecb7b25fafb3b355fdd257f7c	0	0
7153	6	6	4	0	1	0018a012005000700401028a00050c0	1da64fecb7a75f8fb3b65d75f35af3d	0	0
7154	6	5	4	0	1	0018a012005100500401028a00050c0	1da64fecb7a65fafb3b65d75f35af3d	0	0
7155	6	5	1	0	0	0018a0120051005004040a022108081	1da64fecb7a65fafb3b355fdd257f7c	0	0
7156	6	4	4	0	1	0018a012005100700001028a00050c0	1da64fecb7a65f8fb7b65d75f35af3d	0	0
7157	6	5	3	0	0	0018a01404020440160014003240030	1da64feab3f55bbfa1b74bffc11ffcd	0	0
7158	6	5	6	0	0	0018a01800510090040402224104021	1da64fe6b7a65f6fb3b35dddb25bfdc	0	0
7159	6	5	6	0	1	0018a018005100900404022a000c021	1da64fe6b7a65f6fb3b35dd5f353fdc	0	0
7160	6	5	10	0	0	001a020c04800241030004260009018	1da4edf2b3775dbeb4b75bd9f356fe5	0	0
7161	6	6	4	0	0	001a8028004201210003090c000c0c0	1da46fd6b7b55edeb7b456f3f353f3d	0	0
7162	6	10	10	0	1	002005101140482012010289000a0c0	1d9eeaeea6b717dfa5b65d76f355f3d	0	0
7163	6	10	9	0	1	002009108202112404010442800a240	1d9ee6ee35f54edbb3b65bbd7355dbd	0	0
7164	6	10	6	0	0	002009180022503000051040a202220	1d9ee6e6b7d50fcfb7b24fbf515dddd	0	0
7165	6	10	4	0	0	002009180202019104040c0a0200848	1d9ee6e6b5f55e6eb3b353f5f15f7b5	0	0
7166	6	10	7	0	1	0020093000225030000504428202048	1d9ee6ceb7d50fcfb7b25bbd715dfb5	0	0
7168	6	10	8	0	1	0020093000231030000504428042048	1d9ee6ceb7d44fcfb7b25bbd731dfb5	0	0
7169	6	10	6	0	0	00202110141001640120024812080a0	1d9eceeea3e75e9bb6975db7e157f5d	0	0
7170	6	10	1	0	0	0020220095011004142000a48108110	1d9ecdfe22f64ffba3975f5b7257eed	0	0
7171	6	10	8	0	1	00202212001500700021028a00090c0	1d9ecdecb7e25f8fb7965d75f356f3d	0	0
7172	6	10	4	0	1	0020241021054024000502288102060	1d9ecbee96f21fdbb7b25dd7725df9d	0	0
7173	6	10	4	0	1	002024120007400214015008100a0a0	1d9ecbecb7f01ffda3b60ff7e355f5d	0	0
7174	6	10	4	0	1	0020280095010104150008848001a20	1d9ec7fe22f65efba2b7577b735e5dd	0	0
7175	6	10	2	0	0	00202800a5011004142000a48100910	1d9ec7fe12f64ffba3975f5b725f6ed	0	0
7176	6	10	4	0	1	00202810260000d2048000a09044420	1d9ec7ee91f75f2db3375f5f631bbdd	0	0
7177	6	10	10	0	1	002028180022501010051040a202220	1d9ec7e6b7d50fefa7b24fbf515dddd	0	0
7178	6	10	8	0	1	0020410485000920210102310009220	1d9eaefa32f756df96b65dcef356ddd	0	0
7179	6	10	6	0	0	00204130002241210401044a000a048	1d9eaeceb7d51edeb3b65bb5f355fb5	0	0
7180	6	10	6	0	1	0020440a000740300014022c0003060	1d9eabf4b7f01fcfb7a35dd3f35cf9d	0	0
7181	6	10	0	0	0	0020481800224121040200c90110048	1d9ea7e6b7d51edeb3b55f36f24ffb5	0	0
7182	6	10	4	0	1	0020481802020181140448090200828	1d9ea7e6b5f55e7ea3b317f6f15f7d5	0	1
7183	6	10	6	0	0	0020600091400160130002848009600	1d9e8ffe26b75e9fa4b75d7b73569fd	0	0
7184	6	10	4	0	0	002081060013402020a0408a0009041	1d9e6ef8b7e41fdf97171f75f356fbc	0	0
7185	6	10	6	0	0	0020810a001340202011440a0003050	1d9e6ef4b7e41fdf97a61bf5f35cfad	0	0
7186	6	10	10	0	0	0020880095011004102200a48102050	1d9e67fe22f64ffba7955f5b725dfad	0	0
7187	6	10	4	0	1	0020a00093010104122000b08101050	1d9e4ffe24f65efba5975f4f725efad	0	0
7188	6	10	4	0	1	0020a00093010104142000a88101050	1d9e4ffe24f65efba3975f57725efad	0	0
7189	6	10	6	0	1	0020a000a22000d4040406101140021	1d9e4ffe15d75f2bb3b359efe21ffdc	0	0
7190	6	10	4	0	0	0020a0028204105014015002100a420	1d9e4ffc35f34fafa3b60ffde355bdd	0	0
7191	6	10	4	0	1	0020a01020440252040102881050480	1d9e4fee97b35dadb3b65d77e30fb7d	0	0
7192	6	10	2	0	1	0020a012001500700021028a00090c0	1d9e4fecb7e25f8fb7965d75f356f3d	0	0
7193	6	10	6	0	1	0020c040804201a4021000ac0011050	1d9e2fbe37b55e5bb5a75f53f34efad	0	0
7194	6	10	9	0	1	0022080880424061010202890041044	1d9ce7f637b51f9eb6b55d76f31efb9	0	0
7195	6	10	4	0	1	00222002205040700101028810410c0	1d9ccffc97a71f8fb6b65d77e31ef3d	0	0
7196	6	5	6	0	0	002405180281004014804408100a030	1d9aeae6b5765fbfa3371bf7e355fcd	0	0
7197	6	4	8	0	0	00240c2801211010100100c48202060	1d9ae3d6b6d64fefa7b65f3b715df9d	0	0
7198	6	9	4	0	0	00242010111001a4050000c88018240	1d9acfeea6e75e5bb2b75f377347dbd	0	0
7199	6	3	6	0	0	00242090850004a4000602180012120	1d9acf6e32f75b5bb7b15de7f34dedd	0	0
7200	6	6	4	0	1	0024221401050004122000b80018108	1d9acdeab6f25ffba5975f47f347ef5	0	0
7201	6	8	9	0	0	002424100025400214015000900a0a0	1d9acbeeb7d21ffda3b60fff6355f5d	0	0
7202	6	4	6	0	0	00242410112100841400028c0012220	1d9acbeea6d65f7ba3b75d73f34dddd	0	0
7203	6	4	4	0	0	00242410118100841400028c0012220	1d9acbeea6765f7ba3b75d73f34dddd	0	0
7204	6	6	4	0	1	0024241012810004140404888009280	1d9acbeea5765ffba3b35b777356d7d	0	0
7205	6	5	4	0	1	0024241022810044040404888009280	1d9acbee95765fbbb3b35b777356d7d	0	0
7206	6	5	6	0	1	002424180025400014014408100a0a0	1d9acbe6b7d21fffa3b61bf7e355f5d	0	0
7207	6	4	6	0	1	0024241800254010100104809208280	1d9acbe6b7d21fefa7b65b7f6157d7d	0	0
7208	6	3	4	0	1	00242450020501140021008880090c0	1d9acbaeb5f25eebb7965f777356f3d	0	0
7209	6	6	8	0	0	00242800a5010002142000a09140110	1d9ac7fe12f65ffda3975f5f621feed	0	0
7210	6	5	8	0	1	0024284083000144042000c88009240	1d9ac7be34f75ebbb3975f377356dbd	0	0
7211	6	7	6	0	0	0024409402000a20140202881110090	1d9aaf6ab5f755dfa3b55d77e24ff6d	0	0
7212	6	5	6	0	0	0024409402040a20040202881110090	1d9aaf6ab5f355dfb3b55d77e24ff6d	0	0
7213	6	4	6	0	0	0024409402040a20140002881110090	1d9aaf6ab5f355dfa3b75d77e24ff6d	0	0
7214	6	2	6	0	0	0024409402040a20160002801110090	1d9aaf6ab5f355dfa1b75d7fe24ff6d	0	0
7215	6	7	6	0	0	0024413000204080a60004822210041	1d9aaeceb7d71f7f11b75b7dd14ffbc	0	0
7216	6	4	6	0	0	00244130022001a08400048a0014041	1d9aaeceb5d75e5f33b75b75f34bfbc	0	0
7217	6	8	4	0	0	0024480086000864050000c11101060	1d9aa7fe31f7579bb2b75f3ee25ef9d	0	0
7218	6	4	2	0	0	0024482080074005002008980009140	1d9aa7de37f01ffab7975767f356ebd	0	0
7219	6	6	2	0	0	0024482081050001112008980008940	1d9aa7de36f25ffea6975767f3576bd	0	0
7220	6	3	6	0	0	0024482081414000302100940009240	1d9aa7de36b61fff87965f6bf356dbd	0	0
7221	6	3	2	0	1	0024482081414000302108180009140	1d9aa7de36b61fff879657e7f356ebd	0	0
7222	6	3	6	0	0	0024482802024201840200481210044	1d9aa7d6b5f51dfe33b55fb7e14ffb9	0	0
7223	6	8	8	0	1	0024600081414000302102980009240	1d9a8ffe36b61fff87965d67f356dbd	0	0
7224	6	6	2	0	0	00246000a50000b0003002940010940	1d9a8ffe12f75f4fb7875d6bf34f6bd	0	0
7225	6	5	4	0	1	0024604083014000202100c88009240	1d9a8fbe34f61fff97965f377356dbd	0	0
7226	6	6	6	0	0	0024604084400120111000a48009280	1d9a8fbe33b75edfa6a75f5b7356d7d	0	0
7227	6	5	3	0	0	0024604401040920030000a48009210	1d9a8fbab6f356dfb4b75f5b7356ded	0	0
7228	6	5	4	0	0	002460500090084015004048100a0a0	1d9a8faeb76757bfa2b71fb7e355f5d	0	0
7229	6	5	0	0	0	0024605001040a20022000cc000a050	1d9a8faeb6f355dfb5975f33f355fad	0	0
7230	6	5	6	0	0	0024605002100840141000c8800a280	1d9a8faeb5e757bfa3a75f377355d7d	0	0
7231	6	9	8	0	0	00248002810204b0001208980050044	1d9a6ffc36f55b4fb7a55767f30ffb9	0	0
7232	6	6	6	0	0	0024808283000430001200d80050044	1d9a6f7c34f75bcfb7a55f27f30ffb9	0	0
7233	6	6	4	0	1	00248086030000a0209040580006060	1d9a6f78b4f75f5f97271fa7f359f9d	0	0
7234	6	5	4	0	0	00248106030000e0009040980006060	1d9a6ef8b4f75f1fb7271f67f359f9d	0	0
7235	6	7	4	0	0	002482101400110414201040a208240	1d9a6deea3f74efba3974fbf5157dbd	0	0
7236	6	6	1	0	1	0024821401050000a22002380050048	1d9a6deab6f25fff15975dc7f30ffb5	0	0
7237	6	7	8	0	0	0024880091010104142008888101050	1d9a67fe26f65efba3975777725efad	0	0
7238	6	5	4	0	0	002488280202018104040c0a0201048	1d9a67d6b5f55e7eb3b353f5f15efb5	0	0
7239	6	3	4	0	0	0024a00093010104142000888101050	1d9a4ffe24f65efba3975f77725efad	0	0
7240	6	5	6	0	0	0024a01800230400160004403042220	1d9a4fe6b7d45bffa1b75bbfc31dddd	0	0
7241	6	6	4	0	1	0024a04013000090209000d80014060	1d9a4fbea4f75f6f97275f27f34bf9d	0	0
7242	6	4	6	0	0	0024a04800314010100440409048021	1d9a4fb6b7c61fefa7b31fbf6317fdc	0	0
7243	6	1	6	0	0	0024a05000150050109002828002220	1d9a4faeb7e25fafa7275d7d735dddd	0	0
7244	6	6	2	0	0	0024a050009000940404024a0018021	1d9a4faeb7675f6bb3b35db5f347fdc	0	0
7245	6	6	3	0	1	0024a05000a000940404024a0012021	1d9a4faeb7575f6bb3b35db5f34dfdc	0	0
7246	6	6	6	0	1	0024c000914000a8001202980012240	1d9a2ffe26b75f57b7a55d67f34ddbd	0	0
7247	6	6	6	0	1	0024c0028300012014040a088001a10	1d9a2ffc34f75edfa3b355f7735e5ed	0	0
7248	6	2	6	0	1	0024c06000420328001208880011090	1d9a2f9eb7b55cd7b7a55777f34ef6d	0	0
7249	6	4	8	0	1	0026021400450050820002828041048	1d98edeab7b25faf35b75d7d731efb5	0	0
7250	6	8	6	0	0	00262000814001a0111000ac0018280	1d98cffe36b75e5fa6a75f53f347d7d	0	0
7251	6	4	8	0	0	00262004814001a0101000ac0018280	1d98cffa36b75e5fa7a75f53f347d7d	0	0
7252	6	2	9	0	0	00262004814001a0111000a40018280	1d98cffa36b75e5fa6a75f5bf347d7d	0	0
7253	6	3	9	0	0	00264000a141080810110085000a240	1d98affe16b657f7a7a65f7af355dbd	0	0
7254	6	4	6	0	0	00264002214002700100028c0009044	1d98affc96b75d8fb6b75d73f356fb9	0	0
7255	6	2	4	0	0	0026400411040a20230002840011240	1d98affaa6f355df94b75d7bf34edbd	0	0
7256	6	5	6	0	0	00280544020201480410500810180a0	1d96eabab5f55eb7b3a70ff7e347f5d	0	0
7257	6	9	9	0	1	0028080095011004142008848002910	1d96e7fe22f64ffba397577b735d6ed	0	0
7258	6	9	2	0	0	0028080095011004142008848100910	1d96e7fe22f64ffba397577b725f6ed	0	0
7259	6	9	0	0	0	0028080095011004142008848102110	1d96e7fe22f64ffba397577b725deed	0	0
7260	6	9	6	0	1	002808300044107004010486000a088	1d96e7ceb7b34f8fb3b65b79f355f75	0	0
7261	6	4	9	0	0	0028091404404061000102920042048	1d96e6eab3b71f9eb7b65d6df31dfb5	0	0
7262	6	4	7	0	0	0028091404404061000102980042048	1d96e6eab3b71f9eb7b65d67f31dfb5	0	0
7263	6	4	8	0	0	0028094400225020200150003050220	1d96e6bab7d50fdf97b60fffc30fddd	0	0
7264	6	7	10	0	1	00280a300004107000210486000c0c0	1d96e5ceb7f34f8fb7965b79f353f3d	0	0
7265	6	7	6	0	1	00280a300040107004010446000a088	1d96e5ceb7b74f8fb3b65bb9f355f75	0	0
7266	6	7	6	0	1	00280a300041103000030426004800c	1d96e5ceb7b64fcfb7b45bd9f317ff1	0	0
7267	6	3	10	0	1	00280a300044107000210086000c0c0	1d96e5ceb7b34f8fb7965f79f353f3d	0	0
7268	6	1	6	0	1	00280a3000441070040104860008088	1d96e5ceb7b34f8fb3b65b79f357f75	0	0
7269	6	4	4	0	1	00280c3002021110140018028200824	1d96e3ceb5f54eefa3b747fd715f7d9	0	0
7270	6	9	6	0	1	0028200091044064030002809018600	1d96cffe26f31f9bb4b75d7f63479fd	0	0
7271	6	9	9	0	1	0028200095011004142000a4800a110	1d96cffe22f64ffba3975f5b7355eed	0	0
7273	6	9	2	0	0	0028200095011004142000a48108110	1d96cffe22f64ffba3975f5b7257eed	0	0
7274	6	9	7	0	0	0028201010074001860002822110044	1d96cfeea7f01ffe31b75d7dd24ffb9	0	0
7275	6	9	6	0	1	0028201085000164040402448008a20	1d96cfee32f75e9bb3b35dbb73575dd	0	0
7276	6	7	7	0	0	0028208484004421000342101042120	1d96cf7a33f71bdeb7b41defe31dedd	0	0
7277	6	8	4	0	1	0028209000900164050004888009280	1d96cf6eb7675e9bb2b75b777356d7d	0	0
7278	6	6	4	0	1	0028209202410010100548003048480	1d96cf6cb5b65fefa7b217ffc317b7d	0	0
7279	6	5	10	0	0	0028209402020500160014081018088	1d96cf6ab5f55affa1b74bf7e347f75	0	0
7280	6	5	8	0	1	0028209801030800260004406102050	1d96cf66b6f457ff91b75bbf925dfad	0	0
7281	6	6	7	0	1	002820d00090005405000240900a220	1d96cf2eb7675fabb2b75dbf6355ddd	0	0
7282	6	8	6	0	0	0028211000434020201450006040a20	1d96ceeeb7b41fdf97a30fff931f5dd	0	0
7283	6	6	6	0	0	002821108500006404040224800a220	1d96ceee32f75f9bb3b35ddb7355ddd	0	0
7284	6	6	6	0	0	0028211085000124040402248008a20	1d96ceee32f75edbb3b35ddb73575dd	0	0
7285	6	2	6	0	0	002821120202015404804200100c420	1d96ceecb5f55eabb3371dffe353bdd	0	0
7286	6	3	6	0	0	002821120211005404014000500a0a0	1d96ceecb5e65fabb3b61fffa355f5d	0	0
7287	6	5	0	0	0	002821420211401000114802100a0a0	1d96cebcb5e61fefb7a617fde355f5d	0	0
7288	6	8	3	0	0	0028220015011004142000a48108110	1d96cdfea2f64ffba3975f5b7257eed	0	0
7289	6	4	10	0	1	002822120044405400010a003048600	1d96cdecb7b31fabb7b655ffc3179fd	0	0
7290	6	6	8	0	1	0028241024400052040102821018480	1d96cbee93b75fadb3b65d7de347b7d	0	0
7291	6	4	6	0	1	0028241024404070000102821018480	1d96cbee93b71f8fb7b65d7de347b7d	0	0
7292	6	5	8	0	0	00282444000644200011500810120a0	1d96cbbab7f11bdfb7a60ff7e34df5d	0	0
7293	6	5	7	0	1	0028245002020850041000c141020a0	1d96cbaeb5f557afb3a75f3eb25df5d	0	0
7295	6	5	3	0	0	0028280035011004042000a48102110	1d96c7fe82f64ffbb3975f5b725deed	0	0
7296	6	5	6	0	1	0028280036004110002411108208081	1d96c7fe81f71eefb7934eef7157f7c	0	0
7297	6	8	2	0	0	0028280085011004142000a48100910	1d96c7fe32f64ffba3975f5b725f6ed	0	0
7300	6	3	9	0	1	0028280095011004142000848002910	1d96c7fe22f64ffba3975f7b735d6ed	0	0
7301	6	3	2	0	0	0028280095011004142000848100910	1d96c7fe22f64ffba3975f7b725f6ed	0	0
7304	6	5	9	0	1	00282800a5011004042000a48002910	1d96c7fe12f64ffbb3975f5b735d6ed	0	0
7305	6	5	0	0	0	00282800a5011004042000a48102110	1d96c7fe12f64ffbb3975f5b725deed	0	0
7306	6	4	8	0	1	00282800a600105024001412000a021	1d96c7fe11f74faf93b74bedf355fdc	0	0
7307	6	4	6	0	0	0028281021410054000400a4800c600	1d96c7ee96b65fabb7b35f5b73539fd	0	0
7308	6	7	8	0	0	00282810240004620404042031400a0	1d96c7ee93f75b9db3b35bdfc21ff5d	0	0
7309	6	6	7	0	0	00282810241000620101029011100a0	1d96c7ee93e75f9db6b65d6fe24ff5d	0	0
7310	6	2	7	0	1	00282810244010700404028400048a0	1d96c7ee93b74f8fb3b35d7bf35b75d	0	0
7311	6	6	6	0	0	0028281081050014002400a48008e00	1d96c7ee36f25febb7935f5b73571fd	0	0
7312	6	4	6	0	0	0028281081050054002000a4800a600	1d96c7ee36f25fabb7975f5b73559fd	0	0
7313	6	3	6	0	0	002828108105005400240024800a600	1d96c7ee36f25fabb7935fdb73559fd	0	0
7314	6	3	6	0	0	0028281081050054002400848008e00	1d96c7ee36f25fabb7935f7b73571fd	0	0
7315	6	1	6	0	0	0028281081050054002400a48008600	1d96c7ee36f25fabb7935f5b73579fd	0	0
7316	6	1	4	0	0	00282810840410700404108480008a0	1d96c7ee33f34f8fb3b34f7b735f75d	0	0
7317	6	4	4	0	0	0028281084044070000418009040c20	1d96c7ee33f31f8fb7b347ff631f3dd	0	0
7318	6	6	6	0	1	0028281084400064040400a48009280	1d96c7ee33b75f9bb3b35f5b7356d7d	0	0
7319	6	4	6	0	0	0028281086000144140050009008c20	1d96c7ee31f75ebba3b70fff63573dd	0	0
7320	6	3	6	0	0	0028281086000150142010021008c20	1d96c7ee31f75eafa3974ffde3573dd	0	0
7321	6	4	9	0	1	0028281400444064000102803050600	1d96c7eab7b31f9bb7b65d7fc30f9fd	0	0
7322	6	5	4	0	1	0028281404020160010414028201208	1d96c7eab3f55e9fb6b34bfd715edf5	0	0
7323	6	1	9	0	0	0028281404020260148014041002030	1d96c7eab3f55d9fa3374bfbe35dfcd	0	0
7324	6	4	8	0	0	0028281404020460140014003042220	1d96c7eab3f55b9fa3b74bffc31dddd	0	0
7325	6	6	6	0	0	00282850001400640101028811100a0	1d96c7aeb7e35f9bb6b65d77e24ff5d	0	0
7326	6	6	4	0	0	00282850020401110401180a0002828	1d96c7aeb5f35eeeb3b647f5f35d7d5	0	0
7327	6	9	4	0	1	002840280082113004010144800a120	1d96afd6b7754ecfb3b65ebb7355edd	0	0
7328	6	8	6	0	0	0028408204400252050002841009480	1d96af7cb3b75dadb2b75d7be356b7d	0	0
7329	6	7	10	0	0	0028408482005020200312005110220	1d96af7a35f70fdf97b44dffa24fddd	0	0
7330	6	3	4	0	1	0028410486001064042000809008b00	1d96aefa31f74f9bb3975f7f63574fd	0	0
7331	6	2	6	0	0	0028414200225030010102801140028	1d96aebcb7d50fcfb6b65d7fe21ffd5	0	0
7332	6	7	4	0	0	00284204140011201500012481080a0	1d96adfaa3f74edfa2b75edb7257f5d	0	0
7333	6	7	4	0	1	002842280081101014010124800a120	1d96add6b7764fefa3b65edb7355edd	0	0
7334	6	3	4	0	0	002842300044107000210086000c440	1d96adceb7b34f8fb7965f79f353bbd	0	0
7335	6	5	7	0	0	00284414008201a0041000ac0110030	1d96abeab7755e5fb3a75f53f24ffcd	0	0
7336	6	5	7	0	0	0028480414104820010102901101060	1d96a7faa3e717dfb6b65d6fe25ef9d	0	0
7337	6	5	6	0	1	0028482015001100150002848200828	1d96a7dea2f74effa2b75d7b715f7d5	0	0
7338	6	6	6	0	1	00284830000640210401048a000a048	1d96a7ceb7f11fdeb3b65b75f355fb5	0	0
7339	6	4	6	0	0	00284830002240a1040000a22110044	1d96a7ceb7d51f5eb3b75f5dd24ffb9	0	0
7340	6	5	3	0	0	0028484400245020010110809100a20	1d96a7bab7d30fdfb6b64f7f625f5dd	0	0
7341	6	6	6	0	0	0028486002020201210118180009024	1d96a79eb5f55dfe96b647e7f356fd9	0	0
7342	6	5	6	0	1	0028600095000160050002441018220	1d968ffe22f75e9fb2b75dbbe347ddd	0	0
7343	6	5	4	0	0	0028600096001040250002421110420	1d968ffe21f74fbf92b75dbde24fbdd	0	0
7344	6	2	0	0	1	00286000a5001130012002808008d00	1d968ffe12f74ecfb6975d7f73572fd	0	0
7345	6	7	6	0	1	0028601010100164050002481018220	1d968feea7e75e9bb2b75db7e347ddd	0	0
7346	6	6	6	0	1	0028601010120124050002481018220	1d968feea7e55edbb2b75db7e347ddd	0	0
7347	6	4	6	0	1	0028601010124124040002481018220	1d968feea7e51edbb3b75db7e347ddd	0	0
7348	6	3	6	0	0	0028601010124124040202081110030	1d968feea7e51edbb3b55df7e24ffcd	0	0
7349	6	4	6	0	1	0028601010440270040002841018280	1d968feea7b35d8fb3b75d7be347d7d	0	0
7350	6	5	3	0	1	0028601401040920020100b40018210	1d968feab6f356dfb5b65f4bf347ded	0	0
7351	6	3	6	0	1	0028604021104060210102081018220	1d968fbe96e71f9f96b65df7e347ddd	0	0
7352	6	4	4	0	1	0028604402020308140014081018201	1d968fbab5f55cf7a3b74bf7e347dfc	0	0
7353	6	5	6	0	1	0028605000120144050002481018220	1d968faeb7e55ebbb2b75db7e347ddd	0	0
7354	6	4	6	0	1	0028605000120164010002481018220	1d968faeb7e55e9bb6b75db7e347ddd	0	0
7355	6	5	8	0	0	0028605000120850041000c141020a0	1d968faeb7e557afb3a75f3eb25df5d	0	0
7356	6	6	0	0	1	002860500014403000050a0810180a0	1d968faeb7e31fcfb7b255f7e347f5d	0	0
7357	6	9	7	0	0	0028804400064421020102881050048	1d966fbab7f11bdeb5b65d77e30ffb5	0	0
7358	6	6	4	0	0	002880a801020401250008580014044	1d966f56b6f55bfe92b757a7f34bfb9	0	0
7359	6	5	6	0	0	002881180051006000144029000a0a0	1d966ee6b7a65f9fb7a31fd6f355f5d	0	0
7360	6	4	3	0	0	0028812200225030000108821018480	1d966edcb7d50fcfb7b6577de347b7d	0	0
7361	6	2	6	0	0	0028814800225020201150002012220	1d966eb6b7d50fdf97a60fffd34dddd	0	0
7362	6	7	6	0	1	0028840c000540202011402051100a0	1d966bf2b7f21fdf97a61fdfa24ff5d	0	0
7363	6	2	0	0	1	0028880095011004142008808102110	1d9667fe22f64ffba397577f725deed	0	0
7364	6	2	1	0	1	0028880095011004242008208102110	1d9667fe22f64ffb939757df725deed	0	0
7365	6	6	10	0	0	0028881404040043000502920140028	1d9667eab3f35fbcb7b25d6df21ffd5	0	0
7366	6	6	4	0	0	00288830000601210401180a0014044	1d9667ceb7f15edeb3b647f5f34bfb9	0	0
7367	6	4	6	0	0	0028883000230085040000a22110044	1d9667ceb7d45f7ab3b75f5dd24ffb9	0	0
7368	6	4	7	0	0	0028884086000141200150110009060	1d9667be31f75ebe97b60feef356f9d	0	0
7369	6	4	4	0	1	0028884400065020200150003050220	1d9667bab7f10fdf97b60fffc30fddd	0	0
7370	6	5	6	0	1	0028a00093000440260002501050220	1d964ffe24f75bbf91b75dafe30fddd	0	0
7371	6	2	4	0	1	0028a00095011004142000a08102110	1d964ffe22f64ffba3975f5f725deed	0	0
7372	6	3	9	0	0	0028a000a6001044242010009008c10	1d964ffe11f74fbb93974fff63573ed	0	0
7373	6	7	4	0	0	0028a0028200105014015002100a420	1d964ffc35f74fafa3b60ffde355bdd	0	0
7374	6	5	4	0	0	0028a0028204105004015002100a420	1d964ffc35f34fafb3b60ffde355bdd	0	0
7375	6	5	4	0	0	0028a00282041110040150021008c20	1d964ffc35f34eefb3b60ffde3573dd	0	0
7376	6	5	6	0	1	0028a002860000d0040412101048021	1d964ffc31f75f2fb3b34defe317fdc	0	0
7377	6	8	10	0	1	0028a010009001940404022a0018021	1d964feeb7675e6bb3b35dd5f347fdc	0	0
7378	6	3	4	0	1	0028a01200450054000508003048600	1d964fecb7b25fabb7b257ffc3179fd	0	0
7379	6	6	2	0	1	0028a012005000700401028a00090c0	1d964fecb7a75f8fb3b65d75f356f3d	0	0
7380	6	5	2	0	1	0028a012005100500401028a00090c0	1d964fecb7a65fafb3b65d75f356f3d	0	0
7381	6	4	2	0	1	0028a012005100700001028a00090c0	1d964fecb7a65f8fb7b65d75f356f3d	0	0
7382	6	6	10	0	1	0028a0140015001400054202800a021	1d964feab7e25febb7b21dfd7355fdc	0	0
7383	6	5	10	0	0	0028a01404020440160014003042030	1d964feab3f55bbfa1b74bffc31dfcd	0	0
7384	6	5	7	0	0	0028a01404020440160014003202030	1d964feab3f55bbfa1b74bffc15dfcd	0	0
7385	6	5	4	0	0	0028a014040204401600140032020a0	1d964feab3f55bbfa1b74bffc15df5d	0	0
7386	6	5	2	0	0	0028a01404020440160014003240030	1d964feab3f55bbfa1b74bffc11ffcd	0	0
7387	6	4	2	0	0	0028a04083000145020002510100830	1d964fbe34f75ebab5b75daef25f7cd	0	0
7388	6	1	6	0	0	0028a042001440700011120810020a0	1d964fbcb7e31f8fb7a64df7e35df5d	0	0
7389	6	3	2	0	1	0028a042005140101014080a0008881	1d964fbcb7a61fefa7a357f5f35777c	0	0
7390	6	2	2	0	1	0028a04200514010101448020008881	1d964fbcb7a61fefa7a317fdf35777c	0	0
7391	6	5	6	0	1	0028a05000120150048002421018220	1d964faeb7e55eafb3375dbde347ddd	0	0
7392	6	4	6	0	1	0028a05000120154040002421018220	1d964faeb7e55eabb3b75dbde347ddd	0	0
7393	6	6	6	0	1	0028a0500015001400054202800a021	1d964faeb7e25febb7b21dfd7355fdc	0	0
7394	6	4	6	0	1	0028a0500015005400044202800a021	1d964faeb7e25fabb7b31dfd7355fdc	0	0
7395	6	8	9	0	0	0028c00083000181242008304100850	1d962ffe34f75e7e939757cfb25f7ad	0	0
7396	6	8	8	0	0	0028c00085000181242008304100850	1d962ffe32f75e7e939757cfb25f7ad	0	0
7397	6	6	2	0	1	0028c006020400620410402051040a0	1d962ff8b5f35f9db3a71fdfa25bf5d	0	0
7398	6	6	6	0	0	0028c00a00070012041001244102024	1d962ff4b7f05fedb3a75edbb25dfd9	0	0
7399	6	5	4	0	1	0028c0201480110015000122800a420	1d962fdea3774effa2b75edd7355bdd	0	0
7400	6	7	8	0	0	0028c02081000181242008304100850	1d962fde36f75e7e939757cfb25f7ad	0	0
7401	6	4	6	0	1	0028c02085000181240008304010910	1d962fde32f75e7e93b757cfb34f6ed	0	0
7402	6	1	6	0	1	0028c02085000181242008304000910	1d962fde32f75e7e939757cfb35f6ed	0	0
7403	6	1	4	0	1	0028c02085000181242008304000940	1d962fde32f75e7e939757cfb35f6bd	0	0
7404	6	4	2	0	0	0028c02200225021000100d20108048	1d962fdcb7d50fdeb7b65f2df257fb5	0	0
7405	6	3	4	0	0	0028c04086000141220110110009060	1d962fbe31f75ebe95b64feef356f9d	0	0
7406	6	9	4	0	1	002a000c0202024c040444011101030	1d94eff2b5f55db3b3b31bfee25efcd	0	0
7407	6	5	7	0	1	002a008604104820010102811009280	1d94ef78b3e717dfb6b65d7ee356d7d	0	0
7408	6	6	3	0	0	002a008c018001210006402c0018110	1d94ef72b6775edeb7b11fd3f347eed	0	0
7409	6	4	8	0	0	002a020c02800151001000720108028	1d94edf2b5775eaeb7a75f8df257fd5	0	0
7410	6	5	4	0	1	002a040c02020848040444011101090	1d94ebf2b5f557b7b3b31bfee25ef6d	0	0
7411	6	8	6	0	1	002a200200504070010102821009280	1d94cffcb7a71f8fb6b65d7de356d7d	0	0
7412	6	5	7	0	1	002a200485000160010402248009220	1d94cffa32f75e9fb6b35ddb7356ddd	0	0
7413	6	4	4	0	0	002a201400074001820000a2814000c	1d94cfeab7f01ffe35b75f5d721fff1	0	0
7414	6	4	10	0	1	002a4014000640418200048a000a048	1d94afeab7f11fbe35b75b75f355fb5	0	0
7415	6	4	4	0	0	002a8004828000d1000450108048005	1d946ffa35775f2eb7b30fef7317ff8	0	0
7416	6	5	8	0	0	002a802200441210000518005008c80	1d946fdcb7b34defb7b247ffa35737d	0	0
7417	6	9	10	0	1	0030081800504830000302290041044	1d8ee7e6b7a717cfb7b45dd6f31efb9	0	0
7418	6	4	6	0	0	003009180022503000011040a202220	1d8ee6e6b7d50fcfb7b64fbf515dddd	0	0
7419	6	1	6	0	0	003009180022503000051040a200220	1d8ee6e6b7d50fcfb7b24fbf515fddd	0	0
7422	6	4	10	0	1	0030093000225030000104428042048	1d8ee6ceb7d50fcfb7b65bbd731dfb5	0	0
7423	6	4	1	0	1	0030093000225030000104828240048	1d8ee6ceb7d50fcfb7b65b7d711ffb5	0	0
7427	6	9	8	0	0	00302014002204a0148050003010a20	1d8ecfeab7d55b5fa3370fffc34f5dd	0	0
7428	6	4	8	0	0	00302080a1054021020000a0c140050	1d8ecf7e16f21fdeb5b75f5f321ffad	0	0
7429	6	6	8	0	0	00302080a5004022000512108101030	1d8ecf7e12f71fddb7b24def725efcd	0	0
7430	6	4	7	0	0	0030209011104820102000d80108050	1d8ecf6ea6e717dfa7975f27f257fad	0	0
7431	6	5	4	0	1	0030209083000880160008304140024	1d8ecf6e34f7577fa1b757cfb21ffd9	0	0
7432	6	5	7	0	1	0030209085000180160008340018030	1d8ecf6e32f75e7fa1b757cbf347fcd	0	0
7433	6	5	9	0	0	0030209404020280148014041208030	1d8ecf6ab3f55d7fa3374bfbe157fcd	0	0
7434	6	6	6	0	0	0030211085000064040402448008a20	1d8eceee32f75f9bb3b35dbb73575dd	0	0
7435	6	6	6	0	0	0030211086000044140112009208220	1d8eceee31f75fbba3b64dff6157ddd	0	0
7436	6	4	4	0	0	0030211400424060120014003240210	1d8eceeab7b51f9fa5b74bffc11fded	0	0
7437	6	2	4	0	0	0030211800154014002408280208021	1d8ecee6b7e21febb79357d7f157fdc	0	0
7438	6	7	6	0	0	0030241012000491048000624202220	1d8ecbeea5f75b6eb3375f9db15dddd	0	0
7439	6	7	6	0	0	0030241012000491048000624210204	1d8ecbeea5f75b6eb3375f9db14fdf9	0	0
7440	6	5	2	0	0	003024120600044014800a0a0001c20	1d8ecbecb1f75bbfa33755f5f35e3dd	0	0
7441	6	4	6	0	1	00302810205040b00004042a0208081	1d8ec7ee97a71f4fb7b35bd5f157f7c	0	0
7442	6	9	4	0	0	0030401800140860250002290101060	1d8eafe6b7e3579f92b75dd6f25ef9d	0	0
7443	6	3	6	0	1	003040c2060003220011004c00090a0	1d8eaf3cb1f75cddb7a65fb3f356f5d	0	0
7444	6	4	7	0	0	003040d000244821020000612102050	1d8eaf2eb7d317deb5b75f9ed25dfad	0	0
7445	6	1	9	0	1	0030411021400a28040102290002050	1d8eaeee96b755d7b3b65dd6f35dfad	0	0
7446	6	4	10	0	0	0030411800224221000100c90018240	1d8eaee6b7d51ddeb7b65f36f347dbd	0	0
7447	6	2	6	0	0	0030411800224221040100c80018240	1d8eaee6b7d51ddeb3b65f37f347dbd	0	0
7448	6	1	4	0	0	0030411800224221040100c90010240	1d8eaee6b7d51ddeb3b65f36f34fdbd	0	0
7449	6	3	7	0	0	0030412400225020820200848210009	1d8eaedab7d50fdf35b55f7b714fff4	0	0
7450	6	6	6	0	0	00304130002240210401044a000a048	1d8eaeceb7d51fdeb3b65bb5f355fb5	0	0
7451	6	1	6	0	0	00304130002241210401044a0008048	1d8eaeceb7d51edeb3b65bb5f357fb5	0	0
7452	6	5	4	0	0	0030413000420a08040108890041410	1d8eaeceb7b555f7b3b65776f31ebed	0	0
7453	6	2	6	0	0	00304130005008680401028800090c0	1d8eaeceb7a75797b3b65d77f356f3d	0	0
7454	6	4	7	0	0	0030415000224221000100c90018240	1d8eaeaeb7d51ddeb7b65f36f347dbd	0	0
7455	6	6	3	0	0	0030420415001020120202248018500	1d8eadfaa2f74fdfa5b55ddb7347afd	0	0
7456	6	8	6	0	0	00304400150005280402082c0011030	1d8eabfea2f75ad7b3b557d3f34efcd	0	0
7457	6	6	6	0	0	00304400350004280401088c0011030	1d8eabfe82f75bd7b3b65773f34efcd	0	0
7458	6	8	7	0	0	0030441000064801260000614300050	1d8eabeeb7f117fe91b75f9eb05ffad	0	0
7459	6	6	6	0	0	0030442011044021022000c44200850	1d8eabdea6f31fdeb5975f3bb15f7ad	0	0
7460	6	4	6	0	0	0030442011054021002000cc0008850	1d8eabdea6f21fdeb7975f33f3577ad	0	0
7461	6	6	6	0	0	0030444011044021022000cc0008850	1d8eabbea6f31fdeb5975f33f3577ad	0	0
7462	6	7	6	0	0	00304808800241210401084c0009220	1d8ea7f637f51edeb3b657b3f356ddd	0	0
7463	6	8	10	0	1	0030481000504830000302290041044	1d8ea7eeb7a717cfb7b45dd6f31efb9	0	0
7464	6	7	9	0	1	0030481800040860250002212101060	1d8ea7e6b7f3579f92b75dded25ef9d	0	0
7465	6	7	6	0	1	0030481800040860250002282101060	1d8ea7e6b7f3579f92b75dd7d25ef9d	0	0
7466	6	7	3	0	1	0030481800040860250002290101060	1d8ea7e6b7f3579f92b75dd6f25ef9d	0	0
7467	6	2	6	0	1	0030481800064062040406080101028	1d8ea7e6b7f11f9db3b359f7f25efd5	0	0
7468	6	6	6	0	1	00304818002201300401084c0011028	1d8ea7e6b7d55ecfb3b657b3f34efd5	0	0
7469	6	4	10	0	1	00304818002203300001084c0011060	1d8ea7e6b7d55ccfb7b657b3f34ef9d	0	0
7470	6	6	0	0	0	0030481800224021040200c90110048	1d8ea7e6b7d51fdeb3b55f36f24ffb5	0	0
7471	6	3	0	0	0	0030481800224121040200490110048	1d8ea7e6b7d51edeb3b55fb6f24ffb5	0	0
7472	6	3	2	0	1	0030481800504830000300214201240	1d8ea7e6b7a717cfb7b45fdeb15edbd	0	0
7473	6	1	10	0	1	0030481800504830000302290001044	1d8ea7e6b7a717cfb7b45dd6f35efb9	0	0
7474	6	7	3	0	1	0030482800205030000300c48210041	1d8ea7d6b7d70fcfb7b45f3b714ffbc	0	0
7475	6	4	6	0	0	00304830002203240001044c0011440	1d8ea7ceb7d55cdbb7b65bb3f34ebbd	0	0
7476	6	6	7	0	1	0030483000221030000300c48210048	1d8ea7ceb7d54fcfb7b45f3b714ffb5	0	0
7477	6	5	8	0	0	0030600031114020002102888101050	1d8e8ffe86e61fdfb7965d77725efad	0	0
7478	6	8	7	0	1	0030600084044062050002209101030	1d8e8ffe33f31f9db2b75ddf625efcd	0	0
7479	6	8	6	0	1	0030600085000160150002248009220	1d8e8ffe32f75e9fa2b75ddb7356ddd	0	0
7480	6	5	6	0	0	0030600091200160030002448011600	1d8e8ffe26d75e9fb4b75dbb734e9fd	0	0
7481	6	5	6	0	1	00306000950000e0050002441018220	1d8e8ffe22f75f1fb2b75dbbe347ddd	0	0
7482	6	6	6	0	1	0030600095000120150002248009220	1d8e8ffe22f75edfa2b75ddb7356ddd	0	0
7483	6	5	6	0	1	0030600095000160050002448009220	1d8e8ffe22f75e9fb2b75dbb7356ddd	0	0
7484	6	3	6	0	1	0030600095000160150002048009220	1d8e8ffe22f75e9fa2b75dfb7356ddd	0	0
7485	6	4	8	0	0	00306000a1054021020000a0c100850	1d8e8ffe16f21fdeb5b75f5f325f7ad	0	0
7486	6	5	6	0	1	00306002850001600500024c0001830	1d8e8ffc32f75e9fb2b75db3f35e7cd	0	0
7487	6	4	10	0	1	0030600485000160110002248009220	1d8e8ffa32f75e9fa6b75ddb7356ddd	0	0
7488	6	7	4	0	0	00306008100340022420014c0101030	1d8e8ff6a7f41ffd93975eb3f25efcd	0	0
7489	6	8	4	0	1	0030601000124064042000c88009240	1d8e8feeb7e51f9bb3975f377356dbd	0	0
7490	6	6	4	0	1	0030601010124024042000c88009240	1d8e8feea7e51fdbb3975f377356dbd	0	0
7491	6	3	4	0	1	0030601010124124042000488009240	1d8e8feea7e51edbb3975fb77356dbd	0	0
7492	6	5	7	0	1	0030601010144060042002888009240	1d8e8feea7e31f9fb3975d777356dbd	0	0
7493	6	4	0	0	0	0030601011104820102000d80108050	1d8e8feea6e717dfa7975f27f257fad	0	0
7494	6	5	7	0	0	0030601082040901060000704100850	1d8e8fee35f356feb1b75f8fb25f7ad	0	0
7495	6	9	4	0	1	0030802203000181148008380004850	1d8e6fdcb4f75e7ea33757c7f35b7ad	0	0
7496	6	4	6	0	0	00308080a1054021020000a0c140050	1d8e6f7e16f21fdeb5b75f5f321ffad	0	0
7497	6	6	6	0	1	00308082830000a0141008288140014	1d8e6f7c34f75f5fa3a757d7721ffe9	0	0
7498	6	2	4	0	0	003080a2030004a1048008480004844	1d8e6f5cb4f75b5eb33757b7f35b7b9	0	0
7499	6	5	6	0	1	0030811400440860060002205044280	1d8e6eeab7b3579fb1b75ddfa31bd7d	0	0
7500	6	5	4	0	1	00308114040408420600023010440a0	1d8e6eeab3f357bdb1b75dcfe31bf5d	0	0
7501	6	4	4	0	1	0030813000231030000104428042048	1d8e6eceb7d44fcfb7b65bbd731dfb5	0	0
7502	6	1	6	0	0	003081480022503000111040a002220	1d8e6eb6b7d50fcfb7a64fbf535dddd	0	0
7503	6	6	1	0	1	003082120050007004010a0a00090c0	1d8e6decb7a75f8fb3b655f5f356f3d	0	0
7504	6	5	1	0	1	003082120051005004010a0a00090c0	1d8e6decb7a65fafb3b655f5f356f3d	0	0
7505	6	4	1	0	1	003082120051007000010a0a00090c0	1d8e6decb7a65f8fb7b655f5f356f3d	0	0
7506	6	3	4	0	1	00308212005100700003080a00090c0	1d8e6decb7a65f8fb7b457f5f356f3d	0	0
7507	6	2	7	0	1	003082120051007000030a0800090c0	1d8e6decb7a65f8fb7b455f7f356f3d	0	0
7508	6	2	4	0	1	003082120051007000030a0800410c0	1d8e6decb7a65f8fb7b455f7f31ef3d	0	0
7509	6	2	7	0	1	0030821204041050142008202048410	1d8e6decb3f34fafa39757dfd317bed	0	0
7510	6	2	7	0	1	0030880880424121040108480009240	1d8e67f637b51edeb3b657b7f356dbd	0	0
7511	6	7	7	0	0	00308820104044011401088a0201048	1d8e67dea7b71bfea3b65775f15efb5	0	0
7512	6	2	7	0	0	0030882014404401140108820201048	1d8e67dea3b71bfea3b6577df15efb5	0	0
7513	6	7	3	0	0	00308828000244210401084a0011044	1d8e67d6b7f51bdeb3b657b5f34efb9	0	0
7514	6	3	6	0	1	00308828002242210401004a0011044	1d8e67d6b7d51ddeb3b65fb5f34efb9	0	0
7515	6	1	4	0	1	00308828004241210401084a0001048	1d8e67d6b7b51edeb3b657b5f35efb5	0	0
7516	6	3	10	0	0	00308828005040610003080a0009044	1d8e67d6b7a71f9eb7b457f5f356fb9	0	0
7517	6	6	7	0	0	0030883000220083040400720104060	1d8e67ceb7d55f7cb3b35f8df25bf9d	0	0
7518	6	1	7	0	1	003088480042412100030a090001208	1d8e67b6b7b51edeb7b455f6f35edf5	0	0
7519	6	8	4	0	0	0030a00010134021028000c88041050	1d8e4ffea7e41fdeb5375f37731efad	0	0
7520	6	5	7	0	0	0030a00031114020002102888101050	1d8e4ffe86e61fdfb7965d77725efad	0	0
7521	6	6	6	0	0	0030a00035010010109002248006420	1d8e4ffe82f65fefa7275ddb7359bdd	0	0
7522	6	4	0	0	0	0030a000a1054021020000a0c140050	1d8e4ffe16f21fdeb5b75f5f321ffad	0	0
7523	6	4	6	0	1	0030a01200150060800440488048081	1d8e4fecb7e25f9f37b31fb77317f7c	0	0
7524	6	7	4	0	0	0030a014000204a0148050003010a20	1d8e4feab7f55b5fa3370fffc34f5dd	0	0
7525	6	7	6	0	1	0030a01800050050109002288006420	1d8e4fe6b7f25fafa7275dd77359bdd	0	0
7526	6	5	6	0	0	0030c00031114020002102888101050	1d8e2ffe86e61fdfb7965d77725efad	0	0
7527	6	1	6	0	0	0030c00091054021020200a0c100050	1d8e2ffe26f21fdeb5b55f5f325ffad	0	0
7528	6	2	0	0	1	0030c00223000920141008280104050	1d8e2ffc94f756dfa3a757d7f25bfad	0	0
7529	6	2	8	0	0	0030c00810130121002248080009050	1d8e2ff6a7e45edeb79517f7f356fad	0	0
7530	6	2	8	0	0	0030c00810130121022008480009050	1d8e2ff6a7e45edeb59757b7f356fad	0	0
7531	6	6	6	0	0	0030c00a000700021410012c0102030	1d8e2ff4b7f05ffda3a75ed3f25dfcd	0	0
7532	6	6	4	0	1	0030c01800500070040202290003060	1d8e2fe6b7a75f8fb3b55dd6f35cf9d	0	0
7533	6	7	7	0	0	0030c02010110109002208284201050	1d8e2fdea7e65ef6b79557d7b15efad	0	0
7534	6	5	6	0	0	0030c02010154001022000a24201050	1d8e2fdea7e21ffeb5975f5db15efad	0	0
7535	6	5	6	0	0	0030c02010154001022000c24208041	1d8e2fdea7e21ffeb5975f3db157fbc	0	0
7536	6	4	6	0	1	0030c02080434021000200a84041050	1d8e2fde37b41fdeb7b55f57b31efad	0	0
7537	6	2	6	0	1	0030c02080434021020200a04041050	1d8e2fde37b41fdeb5b55f5fb31efad	0	0
7538	6	2	7	0	0	0030c04012100161022008480009050	1d8e2fbea5e75e9eb59757b7f356fad	0	0
7539	6	4	6	0	1	0030c04081020189040008484010a10	1d8e2fbe36f55e76b3b757b7b34f5ed	0	0
7540	6	4	8	0	0	0030c04200070402201050082001860	1d8e2fbcb7f05bfd97a70ff7d35e79d	0	0
7541	6	2	8	0	0	0030c04800120161022008480009050	1d8e2fb6b7e55e9eb59757b7f356fad	0	0
7542	6	1	7	0	0	0030c06000130109002208284001050	1d8e2f9eb7e45ef6b79557d7b35efad	0	0
7543	6	6	6	0	1	0032022401200060130004248041018	1d8ceddab6d75f9fa4b75bdb731efe5	0	0
7544	6	7	7	0	0	0032200480204060110112009101220	1d8ccffa37d71f9fa6b64dff625eddd	0	0
7545	6	7	6	0	1	00322010810001841600022c0010830	1d8ccfee36f75e7ba1b75dd3f34f7cd	0	0
7546	6	5	6	0	1	0032201081040140150012088008a20	1d8ccfee36f35ebfa2b74df773575dd	0	0
7547	6	4	6	0	1	00322010850001841400022c0010830	1d8ccfee32f75e7ba3b75dd3f34f7cd	0	0
7548	6	2	6	0	1	0032201085000184160002240010830	1d8ccfee32f75e7ba1b75ddbf34f7cd	0	0
7549	6	5	4	0	1	003220120014015005000a0a00018a0	1d8ccfecb7e35eafb2b755f5f35e75d	0	0
7550	6	6	6	0	0	0032400221040430011000ac0004860	1d8caffc96f35bcfb6a75f53f35b79d	0	0
7551	6	4	6	0	1	0032400485000160110002248009220	1d8caffa32f75e9fa6b75ddb7356ddd	0	0
7552	6	6	8	0	1	00328024008200a10082012a0018014	1d8c6fdab7755f5eb7355ed5f347fe9	0	0
7553	6	10	6	0	0	00800312001500680011408a000c0c0	1d3eececb7e25f97b7a61f75f353f3d	0	0
7554	6	10	8	0	0	008005009500112014040a0c00088a0	1d3eeafe22f74edfa3b355f3f35775d	0	0
7555	6	10	0	0	0	00800530012004a2040400a30014300	1d3eeaceb6d75b5db3b35f5cf34bcfd	0	0
7556	6	10	8	0	0	00800610106002a08600104111008c0	1d3ee9eea7975d5f31b74fbee25f73d	0	0
7557	6	10	8	0	1	008009082083400604014108100a028	1d3ee6f697741ff9b3b61ef7e355fd5	0	0
7558	6	10	6	0	0	0080091020501068000502882240280	1d3ee6ee97a74f97b7b25d77d11fd7d	0	0
7559	6	10	8	0	1	0080092400605020120100a03240088	1d3ee6dab7970fdfa5b65f5fc11ff75	0	0
7560	6	10	8	0	0	0080094400225000320150003240028	1d3ee6bab7d50fff85b60fffc11ffd5	0	0
7561	6	10	3	0	0	00800a082501040a040100a50005220	1d3ee5f692f65bf5b3b65f5af35addd	0	0
7562	6	10	7	0	0	008021101031008a020101920018204	1d3eceeea7c65f75b5b65e6df347df9	0	0
7563	6	10	7	0	0	008021300012028c041008980002830	1d3ececeb7e55d73b3a75767f35d7cd	0	0
7564	6	10	4	0	1	008022208480014c0401015400090a0	1d3ecdde33775eb3b3b65eabf356f5d	0	0
7565	6	10	4	0	0	0080223004400246040100c60009408	1d3ecdceb3b75db9b3b65f39f356bf5	0	0
7566	6	10	0	0	1	0080225000425000360010482048018	1d3ecdaeb7b50fff81b74fb7d317fe5	0	0
7567	6	10	4	0	0	0080240214104048848000d011010c0	1d3ecbfca3e71fb733375f2fe25ef3d	0	0
7568	6	10	6	0	1	008024201121009010a001940008904	1d3ecbdea6d65f6fa7175e6bf3576f9	0	0
7569	6	10	0	0	0	00802430041000c2840410501048120	1d3ecbceb3e75f3d33b34fafe317edd	0	0
7570	6	10	4	0	0	0080244200124048848000c811010c0	1d3ecbbcb7e51fb733375f37e25ef3d	0	0
7571	6	10	2	0	0	0080281020070052048003060104024	1d3ec7ee97f05fadb3375cf9f25bfd9	0	0
7572	6	10	4	0	0	0080281020150052048000a21104120	1d3ec7ee97e25fadb3375f5de25bedd	0	0
7573	6	10	10	0	1	008028300022501010051040a24000c	1d3ec7ceb7d50fefa7b24fbf511fff1	0	0
7574	6	10	10	0	1	0080410095000a08210102910009240	1d3eaefe22f755f796b65d6ef356dbd	0	0
7575	6	10	2	0	1	0080410095000a28010102910009240	1d3eaefe22f755d7b6b65d6ef356dbd	0	0
7577	6	10	6	0	0	0080440280074030001402260101044	1d3eabfc37f01fcfb7a35dd9f25efb9	0	0
7578	6	10	6	0	1	00804412000603300401088c0009090	1d3eabecb7f15ccfb3b65773f356f6d	0	0
7579	6	10	6	0	0	00804800341044280401018880030c0	1d3ea7fe83e71bd7b3b65e77735cf3d	0	0
7580	6	10	3	0	1	0080485000061124020100cc0018048	1d3ea7aeb7f14edbb5b65f33f347fb5	0	0
7581	6	10	10	0	0	00806000a4104042210112101009220	1d3e8ffe13e71fbd96b64defe356ddd	0	0
7582	6	10	4	0	1	0080601010a0019406000144820080c	1d3e8feea7575e6bb1b75ebb715f7f1	0	0
7583	6	10	4	0	0	0080604080140458030008301041024	1d3e8fbe37e35ba7b4b757cfe31efd9	0	0
7584	6	10	4	0	0	0080811404800244160010203202030	1d3e6eeab3775dbba1b74fdfc15dfcd	0	0
7585	6	10	6	0	1	0080820416000440a402411200050a0	1d3e6dfaa1f75bbf13b51eedf35af5d	0	0
7586	6	10	6	0	1	0080822081040470010102908041048	1d3e6dde36f35b8fb6b65d6f731efb5	0	0
7587	6	10	4	0	1	00808260004203240003090c00090c0	1d3e6d9eb7b55cdbb7b456f3f356f3d	0	0
7588	6	10	4	0	0	0080840214110042828010501003140	1d3e6bfca3e65fbd35374fafe35cebd	0	0
7589	6	10	4	0	0	0080a02020824101160010203240018	1d3e4fde97751efea1b74fdfc11ffe5	0	0
7590	6	10	6	0	1	0080c000a05100680011408a0009044	1d3e2ffe17a65f97b7a61f75f356fb9	0	0
7591	6	10	6	0	0	0080c000a1100468040102888003240	1d3e2ffe16e75b97b3b65d77735cdbd	0	0
7592	6	10	4	0	1	0080c010205002700401028900030c0	1d3e2fee97a75d8fb3b65d76f35cf3d	0	0
7593	6	10	6	0	0	00820102121100488090408a0005044	1d3ceefca5e65fb737271f75f35afb9	0	0
7594	6	10	6	0	1	00820214004200f000824106000c014	1d3cedeab7b55f0fb7351ef9f353fe9	0	0
7595	6	10	6	0	1	0082081800150040928008281006120	1d3ce7e6b7e25fbf253757d7e359edd	0	0
7596	6	9	8	0	1	0084201085000304142000d80008850	1d3acfee32f75cfba3975f27f3577ad	0	0
7597	6	9	8	0	1	00842040808402580410028a0011084	1d3acfbe37735da7b3a75d75f34ef79	0	0
7598	6	7	6	0	1	008422102400028c040101980018090	1d3acdee93f75d73b3b65e67f347f6d	0	0
7599	6	5	3	0	0	0084223005000280140108940018090	1d3acdceb2f75d7fa3b6576bf347f6d	0	0
7600	6	5	6	0	0	008424101111400010a000d8000a210	1d3acbeea6e61fffa7175f27f355ded	0	0
7601	6	7	4	0	0	00842450001000ca028002920011204	1d3acbaeb7e75f35b5375d6df34edf9	0	0
7602	6	7	4	0	0	008424500010018a028002320011204	1d3acbaeb7e75e75b5375dcdf34edf9	0	0
7603	6	6	1	0	0	00842450005100101014088a0008980	1d3acbaeb7a65fefa7a35775f35767d	0	0
7604	6	2	7	0	0	0084245000510090101408880008980	1d3acbaeb7a65f6fa7a35777f35767d	0	0
7605	6	5	6	0	0	00842450011100900005024a000a120	1d3acbaeb6e65f6fb7b25db5f355edd	0	0
7606	6	5	3	0	0	0084282020245010002101940240084	1d3ac7de97d30fefb7965e6bf11ff79	0	0
7607	6	3	4	0	1	0084282025010042250000828005108	1d3ac7de92f65fbd92b75f7d735aef5	0	0
7608	6	7	6	0	0	00844412000403300401088c0009090	1d3aabecb7f35ccfb3b65773f356f6d	0	0
7609	6	2	6	0	1	0084444202020308141048080003090	1d3aabbcb5f55cf7a3a717f7f35cf6d	0	0
7610	6	4	3	0	0	0084480223005000300102980300048	1d3aa7fc94f70fff87b65d67f05ffb5	0	0
7611	6	4	9	0	0	0084600091114000302002980009140	1d3a8ffe26e61fff87975d67f356ebd	0	0
7612	6	8	4	0	0	0084601000900250160000c09208180	1d3a8feeb7675dafa1b75f3f6157e7d	0	0
7613	6	8	4	0	0	0084601000a0019406000144820080c	1d3a8feeb7575e6bb1b75ebb715f7f1	0	0
7614	6	1	4	0	0	0084601010a0019406000144820000c	1d3a8feea7575e6bb1b75ebb715fff1	0	0
7615	6	3	4	0	1	0084604084800250150000809009180	1d3a8fbe33775dafa2b75f7f6356e7d	0	0
7616	6	4	0	0	0	0084605000900a1014004040500a180	1d3a8faeb76755efa3b71fbfa355e7d	0	0
7617	6	4	6	0	1	0084820a0500014814000a102005210	1d3a6df4b2f75eb7a3b755efd35aded	0	0
7618	6	7	6	0	0	00848220120101018402014a000c0c0	1d3a6ddea5f65efe33b55eb5f353f3d	0	0
7619	6	5	7	0	0	0084822205000440250002510005048	1d3a6ddcb2f75bbf92b75daef35afb5	0	0
7620	6	4	7	0	0	0084822205000448240002510005048	1d3a6ddcb2f75bb793b75daef35afb5	0	0
7621	6	7	6	0	0	0084822402000440a402411200050a0	1d3a6ddab5f75bbf13b51eedf35af5d	0	0
7622	6	6	7	0	0	00848450005000b0001100c9000a0c0	1d3a6baeb7a75f4fb7a65f36f355f3d	0	0
7623	6	5	6	0	1	0084846001040288001108980012090	1d3a6b9eb6f35d77b7a65767f34df6d	0	0
7624	6	1	3	0	0	0084882024111002148000a09040110	1d3a67de93e64ffda3375f5f631feed	0	0
7625	6	5	3	0	1	0084a01025000284040102980012050	1d3a4fee92f75d7bb3b65d67f34dfad	0	0
7626	6	4	4	0	0	0084a0108091005014004042100a0a0	1d3a4fee37665fafa3b71fbde355f5d	0	0
7627	6	4	4	0	0	0084a0108480024414004040900a480	1d3a4fee33775dbba3b71fbf6355b7d	0	0
7628	6	8	4	0	0	0084a04000500298001108980041084	1d3a4fbeb7a75d67b7a65767f31ef79	0	0
7629	6	5	7	0	1	0084a04080614000100548003009280	1d3a4fbe37961fffa7b217ffc356d7d	0	0
7630	6	3	6	0	0	0084a050001500501030008a000a088	1d3a4faeb7e25fafa7875f75f355f75	0	0
7631	6	5	3	0	0	0084a0600012180014804040500a180	1d3a4f9eb7e547ffa3371fbfa355e7d	0	0
7632	6	6	6	0	0	0084c000a05100280011408a0009044	1d3a2ffe17a65fd7b7a61f75f356fb9	0	0
7633	6	4	6	0	0	0084c000a05100680010408a0009044	1d3a2ffe17a65f97b7a71f75f356fb9	0	0
7634	6	5	3	0	0	0084c00215000508040208980005050	1d3a2ffca2f75af7b3b55767f35afad	0	0
7635	6	6	6	0	1	0084c00280060218041008980003090	1d3a2ffc37f15de7b3a75767f35cf6d	0	0
7636	6	4	6	0	0	0084c00281040628000102980003240	1d3a2ffc36f359d7b7b65d67f35cdbd	0	0
7637	6	6	6	0	1	0084c00285000208140102980003050	1d3a2ffc32f75df7a3b65d67f35cfad	0	0
7638	6	6	2	0	1	0084c0028500020814010a180003050	1d3a2ffc32f75df7a3b655e7f35cfad	0	0
7639	6	5	4	0	0	0084c01081800300142000780102050	1d3a2fee36775cffa3975f87f25dfad	0	0
7640	6	3	6	0	1	0084c04204020308141008082003090	1d3a2fbcb3f55cf7a3a757f7d35cf6d	0	0
7641	6	8	8	0	1	00862000808402580410028a0011084	1d38cffe37735da7b3a75d75f34ef79	0	0
7642	6	5	7	0	0	0086202080c10100111000a60009208	1d38cfde37365effa6a75f59f356df5	0	0
7643	6	4	8	0	1	00862040808402580010028a0011084	1d38cfbe37735da7b7a75d75f34ef79	0	0
7644	6	4	4	0	1	0086400284800250110008901009180	1d38affc33775dafa6b7576fe356e7d	0	0
7645	6	9	6	0	0	0088011200910070001400aa000c180	1d36eeecb7665f8fb7a35f55f353e7d	0	0
7646	6	2	9	0	0	0088029402800305060010500008818	1d36ed6ab5775cfab1b74faff3577e5	0	0
7647	6	6	1	0	0	008802940480020506001030200a110	1d36ed6ab3775dfab1b74fcfd355eed	0	0
7648	6	3	4	0	0	00880510108340050600008a000a048	1d36eaeea7741ffab1b75f75f355fb5	0	0
7649	6	2	4	0	0	008805201083400506000182000a140	1d36eadea7741ffab1b75e7df355ebd	0	0
7650	6	4	7	0	0	0088052400125028020000a05210090	1d36eadab7e50fd7b5b75f5fa14ff6d	0	0
7651	6	4	4	0	0	0088061400830088840050022102021	1d36e9eab7745f7733b70ffdd25dfdc	0	0
7652	6	9	6	0	1	0088081020c00270050002203140084	1d36e7ee97375d8fb2b75ddfc21ff79	0	0
7653	6	8	9	0	0	008809100500044a040400b10044028	1d36e6eeb2f75bb5b3b35f4ef31bfd5	0	0
7654	6	1	10	0	1	0088091200225030000540812040088	1d36e6ecb7d50fcfb7b21f7ed31ff75	0	0
7655	6	5	9	0	0	0088091400225020000510902050208	1d36e6eab7d50fdfb7b24f6fd30fdf5	0	0
7656	6	6	6	0	1	008809401280021404014102100a120	1d36e6bea5775debb3b61efde355edd	0	0
7657	6	4	6	0	1	008809401280025404004102100a120	1d36e6bea5775dabb3b71efde355edd	0	0
7658	6	3	6	0	0	0088094200225030010100803140088	1d36e6bcb7d50fcfb6b65f7fc21ff75	0	0
7659	6	5	8	0	0	0088094400225020020110803050208	1d36e6bab7d50fdfb5b64f7fc30fdf5	0	0
7660	6	2	10	0	1	00880a2022801114040105040008888	1d36e5de95774eebb3b65afbf357775	0	0
7661	6	6	6	0	0	00880a3000820114040205060008c08	1d36e5ceb7755eebb3b55af9f3573f5	0	0
7662	6	4	7	0	1	00880c10148010601400048c000a088	1d36e3eea3774f9fa3b75b73f355f75	0	0
7663	6	5	8	0	1	00880c2400c00160040101860009280	1d36e3dab7375e9fb3b65e79f356d7d	0	0
7664	6	7	6	0	0	00880c60000211280012108c0010888	1d36e39eb7f54ed7b7a54f73f34f775	0	0
7665	6	6	6	0	0	00880c60000610280011108c0012088	1d36e39eb7f14fd7b7a64f73f34df75	0	0
7666	6	5	2	0	0	008820b000904040160014003208090	1d36cf4eb7671fbfa1b74bffc157f6d	0	0
7667	6	4	4	0	0	0088211010830218040001824140024	1d36ceeea7745de7b3b75e7db21ffd9	0	0
7668	6	6	0	0	0	0088212200904014000503101208180	1d36cedcb7671febb7b25cefe157e7d	0	0
7669	6	4	4	0	0	00882212008200d404005000300c500	1d36cdecb7755f2bb3b70fffc353afd	0	0
7670	6	1	7	0	0	0088241010074001860002822100044	1d36cbeea7f01ffe31b75d7dd25ffb9	0	0
7671	6	5	2	0	1	00882410101340001410480a000a0a0	1d36cbeea7e41fffa3a717f5f355f5d	0	0
7672	6	6	6	0	0	0088241014100048848002920101024	1d36cbeea3e75fb733375d6df25efd9	0	0
7673	6	5	4	0	1	008824101410014806000a120011084	1d36cbeea3e75eb7b1b755edf34ef79	0	0
7674	6	2	6	0	0	0088241014200194040101840018480	1d36cbeea3d75e6bb3b65e7bf347b7d	0	0
7675	6	5	4	0	1	00882410848001480404023201010a0	1d36cbee33775eb7b3b35dcdf25ef5d	0	0
7676	6	6	2	0	1	0088243000820044160014003208110	1d36cbceb7755fbba1b74bffc157eed	0	0
7677	6	5	2	0	1	00882450001540100011082a000a0a0	1d36cbaeb7e21fefb7a657d5f355f5d	0	0
7678	6	3	8	0	0	0088280034800314040101041018480	1d36c7fe83775cebb3b65efbe347b7d	0	0
7679	6	8	6	0	0	0088281000150050848000a21104120	1d36c7eeb7e25faf33375f5de25bedd	0	0
7680	6	8	4	0	0	0088281000454014000508203140408	1d36c7eeb7b21febb7b257dfc21fbf5	0	0
7681	6	5	6	0	1	0088281014100148048002920005220	1d36c7eea3e75eb7b3375d6df35addd	0	0
7682	6	4	6	0	1	0088281020230114040001828100908	1d36c7ee97d45eebb3b75e7d725f6f5	0	0
7683	6	5	0	0	1	0088282020914010000505021208180	1d36c7de97661fefb7b25afde157e7d	0	0
7684	6	6	6	0	0	0088283000070009040400a06140088	1d36c7ceb7f05ff6b3b35f5f921ff75	0	0
7685	6	5	7	0	1	0088283000134000860000a22011044	1d36c7ceb7e41fff31b75f5dd34efb9	0	0
7686	6	4	4	0	1	0088283000830051000400c22240108	1d36c7ceb7745faeb7b35f3dd11fef5	0	0
7687	6	7	2	0	1	008828300101020414010c0c0002818	1d36c7ceb6f65dfba3b653f3f35d7e5	0	0
7688	6	4	3	0	1	008828300103010414000c0c0002818	1d36c7ceb6f45efba3b753f3f35d7e5	0	0
7689	6	4	2	0	1	008828300103020414000c0c0002818	1d36c7ceb6f45dfba3b753f3f35d7e5	0	0
7690	6	1	2	0	1	008828300103020414010c0c0002018	1d36c7ceb6f45dfba3b653f3f35dfe5	0	0
7691	6	4	6	0	0	008828500012025014005002100a120	1d36c7aeb7e55dafa3b70ffde355edd	0	0
7692	6	4	6	0	0	00882850001401580400120a0006021	1d36c7aeb7e35ea7b3b74df5f359fdc	0	0
7693	6	3	6	0	0	008828500014025804011008100a0a0	1d36c7aeb7e35da7b3b64ff7e355f5d	0	0
7694	6	4	3	0	1	008828500082025014005002100a120	1d36c7aeb7755dafa3b70ffde355edd	0	0
7695	6	4	0	0	0	008828500090025014005002100a120	1d36c7aeb7675dafa3b70ffde355edd	0	0
7696	6	5	4	0	1	00882850048002401500500030028a0	1d36c7aeb3775dbfa2b70fffc35d75d	0	0
7697	6	9	4	0	0	00884000a0821430050000a09140108	1d36affe17754bcfb2b75f5f621fef5	0	0
7698	6	4	6	0	0	0088410814800618040001205202120	1d36aef6a37759e7b3b75edfa15dedd	0	0
7699	6	6	8	0	1	0088441800120050860002411202060	1d36abe6b7e55faf31b75dbee15df9d	0	0
7700	6	7	4	0	0	0088445000104061020100c9000a0c0	1d36abaeb7e71f9eb5b65f36f355f3d	0	0
7701	6	6	4	0	0	0088445000124021020100c9000a0c0	1d36abaeb7e51fdeb5b65f36f355f3d	0	0
7702	6	4	4	0	0	0088445000124061020000c9000a0c0	1d36abaeb7e51f9eb5b75f36f355f3d	0	0
7703	6	4	6	0	1	008844500082024814005008100a030	1d36abaeb7755db7a3b70ff7e355fcd	0	0
7704	6	8	3	0	0	0088480020821430050000a09140108	1d36a7fe97754bcfb2b75f5f621fef5	0	0
7705	6	5	7	0	1	0088480034025020050002803110048	1d36a7fe83f50fdfb2b75d7fc24ffb5	0	0
7706	6	2	7	0	0	0088480424024121020101840208048	1d36a7fa93f51edeb5b65e7bf157fb5	0	0
7707	6	5	3	0	1	0088481200065020000502980140048	1d36a7ecb7f10fdfb7b25d67f21ffb5	0	0
7708	6	5	7	0	1	0088481200065020040402882100848	1d36a7ecb7f10fdfb3b35d77d25f7b5	0	0
7709	6	3	6	0	1	0088484200245030010100803100888	1d36a7bcb7d30fcfb6b65f7fc25f775	0	0
7710	6	7	3	0	1	0088485000021124020100cc0018048	1d36a7aeb7f54edbb5b65f33f347fb5	0	0
7711	6	3	3	0	1	00884850000611240201008c0018048	1d36a7aeb7f14edbb5b65f73f347fb5	0	0
7712	6	8	6	0	1	0088600084100148250006120009201	1d368ffe33e75eb792b759edf356dfc	0	0
7713	6	6	3	0	0	0088600094804000a50010501108021	1d368ffe23771fff12b74fafe257fdc	0	0
7714	6	9	6	0	1	008880021280029404014100500a480	1d366ffca5775d6bb3b61effa355b7d	0	0
7715	6	5	4	0	0	0088810600134020001441030002a80	1d366ef8b7e41fdfb7a31efcf35d57d	0	0
7716	6	5	6	0	0	008881120090016000144032000c280	1d366eecb7675e9fb7a31fcdf353d7d	0	0
7717	6	4	3	0	1	0088814200225030000140811048088	1d366ebcb7d50fcfb7b61f7ee317f75	0	0
7718	6	2	6	0	0	0088814402020454021001900042028	1d366ebab5f55babb5a75e6ff31dfd5	0	0
7719	6	5	6	0	0	0088820220900150050003120108081	1d366dfc97675eafb2b75cedf257f7c	0	0
7720	6	6	3	0	1	0088820600130028001140830009280	1d366df8b7e45fd7b7a61f7cf356d7d	0	0
7721	6	4	10	0	0	0088820810130109020048024005050	1d366df6a7e45ef6b5b717fdb35afad	0	0
7722	6	7	4	0	1	0088820c0003100416000120a102110	1d366df2b7f44ffba1b75edf525deed	0	0
7723	6	4	4	0	1	0088820c0403100414000120a102110	1d366df2b3f44ffba3b75edf525deed	0	0
7724	6	6	4	0	0	0088821400070005020402302140048	1d366deab7f05ffab5b35dcfd21ffb5	0	0
7725	6	6	4	0	1	00888230005000700401028300050c0	1d366dceb7a75f8fb3b65d7cf35af3d	0	0
7726	6	2	7	0	0	0088824400141428020141008002890	1d366dbab7e34bd7b5b61eff735d76d	0	0
7727	6	4	1	0	0	0088843000900161000440230208090	1d366bceb7675e9eb7b31fdcf157f6d	0	0
7728	6	4	8	0	1	0088880224031006040000a03140018	1d3667fc93f44ff9b3b75f5fc21ffe5	0	0
7729	6	4	4	0	1	0088880224031006040000a03140108	1d3667fc93f44ff9b3b75f5fc21fef5	0	0
7730	6	8	10	0	1	0088880400065024028000a03110018	1d3667fab7f10fdbb5375f5fc24ffe5	0	0
7731	6	8	4	0	1	00888810005100540401088a0003048	1d3667eeb7a65fabb3b65775f35cfb5	0	0
7732	6	5	4	0	0	0088881400061060020414102102088	1d3667eab7f14f9fb5b34befd25df75	0	0
7733	6	4	9	0	1	0088881400820260140014003042210	1d3667eab7755d9fa3b74bffc31dded	0	0
7734	6	5	10	0	0	0088881404020600148014011002a08	1d3667eab3f559ffa3374bfee35d5f5	0	0
7735	6	5	2	0	0	0088881404041040248010302104030	1d3667eab3f34fbf93374fcfd25bfcd	0	0
7736	6	6	3	0	1	0088882020830002211001320140024	1d3667de97745ffd96a75ecdf21ffd9	0	0
7737	6	6	2	0	0	008888202083000305000122414000c	1d3667de97745ffcb2b75eddb21fff1	0	0
7738	6	6	2	0	1	00888830005000700401028300050c0	1d3667ceb7a75f8fb3b65d7cf35af3d	0	0
7739	6	5	6	0	1	008888402280025004011108100a0a0	1d3667be95775dafb3b64ef7e355f5d	0	0
7740	6	5	4	0	1	0088884400065020020110803050208	1d3667bab7f10fdfb5b64f7fc30fdf5	0	0
7741	6	4	8	0	1	0088a00034800314000103101018480	1d364ffe83775cebb7b65cefe347b7d	0	0
7742	6	2	8	0	1	0088a00034800314040103001018480	1d364ffe83775cebb3b65cffe347b7d	0	0
7743	6	5	4	0	1	0088a0028481400014015000300a081	1d364ffc33761fffa3b60fffc355f7c	0	0
7744	6	2	6	0	0	0088a01014100140a48042020005420	1d364feea3e75ebf13371dfdf35abdd	0	0
7745	6	5	6	0	1	0088a01084040250040102821018480	1d364fee33f35dafb3b65d7de347b7d	0	0
7746	6	6	4	0	0	0088a01400130004148040203102030	1d364feab7e45ffba3371fdfc25dfcd	0	0
7747	6	3	7	0	1	0088a02080900150250002120009021	1d364fde37675eaf92b75dedf356fdc	0	0
7748	6	5	6	0	0	0088a03000140250040102821018480	1d364fceb7e35dafb3b65d7de347b7d	0	0
7749	6	5	6	0	1	0088a03000150050041000a240060a0	1d364fceb7e25fafb3a75f5db359f5d	0	0
7750	6	1	4	0	0	0088a03000150111040408224000888	1d364fceb7e25eeeb3b357ddb35f775	0	0
7751	6	5	8	0	0	0088a0420012104016005000300a090	1d364fbcb7e54fbfa1b70fffc355f6d	0	0
7752	6	4	6	0	0	0088a0500012024414005008100a030	1d364faeb7e55dbba3b70ff7e355fcd	0	0
7753	6	2	6	0	0	0088c000a4021114041000a40018408	1d362ffe13f54eebb3a75f5bf347bf5	0	0
7754	6	4	6	0	0	0088c00814100448240041110003030	1d362ff6a3e75bb793b71eeef35cfcd	0	0
7755	6	4	10	0	1	0088c0408082120810015000500a220	1d362fbe37754df7a7b60fffa355ddd	0	0
7756	6	4	4	0	1	0088c04400834000320001203140030	1d362fbab7741fff85b75edfc21ffcd	0	0
7757	6	6	4	0	1	008a041400120128028040214011084	1d34ebeab7e55ed7b5371fdeb34ef79	0	0
7758	6	6	6	0	0	008a041800120058041000c141020a0	1d34ebe6b7e55fa7b3a75f3eb25df5d	0	0
7759	6	4	6	0	0	008a04180013004092001808100a120	1d34ebe6b7e45fbf25b747f7e355edd	0	0
7760	6	5	6	0	0	008a0440109040480014404211080a0	1d34ebbea7671fb7b7a31fbde257f5d	0	0
7761	6	4	6	0	0	008a080030c00270010003041140084	1d34e7fe87375d8fb6b75cfbe21ff79	0	0
7762	6	4	6	0	1	008a08202082405101000192004800c	1d34e7de97751faeb6b75e6df317ff1	0	0
7763	6	5	3	0	0	008a204020904050001450021008920	1d34cfbe97671fafb7a30ffde3576dd	0	0
7764	6	5	1	0	0	008a204200904050001450003008980	1d34cfbcb7671fafb7a30fffc35767d	0	0
7765	6	2	6	0	1	008a800280900170011040220009084	1d346ffc37675e8fb6a71fddf356f79	0	0
7766	6	4	4	0	0	008a802800130101220008224005140	1d346fd6b7e45efe95b757ddb35aebd	0	0
7767	6	4	6	0	0	009002888501101010020224800c500	1d2eed7632f64fefa7b55ddb7353afd	0	0
7768	6	4	4	0	0	00900530050002a2000100a60210050	1d2eeaceb2f75d5db7b65f59f14ffad	0	0
7769	6	5	4	0	0	009006280500028804010c050001c10	1d2ee9d6b2f75d77b3b653faf35e3ed	0	0
7770	6	4	8	0	1	0090089204021120100218082240018	1d2ee76cb3f54edfa7b547f7d11ffe5	0	0
7771	6	4	2	0	0	009008d0048012201002120c0010888	1d2ee72eb3774ddfa7b54df3f34f775	0	0
7772	6	8	7	0	0	009009100410084a040102920005240	1d2ee6eeb3e757b5b3b65d6df35adbd	0	0
7773	6	6	4	0	1	009009102500080a040100b10044208	1d2ee6ee92f757f5b3b65f4ef31bdf5	0	0
7774	6	6	9	0	0	009009180410004a040102910041028	1d2ee6e6b3e75fb5b3b65d6ef31efd5	0	0
7775	6	6	9	0	0	009009180410004a040102920005060	1d2ee6e6b3e75fb5b3b65d6df35af9d	0	0
7776	6	6	6	0	0	009009180410004a040102920005220	1d2ee6e6b3e75fb5b3b65d6df35addd	0	0
7777	6	7	8	0	1	0090093000021220148008282050014	1d2ee6ceb7f54ddfa33757d7d30ffe9	0	0
7778	6	3	6	0	0	00900930001240640420008a0009048	1d2ee6ceb7e51f9bb3975f75f356fb5	0	0
7779	6	2	6	0	0	0090093000225020100514002240208	1d2ee6ceb7d50fdfa7b24bffd11fdf5	0	0
7780	6	5	6	0	0	00900930005040600401028a00050c0	1d2ee6ceb7a71f9fb3b65d75f35af3d	0	0
7781	6	4	7	0	0	0090093004100a28000102310041044	1d2ee6ceb3e755d7b7b65dcef31efb9	0	0
7782	6	4	6	0	1	00900a280500024a040000740011018	1d2ee5d6b2f75db5b3b75f8bf34efe5	0	0
7783	6	4	10	0	0	00900a280500060a000100740011048	1d2ee5d6b2f759f5b7b65f8bf34efb5	0	0
7784	6	2	8	0	1	00900a280500060a040100700011048	1d2ee5d6b2f759f5b3b65f8ff34efb5	0	0
7785	6	4	6	0	1	00900c3004020462040000c28041108	1d2ee3ceb3f55b9db3b75f3d731eef5	0	0
7786	6	8	3	0	0	0090208015010202148002848101110	1d2ecf7ea2f65dfda3375d7b725eeed	0	0
7787	6	4	7	0	0	0090208095010202140002848101110	1d2ecf7e22f65dfda3b75d7b725eeed	0	0
7788	6	6	4	0	0	009021108410004a040102920041220	1d2eceee33e75fb5b3b65d6df31eddd	0	0
7789	6	5	6	0	0	0090213000234000140114003048208	1d2ececeb7d41fffa3b64bffc317df5	0	0
7790	6	4	9	0	0	0090243000120482840000621240120	1d2ecbceb7e55b7d33b75f9de11fedd	0	0
7791	6	4	4	0	0	0090243000130412040000628041104	1d2ecbceb7e45bedb3b75f9d731eef9	0	0
7792	6	4	4	0	1	00902430041000c2840000621240120	1d2ecbceb3e75f3d33b75f9de11fedd	0	0
7793	6	4	1	0	0	0090243004100442840000621240120	1d2ecbceb3e75bbd33b75f9de11fedd	0	0
7794	6	4	0	0	0	0090243004100482840000621240120	1d2ecbceb3e75b7d33b75f9de11fedd	0	0
7795	6	8	10	0	0	0090280020225010120111042240024	1d2ec7fe97d50fefa5b64efbd11ffd9	0	0
7796	6	5	10	0	0	00902810105044001600082a004100c	1d2ec7eea7a71bffa1b757d5f31eff1	0	0
7797	6	5	7	0	0	00902810105044001600082a020100c	1d2ec7eea7a71bffa1b757d5f15eff1	0	0
7798	6	6	1	0	1	009028101410004a048002920005220	1d2ec7eea3e75fb5b3375d6df35addd	0	0
7799	6	3	4	0	0	0090281015000242148000540102028	1d2ec7eea2f75dbda3375fabf25dfd5	0	0
7800	6	3	3	0	0	0090281015000242148000540102030	1d2ec7eea2f75dbda3375fabf25dfcd	0	0
7801	6	4	10	0	1	009028300022501010011040a24000c	1d2ec7ceb7d50fefa7b64fbf511fff1	0	0
7802	6	5	6	0	1	0090410283000248040102980009240	1d2eaefc34f75db7b3b65d67f356dbd	0	0
7803	6	8	7	0	0	0090411000500268060002290003050	1d2eaeeeb7a75d97b1b75dd6f35cfad	0	0
7804	6	5	7	0	0	0090415000504220020102290003050	1d2eaeaeb7a71ddfb5b65dd6f35cfad	0	0
7805	6	5	2	0	0	0090415000504220020102290041050	1d2eaeaeb7a71ddfb5b65dd6f31efad	0	0
7806	6	3	6	0	0	0090480034104222048000209101110	1d2ea7fe83e71dddb3375fdf625eeed	0	0
7807	6	4	10	0	1	0090481020504230000102290041044	1d2ea7ee97a71dcfb7b65dd6f31efb9	0	0
7808	6	4	7	0	1	0090481020504230000102290201044	1d2ea7ee97a71dcfb7b65dd6f15efb9	0	0
7809	6	4	6	0	1	0090484020824210100111081208120	1d2ea7be97751defa7b64ef7e157edd	0	0
7810	6	4	4	0	0	0090813000510222000100aa0041050	1d2e6eceb7a65dddb7b65f55f31efad	0	0
7811	6	3	4	0	0	0090813000830105020200206240048	1d2e6eceb7745efab5b55fdf911ffb5	0	0
7812	6	4	6	0	0	00908202111004680400024a0005240	1d2e6dfca6e75b97b3b75db5f35adbd	0	0
7813	6	2	3	0	1	0090821200121060160008480048090	1d2e6decb7e54f9fa1b757b7f317f6d	0	0
7814	6	2	4	0	0	0090821800510052040102420101048	1d2e6de6b7a65fadb3b65dbdf25efb5	0	0
7815	6	6	6	0	0	0090822022200091040111120008848	1d2e6dde95d75f6eb3b64eedf3577b5	0	0
7816	6	4	6	0	0	0090822201100468000102580041048	1d2e6ddcb6e75b97b7b65da7f31efb5	0	0
7817	6	3	4	0	1	0090822205000248140108012041410	1d2e6ddcb2f75db7a3b657fed31ebed	0	0
7818	6	1	9	0	0	0090824012800245020201430008410	1d2e6dbea5775dbab5b55ebcf357bed	0	0
7819	6	3	7	0	0	0090824200061068001210082104050	1d2e6dbcb7f14f97b7a54ff7d25bfad	0	0
7820	6	3	6	0	0	0090824200061068001210082104090	1d2e6dbcb7f14f97b7a54ff7d25bf6d	0	0
7821	6	3	4	0	0	00908242000610680012100821040c0	1d2e6dbcb7f14f97b7a54ff7d25bf3d	0	0
7822	6	7	6	0	0	0090826002000245020201430008c10	1d2e6d9eb5f75dbab5b55ebcf3573ed	0	0
7823	6	1	3	0	1	00908260028000d1000309120008090	1d2e6d9eb5775f2eb7b456edf357f6d	0	0
7824	6	7	6	0	0	0090881020021220148010282102030	1d2e67ee97f54ddfa3374fd7d25dfcd	0	0
7825	6	5	0	0	1	0090881204021100140218082240018	1d2e67ecb3f54effa3b547f7d11ffe5	0	0
7826	6	3	6	0	0	0090882020121220148000209140110	1d2e67de97e54ddfa3375fdf621feed	0	0
7827	6	6	4	0	0	00908830000601210402180a0004848	1d2e67ceb7f15edeb3b547f5f35b7b5	0	0
7828	6	4	3	0	0	0090883000820161000210482240050	1d2e67ceb7755e9eb7b54fb7d11ffad	0	0
7829	6	8	9	0	1	0090884000061068009010482006060	1d2e67beb7f14f97b7274fb7d359f9d	0	0
7830	6	8	3	0	0	0090884000061068009010482102060	1d2e67beb7f14f97b7274fb7d25df9d	0	0
7831	6	8	2	0	0	0090884000061068009010482104060	1d2e67beb7f14f97b7274fb7d25bf9d	0	0
7832	6	6	1	0	1	0090885004100052040102830041028	1d2e67aeb3e75fadb3b65d7cf31efd5	0	0
7833	6	5	4	0	1	0090886000065000240218082050009	1d2e679eb7f10fff93b547f7d30fff4	0	0
7834	6	5	6	0	1	00908860004203200081014c00090c0	1d2e679eb7b55cdfb7365eb3f356f3d	0	0
7835	6	8	7	0	0	0090a00024030082841010203104120	1d2e4ffe93f45f7d33a74fdfc25bedd	0	0
7836	6	4	1	0	0	0090a010141000c2840012101044220	1d2e4feea3e75f3d33b74defe31bddd	0	0
7837	6	7	6	0	1	0090a01080050040a28002502140021	1d2e4fee37f25fbf15375dafd21ffdc	0	0
7838	6	6	6	0	1	0090a01084040040a48002502140021	1d2e4fee33f35fbf13375dafd21ffdc	0	0
7839	6	6	10	0	1	0090a01404040040a48002422104021	1d2e4feab3f35fbf13375dbdd25bfdc	0	0
7840	6	6	7	0	1	0090a01404040040a48002502104021	1d2e4feab3f35fbf13375dafd25bfdc	0	0
7841	6	6	3	0	1	0090a01404040040a48002502140021	1d2e4feab3f35fbf13375dafd21ffdc	0	0
7842	6	8	4	0	0	0090a0200007008305000122414000c	1d2e4fdeb7f05f7cb2b75eddb21fff1	0	0
7843	6	8	2	0	0	0090a02000300452040101520041120	1d2e4fdeb7c75badb3b65eadf31eedd	0	0
7844	6	7	4	0	0	0090a0202003008305000122414000c	1d2e4fde97f45f7cb2b75eddb21fff1	0	0
7845	6	6	4	0	0	0090a0202007000305000122414000c	1d2e4fde97f05ffcb2b75eddb21fff1	0	0
7846	6	5	4	0	0	0090a02020225000120114003240408	1d2e4fde97d50fffa5b64bffc11fbf5	0	0
7847	6	4	4	0	1	0090a02020834001120001222240014	1d2e4fde97741ffea5b75eddd11ffe9	0	0
7848	6	3	2	0	1	0090a02020834001121000222240018	1d2e4fde97741ffea5a75fddd11ffe5	0	0
7849	6	4	4	0	1	0090a02084110042840000621041120	1d2e4fde33e65fbd33b75f9de31eedd	0	0
7850	6	4	6	0	0	0090a02085000140940002260005420	1d2e4fde32f75ebf23b75dd9f35abdd	0	0
7851	6	4	4	0	0	0090a03000150085000408284200888	1d2e4fceb7e25f7ab7b357d7b15f775	0	0
7852	6	4	4	0	1	0090a03000830101120000622240018	1d2e4fceb7745efea5b75f9dd11ffe5	0	0
7853	6	8	7	0	0	0090c00020230092003001340104044	1d2e2ffe97d45f6db7875ecbf25bfb9	0	0
7854	6	8	6	0	0	0090c0002023009200300134014000c	1d2e2ffe97d45f6db7875ecbf21fff1	0	0
7855	6	8	4	0	0	0090c0002083009200300134014000c	1d2e2ffe97745f6db7875ecbf21fff1	0	0
7856	6	8	6	0	1	0090c00020c100b00011012c004800c	1d2e2ffe97365f4fb7a65ed3f317ff1	0	0
7857	6	3	7	0	0	0090c00090144062060002009101050	1d2e2ffe27e31f9db1b75dff625efad	0	0
7858	6	3	6	0	1	0090c000a0454002860000203140011	1d2e2ffe17b21ffd31b75fdfc21ffec	0	0
7859	6	7	9	0	0	0090c00a000304021401090c0003018	1d2e2ff4b7f45bfda3b656f3f35cfe5	0	0
7860	6	4	6	0	1	0090c01201020260140002490102018	1d2e2fecb6f55d9fa3b75db6f25dfe5	0	0
7861	6	4	6	0	1	0090c01201020320140002490100818	1d2e2fecb6f55cdfa3b75db6f25f7e5	0	0
7862	6	6	4	0	0	0090c040208300021030012c014000c	1d2e2fbe97745ffda7875ed3f21fff1	0	0
7863	6	6	3	0	0	0090c040208300021030012c0140014	1d2e2fbe97745ffda7875ed3f21ffe9	0	0
7864	6	6	2	0	0	0090c040208300021030012c0140018	1d2e2fbe97745ffda7875ed3f21ffe5	0	0
7865	6	4	10	0	0	0092020881041058000202248104050	1d2cedf636f34fa7b7b55ddb725bfad	0	0
7866	6	4	6	0	0	00920808108241011002410c0208088	1d2ce7f6a7751efea7b51ef3f157f75	0	0
7867	6	8	4	0	0	0092200020225010120111042240024	1d2ccffe97d50fefa5b64efbd11ffd9	0	0
7868	6	6	6	0	1	0092201080140048828000b04041220	1d2ccfee37e35fb735375f4fb31eddd	0	0
7869	6	4	4	0	1	0092201080154012020000628048005	1d2ccfee37e21fedb5b75f9d7317ff8	0	0
7870	6	4	3	0	0	0092202020225010100114041208088	1d2ccfde97d50fefa7b64bfbe157f75	0	0
7871	6	5	2	0	1	00924000a0c14002020201224108101	1d2caffe17361ffdb5b55eddb257efc	0	0
7872	6	5	4	0	0	0092400880910042030000605101120	1d2caff637665fbdb4b75f9fa25eedd	0	0
7873	6	5	6	0	0	009240102042422000121209010080c	1d2cafee97b51ddfb7a54df6f25f7f1	0	0
7874	6	4	6	0	0	00924010800611101400120c0008828	1d2cafee37f14eefa3b74df3f3577d5	0	0
7875	6	5	6	0	0	00928000324005100402110a000c041	1d2c6ffe85b75aefb3b54ef5f353fbc	0	0
7876	6	9	9	0	0	00a0009404100920848000650003090	1d1eef6ab3e756df33375f9af35cf6d	0	0
7878	6	9	4	0	0	00a0010880834002250040421108021	1d1eeef637741ffd92b71fbde257fdc	0	0
7879	6	3	6	0	0	00a00198009140101014002a0208024	1d1eee66b7661fefa7a35fd5f157fd9	0	0
7880	6	5	7	0	0	00a001a085005020002400d40008850	1d1eee5e32f70fdfb7935f2bf3577ad	0	0
7881	6	9	6	0	1	00a0023002410040a402104a000c041	1d1eedceb5b65fbf13b54fb5f353fbc	0	0
7882	6	7	6	0	0	00a002d00200024502021058000a050	1d1eed2eb5f75dbab5b54fa7f355fad	0	0
7883	6	4	9	0	0	00a002d00280024500021058000a050	1d1eed2eb5775dbab7b54fa7f355fad	0	0
7884	6	6	4	0	0	00a0031015000428040200a30014240	1d1eeceea2f75bd7b3b55f5cf34bdbd	0	0
7885	6	2	4	0	0	00a0031016001042260010500048028	1d1eeceea1f74fbd91b74faff317fd5	0	0
7886	6	6	8	0	0	00a00312001500300011088a00088c0	1d1eececb7e25fcfb7a65775f35773d	0	0
7887	6	5	6	0	0	00a0031800154010001140224202060	1d1eece6b7e21fefb7a61fddb15df9d	0	0
7888	6	2	6	0	0	00a0032015001224042000c40008910	1d1eecdea2f74ddbb3975f3bf3576ed	0	0
7889	6	4	8	0	0	00a0032800a11010100101340048024	1d1eecd6b7564fefa7b65ecbf317fd9	0	0
7890	6	4	2	0	0	00a0032800a11010100101340048120	1d1eecd6b7564fefa7b65ecbf317edd	0	0
7891	6	5	0	0	1	00a00330028101001410082a000c0a0	1d1eecceb5765effa3a757d5f353f5d	0	0
7892	6	4	7	0	0	00a00330041008680001029100090c0	1d1eecceb3e75797b7b65d6ef356f3d	0	0
7893	6	4	4	0	0	00a00330041008680001029100410c0	1d1eecceb3e75797b7b65d6ef31ef3d	0	0
7894	6	7	6	0	1	00a00340120140101011090a000a0a0	1d1eecbea5f61fefa7a656f5f355f5d	0	0
7895	6	2	6	0	0	00a0049400224420120250001210084	1d1eeb6ab7d51bdfa5b50fffe14ff79	0	0
7896	6	3	6	0	0	00a004b004044422000600221050410	1d1eeb4eb3f31bddb7b15fdde30fbed	0	0
7897	6	4	6	0	1	00a00510114000e80400028a000a240	1d1eeaeea6b75f17b3b75d75f355dbd	0	0
7898	6	3	6	0	1	00a00512000740208014400a00028c0	1d1eeaecb7f01fdf37a31ff5f35d73d	0	0
7899	6	2	8	0	0	00a0051400061430028000a04210084	1d1eeaeab7f14bcfb5375f5fb14ff79	0	0
7900	6	5	6	0	0	00a0051400064420028000a05210280	1d1eeaeab7f11bdfb5375f5fa14fd7d	0	0
7901	6	5	6	0	1	00a00530004340200005028a0041050	1d1eeaceb7b41fdfb7b25d75f31efad	0	0
7902	6	7	6	0	0	00a00540120104180011088a00030a0	1d1eeabea5f65be7b7a65775f35cf5d	0	0
7903	6	5	6	0	0	00a00540160104080011088a00030a0	1d1eeabea1f65bf7b7a65775f35cf5d	0	0
7904	6	4	7	0	0	00a0062401051028000100644108024	1d1ee9dab6f24fd7b7b65f9bb257fd9	0	0
7905	6	6	1	0	1	00a00630010500240021088c0008850	1d1ee9ceb6f25fdbb7965773f3577ad	0	0
7906	6	9	6	0	1	00a00810101540240021408a0003050	1d1ee7eea7e21fdbb7961f75f35cfad	0	0
7907	6	4	8	0	0	00a0089404020620100250011240024	1d1ee76ab3f559dfa7b50ffee11ffd9	0	0
7908	6	6	6	0	1	00a008a025010002248000a48005110	1d1ee75e92f65ffd93375f5b735aeed	0	0
7909	6	8	8	0	0	00a0090400225020100550003240220	1d1ee6fab7d50fdfa7b20fffc11fddd	0	0
7910	6	8	6	0	0	00a00910001340240021408a0003050	1d1ee6eeb7e41fdbb7961f75f35cfad	0	0
7911	6	7	6	0	0	00a00910101140240021408a0003050	1d1ee6eea7e61fdbb7961f75f35cfad	0	0
7912	6	4	6	0	0	00a00910101340240020408a0003050	1d1ee6eea7e41fdbb7971f75f35cfad	0	0
7913	6	7	6	0	0	00a0091800034004242000a82101050	1d1ee6e6b7f41ffb93975f57d25efad	0	0
7914	6	5	6	0	0	00a0091800154010000508205240220	1d1ee6e6b7e21fefb7b257dfa11fddd	0	0
7915	6	5	4	0	1	00a0091800434000240408290041208	1d1ee6e6b7b41fff93b357d6f31edf5	0	0
7916	6	4	6	0	0	00a0092022205010200110908240009	1d1ee6de95d70fef97b64f6f711fff4	0	0
7917	6	4	9	0	0	00a0092400605020100100a41240088	1d1ee6dab7970fdfa7b65f5be11ff75	0	0
7918	6	2	7	0	1	00a0093000225030000500c08240048	1d1ee6ceb7d50fcfb7b25f3f711ffb5	0	0
7919	6	6	4	0	1	00a00930004240240404088a0001848	1d1ee6ceb7b51fdbb3b35775f35e7b5	0	0
7920	6	5	4	0	1	00a00930004340040401088a0003048	1d1ee6ceb7b41ffbb3b65775f35cfb5	0	0
7921	6	5	4	0	1	00a00930004340040404088a0001848	1d1ee6ceb7b41ffbb3b35775f35e7b5	0	0
7922	6	1	4	0	1	00a00930004340042404082a0001048	1d1ee6ceb7b41ffb93b357d5f35efb5	0	0
7923	6	5	6	0	1	00a00930004340200005028a0041048	1d1ee6ceb7b41fdfb7b25d75f31efb5	0	0
7924	6	5	4	0	1	00a00930004340200005088a0041048	1d1ee6ceb7b41fdfb7b25775f31efb5	0	0
7925	6	5	2	0	1	00a009300043402000050a0a0041048	1d1ee6ceb7b41fdfb7b255f5f31efb5	0	0
7926	6	4	4	0	1	00a00930004340202004082a0041048	1d1ee6ceb7b41fdf97b357d5f31efb5	0	0
7927	6	2	7	0	1	00a00a3000251020110100a08140048	1d1ee5ceb7d24fdfa6b65f5f721ffb5	0	0
7928	6	6	4	0	1	00a00a3002400050140108830041408	1d1ee5ceb5b75fafa3b6577cf31ebf5	0	0
7929	6	4	6	0	0	00a00a3002400450140000a30041408	1d1ee5ceb5b75bafa3b75f5cf31ebf5	0	0
7930	6	4	6	0	0	00a00a3004040a24000110340003050	1d1ee5ceb3f355dbb7b64fcbf35cfad	0	0
7931	6	4	0	0	1	00a00a5006000452040000c30041028	1d1ee5aeb1f75badb3b75f3cf31efd5	0	0
7932	6	9	10	0	0	00a0201084040146020410340009030	1d1ecfee33f35eb9b5b34fcbf356fcd	0	0
7933	6	9	4	0	0	00a0201084800154040400648009480	1d1ecfee33775eabb3b35f9b7356b7d	0	0
7934	6	1	6	0	1	00a0209081054004100502980100030	1d1ecf6e36f21ffba7b25d67f25ffcd	0	0
7935	6	6	6	0	0	00a0209085000104140400740108030	1d1ecf6e32f75efba3b35f8bf257fcd	0	0
7936	6	6	10	0	1	00a02090850001041404084c0008830	1d1ecf6e32f75efba3b357b3f3577cd	0	0
7937	6	2	0	0	0	00a020d0003040901204180012080a0	1d1ecf2eb7c71f6fa5b347ffe157f5d	0	1
7938	6	8	7	0	1	00a021100402028c041008980002830	1d1eceeeb3f55d73b3a75767f35d7cd	0	0
7939	6	5	2	0	0	00a02110101340001410480a000a0a0	1d1eceeea7e41fffa3a717f5f355f5d	0	0
7940	6	5	9	0	0	00a02110109040440404024812080a0	1d1eceeea7671fbbb3b35db7e157f5d	0	0
7941	6	4	2	0	0	00a02150001340101010082a000a0a0	1d1eceaeb7e41fefa7a757d5f355f5d	0	0
7942	6	3	4	0	0	00a02150001340101014080a00028a0	1d1eceaeb7e41fefa7a357f5f35d75d	0	0
7943	6	4	1	0	0	00a0220095011004140000a48108110	1d1ecdfe22f64ffba3b75f5b7257eed	0	0
7944	6	2	1	0	0	00a0220095011004142000a40108110	1d1ecdfe22f64ffba3975f5bf257eed	0	0
7945	6	4	4	0	0	00a0221014800254040000c48009480	1d1ecdeea3775dabb3b75f3b7356b7d	0	0
7946	6	4	4	0	0	00a0221014800294040010409008d00	1d1ecdeea3775d6bb3b74fbf63572fd	0	0
7947	6	6	4	0	0	00a0221084800054040400648009480	1d1ecdee33775fabb3b35f9b7356b7d	0	0
7948	6	4	4	0	0	00a0221084800154040000648009480	1d1ecdee33775eabb3b75f9b7356b7d	0	0
7949	6	5	8	0	1	00a02212001500500401028a00090c0	1d1ecdecb7e25fafb3b65d75f356f3d	0	0
7950	6	7	9	0	0	00a0240214004042808410501009500	1d1ecbfca3f71fbd37334fafe356afd	0	0
7951	6	7	6	0	0	00a02410140000d404800244100a420	1d1ecbeea3f75f2bb3375dbbe355bdd	0	0
7952	6	2	8	0	0	00a02412040200c214805000100a410	1d1ecbecb3f55f3da3370fffe355bed	0	0
7953	6	7	3	0	1	00a0281021014004102100b80102050	1d1ec7ee96f61ffba7965f47f25dfad	0	0
7954	6	3	10	0	1	00a02810210500540021008c000a048	1d1ec7ee96f25fabb7965f73f355fb5	0	0
7955	6	5	9	0	0	00a028500402024010a01041100a500	1d1ec7aeb3f55dbfa7174fbee355afd	0	0
7956	6	2	6	0	1	00a028500402025014801040100a120	1d1ec7aeb3f55dafa3374fbfe355edd	0	0
7957	6	9	4	0	0	00a04000a4804042250010501108021	1d1eaffe13771fbd92b74fafe257fdc	0	0
7958	6	9	6	0	0	00a0400280074030001402260101044	1d1eaffc37f01fcfb7a35dd9f25efb9	0	0
7959	6	9	4	0	0	00a04008108340022420014c0101014	1d1eaff6a7741ffd93975eb3f25efe9	0	0
7960	6	9	6	0	1	00a0401010220294050000c05300060	1d1eafeea7d55d6bb2b75f3fa05ff9d	0	0
7961	6	4	8	0	1	00a04080a5004820201000710102050	1d1eaf7e12f717df97a75f8ef25dfad	0	0
7962	6	5	6	0	0	00a04082250044200003018c0202050	1d1eaf7c92f71bdfb7b45e73f15dfad	0	0
7963	6	8	9	0	0	00a0410011104820210102910009240	1d1eaefea6e717df96b65d6ef356dbd	0	0
7964	6	8	10	0	1	00a0410015000a08210102910009240	1d1eaefea2f755f796b65d6ef356dbd	0	0
7965	6	8	8	0	1	00a0410015000a20210102910009240	1d1eaefea2f755df96b65d6ef356dbd	0	0
7966	6	8	2	0	1	00a0410015000a28010102910009240	1d1eaefea2f755d7b6b65d6ef356dbd	0	0
7969	6	8	6	0	1	00a0410085004828000500b10009210	1d1eaefe32f717d7b7b25f4ef356ded	0	0
7971	6	6	10	0	1	00a0410095000808210102910009240	1d1eaefe22f757f796b65d6ef356dbd	0	0
7973	6	6	2	0	1	00a0410095000828010102910009240	1d1eaefe22f757d7b6b65d6ef356dbd	0	0
7974	6	4	6	0	0	00a0410095004428000102980003060	1d1eaefe22f71bd7b7b65d67f35cf9d	0	0
7976	6	4	10	0	1	00a0410095004808200102910009240	1d1eaefe22f717f797b65d6ef356dbd	0	0
7985	6	4	9	0	1	00a0410095004828000102910003050	1d1eaefe22f717d7b7b65d6ef35cfad	0	0
7986	6	4	2	0	1	00a0410095004828000102910009240	1d1eaefe22f717d7b7b65d6ef356dbd	0	0
7987	6	3	4	0	1	00a0410095004828000500910009240	1d1eaefe22f717d7b7b25f6ef356dbd	0	0
7988	6	2	6	0	1	00a0410095004828000502900009240	1d1eaefe22f717d7b7b25d6ff356dbd	0	0
7989	6	3	8	0	0	00a04100a5004820201400310100850	1d1eaefe12f717df97a35fcef25f7ad	0	0
7990	6	4	6	0	0	00a04110105040602400028a0009240	1d1eaeeea7a71f9f93b75d75f356dbd	0	0
7991	6	3	7	0	0	00a0411010504060260002090003050	1d1eaeeea7a71f9f91b75df6f35cfad	0	0
7992	6	1	7	0	0	00a0411080224121060000c14000a40	1d1eaeee37d51edeb1b75f3eb35f5bd	0	0
7993	6	6	6	0	1	00a04450000600a4021000ac0012050	1d1eabaeb7f15f5bb5a75f53f34dfad	0	0
7994	6	5	8	0	0	00a0484010144420008108881011240	1d1ea7bea7e31bdfb7365777e34edbd	0	0
7995	6	2	2	0	1	00a0484800134010103008280003140	1d1ea7b6b7e41fefa78757d7f35cebd	0	0
7996	6	5	8	0	0	00a0600031114000202102980101050	1d1e8ffe86e61fff97965d67f25efad	0	0
7997	6	7	8	0	1	00a0600091014000302102980101050	1d1e8ffe26f61fff87965d67f25efad	0	0
7998	6	3	8	0	0	00a06000a1810110101400248008e00	1d1e8ffe16765eefa7a35fdb73571fd	0	0
7999	6	7	4	0	0	00a06000a4004042250010501108021	1d1e8ffe13f71fbd92b74fafe257fdc	0	0
8000	6	3	6	0	1	00a0604080244058000510101009220	1d1e8fbe37d31fa7b7b24fefe356ddd	0	0
8001	6	7	6	0	1	00a060500002480036001048200a011	1d1e8faeb7f517ff81b74fb7d355fec	0	0
8002	6	9	2	0	1	00a080021601040034800a0a0005041	1d1e6ffca1f65bff833755f5f35afbc	0	0
8003	6	5	6	0	0	00a0808281024420000640920101050	1d1e6f7c36f51bdfb7b11f6df25efad	0	0
8004	6	5	6	0	0	00a0808281044420000540920101050	1d1e6f7c36f31bdfb7b21f6df25efad	0	0
8005	6	6	10	0	0	00a0808285000414000308940003050	1d1e6f7c32f75bebb7b4576bf35cfad	0	0
8006	6	1	6	0	0	00a0808880254010101408209100480	1d1e6f7637d21fefa7a357df625fb7d	0	0
8007	6	7	7	0	1	00a080a080024430001208501050044	1d1e6f5e37f51bcfb7a557afe30ffb9	0	0
8008	6	2	6	0	0	00a080b0001204a012800c001240014	1d1e6f4eb7e55b5fa53753ffe11ffe9	0	0
8009	6	5	4	0	0	00a080c082020c10020218101041044	1d1e6f3e35f553efb5b547efe31efb9	0	0
8010	6	6	6	0	0	00a0810091024020203040520102050	1d1e6efe26f51fdf97871fadf25dfad	0	0
8011	6	8	6	0	0	00a08102001340208090402a0003044	1d1e6efcb7e41fdf37271fd5f35cfb9	0	0
8012	6	7	6	0	0	00a08102101140208090402a0003044	1d1e6efca7e61fdf37271fd5f35cfb9	0	0
8013	6	3	6	0	0	00a08102101340202090400a0009044	1d1e6efca7e41fdf97271ff5f356fb9	0	0
8014	6	3	6	0	0	00a08102101340208090400a0003044	1d1e6efca7e41fdf37271ff5f35cfb9	0	0
8015	6	4	6	0	1	00a08102112000f0010002901044240	1d1e6efca6d75f0fb6b75d6fe31bdbd	0	0
8016	6	5	3	0	0	00a08102120304100410088a00030c0	1d1e6efca5f45befb3a75775f35cf3d	0	0
8017	6	5	6	0	0	00a0810281024420000542120003240	1d1e6efc36f51bdfb7b21dedf35cdbd	0	0
8018	6	4	6	0	1	00a0810480074024020040809048011	1d1e6efa37f01fdbb5b71f7f6317fec	0	0
8019	6	6	6	0	1	00a0810486000044260002501048021	1d1e6efa31f75fbb91b75dafe317fdc	0	0
8020	6	2	10	0	0	00a0810486001040348050001008830	1d1e6efa31f74fbf83370fffe3577cd	0	0
8021	6	5	7	0	0	00a08110103100802600088a0018041	1d1e6eeea7c65f7f91b75775f347fbc	0	0
8022	6	6	3	0	0	00a0811010420424020208881240050	1d1e6eeea7b55bdbb5b55777e11ffad	0	0
8023	6	4	6	0	1	00a08110808301041400420a000a021	1d1e6eee37745efba3b71df5f355fdc	0	0
8024	6	7	6	0	1	00a08112000500700011028a00060c0	1d1e6eecb7f25f8fb7a65d75f359f3d	0	0
8025	6	3	6	0	0	00a08112001500700011008a000a0c0	1d1e6eecb7e25f8fb7a65f75f355f3d	0	0
8026	6	1	6	0	0	00a08112001500700011028a00020c0	1d1e6eecb7e25f8fb7a65d75f35df3d	0	0
8027	6	6	10	0	0	00a0811404021000328010206202030	1d1e6eeab3f54fff85374fdf915dfcd	0	0
8028	6	6	7	0	1	00a0811404021000348040206202030	1d1e6eeab3f54fff83371fdf915dfcd	0	0
8029	6	4	9	0	0	00a0812010421228000210805240050	1d1e6edea7b54dd7b7b54f7fa11ffad	0	0
8030	6	3	6	0	1	00a08120828101003410002a0018081	1d1e6ede35765eff83a75fd5f347f7c	0	0
8031	6	5	2	0	1	00a0812400c14000101140205240088	1d1e6edab7361fffa7a61fdfa11ff75	0	0
8032	6	4	0	0	0	00a0813000420624000208881240050	1d1e6eceb7b559dbb7b55777e11ffad	0	0
8033	6	7	6	0	1	00a08140110000d8009002980006060	1d1e6ebea6f75f27b7275d67f359f9d	0	0
8034	6	4	1	0	1	00a0814200225030000140811048088	1d1e6ebcb7d50fcfb7b61f7ee317f75	0	0
8035	6	4	4	0	0	00a0820215010204100108940101050	1d1e6dfca2f65dfba7b6576bf25efad	0	0
8036	6	2	6	0	1	00a0820281040470010102900041240	1d1e6dfc36f35b8fb6b65d6ff31edbd	0	0
8037	6	6	6	0	1	00a08212001400700401028a00090c0	1d1e6decb7e35f8fb3b65d75f356f3d	0	0
8038	6	6	4	0	1	00a08212001400700401088a00090c0	1d1e6decb7e35f8fb3b65775f356f3d	0	0
8039	6	6	2	0	1	00a082120014007004010a0a00090c0	1d1e6decb7e35f8fb3b655f5f356f3d	0	0
8040	6	5	6	0	1	00a08212001500500401028a00090c0	1d1e6decb7e25fafb3b65d75f356f3d	0	0
8041	6	5	4	0	1	00a08212001500500401088a00090c0	1d1e6decb7e25fafb3b65775f356f3d	0	0
8042	6	5	2	0	1	00a082120015005004010a0a00090c0	1d1e6decb7e25fafb3b655f5f356f3d	0	0
8043	6	4	4	0	1	00a08212001500700001088a00090c0	1d1e6decb7e25f8fb7b65775f356f3d	0	0
8044	6	4	2	0	1	00a082120015007000010a0a00090c0	1d1e6decb7e25f8fb7b655f5f356f3d	0	0
8045	6	4	1	0	0	00a0822011201220100108940110090	1d1e6ddea6d74ddfa7b6576bf24ff6d	0	0
8046	6	7	4	0	0	00a08220120101011402180a000c041	1d1e6ddea5f65efea3b547f5f353fbc	0	0
8047	6	4	4	0	0	00a082201500060c000100d10011440	1d1e6ddea2f759f3b7b65f2ef34ebbd	0	0
8048	6	2	4	0	0	00a082201601008124021802000c041	1d1e6ddea1f65f7e93b547fdf353fbc	0	0
8049	6	2	4	0	0	00a082201601010114021802000c041	1d1e6ddea1f65efea3b547fdf353fbc	0	0
8050	6	4	10	0	0	00a0822081041418000110504002860	1d1e6dde36f34be7b7b64fafb35d79d	0	0
8051	6	2	6	0	1	00a0822201040470010102900041048	1d1e6ddcb6f35b8fb6b65d6ff31efb5	0	0
8052	6	4	4	0	0	00a0822401051020100100a48140018	1d1e6ddab6f24fdfa7b65f5b721ffe5	0	0
8053	6	5	4	0	1	00a0823000141060020100d080480c0	1d1e6dceb7e34f9fb5b65f2f7317f3d	0	0
8054	6	6	0	0	1	00a0823000600220820110510041044	1d1e6dceb7975ddf35b64faef31efb9	0	0
8055	6	5	6	0	0	00a08240124005100003111800090c0	1d1e6dbea5b75aefb7b44ee7f356f3d	0	0
8056	6	6	1	0	0	00a0824086000041220212110048041	1d1e6dbe31f75fbe95b54deef317fbc	0	0
8057	6	5	6	0	1	00a08244020404500011409200050a0	1d1e6dbab5f35bafb7a61f6df35af5d	0	0
8058	6	4	8	0	1	00a0826000301060120000c18048081	1d1e6d9eb7c74f9fa5b75f3e7317f7c	0	0
8059	6	6	6	0	1	00a0880820240052050001301140024	1d1e67f697d35fadb2b75ecfe21ffd9	0	0
8060	6	6	6	0	1	00a0881020250012040100a21140028	1d1e67ee97d25fedb3b65f5de21ffd5	0	0
8061	6	6	6	0	1	00a08810205000700401028a00030c0	1d1e67ee97a75f8fb3b65d75f35cf3d	0	0
8062	6	5	6	0	1	00a08810205100500401028a00030c0	1d1e67ee97a65fafb3b65d75f35cf3d	0	0
8063	6	6	7	0	1	00a0881404040042240402320101028	1d1e67eab3f35fbd93b35dcdf25efd5	0	0
8064	6	5	10	0	0	00a08820120205010480084a0005044	1d1e67dea5f55afeb33757b5f35afb9	0	0
8065	6	5	6	0	1	00a0882020250042050001221140024	1d1e67de97d25fbdb2b75edde21ffd9	0	0
8066	6	1	0	0	1	00a0882024111002148000a09040110	1d1e67de93e64ffda3375f5f631feed	0	0
8067	6	5	7	0	0	00a0884010144420008108881011240	1d1e67bea7e31bdfb7365777e34edbd	0	0
8068	6	4	6	0	0	00a0884020245010200110908140009	1d1e67be97d30fef97b64f6f721fff4	0	0
8069	6	4	7	0	1	00a0885004020452040000c30003028	1d1e67aeb3f55badb3b75f3cf35cfd5	0	0
8070	6	4	2	0	1	00a0885004020452040000c30041028	1d1e67aeb3f55badb3b75f3cf31efd5	0	0
8071	6	3	1	0	1	00a0885004020452040400830041028	1d1e67aeb3f55badb3b35f7cf31efd5	0	0
8072	6	5	4	0	1	00a0a00095014000200502520101060	1d1e4ffe22f61fff97b25dadf25ef9d	0	0
8073	6	5	4	0	1	00a0a000a481400014015002100a021	1d1e4ffe13761fffa3b60ffde355fdc	0	0
8074	6	5	10	0	0	00a0a002101244001410480a0003084	1d1e4ffca7e51bffa3a717f5f35cf79	0	0
8075	6	4	2	0	1	00a0a010109100841400420a000a021	1d1e4feea7665f7ba3b71df5f355fdc	0	0
8076	6	5	3	0	1	00a0a01011810100142000684102090	1d1e4feea6765effa3975f97b25df6d	0	0
8077	6	7	4	0	1	00a0a01080050114002140224003440	1d1e4fee37f25eebb7961fddb35cbbd	0	0
8078	6	4	10	0	1	00a0a010808401501400120a000a021	1d1e4fee37735eafa3b74df5f355fdc	0	0
8079	6	4	10	0	1	00a0a01080840154002040224003410	1d1e4fee37735eabb7971fddb35cbed	0	0
8080	6	6	6	0	0	00a0a0108404005014011202100a420	1d1e4fee33f35fafa3b64dfde355bdd	0	0
8081	6	2	4	0	1	00a0a01084800154040400608009480	1d1e4fee33775eabb3b35f9f7356b7d	0	0
8082	6	5	4	0	1	00a0a012001500500401028a00030c0	1d1e4fecb7e25fafb3b65d75f35cf3d	0	0
8083	6	5	2	0	1	00a0a012001500500401028a00090c0	1d1e4fecb7e25fafb3b65d75f356f3d	0	0
8084	6	6	6	0	1	00a0a040141000481410028a00030a0	1d1e4fbea3e75fb7a3a75d75f35cf5d	0	0
8085	6	5	2	0	1	00a0a0408024405002010a021011480	1d1e4fbe37d31fafb5b655fde34eb7d	0	0
8086	6	6	6	0	1	00a0a0500012005014800242100a220	1d1e4faeb7e55fafa3375dbde355ddd	0	0
8087	6	5	6	0	1	00a0a050001401900480022a000a021	1d1e4faeb7e35e6fb3375dd5f355fdc	0	0
8088	6	3	6	0	1	00a0a050001500501090002a000a024	1d1e4faeb7e25fafa7275fd5f355fd9	0	0
8089	6	4	1	0	1	00a0a0500082024414005008100a030	1d1e4faeb7755dbba3b70ff7e355fcd	0	0
8090	6	4	2	0	1	00a0a050009000c41400420a000a021	1d1e4faeb7675f3ba3b71df5f355fdc	0	0
8091	6	4	4	0	1	00a0a050009000d0140004281042090	1d1e4faeb7675f2fa3b75bd7e31df6d	0	0
8092	6	8	9	0	0	00a0c00021100468040102890003060	1d1e2ffe96e75b97b3b65d76f35cf9d	0	0
8093	6	6	9	0	0	00a0c00031100428040102890003060	1d1e2ffe86e75bd7b3b65d76f35cf9d	0	0
8094	6	6	6	0	0	00a0c00031100428040102890003220	1d1e2ffe86e75bd7b3b65d76f35cddd	0	0
8095	6	6	2	0	0	00a0c00031100428040102890011240	1d1e2ffe86e75bd7b3b65d76f34edbd	0	0
8096	6	4	9	0	0	00a0c00031100468040002890003060	1d1e2ffe86e75b97b3b75d76f35cf9d	0	0
8097	6	6	6	0	0	00a0c00031104020202102980101050	1d1e2ffe86e71fdf97965d67f25efad	0	0
8098	6	5	6	0	0	00a0c00031114000202102980101050	1d1e2ffe86e61fff97965d67f25efad	0	0
8099	6	2	6	0	0	00a0c00031114020202102880101050	1d1e2ffe86e61fdf97965d77f25efad	0	0
8100	6	7	6	0	1	00a0c00091014000302102980101050	1d1e2ffe26f61fff87965d67f25efad	0	0
8101	6	4	4	0	1	00a0c00091024420200208980011240	1d1e2ffe26f51bdf97b55767f34edbd	0	0
8102	6	6	0	0	1	00a0c00095000408240208980011050	1d1e2ffe22f75bf793b55767f34efad	0	0
8103	6	3	6	0	1	00a0c00095000448240202180003060	1d1e2ffe22f75bb793b55de7f35cf9d	0	0
8104	6	5	6	0	1	00a0c000a0a10040250040421108021	1d1e2ffe17565fbf92b71fbde257fdc	0	0
8105	6	3	6	0	1	00a0c002800640608410004811020c0	1d1e2ffc37f11f9f33a75fb7e25df3d	0	0
8106	6	6	6	0	0	00a0c00281050020101100ac0102050	1d1e2ffc36f25fdfa7a65f53f25dfad	0	0
8107	6	6	6	0	0	00a0c00a000700021410012c0102014	1d1e2ff4b7f05ffda3a75ed3f25dfe9	0	0
8108	6	6	4	0	1	00a0c010205000700401028900030c0	1d1e2fee97a75f8fb3b65d76f35cf3d	0	0
8109	6	5	4	0	0	00a0c04010144420008108881011240	1d1e2fbea7e31bdfb7365777e34edbd	0	0
8110	6	5	6	0	0	00a0c040101444200201028810110c0	1d1e2fbea7e31bdfb5b65d77e34ef3d	0	0
8111	6	5	4	0	0	00a0c040101444200201088810110c0	1d1e2fbea7e31bdfb5b65777e34ef3d	0	0
8112	6	5	2	0	0	00a0c0401014442002010a0810110c0	1d1e2fbea7e31bdfb5b655f7e34ef3d	0	0
8113	6	2	4	0	0	00a0c04080821040350010401108220	1d1e2fbe37754fbf82b74fbfe257ddd	0	0
8114	6	2	6	0	1	00a0c04800154010201102280003060	1d1e2fb6b7e21fef97a65dd7f35cf9d	0	0
8115	6	3	4	0	0	00a20104800650280005400051400a0	1d1ceefa37f10fd7b7b21fffa21ff5d	0	0
8116	6	6	4	0	1	00a20202150002101101089400090c0	1d1cedfca2f75defa6b6576bf356f3d	0	0
8117	6	4	4	0	1	00a2021400254004120000a0a140041	1d1cedeab7d21ffba5b75f5f521ffbc	0	0
8118	6	4	1	0	1	00a2021400254004820000a22110041	1d1cedeab7d21ffb35b75f5dd24ffbc	0	0
8119	6	3	6	0	1	00a202140600014110820032000c210	1d1cedeab1f75ebea7355fcdf353ded	0	0
8120	6	6	8	0	1	00a20220106001300003090600090c0	1d1ceddea7975ecfb7b456f9f356f3d	0	0
8121	6	4	8	0	0	00a208240024502010011020914000c	1d1ce7dab7d30fdfa7b64fdf621fff1	0	0
8122	6	4	8	0	1	00a208240024502010015000904080c	1d1ce7dab7d30fdfa7b60fff631f7f1	0	0
8123	6	5	8	0	1	00a2200090a001500500024211010a0	1d1ccffe27575eafb2b75dbde25ef5d	0	0
8124	6	6	10	0	1	00a2200091800110110402260009220	1d1ccffe26775eefa6b35dd9f356ddd	0	0
8125	6	6	9	0	1	00a22000918001101104023400090a0	1d1ccffe26775eefa6b35dcbf356f5d	0	0
8126	6	6	7	0	1	00a2200091800110110402340009220	1d1ccffe26775eefa6b35dcbf356ddd	0	0
8127	6	5	7	0	1	00a22000948001500500024410090a0	1d1ccffe23775eafb2b75dbbe356f5d	0	0
8128	6	6	6	0	1	00a22000950001101104023400090a0	1d1ccffe22f75eefa6b35dcbf356f5d	0	0
8129	6	5	6	0	1	00a2200095010100110402260009220	1d1ccffe22f65effa6b35dd9f356ddd	0	0
8130	6	5	6	0	1	00a22010840401500404022600090a0	1d1ccfee33f35eafb3b35dd9f356f5d	0	0
8131	6	3	6	0	0	00a2400486000141128000340009014	1d1caffa31f75ebea5375fcbf356fe9	0	0
8132	6	4	4	0	0	00a2800480074002200250005140021	1d1c6ffa37f01ffd97b50fffa21ffdc	0	0
8133	6	6	8	0	1	00a2802080060430009008421010844	1d1c6fde37f15bcfb72757bde34f7b9	0	0
8134	6	10	4	0	0	010004b0009000e100840458000a180	1cbeeb4eb7675f1eb7335ba7f355e7d	0	0
8135	6	10	2	0	1	01000506002340280021410a0009084	1cbeeaf8b7d41fd7b7961ef5f356f79	0	0
8136	6	10	10	0	0	010006202500060a040100a48011090	1cbee9de92f759f5b3b65f5b734ef6d	0	0
8137	6	10	8	0	0	0100062025000622040100a48011090	1cbee9de92f759ddb3b65f5b734ef6d	0	0
8138	6	10	6	0	0	0100062025000628040100a48011090	1cbee9de92f759d7b3b65f5b734ef6d	0	0
8139	6	10	3	0	0	01000904142000e1012040821204180	1cbee6faa3d75f1eb6971f7de15be7d	0	0
8140	6	10	4	0	0	01000918009000f0048040209006120	1cbee6e6b7675f0fb3371fdf6359edd	0	0
8141	6	10	10	0	0	01000a04142000e1002241060006180	1cbee5faa3d75f1eb7951ef9f359e7d	0	0
8142	6	10	6	0	1	01000a0a004401700500030c0001888	1cbee5f4b7b35e8fb2b75cf3f35e775	0	0
8143	6	10	10	0	0	01000a0c040404700101018480050a0	1cbee5f2b3f35b8fb6b65e7b735af5d	0	0
8144	6	10	6	0	0	01000a1020500470050000a88041088	1cbee5ee97a75b8fb2b75f57731ef75	0	0
8145	6	10	3	0	1	01000c20228000e1000544021208180	1cbee3de95775f1eb7b21bfde157e7d	0	0
8146	6	10	9	0	0	01000c30009000e100820432000a104	1cbee3ceb7675f1eb7355bcdf355ef9	0	0
8147	6	10	4	0	0	0100223001040264002100cc0018408	1cbecdceb6f35d9bb7965f33f347bf5	0	0
8148	6	10	4	0	0	01004240209004580500012880030a0	1cbeadbe97675ba7b2b75ed7735cf5d	0	0
8149	6	10	4	0	1	0100821200421060160010482042018	1cbe6decb7b54f9fa1b74fb7d31dfe5	0	0
8150	6	10	4	0	0	0100a010101202a4048000c05110220	1cbe4feea7e55d5bb3375f3fa24fddd	0	0
8151	6	10	6	0	1	0102080214200154050001448003088	1cbce7fca3d75eabb2b75ebb735cf75	0	0
8152	6	2	8	0	0	01040560002210b000a001820018104	1cbaea9eb7d54f4fb7175e7df347ef9	0	0
8153	6	7	8	0	0	0104096000201230008101428012104	1cbae69eb7d74dcfb7365ebd734def9	0	0
8154	6	4	2	0	1	01042450014002b00001024a0018104	1cbacbaeb6b75d4fb7b65db5f347ef9	0	0
8155	6	3	1	0	1	01042450014002b00005020a0018104	1cbacbaeb6b75d4fb7b25df5f347ef9	0	0
8156	6	5	10	0	1	0104282081414000102400aa0009108	1cbac7de36b61fffa7935f55f356ef5	0	0
8157	6	5	8	0	0	0104282081414000102400aa0009408	1cbac7de36b61fffa7935f55f356bf5	0	0
8158	6	6	6	0	0	0104410283000228001100d80018204	1cbaaefc34f75dd7b7a65f27f347df9	0	0
8159	6	8	6	0	0	01044440012002a8001100cc0012220	1cbaabbeb6d75d57b7a65f33f34dddd	0	0
8160	6	4	8	0	0	0104482800241230000101448202024	1cbaa7d6b7d34dcfb7b65ebb715dfd9	0	0
8161	6	4	2	0	0	0104482800241230000101448202120	1cbaa7d6b7d34dcfb7b65ebb715dedd	0	0
8162	6	6	6	0	1	0104484022400228000341081018084	1cbaa7be95b75dd7b7b41ef7e347f79	0	0
8163	6	4	8	0	1	0104484800241230000101488012104	1cbaa7b6b7d34dcfb7b65eb7734def9	0	0
8164	6	4	8	0	1	0104486000241230000101428012104	1cbaa79eb7d34dcfb7b65ebd734def9	0	0
8165	6	6	4	0	0	0104812201400228000502980041048	1cba6edcb6b75dd7b7b25d67f31efb5	0	0
8166	6	2	4	0	1	01048430012002a4040100c80012060	1cba6bceb6d75d5bb3b65f37f34df9d	0	0
8167	6	7	6	0	0	01048822020002a1000501580048084	1cba67dcb5f75d5eb7b25ea7f317f79	0	0
8168	6	6	4	0	1	0104c00280060218041008980011084	1cba2ffc37f15de7b3a75767f34ef79	0	0
8169	6	6	6	0	1	0104c00281040228040102888003210	1cba2ffc36f35dd7b3b65d77735cded	0	0
8170	6	6	4	0	1	0104c02201040228040108882011014	1cba2fdcb6f35dd7b3b65777d34efe9	0	0
8171	6	5	6	0	0	010600d000500a10010202481048084	1cb8ef2eb7a755efb6b55db7e317f79	0	0
8172	6	6	1	0	1	01060802160001208180018880050c0	1cb8e7fca1f75edf36375e77735af3d	0	0
8173	6	6	3	0	0	01060840105040088082408810110c0	1cb8e7bea7a71ff737351f77e34ef3d	0	0
8174	6	3	8	0	0	01062000a5000a30000500848009090	1cb8cffe12f755cfb7b25f7b7356f6d	0	0
8175	6	3	2	0	0	0106404080820a08101240041018280	1cb8afbe377555f7a7a51ffbe347d7d	0	0
8176	6	3	4	0	0	0106404080820a0c000640041011210	1cb8afbe377555f3b7b11ffbe34eded	0	0
8177	6	3	4	0	1	0106800281040298001108180012084	1cb86ffc36f35d67b7a657e7f34df79	0	0
8178	6	1	4	0	1	0106800281040298001108980010084	1cb86ffc36f35d67b7a65767f34ff79	0	0
8179	6	4	8	0	1	010805280023103000010502800a104	1cb6ead6b7d44fcfb7b65afd7355ef9	0	0
8180	6	4	7	0	0	010805280023103000010504800a104	1cb6ead6b7d44fcfb7b65afb7355ef9	0	0
8181	6	6	1	0	0	01080624020204300011019400500a0	1cb6e9dab5f55bcfb7a65e6bf30ff5d	0	0
8182	6	4	6	0	0	0108062800430111040002260009108	1cb6e9d6b7b45eeeb3b75dd9f356ef5	0	0
8183	6	4	6	0	0	0108062802410111000201224008d00	1cb6e9d6b5b65eeeb7b55eddb3572fd	0	0
8184	6	9	6	0	1	0108082021410218000501340048024	1cb6e7de96b65de7b7b25ecbf317fd9	0	0
8185	6	9	3	0	1	010808300044107004010486000a088	1cb6e7ceb7b34f8fb3b65b79f355f75	0	0
8186	6	6	4	0	1	010808b0009000b0048001228012104	1cb6e74eb7675f4fb3375edd734def9	0	0
8187	6	3	4	0	1	010808d000c00291050000282042084	1cb6e72eb7375d6eb2b75fd7d31df79	0	0
8188	6	6	2	0	0	010809500090005405000128800a0a0	1cb6e6aeb7675fabb2b75ed77355f5d	0	0
8189	6	1	6	0	1	01080a0214400170050003060001088	1cb6e5fca3b75e8fb2b75cf9f35ef75	0	0
8190	6	4	10	0	1	01080a202240107000010506004800c	1cb6e5de95b74f8fb7b65af9f317ff1	0	0
8191	6	6	6	0	0	01080a2024400221000501340048180	1cb6e5de93b75ddeb7b25ecbf317e7d	0	0
8192	6	1	4	0	0	01080a2200454014000509042040401	1cb6e5dcb7b21febb7b256fbd31fbfc	0	0
8193	6	7	7	0	1	01080a2404000261010404320009108	1cb6e5dab3f75d9eb6b35bcdf356ef5	0	0
8194	6	7	3	0	1	01080a300040107004010446000a088	1cb6e5ceb7b74f8fb3b65bb9f355f75	0	0
8195	6	1	3	0	1	01080a3000441070040104860008088	1cb6e5ceb7b34f8fb3b65b79f357f75	0	0
8196	6	8	3	0	1	01080c20028000e1000544021208180	1cb6e3deb5775f1eb7b21bfde157e7d	0	0
8197	6	6	3	0	1	01080c2022800061000544021208180	1cb6e3de95775f9eb7b21bfde157e7d	0	0
8198	6	4	6	0	1	01080c3000444230000102221050404	1cb6e3ceb7b31dcfb7b65ddde30fbf9	0	0
8199	6	6	9	0	0	01080c300090006100820432000a104	1cb6e3ceb7675f9eb7355bcdf355ef9	0	0
8200	6	4	10	0	0	01080c30009000e10004042a000a180	1cb6e3ceb7675f1eb7b35bd5f355e7d	0	0
8201	6	4	9	0	0	01080c30009000e1008000b20018104	1cb6e3ceb7675f1eb7375f4df347ef9	0	0
8202	6	4	9	0	0	01080c30009000e100800432000a104	1cb6e3ceb7675f1eb7375bcdf355ef9	0	0
8203	6	2	4	0	1	0108223001400264040100c40018208	1cb6cdceb6b75d9bb3b65f3bf347df5	0	0
8204	6	7	4	0	0	01082410204040700005120033000a0	1cb6cbee97b71f8fb7b24dffc05ff5d	0	0
8205	6	4	7	0	0	01082810205040700004022033000a0	1cb6c7ee97a71f8fb7b35ddfc05ff5d	0	0
8206	6	6	7	0	0	0108282014100081850000a21204120	1cb6c7dea3e75f7e32b75f5de15bedd	0	0
8207	6	6	4	0	0	0108283000440051010400a22240408	1cb6c7ceb7b35faeb6b35f5dd11fbf5	0	0
8208	6	6	4	0	0	0108283000444021040100a2214000c	1cb6c7ceb7b31fdeb3b65f5dd21fff1	0	0
8209	6	7	4	0	1	01082850001000d8048000a21014220	1cb6c7aeb7e75f27b3375f5de34bddd	0	0
8210	6	4	8	0	1	010841480022027000204101100a120	1cb6aeb6b7d55d8fb7971efee355edd	0	0
8211	6	7	6	0	1	01084802104001700500018c0009088	1cb6a7fca7b75e8fb2b75e73f356f75	0	0
8212	6	7	6	0	1	010848220040017005000306000180c	1cb6a7dcb7b75e8fb2b75cf9f35e7f1	0	0
8213	6	9	3	0	1	0108801010c00294048002205012600	1cb66feea7375d6bb3375ddfa34d9fd	0	0
8214	6	2	4	0	1	0108821200421230040100c20108088	1cb66decb7b54dcfb3b65f3df257f75	0	0
8215	6	7	4	0	1	01088802120001b000a001920104041	1cb667fca5f75e4fb7175e6df25bfbc	0	0
8216	6	7	3	0	1	01088802120001b000a001920108041	1cb667fca5f75e4fb7175e6df257fbc	0	0
8217	6	2	3	0	1	0108881010c00254048002401012600	1cb667eea7375dabb3375dbfe34d9fd	0	0
8218	6	3	3	0	1	0108881010c00294048000205012600	1cb667eea7375d6bb3375fdfa34d9fd	0	0
8219	6	6	4	0	1	0108881020900070048040209014084	1cb667ee97675f8fb3371fdf634bf79	0	0
8220	6	7	4	0	0	010888120004107004011080a102088	1cb667ecb7f34f8fb3b64f7f525df75	0	0
8221	6	3	4	0	1	0108881200441070040100822102088	1cb667ecb7b34f8fb3b65f7dd25df75	0	0
8222	6	3	4	0	1	010888208045102800050080a140081	1cb667de37b24fd7b7b25f7f521ff7c	0	0
8223	6	7	3	0	1	0108a01020400254040102881018480	1cb64fee97b75dabb3b65d77e347b7d	0	0
8224	6	4	3	0	1	0108a03000440264000102881018480	1cb64fceb7b35d9bb7b65d77e347b7d	0	0
8225	6	5	9	0	1	010a020210c00150050003060009088	1cb4edfca7375eafb2b75cf9f356f75	0	0
8226	6	7	6	0	1	010a080210404230000541060009084	1cb4e7fca7b71dcfb7b21ef9f356f79	0	0
8227	6	6	6	0	1	010a080212400230000541060009084	1cb4e7fca5b75dcfb7b21ef9f356f79	0	0
8228	6	7	3	0	1	010a0804140000e101204082100c180	1cb4e7faa3f75f1eb6971f7de353e7d	0	0
8229	6	4	4	0	0	010a0806040440610001018c0042088	1cb4e7f8b3f31f9eb7b65e73f31df75	0	0
8230	6	6	6	0	1	010a082021400218000501340048024	1cb4e7de96b75de7b7b25ecbf317fd9	0	0
8231	6	2	6	0	1	010a082021410218000501240048024	1cb4e7de96b65de7b7b25edbf317fd9	0	0
8232	6	6	4	0	0	010a20101012020c048000c05110220	1cb4cfeea7e55df3b3375f3fa24fddd	0	0
8233	6	5	4	0	1	010a400210c001500500018c0009088	1cb4affca7375eafb2b75e73f356f75	0	0
8234	6	6	10	0	0	010a40042022005103000506000a00c	1cb4affa97d55faeb4b75af9f355ff1	0	0
8235	6	4	4	0	1	010a400a00c001700100012c000900c	1cb4aff4b7375e8fb6b75ed3f356ff1	0	0
8236	6	7	0	0	1	010a800604000251010402920009088	1cb46ff8b3f75daeb6b35d6df356f75	0	0
8237	6	5	8	0	0	011003220110106006000060a048110	1caeecdcb6e74f9fb1b75f9f5317eed	0	0
8238	6	3	6	0	0	01100330010202640420004c0018018	1caeecceb6f55d9bb3975fb3f347fe5	0	0
8239	6	9	8	0	0	01100408250004a20404022c0014021	1caeebf692f75b5db3b35dd3f34bfdc	0	0
8240	6	4	0	0	0	01100530012004a2040000a28014300	1caeeaceb6d75b5db3b75f5d734bcfd	0	0
8241	6	6	9	0	1	01100550008200680024060a0041018	1caeeaaeb7755f97b79359f5f31efe5	0	0
8242	6	5	6	0	1	01100622042000e0040105060009180	1caee9dcb3d75f1fb3b65af9f356e7d	0	0
8243	6	7	7	0	0	01100898001008b0040202211104120	1caee766b7e7574fb3b55ddee25bedd	0	0
8244	6	6	8	0	0	01100918001400700420048a000c041	1caee6e6b7e35f8fb3975b75f353fbc	0	0
8245	6	4	8	0	0	0110094800a00270000111088003120	1caee6b6b7575d8fb7b64ef7735cedd	0	0
8246	6	5	4	0	0	01100950009000d000a040221204120	1caee6aeb7675f2fb7171fdde15bedd	0	0
8247	6	4	8	0	0	0110096000a04051000101428202088	1caee69eb7571faeb7b65ebd715df75	0	0
8248	6	7	6	0	1	01100a600100024c0420006c0011018	1caee59eb6f75db3b3975f93f34efe5	0	0
8249	6	2	10	0	0	01100c280500044a040100c40011028	1caee3d6b2f75bb5b3b65f3bf34efd5	0	0
8250	6	7	6	0	0	01100c60010002890401006c000a0a0	1caee39eb6f75d76b3b65f93f355f5d	0	0
8251	6	5	1	0	0	011020b0010206200480044c0012018	1caecf4eb6f559dfb3375bb3f34dfe5	0	0
8252	6	6	4	0	0	0110213001020224042000cc0010818	1caececeb6f55ddbb3975f33f34f7e5	0	0
8253	6	6	0	0	0	0110213001020224042000cc0018018	1caececeb6f55ddbb3975f33f347fe5	0	0
8254	6	3	2	0	0	01102130010202640420004c0018018	1caececeb6f55d9bb3975fb3f347fe5	0	0
8255	6	5	3	0	0	011021300102052004800060c014300	1caececeb6f55adfb3375f9f334bcfd	0	0
8256	6	2	4	0	0	0110213001024224002100c80018408	1caececeb6f51ddbb7965f37f347bf5	0	0
8257	6	3	1	0	1	01102230010202640420004c0018018	1caecdceb6f55d9bb3975fb3f347fe5	0	0
8258	6	8	4	0	0	01102810001400e80480042811040a0	1caec7eeb7e35f17b3375bd7e25bf5d	0	0
8259	6	4	10	0	0	01102818001400d1010000a842040a0	1caec7e6b7e35f2eb6b75f57b15bf5d	0	0
8260	6	5	4	0	0	0110283000140860018000a28005600	1caec7ceb7e3579fb6375f5d735a9fd	0	0
8261	6	9	4	0	1	01104020810202a80401088c0011030	1caeafde36f55d57b3b65773f34efcd	0	0
8262	6	8	8	0	0	011040a000a00184820205042210401	1caeaf5eb7575e7b35b55afbd14fbfc	0	0
8263	6	8	8	0	0	01104120002240a10401050a000a048	1caeaedeb7d51f5eb3b65af5f355fb5	0	0
8264	6	6	4	0	0	01104120810202280404082c0011030	1caeaede36f55dd7b3b357d3f34efcd	0	0
8265	6	4	7	0	0	01104144002202680020410c0009024	1caeaebab7d55d97b7971ef3f356fd9	0	0
8266	6	6	7	0	0	0110426000220221010104450009208	1caead9eb7d55ddeb6b65bbaf356df5	0	0
8267	6	2	7	0	0	0110426002200261020104440009048	1caead9eb5d75d9eb5b65bbbf356fb5	0	0
8268	6	6	4	0	1	01104420810200a80401088c0011030	1caeabde36f55f57b3b65773f34efcd	0	0
8269	6	5	4	0	1	01104440810201880600082c0011030	1caeabbe36f55e77b1b757d3f34efcd	0	0
8270	6	7	6	0	1	0110480a000401700500030c0001828	1caea7f4b7f35e8fb2b75cf3f35e7d5	0	0
8271	6	7	6	0	1	0110482800200270040101448003120	1caea7d6b7d75d8fb3b65ebb735cedd	0	0
8272	6	6	7	0	0	01108112001400700420028a000c041	1cae6eecb7e35f8fb3975d75f353fbc	0	0
8273	6	5	6	0	0	0110812020220a10040111101048120	1cae6ede97d555efb3b64eefe317edd	0	0
8274	6	4	8	0	0	0110812200a000e1000141022208084	1cae6edcb7575f1eb7b61efdd157f79	0	0
8275	6	3	2	0	1	0110812201400268040102090041018	1cae6edcb6b75d97b3b65df6f31efe5	0	0
8276	6	4	6	0	0	0110820a00310068002040422101011	1cae6df4b7c65f97b7971fbdd25efec	0	0
8277	6	4	4	0	0	0110822800150061010002288041048	1cae6dd6b7e25f9eb6b75dd7731efb5	0	0
8278	6	3	9	0	0	0110880030c002b0008101041018480	1cae67fe87375d4fb7365efbe347b7d	0	0
8279	6	5	6	0	1	0110880224200890040111102042101	1cae67fc93d7576fb3b64eefd31defc	0	0
8280	6	5	7	0	1	0110a00091400320060002448001a10	1cae4ffe26b75cdfb1b75dbb735e5ed	0	0
8281	6	4	7	0	1	0110a020810401a08400022c0014021	1cae4fde36f35e5f33b75dd3f34bfdc	0	0
8282	6	5	9	0	0	0112020c04040460018001248005030	1cacedf2b3f35b9fb6375edb735afcd	0	0
8283	6	2	4	0	1	01120214000608488402410201040a0	1cacedeab7f157b733b51efdf25bf5d	0	0
8284	6	8	6	0	0	01120810001400d10104042a0208088	1cace7eeb7e35f2eb6b35bd5f157f75	0	0
8285	6	6	4	0	1	0112081200140052050000a88041088	1cace7ecb7e35fadb2b75f57731ef75	0	0
8286	6	4	6	0	1	01124000914001a8020002244011208	1cacaffe26b75e57b5b75ddbb34edf5	0	0
8287	6	4	0	0	1	0112400481040328020002248011210	1cacaffa36f35cd7b5b75ddb734eded	0	0
8288	6	9	7	0	1	01200102820340202011440a0003050	1c9eeefc35f41fdf97a61bf5f35cfad	0	0
8289	6	9	3	0	0	01200144002440680011500810120a0	1c9eeebab7d31f97b7a60ff7e34df5d	0	0
8290	6	9	4	0	0	0120014402020268009010481012220	1c9eeebab5f55d97b7274fb7e34dddd	0	0
8291	6	7	7	0	1	01200182820140202011440a0003050	1c9eee7c35f61fdf97a61bf5f35cfad	0	0
8292	6	4	7	0	1	01200182820340202010440a0003050	1c9eee7c35f41fdf97a71bf5f35cfad	0	0
8293	6	1	7	0	1	01200182820340202014440a0001050	1c9eee7c35f41fdf97a31bf5f35efad	0	0
8294	6	5	8	0	0	0120018282051020001140828102090	1c9eee7c35f24fdfb7a61f7d725df6d	0	0
8295	6	7	2	0	1	01200192000450300005420062400a0	1c9eee6cb7f30fcfb7b21dff911ff5d	0	0
8296	6	2	6	0	0	01200192020202b0001450004240024	1c9eee6cb5f55d4fb7a30fffb11ffd9	0	0
8297	6	6	8	0	0	0120019800900054040402409208220	1c9eee66b7675fabb3b35dbf6157ddd	0	0
8298	6	4	4	0	0	0120019802800254000440409208420	1c9eee66b5775dabb7b31fbf6157bdd	0	0
8299	6	4	6	0	1	012001a082214020101040209050084	1c9eee5e35d61fdfa7a71fdf630ff79	0	0
8300	6	6	6	0	0	012001b000504004840200a81210090	1c9eee4eb7a71ffb33b55f57e14ff6d	0	0
8302	6	4	7	0	0	012002a013001220120000c48018410	1c9eed5ea4f74ddfa5b75f3b7347bed	0	0
8303	6	8	7	0	0	0120030015001220160000a48018110	1c9eecfea2f74ddfa1b75f5b7347eed	0	0
8304	6	7	7	0	0	0120032011001220160000a48018110	1c9eecdea6f74ddfa1b75f5b7347eed	0	0
8305	6	4	7	0	0	0120032015001220140000a48018110	1c9eecdea2f74ddfa3b75f5b7347eed	0	0
8306	6	5	7	0	0	0120032400610060010105060009204	1c9eecdab7965f9fb6b65af9f356df9	0	0
8307	6	6	4	0	0	01200344050000680021014c000a0a0	1c9eecbab2f75f97b7965eb3f355f5d	0	0
8308	6	3	6	0	0	01200350021000f000a0400050088a0	1c9eecaeb5e75f0fb7171fffa35775d	0	0
8309	6	9	10	0	0	0120040420254008201150028102021	1c9eebfa97d21ff797a60ffd725dfdc	0	0
8310	6	9	6	0	0	0120044020254008201150028102021	1c9eebbe97d21ff797a60ffd725dfdc	0	0
8311	6	9	1	0	0	0120044400254008201150028102021	1c9eebbab7d21ff797a60ffd725dfdc	0	0
8312	6	7	4	0	0	0120048c010100a10006022c0012300	1c9eeb72b6f65f5eb7b15dd3f34dcfd	0	0
8313	6	5	8	0	1	0120048c010500a00014022c0012220	1c9eeb72b6f25f5fb7a35dd3f34dddd	0	0
8314	6	5	9	0	0	01200498008201a0008244041018410	1c9eeb66b7755e5fb7351bfbe347bed	0	0
8315	6	8	0	0	1	012004a005005020102400c48208090	1c9eeb5eb2f70fdfa7935f3b7157f6d	0	0
8316	6	5	7	0	0	012004b0008201a0008244041018410	1c9eeb4eb7755e5fb7351bfbe347bed	0	0
8317	6	3	7	0	1	012004b0028001a1008200304018204	1c9eeb4eb5775e5eb7355fcfb347df9	0	0
8318	6	4	4	0	0	012004c8018000e10004404c000a120	1c9eeb36b6775f1eb7b31fb3f355edd	0	0
8319	6	2	9	0	1	012005102140086804010288000a0c0	1c9eeaee96b75797b3b65d77f355f3d	0	0
8320	6	6	8	0	1	012005102180006404040228800a220	1c9eeaee96775f9bb3b35dd77355ddd	0	0
8321	6	6	8	0	1	012005180082006014804408100a030	1c9eeae6b7755f9fa3371bf7e355fcd	0	0
8322	6	8	6	0	0	01200520014001680404022c00090a0	1c9eeadeb6b75e97b3b35dd3f356f5d	0	0
8323	6	2	8	0	0	0120052800221070009000c08012500	1c9eead6b7d54f8fb7275f3f734dafd	0	0
8324	6	4	10	0	1	0120053000245030000100a28018084	1c9eeaceb7d30fcfb7b65f5d7347f79	0	0
8325	6	7	1	0	0	01200544002040680011500810120a0	1c9eeabab7d71f97b7a60ff7e34df5d	0	0
8326	6	1	9	0	0	0120054400254008201150028002021	1c9eeabab7d21ff797a60ffd735dfdc	0	0
8327	6	1	7	0	0	0120054400254008201150088002021	1c9eeabab7d21ff797a60ff7735dfdc	0	0
8328	6	6	1	0	0	01200544022000680011500810120a0	1c9eeabab5d75f97b7a60ff7e34df5d	0	0
8329	6	5	1	0	0	01200544022040600011500810120a0	1c9eeabab5d71f9fb7a60ff7e34df5d	0	0
8330	6	6	7	0	0	0120062402040430001100b400110a0	1c9ee9dab5f35bcfb7a65f4bf34ef5d	0	0
8331	6	4	1	0	1	012006280121103000010064800a120	1c9ee9d6b6d64fcfb7b65f9b7355edd	0	0
8332	6	5	1	0	0	0120064400254008001150028102021	1c9ee9bab7d21ff7b7a60ffd725dfdc	0	0
8333	6	5	0	0	0	0120064400254008001250028102021	1c9ee9bab7d21ff7b7a50ffd725dfdc	0	0
8334	6	1	1	0	0	0120064400254008201150028100021	1c9ee9bab7d21ff797a60ffd725ffdc	0	0
8335	6	7	4	0	1	01200650010000e4022000c48008a40	1c9ee9aeb6f75f1bb5975f3b73575bd	0	0
8336	6	9	4	0	0	0120082081054004202100ac0011440	1c9ee7de36f21ffb97965f53f34ebbd	0	0
8337	6	7	4	0	1	01200880a20050300003500092020a0	1c9ee77e15f70fcfb7b40fff615df5d	0	0
8338	6	4	10	0	0	012008a021210051008000c48006140	1c9ee75e96d65faeb7375f3b7359ebd	0	0
8339	6	7	7	0	1	012008a084005020102400c48240011	1c9ee75e33f70fdfa7935f3b711ffec	0	0
8340	6	5	7	0	1	012008a084045020002400c48240011	1c9ee75e33f30fdfb7935f3b711ffec	0	0
8341	6	3	7	0	1	012008a084045020102400848240011	1c9ee75e33f30fdfa7935f7b711ffec	0	0
8342	6	5	4	0	1	012009003600106000a040809204180	1c9ee6fe81f74f9fb7171f7f615be7d	0	0
8343	6	8	6	0	0	0120091000144070002440828208081	1c9ee6eeb7e31f8fb7931f7d7157f7c	0	0
8344	6	7	6	0	1	01200910120000f000a0408052040a0	1c9ee6eea5f75f0fb7171f7fa15bf5d	0	0
8345	6	7	8	0	1	0120092080045020202140828240011	1c9ee6de37f30fdf97961f7d711ffec	0	0
8346	6	6	4	0	0	0120092400444021010100a21240208	1c9ee6dab7b31fdeb6b65f5de11fdf5	0	0
8347	6	5	6	0	0	0120093000144060002440828208081	1c9ee6ceb7e31f9fb7931f7d7157f7c	0	0
8348	6	6	6	0	0	01200930004440210401028a004080c	1c9ee6ceb7b31fdeb3b65d75f31f7f1	0	0
8349	6	7	6	0	1	01200a08104001700500014c00090a0	1c9ee5f6a7b75e8fb2b75eb3f356f5d	0	0
8350	6	4	8	0	1	01200a18001400f0002040828208041	1c9ee5e6b7e35f0fb7971f7d7157fbc	0	0
8351	6	4	6	0	0	01200a28004500610100022c004100c	1c9ee5d6b7b25f9eb6b75dd3f31eff1	0	0
8352	6	2	8	0	0	01200a2800510061010202280041044	1c9ee5d6b7a65f9eb6b55dd7f31efb9	0	0
8353	6	4	3	0	1	01200a2800611030000100648041104	1c9ee5d6b7964fcfb7b65f9b731eef9	0	0
8354	6	6	4	0	0	01200a3000140052050000a28041420	1c9ee5ceb7e35fadb2b75f5d731ebdd	0	0
8356	6	7	6	0	1	01200a3000404044142000aa0009408	1c9ee5ceb7b71fbba3975f55f356bf5	0	0
8359	6	1	1	0	1	01200a3000441070040104860008088	1c9ee5ceb7b34f8fb3b65b79f357f75	0	0
8360	6	4	10	0	1	01200a3000441230000100648048084	1c9ee5ceb7b34dcfb7b65f9b7317f79	0	0
8361	6	5	6	0	0	01200c0821410050002400ac0009500	1c9ee3f696b65fafb7935f53f356afd	0	0
8362	6	2	8	0	0	01200c40250000d100a000a1000a500	1c9ee3be92f75f2eb7175f5ef355afd	0	0
8363	6	9	9	0	1	01202000a1414024000500a48009210	1c9ecffe16b61fdbb7b25f5b7356ded	0	0
8364	6	9	8	0	1	01202000a50001a4041000a48010a10	1c9ecffe12f75e5bb3a75f5b734f5ed	0	0
8365	6	8	8	0	1	0120208085000924040400648009210	1c9ecf7e32f756dbb3b35f9b7356ded	0	0
8366	6	7	4	0	1	01202090810001a40404006c0018220	1c9ecf6e36f75e5bb3b35f93f347ddd	0	0
8367	6	5	10	0	0	012021009500482000140064800a280	1c9ecefe22f717dfb7a35f9b7355d7d	0	0
8368	6	8	8	0	0	01202110001200e404804408100a030	1c9eceeeb7e55f1bb3371bf7e355fcd	0	0
8369	6	8	10	0	0	012021100014406400144028800a0a0	1c9eceeeb7e31f9bb7a31fd77355f5d	0	0
8370	6	6	8	0	0	012021101110006404040248800a220	1c9eceeea6e75f9bb3b35db77355ddd	0	0
8371	6	4	10	0	0	012021101110406400040248800a220	1c9eceeea6e71f9bb7b35db77355ddd	0	0
8372	6	4	0	0	0	0120211081044124002002888008e00	1c9eceee36f31edbb7975d7773571fd	0	0
8373	6	8	4	0	1	0120214002020258009000d01050220	1c9ecebeb5f55da7b7275f2fe30fddd	0	0
8374	6	6	4	0	0	0120215000120098048000a05050220	1c9eceaeb7e55f67b3375f5fa30fddd	0	0
8375	6	7	8	0	0	01202210101000e40420404051080a0	1c9ecdeea7e75f1bb3971fbfa257f5d	0	0
8376	6	6	4	0	0	0120221010500064042000cc0009280	1c9ecdeea7a75f9bb3975f33f356d7d	0	0
8377	6	1	8	0	0	01202250001400f000901080c000a20	1c9ecdaeb7e35f0fb7274f7f335f5dd	0	0
8378	6	6	4	0	1	0120225001040064002100cc0018208	1c9ecdaeb6f35f9bb7965f33f347df5	0	0
8379	6	5	4	0	0	0120240821410050002400ac0009500	1c9ecbf696b65fafb7935f53f356afd	0	0
8380	6	6	2	0	1	01202412000640300021028a0041410	1c9ecbecb7f11fcfb7965d75f31ebed	0	0
8381	6	4	7	0	1	01202412000641300020028a0001c10	1c9ecbecb7f11ecfb7975d75f35e3ed	0	0
8382	6	8	7	0	0	0120280020444051010102803240600	1c9ec7fe97b31faeb6b65d7fc11f9fd	0	0
8383	6	8	0	0	0	0120280081414004102400ac0009600	1c9ec7fe36b61ffba7935f53f3569fd	0	0
8384	6	5	4	0	0	01202800a1414004000500ac0011600	1c9ec7fe16b61ffbb7b25f53f34e9fd	0	0
8385	6	5	7	0	1	01202810105000e00500028a0011204	1c9ec7eea7a75f1fb2b75d75f34edf9	0	0
8386	6	4	3	0	1	0120281020444064000102881050600	1c9ec7ee97b31f9bb7b65d77e30f9fd	0	0
8387	6	4	3	0	1	0120281020444070000102881050480	1c9ec7ee97b31f8fb7b65d77e30fb7d	0	0
8388	6	6	9	0	1	0120281080444024000500aa0011410	1c9ec7ee37b31fdbb7b25f55f34ebed	0	0
8389	6	5	4	0	1	01202818005000d0050000aa0201024	1c9ec7e6b7a75f2fb2b75f55f15efd9	0	0
8390	6	7	8	0	0	01202840240000e100901080a002b00	1c9ec7be93f75f1eb7274f7f535d4fd	0	0
8391	6	1	8	0	1	01202850001400e4009000a88002220	1c9ec7aeb7e35f1bb7275f57735dddd	0	0
8392	6	1	4	0	1	01202850001400e4018000a81010220	1c9ec7aeb7e35f1bb6375f57e34fddd	0	0
8393	6	4	6	0	0	012040c202024120201010482101030	1c9eaf3cb5f51edf97a74fb7d25efcd	0	0
8394	6	4	4	0	0	0120410092045024000102809300220	1c9eaefe25f30fdbb7b65d7f605fddd	0	0
8395	6	6	6	0	0	0120412011200228001100d40012220	1c9eaedea6d75dd7b7a65f2bf34dddd	0	0
8396	6	4	6	0	0	01204120120202a8001010805210220	1c9eaedea5f55d57b7a74f7fa14fddd	0	0
8397	6	6	2	0	0	012041208202102800111040c210204	1c9eaede35f54fd7b7a64fbf314fdf9	0	0
8398	6	4	0	0	0	012041208202112800101040c210204	1c9eaede35f54ed7b7a74fbf314fdf9	0	0
8399	6	5	3	0	1	01204124022000e0011000b01050220	1c9eaedab5d75f1fb6a75f4fe30fddd	0	0
8400	6	4	6	0	0	0120414010504820210002281041210	1c9eaebea7a717df96b75dd7e31eded	0	0
8401	6	6	8	0	1	0120414011404020202102890009208	1c9eaebea6b71fdf97965d76f356df5	0	0
8402	6	2	3	0	1	01204144002200e8011040801050220	1c9eaebab7d55f17b6a71f7fe30fddd	0	0
8403	6	2	1	0	1	0120414400220268011040801050220	1c9eaebab7d55d97b6a71f7fe30fddd	0	0
8404	6	2	0	0	1	01204144002202a8011040801050220	1c9eaebab7d55d57b6a71f7fe30fddd	0	0
8405	6	3	3	0	0	0120414400244068001110081012220	1c9eaebab7d31f97b7a64ff7e34dddd	0	0
8406	6	3	4	0	0	01204160010242202021008c0011050	1c9eae9eb6f51ddf97965f73f34efad	0	0
8407	6	4	4	0	0	0120420413000a20120000a48009600	1c9eadfaa4f755dfa5b75f5b73569fd	0	0
8408	6	5	1	0	0	0120422800a00150050001248009420	1c9eadd6b7575eafb2b75edb7356bdd	0	0
8409	6	5	6	0	0	0120424010140860012042041009280	1c9eadbea7e3579fb6971dfbe356d7d	0	0
8410	6	6	8	0	0	0120424010241024020202848110009	1c9eadbea7d34fdbb5b55d7b724fff4	0	0
8411	6	5	4	0	1	0120424013000a20022040450001814	1c9eadbea4f755dfb5971fbaf35e7e9	0	0
8412	6	6	6	0	1	0120482010444030002101860201014	1c9ea7dea7b31fcfb7965e79f15efe9	0	0
8413	6	6	4	0	1	0120482010444030002101860201044	1c9ea7dea7b31fcfb7965e79f15efb9	0	0
8414	6	6	2	0	1	0120482010444030002101860201050	1c9ea7dea7b31fcfb7965e79f15efad	0	0
8415	6	4	10	0	0	0120482020445011000100a6020800c	1c9ea7de97b30feeb7b65f59f157ff1	0	0
8416	6	4	9	0	0	0120482020445021000100a6020800c	1c9ea7de97b30fdeb7b65f59f157ff1	0	0
8417	6	4	4	0	1	0120600030504068040004881009280	1c9e8ffe87a71f97b3b75b77e356d7d	0	0
8418	6	5	4	0	0	0120604010140860012040841009280	1c9e8fbea7e3579fb6971f7be356d7d	0	0
8419	6	8	4	0	0	01208090009000d4048002481012420	1c9e6f6eb7675f2bb3375db7e34dbdd	0	0
8420	6	8	2	0	0	01208090009000d4048002481018420	1c9e6f6eb7675f2bb3375db7e347bdd	0	0
8421	6	8	4	0	0	012081020013402020a0408a0009041	1c9e6efcb7e41fdf97171f75f356fbc	0	0
8422	6	7	4	0	0	012081021011402020a0408a0009041	1c9e6efca7e61fdf97171f75f356fbc	0	0
8423	6	3	7	0	0	01208102101340202030400a0003050	1c9e6efca7e41fdf97871ff5f35cfad	0	0
8424	6	3	7	0	0	01208102101340202030400a0009044	1c9e6efca7e41fdf97871ff5f356fb9	0	0
8425	6	6	0	0	0	01208102121100202030408a00090c0	1c9e6efca5e65fdf97871f75f356f3d	0	0
8426	6	5	7	0	0	01208102121100600030408a0009044	1c9e6efca5e65f9fb7871f75f356fb9	0	0
8427	6	5	6	0	0	01208102121100600030408a0009084	1c9e6efca5e65f9fb7871f75f356f79	0	0
8428	6	5	2	0	0	01208102121100600030408a00090c0	1c9e6efca5e65f9fb7871f75f356f3d	0	0
8429	6	5	6	0	1	0120810222210050001141120042024	1c9e6efc95d65fafb7a61eedf31dfd9	0	0
8430	6	6	7	0	1	01208102820300202011440a0003050	1c9e6efc35f45fdf97a61bf5f35cfad	0	0
8431	6	5	0	0	0	0120810282051020001140828102090	1c9e6efc35f24fdfb7a61f7d725df6d	0	1
8432	6	5	4	0	0	012081060013402000a0408a0009005	1c9e6ef8b7e41fdfb7171f75f356ff8	0	0
8433	6	3	4	0	0	012081060013402020a0400a0009005	1c9e6ef8b7e41fdf97171ff5f356ff8	0	0
8434	6	7	8	0	1	0120810c000202a4041040281012030	1c9e6ef2b7f55d5bb3a71fd7e34dfcd	0	0
8435	6	8	4	0	0	01208110009000e4048040281012030	1c9e6eeeb7675f1bb3371fd7e34dfcd	0	0
8436	6	6	7	0	0	0120811400060224001400b80110030	1c9e6eeab7f15ddbb7a35f47f24ffcd	0	0
8437	6	6	4	0	0	01208114001200a4048040281012030	1c9e6eeab7e55f5bb3371fd7e34dfcd	0	0
8438	6	6	3	0	0	0120811400420044160012081202030	1c9e6eeab7b55fbba1b74df7e15dfcd	0	0
8439	6	6	4	0	0	0120811400420044160014003202210	1c9e6eeab7b55fbba1b74bffc15dded	0	0
8440	6	1	4	0	1	0120811801020260242040490002030	1c9e6ee6b6f55d9f93971fb6f35dfcd	0	0
8441	6	8	6	0	0	01208120010202a4041000ac0012030	1c9e6edeb6f55d5bb3a75f53f34dfcd	0	0
8442	6	7	4	0	1	0120812080045020202140828240011	1c9e6ede37f30fdf97961f7d711ffec	0	0
8443	6	5	4	0	1	01208124004340200021018a0009084	1c9e6edab7b41fdfb7965e75f356f79	0	0
8444	6	3	4	0	0	01208130008201a104800028405000c	1c9e6eceb7755e5eb3375fd7b30fff1	0	0
8445	6	6	0	0	1	01208212001400700420028a00090c0	1c9e6decb7e35f8fb3975d75f356f3d	0	0
8446	6	8	7	0	1	0120822000441230040100a48009090	1c9e6ddeb7b34dcfb3b65f5b7356f6d	0	0
8447	6	4	7	0	0	0120822010241061010000c2800c600	1c9e6ddea7d34f9eb6b75f3d73539fd	0	0
8448	6	5	0	0	1	0120840c010500a00014022c0012220	1c9e6bf2b6f25f5fb7a35dd3f34dddd	0	0
8449	6	8	4	0	1	01208410004204700402088a0011084	1c9e6beeb7b55b8fb3b55775f34ef79	0	0
8450	6	2	4	0	1	0120842021400468040108880011084	1c9e6bde96b75b97b3b65777f34ef79	0	0
8451	6	5	4	0	0	0120842022800160009010288011404	1c9e6bde95775e9fb7274fd7734ebf9	0	0
8452	6	5	4	0	1	01208430004204600402088a0011084	1c9e6bceb7b55b9fb3b55775f34ef79	0	0
8453	6	3	4	0	1	01208430004204620402008a0011084	1c9e6bceb7b55b9db3b55f75f34ef79	0	0
8454	6	3	7	0	0	01208430008201a1008200284018404	1c9e6bceb7755e5eb7355fd7b347bf9	0	0
8455	6	8	7	0	1	0120880080254024000340809110041	1c9e67fe37d21fdbb7b41f7f624ffbc	0	0
8456	6	8	6	0	1	0120880080254024000340809110081	1c9e67fe37d21fdbb7b41f7f624ff7c	0	0
8457	6	4	4	0	0	01208818005000d4040008288003404	1c9e67e6b7a75f2bb3b757d7735cbf9	0	0
8458	6	5	4	0	1	0120882081054000202100aa0011440	1c9e67de36f21fff97965f55f34ebbd	0	0
8459	6	1	4	0	1	0120882081054000302408288040401	1c9e67de36f21fff879357d7731fbfc	0	0
8460	6	2	4	0	1	0120882081054004202100a80011440	1c9e67de36f21ffb97965f57f34ebbd	0	0
8461	6	3	4	0	0	01208830001400d2048000209050404	1c9e67ceb7e35f2db3375fdf630fbf9	0	0
8462	6	6	6	0	1	01208830004402240005042a0003410	1c9e67ceb7b35ddbb7b25bd5f35cbed	0	0
8463	6	6	4	0	1	01208830004402240005042a0003440	1c9e67ceb7b35ddbb7b25bd5f35cbbd	0	0
8464	6	4	4	0	0	0120a000914001a4020000a44011600	1c9e4ffe26b75e5bb5b75f5bb34e9fd	0	0
8465	6	4	4	0	1	0120a00093010094020000a0c003420	1c9e4ffe24f65f6bb5b75f5f335cbdd	0	0
8466	6	1	4	0	1	0120a000a14001a40404022c0010201	1c9e4ffe16b75e5bb3b35dd3f34fdfc	0	0
8467	6	3	0	0	1	0120a00282050114002440024009401	1c9e4ffc35f25eebb7931ffdb356bfc	0	0
8468	6	8	1	0	1	0120a01000440270002102881048480	1c9e4feeb7b35d8fb7965d77e317b7d	0	0
8469	6	6	2	0	1	0120a010101200a4048040405018220	1c9e4feea7e55f5bb3371fbfa347ddd	0	0
8470	6	5	7	0	1	0120a010105000e0022000c05208280	1c9e4feea7a75f1fb5975f3fa157d7d	0	0
8471	6	4	9	0	1	0120a010105000e4002000c05208280	1c9e4feea7a75f1bb7975f3fa157d7d	0	0
8472	6	4	2	0	0	0120a01011100464000202580012220	1c9e4feea6e75b9bb7b55da7f34dddd	0	0
8473	6	7	1	0	1	0120a01020400254040102881018480	1c9e4fee97b75dabb3b65d77e347b7d	0	0
8474	6	6	3	0	1	0120a01020440070002102881048480	1c9e4fee97b35f8fb7965d77e317b7d	0	0
8475	6	5	7	0	1	0120a01020440250040102881018480	1c9e4fee97b35dafb3b65d77e347b7d	0	0
8476	6	4	10	0	1	0120a01020440254000102881018480	1c9e4fee97b35dabb7b65d77e347b7d	0	0
8477	6	4	9	0	1	0120a01020440264000102881018480	1c9e4fee97b35d9bb7b65d77e347b7d	0	0
8478	6	4	7	0	1	0120a01020440270000102881018480	1c9e4fee97b35d8fb7b65d77e347b7d	0	0
8479	6	5	2	0	1	0120c004120202a0001250005210220	1c9e2ffaa5f55d5fb7a50fffa14fddd	0	0
8480	6	2	6	0	0	0120c02010220285050000c01018600	1c9e2fdea7d55d7ab2b75f3fe3479fd	0	0
8481	6	2	4	0	1	0120c02010220285050000c01210240	1c9e2fdea7d55d7ab2b75f3fe14fdbd	0	0
8482	6	6	6	0	0	0120c02080220084860004441012401	1c9e2fde37d55f7b31b75bbbe34dbfc	0	0
8483	6	3	6	0	1	012200e000060a0c0014008c0011090	1c9cef1eb7f155f3b7a35f73f34ef6d	0	0
8484	6	2	4	0	0	012201021110406020a040880009140	1c9ceefca6e71f9f97171f77f356ebd	0	0
8485	6	1	4	0	0	0122011400064064001450088002028	1c9ceeeab7f11f9bb7a30ff7735dfd5	0	0
8486	6	2	4	0	0	0122011400064224001410280012220	1c9ceeeab7f11ddbb7a34fd7f34dddd	0	0
8487	6	6	4	0	0	012201140012008c048040205012220	1c9ceeeab7e55f73b3371fdfa34dddd	0	0
8488	6	2	7	0	1	0122012400220268011000c01050220	1c9ceedab7d55d97b6a75f3fe30fddd	0	0
8489	6	5	4	0	1	0122020810c001500500014c00090a0	1c9cedf6a7375eafb2b75eb3f356f5d	0	0
8490	6	4	7	0	0	0122040c004301110002022c0009104	1c9cebf2b7b45eeeb7b55dd3f356ef9	0	0
8491	6	8	6	0	1	01220800142001540500014480030a0	1c9ce7fea3d75eabb2b75ebb735cf5d	0	0
8492	6	3	9	0	0	0122080031210051008200848006140	1c9ce7fe86d65faeb7355f7b7359ebd	0	0
8493	6	5	6	0	0	0122080033000a10000550140009024	1c9ce7fe84f755efb7b20febf356fd9	0	0
8494	6	4	4	0	1	01220800a2045030000150009040824	1c9ce7fe15f30fcfb7b60fff631f7d9	0	0
8495	6	6	8	0	1	0122080480244024000340809110081	1c9ce7fa37d31fdbb7b41f7f624ff7c	0	0
8496	6	4	6	0	0	01220830001400d1010000a24240024	1c9ce7ceb7e35f2eb6b75f5db11ffd9	0	0
8497	6	8	7	0	1	012220100014407000140068800a0a0	1c9ccfeeb7e31f8fb7a35f977355f5d	0	0
8498	6	5	8	0	0	012220420014405000141048800a081	1c9ccfbcb7e31fafb7a34fb77355f7c	0	0
8499	6	9	6	0	0	018000a014100a28009000d40003090	1c3eef5ea3e755d7b7275f2bf35cf6d	0	0
8500	6	9	8	0	0	0180010095000c28000502920005240	1c3eeefe22f753d7b7b25d6df35adbd	0	0
8501	6	9	3	0	0	01800110109040448404404812080a0	1c3eeeeea7671fbb33b31fb7e157f5d	0	0
8502	6	6	3	0	0	0180018282030008209040920101050	1c3eee7c35f45ff797271f6df25efad	0	0
8503	6	9	6	0	1	0180020034400170050003060009088	1c3eedfe83b75e8fb2b75cf9f356f75	0	0
8504	6	9	8	0	0	018002021181009400034104400a408	1c3eedfca6765f6bb7b41efbb355bf5	0	0
8505	6	9	0	0	1	01800204250008a080054114000c180	1c3eedfa92f7575f37b21eebf353e7d	0	0
8506	6	9	10	0	0	01800224022000d100031112000c104	1c3eeddab5d75f2eb7b44eedf353ef9	0	0
8507	6	4	3	0	0	0180029800820294000244041208410	1c3eed66b7755d6bb7b51bfbe157bed	0	0
8508	6	4	2	0	1	018002c012800c18000241120005090	1c3eed3ea57753e7b7b51eedf35af6d	0	0
8509	6	8	3	0	1	0180030022810058001141120048024	1c3eecfe95765fa7b7a61eedf317fd9	0	0
8510	6	6	8	0	0	0180030095000428040402228005240	1c3eecfe22f75bd7b3b35ddd735adbd	0	0
8511	6	5	8	0	1	01800304142000e004204102100c180	1c3eecfaa3d75f1fb3971efde353e7d	0	0
8512	6	4	10	0	1	01800304142000e800204102100c180	1c3eecfaa3d75f17b7971efde353e7d	0	0
8513	6	7	3	0	1	01800312010000e80401028a000c240	1c3eececb6f75f17b3b65d75f353dbd	0	0
8514	6	6	3	0	1	01800312010400680401028a000c240	1c3eececb6f35f97b3b65d75f353dbd	0	0
8515	6	5	4	0	0	018003120104024804011098000c240	1c3eececb6f35db7b3b64f67f353dbd	0	0
8516	6	8	4	0	0	01800320010202b000a001940008940	1c3eecdeb6f55d4fb7175e6bf3576bd	0	0
8517	6	7	4	0	0	01800320110002b000a001940008940	1c3eecdea6f75d4fb7175e6bf3576bd	0	0
8518	6	7	8	0	0	0180032021001224040100ac0018018	1c3eecde96f74ddbb3b65f53f347fe5	0	0
8519	6	5	7	0	1	0180032200a000d005000192000c101	1c3eecdcb7575f2fb2b75e6df353efc	0	0
8520	6	5	3	0	1	0180032200a000d0050001920048101	1c3eecdcb7575f2fb2b75e6df317efc	0	0
8521	6	4	10	0	0	0180033000425000340010282048018	1c3eecceb7b50fff83b74fd7d317fe5	0	0
8522	6	3	1	0	0	0180033000501060260000206048180	1c3eecceb7a74f9f91b75fdf9317e7d	0	0
8523	6	6	6	0	0	0180033001020224042000cc0008818	1c3eecceb6f55ddbb3975f33f3577e5	0	0
8524	6	3	3	0	1	018003300102028c040100980018050	1c3eecceb6f55d73b3b65f67f347fad	0	0
8525	6	4	8	0	0	0180033001020624002000d80008848	1c3eecceb6f559dbb7975f27f3577b5	0	0
8526	6	4	3	0	1	01800340120340101010090a000a0a0	1c3eecbea5f41fefa7a756f5f355f5d	0	0
8527	6	5	6	0	0	0180034200130048011040806041280	1c3eecbcb7e45fb7b6a71f7f931ed7d	0	0
8528	6	4	2	0	0	0180035000900858040002422048201	1c3eecaeb76757a7b3b75dbdd317dfc	0	0
8529	6	9	7	0	0	0180040280074030001402260101044	1c3eebfc37f01fcfb7a35dd9f25efb9	0	0
8530	6	6	6	0	1	01800492001440300014006a0202090	1c3eeb6cb7e31fcfb7a35f95f15df6d	0	0
8531	6	4	1	0	1	018004b0018001a08400042c0006090	1c3eeb4eb6775e5f33b75bd3f359f6d	0	0
8532	6	6	8	0	1	018004c204100048809000d800030c0	1c3eeb3cb3e75fb737275f27f35cf3d	0	0
8533	6	6	7	0	1	018004c204100048809000d80003140	1c3eeb3cb3e75fb737275f27f35cebd	0	0
8534	6	7	4	0	1	01800502800241280410480a0001884	1c3eeafc37f51ed7b3a717f5f35e779	0	0
8535	6	6	10	0	1	01800502820300088011408a00030c0	1c3eeafc35f45ff737a61f75f35cf3d	0	0
8536	6	8	3	0	1	01800510014000e80401028a000a240	1c3eeaeeb6b75f17b3b65d75f355dbd	0	0
8537	6	2	7	0	1	0180051200065030000502880240018	1c3eeaecb7f10fcfb7b25d77f11ffe5	0	0
8538	6	6	8	0	0	0180051800120094041000a84202060	1c3eeae6b7e55f6bb3a75f57b15df9d	0	0
8539	6	6	1	0	0	0180053000820124041000ac0018088	1c3eeaceb7755edbb3a75f53f347f75	0	0
8540	6	4	6	0	0	018005300102024824001058000a030	1c3eeaceb6f55db793b74fa7f355fcd	0	0
8541	6	2	8	0	0	01800542001300488090408800030c0	1c3eeabcb7e45fb737271f77f35cf3d	0	0
8542	6	3	9	0	1	01800544022000d8002101021208084	1c3eeabab5d75f27b7965efde157f79	0	0
8543	6	7	6	0	0	01800550000206300090006a0012104	1c3eeaaeb7f559cfb7275f95f34def9	0	0
8544	6	4	7	0	0	018005500082024814005008100a030	1c3eeaaeb7755db7a3b70ff7e355fcd	0	0
8545	6	6	4	0	0	018005600102020c0401088c0003030	1c3eea9eb6f55df3b3b65773f35cfcd	0	0
8546	6	6	7	0	1	01800612000602300401088c0009090	1c3ee9ecb7f15dcfb3b65773f356f6d	0	0
8547	6	4	6	0	0	0180062081050408800100b40041220	1c3ee9de36f25bf737b65f4bf31eddd	0	0
8548	6	6	7	0	1	0180062204020228041000c50001890	1c3ee9dcb3f55dd7b3a75f3af35e76d	0	0
8549	6	3	7	0	1	0180062400610070000301060009104	1c3ee9dab7965f8fb7b45ef9f356ef9	0	0
8550	6	4	7	0	0	0180062800430112000201244009500	1c3ee9d6b7b45eedb7b55edbb356afd	0	0
8551	6	6	4	0	0	0180063000420220840210411100980	1c3ee9ceb7b55ddf33b54fbee25f67d	0	0
8552	6	8	6	0	1	0180064006000458001100d20041028	1c3ee9beb1f75ba7b7a65f2df31efd5	0	0
8553	6	7	9	0	1	01800644002000e8002141060009084	1c3ee9bab7d75f17b7961ef9f356f79	0	0
8554	6	6	9	0	1	0180064400220068002241060009084	1c3ee9bab7d55f97b7951ef9f356f79	0	0
8555	6	4	7	0	1	0180064400220268002040405101180	1c3ee9bab7d55d97b7971fbfa25ee7d	0	0
8556	6	7	9	0	1	018006480003008a002141060009014	1c3ee9b6b7f45f75b7961ef9f356fe9	0	0
8557	6	4	4	0	0	01800648041000ca040002860011201	1c3ee9b6b3e75f35b3b75d79f34edfc	0	0
8558	6	7	7	0	0	01800660000414280003018c0010890	1c3ee99eb7f34bd7b7b45e73f34f76d	0	0
8559	6	7	4	0	0	01800884140003280082014413000a0	1c3ee77aa3f75cd7b7355ebbe05ff5d	0	0
8560	6	1	4	0	1	0180090424404068008101803200280	1c3ee6fa93b71f97b7365e7fc15fd7d	0	0
8561	6	8	9	0	1	0180091000441068000502882240088	1c3ee6eeb7b34f97b7b25d77d11ff75	0	0
8562	6	8	7	0	1	0180091000441068000502882240208	1c3ee6eeb7b34f97b7b25d77d11fdf5	0	0
8563	6	8	3	0	1	0180091000441068000502882240280	1c3ee6eeb7b34f97b7b25d77d11fd7d	0	0
8564	6	7	3	0	1	0180091020401068000502882240280	1c3ee6ee97b74f97b7b25d77d11fd7d	0	0
8565	6	4	0	0	0	0180091020501068000402882240280	1c3ee6ee97a74f97b7b35d77d11fd7d	0	0
8566	6	7	8	0	1	0180091200041070000502882240088	1c3ee6ecb7f34f8fb7b25d77d11ff75	0	0
8567	6	7	0	0	1	0180091200045030000502882240088	1c3ee6ecb7f30fcfb7b25d77d11ff75	0	0
8568	6	6	6	0	0	0180091800140058048000a05204220	1c3ee6e6b7e35fa7b3375f5fa15bddd	0	0
8569	6	3	4	0	0	0180093000140252050000221240024	1c3ee6ceb7e35dadb2b75fdde11ffd9	0	0
8570	6	3	4	0	0	0180093000140862050000221044204	1c3ee6ceb7e3579db2b75fdde31bdf9	0	0
8571	6	3	4	0	1	0180093000441068000500882240088	1c3ee6ceb7b34f97b7b25f77d11ff75	0	0
8572	6	7	6	0	0	018009500004047000a0018a0002908	1c3ee6aeb7f35b8fb7175e75f35d6f5	0	0
8573	6	6	6	0	0	01800950001400580480028a0006021	1c3ee6aeb7e35fa7b3375d75f359fdc	0	0
8574	6	3	7	0	1	018009600024501021010080a240009	1c3ee69eb7d30fef96b65f7f511fff4	0	0
8575	6	4	8	0	0	0180096000245020200110882050009	1c3ee69eb7d30fdf97b64f77d30fff4	0	0
8576	6	6	6	0	1	01800a0034400070050001860009088	1c3ee5fe83b75f8fb2b75e79f356f75	0	0
8577	6	3	6	0	1	01800a0034400170050001060009088	1c3ee5fe83b75e8fb2b75ef9f356f75	0	0
8578	6	6	8	0	1	01800a0424040068048001203140030	1c3ee5fa93f35f97b3375edfc21ffcd	0	0
8579	6	6	4	0	0	01800a04240400680480012411040a0	1c3ee5fa93f35f97b3375edbe25bf5d	0	0
8580	6	6	7	0	0	01800a0604040060840201860104101	1c3ee5f8b3f35f9f33b55e79f25befc	0	0
8581	6	3	8	0	0	01800a0604040160840201060104081	1c3ee5f8b3f35e9f33b55ef9f25bf7c	0	0
8582	6	6	8	0	0	01800a0811050012000341044006420	1c3ee5f6a6f25fedb7b41efbb359bdd	0	0
8583	6	4	8	0	0	01800a0814800254040001448003410	1c3ee5f6a3775dabb3b75ebb735cbed	0	0
8584	6	3	10	0	0	01800a0c04040148840201060104021	1c3ee5f2b3f35eb733b55ef9f25bfdc	0	0
8585	6	7	7	0	1	01800a10200410700401048c000c088	1c3ee5ee97f34f8fb3b65b73f353f75	0	0
8586	6	4	8	0	1	01800a2020441230000101244240084	1c3ee5de97b34dcfb7b65edbb11ff79	0	0
8587	6	6	8	0	0	01800a2020c00054040101860009408	1c3ee5de97375fabb3b65e79f356bf5	0	0
8588	6	4	4	0	1	01800a2021051018000100b40044028	1c3ee5de96f24fe7b7b65f4bf31bfd5	0	0
8589	6	5	2	0	1	01800a2800c10050040101460009108	1c3ee5d6b7365fafb3b65eb9f356ef5	0	0
8590	6	7	4	0	0	01800a3000041068000510502140028	1c3ee5ceb7f34f97b7b24fafd21ffd5	0	0
8591	6	8	10	0	1	01800a40028002510003014a000a180	1c3ee5beb5775daeb7b45eb5f355e7d	0	0
8592	6	8	9	0	1	01800a400280025100030152000a180	1c3ee5beb5775daeb7b45eadf355e7d	0	0
8593	6	8	7	0	1	01800a400280025100030158000a180	1c3ee5beb5775daeb7b45ea7f355e7d	0	0
8594	6	8	1	0	0	01800a400280025100031118000a180	1c3ee5beb5775daeb7b44ee7f355e7d	0	0
8595	6	8	3	0	0	01800a400300024900031058000a240	1c3ee5beb4f75db6b7b44fa7f355dbd	0	0
8596	6	7	7	0	1	01800a40100410680022410c0006090	1c3ee5bea7f34f97b7951ef3f359f6d	0	0
8597	6	7	7	0	0	01800a40100414280003410c00060a0	1c3ee5bea7f34bd7b7b41ef3f359f5d	0	0
8598	6	7	8	0	0	01800a401200025102020143000a480	1c3ee5bea5f75daeb5b55ebcf355b7d	0	0
8599	6	2	9	0	0	01800a402280025100031110000a180	1c3ee5be95775daeb7b44eeff355e7d	0	0
8600	6	2	8	0	0	01800a402480025100031110000a180	1c3ee5be93775daeb7b44eeff355e7d	0	0
8601	6	2	6	0	0	01800a402600025100031110000a180	1c3ee5be91f75daeb7b44eeff355e7d	0	0
8602	6	2	6	0	0	01800a5000140470030000a08041088	1c3ee5aeb7e35b8fb4b75f5f731ef75	0	0
8603	6	7	4	0	0	01800a60000410680003110c00060a0	1c3ee59eb7f34f97b7b44ef3f359f5d	0	0
8604	6	7	7	0	0	01800a60000414280003018c0010888	1c3ee59eb7f34bd7b7b45e73f34f775	0	0
8605	6	7	4	0	1	01800c5000045030000310888002888	1c3ee3aeb7f30fcfb7b44f77735d775	0	0
8606	6	4	2	0	1	01800c600105020c0001082c0003030	1c3ee39eb6f25df3b7b657d3f35cfcd	0	0
8607	6	5	4	0	1	01800c60014102080081006c0003044	1c3ee39eb6b65df7b7365f93f35cfb9	0	0
8608	6	6	4	0	1	01800c600500004a000500d40041028	1c3ee39eb2f75fb5b7b25f2bf31efd5	0	0
8609	6	5	10	0	0	018020a014100a08009000d40003090	1c3ecf5ea3e755f7b7275f2bf35cf6d	0	0
8610	6	6	4	0	0	01802150000602180410108a0002828	1c3eceaeb7f15de7b3a74f75f35d7d5	0	0
8611	6	1	4	0	0	01802150000602580410108a0002028	1c3eceaeb7f15da7b3a74f75f35dfd5	0	0
8612	6	7	4	0	0	0180223000400254040100c60009408	1c3ecdceb7b75dabb3b65f39f356bf5	0	0
8613	6	3	3	0	0	0180225000060848160010003108090	1c3ecdaeb7f157b7a1b74fffc257f6d	0	0
8614	6	2	4	0	0	01802250001200d8041010402042220	1c3ecdaeb7e55f27b3a74fbfd31dddd	0	0
8615	6	3	4	0	1	01802250001400d8060002022050005	1c3ecdaeb7e35f27b1b75dfdd30fff8	0	0
8616	6	7	9	0	1	018022600004028c001101940010890	1c3ecd9eb7f35d73b7a65e6bf34f76d	0	0
8617	6	7	3	0	0	0180243000020491048000624202104	1c3ecbceb7f55b6eb3375f9db15def9	0	0
8618	6	6	4	0	0	0180243000120091048000624202104	1c3ecbceb7e55f6eb3375f9db15def9	0	0
8619	6	4	4	0	1	01802430001200d0840000c21240120	1c3ecbceb7e55f2f33b75f3de11fedd	0	0
8620	6	3	4	0	1	01802430001200d0840400421240120	1c3ecbceb7e55f2f33b35fbde11fedd	0	0
8621	6	5	7	0	0	01802450001200c8009000d04102220	1c3ecbaeb7e55f37b7275f2fb25dddd	0	0
8622	6	5	7	0	1	01802450001200d004804040500a120	1c3ecbaeb7e55f2fb3371fbfa355edd	0	0
8623	6	5	4	0	1	01802450001200d004804042100a120	1c3ecbaeb7e55f2fb3371fbde355edd	0	0
8624	6	6	10	0	0	018024600006020c0011108c0003030	1c3ecb9eb7f15df3b7a64f73f35cfcd	0	0
8625	6	6	10	0	0	0180281020140048848000a811040a0	1c3ec7ee97e35fb733375f57e25bf5d	0	0
8626	6	7	1	0	1	0180285000040148248012082014201	1c3ec7aeb7f35eb793374df7d34bdfc	0	0
8627	6	7	10	0	0	0180410280024228001112090003204	1c3eaefc37f51dd7b7a64df6f35cdf9	0	0
8628	6	6	8	0	1	0180410281020228040102890003210	1c3eaefc36f55dd7b3b65d76f35cded	0	0
8629	6	6	8	0	1	0180410281020228041000c90002a10	1c3eaefc36f55dd7b3a75f36f35d5ed	0	0
8630	6	4	10	0	1	0180410281024228000102890003210	1c3eaefc36f51dd7b7b65d76f35cded	0	0
8631	6	1	10	0	1	0180410281024228001102490002204	1c3eaefc36f51dd7b7a65db6f35ddf9	0	0
8632	6	4	8	0	0	0180414081020309040000c84008a40	1c3eaebe36f55cf6b3b75f37b3575bd	0	0
8633	6	3	9	0	0	01804140810242202021008c0009050	1c3eaebe36f51ddf97965f73f356fad	0	0
8634	6	5	9	0	1	0180420210a00150050001540009088	1c3eadfca7575eafb2b75eabf356f75	0	0
8635	6	4	7	0	1	01804204102202b0002041140009104	1c3eadfaa7d55d4fb7971eebf356ef9	0	0
8636	6	7	4	0	0	01804240100414280003410c00060a0	1c3eadbea7f34bd7b7b41ef3f359f5d	0	0
8637	6	4	8	0	0	0180424020900458040001288003090	1c3eadbe97675ba7b3b75ed7735cf6d	0	0
8638	6	6	10	0	0	0180440280064030001402260101044	1c3eabfc37f11fcfb7a35dd9f25efb9	0	0
8639	6	4	8	0	1	0180480030c001700400018c0009088	1c3ea7fe87375e8fb3b75e73f356f75	0	0
8640	6	6	2	0	1	0180480030c00230000341041208180	1c3ea7fe87375dcfb7b41efbe157e7d	0	0
8641	6	7	9	0	0	01804840100414280003018c0012088	1c3ea7bea7f34bd7b7b45e73f34df75	0	0
8642	6	7	2	0	0	01804840100414280003410c00060a0	1c3ea7bea7f34bd7b7b41ef3f359f5d	0	0
8643	6	7	8	0	1	0180484020041068001110882012208	1c3ea7be97f34f97b7a64f77d34ddf5	0	0
8644	6	5	3	0	0	018060402012404804101048100a220	1c3e8fbe97e51fb7b3a74fb7e355ddd	0	0
8645	6	9	6	0	0	0180800034200294040101841018480	1c3e6ffe83d75d6bb3b65e7be347b7d	0	0
8646	6	9	4	0	1	01808002201540300090012a0002844	1c3e6ffc97e21fcfb7275ed5f35d7b9	0	0
8647	6	9	4	0	1	0180801200061060260010482042018	1c3e6fecb7f14f9f91b74fb7d31dfe5	0	0
8648	6	6	4	0	1	01808082800700280014408221010c0	1c3e6f7c37f05fd7b7a31f7dd25ef3d	0	0
8649	6	6	6	0	1	018080a200120228009000d80003090	1c3e6f5cb7e55dd7b7275f27f35cf6d	0	0
8650	6	3	7	0	0	01808100901340202030400a0003050	1c3e6efe27e41fdf97871ff5f35cfad	0	0
8651	6	3	7	0	0	01808100901340202030400a0009044	1c3e6efe27e41fdf97871ff5f356fb9	0	0
8652	6	6	8	0	0	0180810090820105060040405208088	1c3e6efe27755efab1b71fbfa157f75	0	0
8653	6	5	4	0	1	01808100a083400404014108100a0a0	1c3e6efe17741ffbb3b61ef7e355f5d	0	0
8654	6	8	4	0	0	01808102001540300090012a0002844	1c3e6efcb7e21fcfb7275ed5f35d7b9	0	0
8655	6	6	3	0	0	01808102101300280090408a0003050	1c3e6efca7e45fd7b7271f75f35cfad	0	0
8656	6	3	3	0	0	01808102101340202090400a0009044	1c3e6efca7e41fdf97271ff5f356fb9	0	0
8657	6	7	6	0	0	01808102201100700090012a000a104	1c3e6efc97e65f8fb7275ed5f355ef9	0	0
8658	6	7	4	0	0	01808102201140300090012a0002844	1c3e6efc97e61fcfb7275ed5f35d7b9	0	0
8659	6	5	4	0	0	01808102201340200090410a0002844	1c3e6efc97e41fdfb7271ef5f35d7b9	0	0
8660	6	2	4	0	0	0180810220134030009001280042044	1c3e6efc97e41fcfb7275ed7f31dfb9	0	0
8661	6	7	6	0	1	01808102800302280011408a0041014	1c3e6efc37f45dd7b7a61f75f31efe9	0	0
8662	6	7	10	0	0	0180810280045020201150082002890	1c3e6efc37f30fdf97a60ff7d35d76d	0	0
8663	6	2	7	0	0	0180810280071028001140802102090	1c3e6efc37f04fd7b7a61f7fd25df6d	0	0
8664	6	4	2	0	0	01808102801340208010402a00030c0	1c3e6efc37e41fdf37a71fd5f35cf3d	0	0
8665	6	6	4	0	0	0180810281020128041010482002a40	1c3e6efc36f55ed7b3a74fb7d35d5bd	0	0
8666	6	6	7	0	1	0180810281020228040102890003210	1c3e6efc36f55dd7b3b65d76f35cded	0	0
8667	6	6	2	0	1	0180810281020228040102890041210	1c3e6efc36f55dd7b3b65d76f31eded	0	0
8668	6	7	7	0	0	0180810480034020101440209140018	1c3e6efa37f41fdfa7a31fdf621ffe5	0	0
8669	6	7	4	0	0	0180811200021060260010482042018	1c3e6eecb7f54f9f91b74fb7d31dfe5	0	0
8670	6	3	4	0	0	0180811200061060260010082042018	1c3e6eecb7f14f9f91b74ff7d31dfe5	0	0
8671	6	7	3	0	1	01808112008001700404022a0009088	1c3e6eecb7775e8fb3b35dd5f356f75	0	0
8672	6	3	4	0	0	01808120210212240401008c0012018	1c3e6ede96f54ddbb3b65f73f34dfe5	0	0
8673	6	7	1	0	0	0180812080021124041000ac0018088	1c3e6ede37f54edbb3a75f53f347f75	0	0
8674	6	3	4	0	0	01808120801340042420008a0009041	1c3e6ede37e41ffb93975f75f356fbc	0	0
8675	6	6	2	0	1	0180812201020228040102890041018	1c3e6edcb6f55dd7b3b65d76f31efe5	0	0
8676	6	5	6	0	1	018081220221009000810192000c005	1c3e6edcb5d65f6fb7365e6df353ff8	0	0
8677	6	5	2	0	1	018081220221009000810192000c041	1c3e6edcb5d65f6fb7365e6df353fbc	0	0
8678	6	2	8	0	1	0180820030a00294040141001018480	1c3e6dfe87575d6bb3b61effe347b7d	0	0
8679	6	5	7	0	0	0180820030c00150060003060009408	1c3e6dfe87375eafb1b75cf9f356bf5	0	0
8680	6	4	7	0	0	0180820031100468040002888005240	1c3e6dfe86e75b97b3b75d77735adbd	0	0
8681	6	3	6	0	0	0180820034200294040101041018480	1c3e6dfe83d75d6bb3b65efbe347b7d	0	0
8682	6	3	4	0	0	0180820034800294040101041018480	1c3e6dfe83775d6bb3b65efbe347b7d	0	0
8683	6	4	4	0	0	0180820034800314040001248009480	1c3e6dfe83775cebb3b75edb7356b7d	0	0
8684	6	4	1	0	0	018082009281040412004102800a401	1c3e6dfe25765bfba5b71efd7355bfc	0	0
8685	6	4	7	0	0	018082009281041012000142800a401	1c3e6dfe25765befa5b75ebd7355bfc	0	0
8686	6	3	3	0	1	0180820093010410800340120003060	1c3e6dfe24f65bef37b41fedf35cf9d	0	0
8687	6	8	7	0	1	0180820200120268041040490003090	1c3e6dfcb7e55d97b3a71fb6f35cf6d	0	0
8688	6	4	4	0	1	0180820214800254040001540003090	1c3e6dfca3775dabb3b75eabf35cf6d	0	0
8689	6	4	2	0	1	0180820214800254040001540009090	1c3e6dfca3775dabb3b75eabf356f6d	0	0
8690	6	5	4	0	1	018082022480015004021112000c101	1c3e6dfc93775eafb3b54eedf353efc	0	0
8691	6	4	4	0	1	0180820224800154040001340009088	1c3e6dfc93775eabb3b75ecbf356f75	0	0
8692	6	7	8	0	1	0180820414000440a402411200050a0	1c3e6dfaa3f75bbf13b51eedf35af5d	0	0
8693	6	4	10	0	1	0180820416000440a002411200050a0	1c3e6dfaa1f75bbf17b51eedf35af5d	0	0
8694	6	3	10	0	1	0180820416000c14000301120003018	1c3e6dfaa1f753ebb7b45eedf35cfe5	0	0
8695	6	4	4	0	0	0180820884021214040000648003410	1c3e6df633f54debb3b75f9b735cbed	0	0
8696	6	8	4	0	1	0180821000421060160010482042018	1c3e6deeb7b54f9fa1b74fb7d31dfe5	0	0
8697	6	7	10	0	1	0180821200021040360010482048018	1c3e6decb7f54fbf81b74fb7d317fe5	0	0
8698	6	3	4	0	1	0180821200061060160010082042018	1c3e6decb7f14f9fa1b74ff7d31dfe5	0	0
8699	6	1	4	0	1	0180821200061060260010482040018	1c3e6decb7f14f9f91b74fb7d31ffe5	0	0
8700	6	5	4	0	1	0180821200061120040250082004890	1c3e6decb7f14edfb3b50ff7d35b76d	0	0
8701	6	7	8	0	0	01808220100205210402014a000c0c0	1c3e6ddea7f55adeb3b55eb5f353f3d	0	0
8702	6	7	2	0	1	01808220100340018402014a000c0c0	1c3e6ddea7f41ffe33b55eb5f353f3d	0	0
8703	6	4	2	0	0	0180822021100468040002490050009	1c3e6dde96e75b97b3b75db6f30fff4	0	0
8704	6	1	1	0	1	018082202110106024804020c004110	1c3e6dde96e74f9f93371fdf335beed	0	0
8705	6	4	6	0	1	0180822080434000940010403048201	1c3e6dde37b41fff23b74fbfc317dfc	0	0
8706	6	3	6	0	1	0180822080434004840200203101090	1c3e6dde37b41ffb33b55fdfc25ef6d	0	0
8707	6	4	4	0	0	0180822080454004800208203140401	1c3e6dde37b21ffb37b557dfc21fbfc	0	0
8708	6	4	7	0	1	0180822200120268001040510003090	1c3e6ddcb7e55d97b7a71faef35cf6d	0	0
8709	6	3	7	0	1	0180822200120268041000490003090	1c3e6ddcb7e55d97b3a75fb6f35cf6d	0	0
8710	6	2	7	0	1	0180822200120268041040410003090	1c3e6ddcb7e55d97b3a71fbef35cf6d	0	0
8711	6	5	3	0	1	0180822400430060008241060009014	1c3e6ddab7b45f9fb7351ef9f356fe9	0	0
8712	6	3	3	0	0	0180823000061124008200206110410	1c3e6dceb7f14edbb7355fdf924fbed	0	0
8713	6	2	4	0	1	0180823000120264042000c800090c0	1c3e6dceb7e55d9bb3975f37f356f3d	0	0
8714	6	6	4	0	0	01808402800700280011108a0101044	1c3e6bfc37f05fd7b7a64f75f25efb9	0	0
8715	6	6	4	0	1	01808402800700280011500a0003044	1c3e6bfc37f05fd7b7a60ff5f35cfb9	0	0
8716	6	7	2	0	1	01808422001040608410006a00030c0	1c3e6bdcb7e71f9f33a75f95f35cf3d	0	0
8717	6	6	4	0	1	0180842200120068009000d800030c0	1c3e6bdcb7e55f97b7275f27f35cf3d	0	0
8718	6	6	2	0	1	01808422001240208410006a00030c0	1c3e6bdcb7e51fdf33a75f95f35cf3d	0	0
8719	6	3	2	0	1	01808422001240608410004a00030c0	1c3e6bdcb7e51f9f33a75fb5f35cf3d	0	0
8720	6	8	4	0	0	0180880020150052048001221102120	1c3e67fe97e25fadb3375edde25dedd	0	0
8721	6	4	10	0	1	01808800310504180001018a0006060	1c3e67fe86f25be7b7b65e75f359f9d	0	0
8722	6	7	6	0	0	018088003400025404800144100a420	1c3e67fe83f75dabb3375ebbe355bdd	0	0
8723	6	5	0	0	0	01808802201540200090012a0102044	1c3e67fc97e21fdfb7275ed5f25dfb9	0	0
8724	6	2	0	0	0	0180880220154030009001220102044	1c3e67fc97e21fcfb7275eddf25dfb9	0	0
8725	6	1	0	0	1	01808802201540300090012a0002044	1c3e67fc97e21fcfb7275ed5f35dfb9	0	0
8726	6	7	4	0	0	0180880820050052048001241104024	1c3e67f697f25fadb3375edbe25bfd9	0	0
8727	6	5	8	0	0	01808808201500420410012a0102024	1c3e67f697e25fbdb3a75ed5f25dfd9	0	0
8728	6	4	4	0	0	0180880820150052040001221102120	1c3e67f697e25fadb3b75edde25dedd	0	0
8729	6	2	8	0	0	0180880820150052041001220102024	1c3e67f697e25fadb3a75eddf25dfd9	0	0
8730	6	1	8	0	1	01808808201500520410012a0002024	1c3e67f697e25fadb3a75ed5f35dfd9	0	0
8731	6	2	4	0	0	0180880820150052048001201102120	1c3e67f697e25fadb3375edfe25dedd	0	0
8732	6	5	6	0	1	0180880820250050048001209104104	1c3e67f697d25fafb3375edf625bef9	0	0
8733	6	4	8	0	1	0180880820250052040001203140024	1c3e67f697d25fadb3b75edfc21ffd9	0	0
8734	6	4	8	0	1	0180880820250052040001221104024	1c3e67f697d25fadb3b75edde25bfd9	0	0
8735	6	4	2	0	1	0180880820250052040001221104120	1c3e67f697d25fadb3b75edde25bedd	0	0
8736	6	6	4	0	1	0180883000140062048000a28005204	1c3e67ceb7e35f9db3375f5d735adf9	0	0
8737	6	6	3	0	0	0180a00034200094040101841018480	1c3e4ffe83d75f6bb3b65e7be347b7d	0	0
8738	6	5	8	0	1	0180a02020230084008141003018404	1c3e4fde97d45f7bb7361effc347bf9	0	0
8739	6	5	7	0	1	0180c00090424220040202811101210	1c3e2ffe27b51ddfb3b55d7ee25eded	0	0
8740	6	4	2	0	0	0180c00091020630000202940011240	1c3e2ffe26f559cfb7b55d6bf34edbd	0	0
8741	6	6	2	0	1	0180c00280820230001140540009084	1c3e2ffc37755dcfb7a61fabf356f79	0	0
8742	6	3	7	0	0	01820100901340082030400a0009044	1c3ceefe27e41ff797871ff5f356fb9	0	0
8743	6	7	6	0	0	01820102201040700090012a000a104	1c3ceefc97e71f8fb7275ed5f355ef9	0	0
8744	6	4	4	0	0	0182020030910049010040806041280	1c3cedfe87665fb6b6b71f7f931ed7d	0	0
8745	6	5	6	0	1	0182020034400150050003060009088	1c3cedfe83b75eafb2b75cf9f356f75	0	0
8746	6	4	6	0	1	0182020034400170010003060009088	1c3cedfe83b75e8fb6b75cf9f356f75	0	0
8747	6	4	8	0	0	0182020412020c14000201920101018	1c3cedfaa5f553ebb7b55e6df25efe5	0	0
8748	6	6	9	0	0	018202042220005100031112000c104	1c3cedfa95d75faeb7b44eedf353ef9	0	0
8749	6	6	10	0	0	018202042220005100034106000c084	1c3cedfa95d75faeb7b41ef9f353f79	0	0
8750	6	6	8	0	1	018202042220005100034112000c084	1c3cedfa95d75faeb7b41eedf353f79	0	0
8751	6	6	2	0	1	018202042220005100034112000c180	1c3cedfa95d75faeb7b41eedf353e7d	0	0
8752	6	6	7	0	0	018202042220005100034114000c084	1c3cedfa95d75faeb7b41eebf353f79	0	0
8753	6	8	7	0	1	01820210000611240202022c0014018	1c3cedeeb7f14edbb5b55dd3f34bfe5	0	0
8754	6	4	7	0	1	0182022020a00150840001248005180	1c3cedde97575eaf33b75edb735ae7d	0	0
8755	6	3	7	0	0	0182040884021410141000448002904	1c3cebf633f54befa3a75fbb735d6f9	0	0
8756	6	8	2	0	0	01820800110504180082012c0006060	1c3ce7fea6f25be7b7355ed3f359f9d	0	0
8757	6	6	8	0	1	0182080030a001140402018c0014081	1c3ce7fe87575eebb3b55e73f34bf7c	0	0
8758	6	7	6	0	1	01820800310104180006012a0006120	1c3ce7fe86f65be7b7b15ed5f359edd	0	0
8759	6	6	4	0	1	01820800310500180081018c0006060	1c3ce7fe86f25fe7b7365e73f359f9d	0	0
8760	6	4	6	0	0	0182080032044050808001809104480	1c3ce7fe85f31faf37375e7f625bb7d	0	0
8761	6	4	7	0	1	0182080032200918000201920104041	1c3ce7fe85d756e7b7b55e6df25bfbc	0	0
8762	6	6	6	0	0	0182081020140048848000a811040a0	1c3ce7ee97e35fb733375f57e25bf5d	0	0
8763	6	6	4	0	0	0182081020140052048000a21104120	1c3ce7ee97e35fadb3375f5de25bedd	0	0
8764	6	8	4	0	0	01822010001400d8048000a051040a0	1c3ccfeeb7e35f27b3375f5fa25bf5d	0	0
8765	6	6	4	0	0	0182201020140048848000a811040a0	1c3ccfee97e35fb733375f57e25bf5d	0	0
8766	6	5	10	0	0	01822010211000d00084022c000c024	1c3ccfee96e75f2fb7335dd3f353fd9	0	0
8767	6	7	4	0	1	0182203000020191008400624204108	1c3ccfceb7f55e6eb7335f9db15bef5	0	0
8768	6	5	8	0	0	018220402012025000901048100a120	1c3ccfbe97e55dafb7274fb7e355edd	0	0
8769	6	2	1	0	0	0182205000120258009000c041020a0	1c3ccfaeb7e55da7b7275f3fb25df5d	0	0
8770	6	5	0	0	0	01822050001440500014104a000a028	1c3ccfaeb7e31fafb7a34fb5f355fd5	0	0
8771	6	8	10	0	1	018240002060015203000126000900c	1c3caffe97975eadb4b75ed9f356ff1	0	0
8772	6	6	6	0	0	01828000a0064020209010205110208	1c3c6ffe17f11fdf97274fdfa24fdf5	0	0
8773	6	6	4	0	1	01828002201440300090012a0002844	1c3c6ffc97e31fcfb7275ed5f35d7b9	0	0
8774	6	5	4	0	1	01828002201540100090012a0002844	1c3c6ffc97e21fefb7275ed5f35d7b9	0	0
8775	6	6	7	0	1	0182800480064020209000605110208	1c3c6ffa37f11fdf97275f9fa24fdf5	0	0
8776	6	6	1	0	0	0182800480064020209010205110208	1c3c6ffa37f11fdf97274fdfa24fdf5	0	0
8777	6	6	0	0	0	0182800480064020209010405110208	1c3c6ffa37f11fdf97274fbfa24fdf5	0	0
8778	6	10	4	0	1	04000c10248000e2008440209044420	19bee3ee93775f1db7331fdf631bbdd	0	0
8779	6	10	4	0	1	04000c14008203201402500810108a0	19bee3eab7755cdfa3b50ff7e34f75d	0	0
8780	6	10	4	0	0	04004800a2801220140150009100824	19bea7fe15774ddfa3b60fff625f7d9	0	0
8781	6	10	0	0	1	0400600091114020122002888009044	19be8ffe26e61fdfa5975d777356fb9	0	0
8782	6	10	6	0	1	0400820281040470020102908041048	19be6dfc36f35b8fb5b65d6f731efb5	0	0
8783	6	10	3	0	1	0400a000a14001a4041008288100814	19be4ffe16b75e5bb3a757d7725f7e9	0	0
8784	6	4	6	0	0	0404096000221230008001428012104	19bae69eb7d54dcfb7375ebd734def9	0	0
8785	6	3	6	0	0	04040a480240019100030118000c0c0	19bae5b6b5b75e6eb7b45ee7f353f3d	0	0
8786	6	8	8	0	1	04040c008181010414040c088001a10	19bae3fe36765efba3b353f7735e5ed	0	0
8787	6	5	8	0	0	040424009181010010a002908101210	19bacbfe26765effa7175d6f725eded	0	0
8788	6	8	1	0	0	0404241000820304148006081018600	19bacbeeb7755cfba33759f7e3479fd	0	0
8789	6	6	1	0	1	0404241800820104160006003210210	19bacbe6b7755efba1b759ffc14fded	0	0
8790	6	4	4	0	0	0404245000150106002000a88009280	19bacbaeb7e25ef9b7975f577356d7d	0	0
8791	6	2	7	0	1	04042450004402b0001108880018084	19bacbaeb7b35d4fb7a65777f347f79	0	0
8792	6	6	0	0	1	0404245000840204122002881210090	19bacbaeb7735dfba5975d77e14ff6d	0	0
8793	6	6	4	0	0	04042844001201300022018a0011180	19bac7bab7e55ecfb7955e75f34ee7d	0	0
8794	6	6	4	0	0	0404440093000120142008888101050	19baabfe24f75edfa3975777725efad	0	0
8795	6	5	4	0	0	0404440093010100142008888101050	19baabfe24f65effa3975777725efad	0	0
8796	6	4	4	0	0	0404440093010120102008888101050	19baabfe24f65edfa7975777725efad	0	0
8797	6	6	2	0	0	0404600091110020112002888009240	19ba8ffe26e65fdfa6975d777356dbd	0	0
8798	6	4	1	0	1	04046020812001b0002001908008940	19ba8fde36d75e4fb7975e6f73576bd	0	0
8799	6	3	6	0	0	04062000a5000a30000500848009090	19b8cffe12f755cfb7b25f7b7356f6d	0	0
8800	6	3	4	0	1	0406400280840252050000809009280	19b8affc37735dadb2b75f7f6356d7d	0	0
8801	6	4	3	0	0	0408030414031004820001828018500	19b6ecfaa3f44ffb35b75e7d7347afd	0	0
8802	6	6	4	0	1	04080498041000b000050c0112080a0	19b6eb66b3e75f4fb7b253fee157f5d	0	0
8803	6	5	6	0	0	040804b0009001a0048004205110090	19b6eb4eb7675e5fb3375bdfa24ff6d	0	0
8804	6	9	2	0	0	0408082020901061000544022208180	19b6e7de97674f9eb7b21bfdd157e7d	0	0
8805	6	4	4	0	1	0408089204021220100450012240024	19b6e76cb3f54ddfa7b30ffed11ffd9	0	0
8806	6	8	10	0	1	04080a200042113000030506000c0c0	19b6e5deb7b54ecfb7b45af9f353f3d	0	0
8807	6	4	3	0	1	04080a202280105024001412000c021	19b6e5de95774faf93b74bedf353fdc	0	0
8808	6	5	4	0	1	04080c14008203200402500810108a0	19b6e3eab7755cdfb3b50ff7e34f75d	0	0
8809	6	4	4	0	1	04080c14008203201400500810108a0	19b6e3eab7755cdfa3b70ff7e34f75d	0	0
8810	6	8	6	0	0	04080c20009000e1000544021208180	19b6e3deb7675f1eb7b21bfde157e7d	0	0
8811	6	6	6	0	0	04080c2020900061000544021208180	19b6e3de97675f9eb7b21bfde157e7d	0	0
8812	6	5	4	0	1	04080c2022801120040111088010884	19b6e3de95774edfb3b64ef7734f779	0	0
8813	6	6	8	0	1	04080c24008201210401048a0009088	19b6e3dab7755edeb3b65b75f356f75	0	0
8814	6	5	3	0	0	04080c2400820181040150021208120	19b6e3dab7755e7eb3b60ffde157edd	0	0
8815	6	4	2	0	1	04080c30048000e1000404230208088	19b6e3ceb3775f1eb7b35bdcf157f75	0	0
8816	6	1	6	0	0	04080c60009000e1000544021008180	19b6e39eb7675f1eb7b21bfde357e7d	0	0
8817	6	5	3	0	0	040820b0009001a0048004205110090	19b6cf4eb7675e5fb3375bdfa24ff6d	0	0
8818	6	6	4	0	0	0408240410064024028001809110410	19b6cbfaa7f11fdbb5375e7f624fbed	0	0
8819	6	5	9	0	0	0408241010910100848002228101024	19b6cbeea7665eff33375ddd725efd9	0	0
8820	6	6	4	0	0	04082414001200a4048000a05110220	19b6cbeab7e55f5bb3375f5fa24fddd	0	0
8821	6	6	4	0	1	040824202082010c040105081018480	19b6cbde97755ef3b3b65af7e347b7d	0	0
8822	6	5	0	0	0	04082430009001a0048004205110090	19b6cbceb7675e5fb3375bdfa24ff6d	0	0
8823	6	2	4	0	0	04082450001205300082480010108a0	19b6cbaeb7e55acfb73517ffe34f75d	0	0
8824	6	4	8	0	1	0408246004400321000102830001890	19b6cb9eb3b75cdeb7b65d7cf35e76d	0	0
8825	6	8	3	0	1	0408280024031021028000a0a042110	19b6c7fe93f44fdeb5375f5f531deed	0	0
8826	6	5	10	0	0	0408280280154004000548021108021	19b6c7fc37e21ffbb7b217fde257fdc	0	0
8827	6	3	10	0	0	0408280280154014000508021108021	19b6c7fc37e21febb7b257fde257fdc	0	0
8828	6	1	10	0	1	0408280280154014000548021008021	19b6c7fc37e21febb7b217fde357fdc	0	0
8829	6	6	7	0	1	04082814001200a404014408100a028	19b6c7eab7e55f5bb3b61bf7e355fd5	0	0
8830	6	4	3	0	0	0408282404024121000110828201018	19b6c7dab3f51edeb7b64f7d715efe5	0	0
8831	6	7	6	0	0	04082830000202a0840114003140024	19b6c7ceb7f55d5f33b64bffc21ffd9	0	0
8832	6	4	4	0	1	0408285001110092000100a28006220	19b6c7aeb6e65f6db7b65f5d7359ddd	0	0
8833	6	1	4	0	0	04082860010203050401084c0002028	19b6c79eb6f55cfab3b657b3f35dfd5	0	0
8834	6	1	6	0	1	0408440032810040a48041009100030	19b6abfe85765fbf13371eff625ffcd	0	0
8835	6	7	3	0	0	0408484082000141220150110009060	19b6a7be35f75ebe95b60feef356f9d	0	0
8836	6	4	3	0	0	0408484086000141200150110009060	19b6a7be31f75ebe97b60feef356f9d	0	0
8837	6	3	3	0	0	0408484086000141220110110009060	19b6a7be31f75ebe95b64feef356f9d	0	0
8838	6	1	1	0	0	0408484086000301220118110008021	19b6a7be31f75cfe95b647eef357fdc	0	0
8839	6	1	4	0	0	0408486000121228000318081010024	19b6a79eb7e54dd7b7b447f7e34ffd9	0	0
8840	6	4	7	0	1	040882060403100412000120a00a410	19b66df8b3f44ffba5b75edf5355bed	0	0
8841	6	7	4	0	1	0408882020021810240111120006060	19b667de97f547ef93b64eedf359f9d	0	0
8842	6	8	4	0	1	040a02200042113000030506000c0c0	19b4eddeb7b54ecfb7b45af9f353f3d	0	0
8843	6	6	4	0	0	040a02201440012100030906000c0c0	19b4eddea3b75edeb7b456f9f353f3d	0	0
8844	6	4	7	0	0	040a02240012112100024022800c110	19b4eddab7e54edeb7b51fdd7353eed	0	0
8845	6	4	4	0	0	040a080480820170002011028101104	19b4e7fa37755e8fb7974efd725eef9	0	0
8846	6	8	2	0	1	040a08200042113000030506000c0c0	19b4e7deb7b54ecfb7b45af9f353f3d	0	0
8847	6	4	2	0	1	040a08202042113000010506000c0c0	19b4e7de97b54ecfb7b65af9f353f3d	0	0
8848	6	9	4	0	0	0410014201800262010412088001a08	19aeeebcb6775d9db6b34df7735e5f5	0	0
8849	6	5	1	0	0	0410031801400860060002212104050	19aeece6b6b7579fb1b75dded25bfad	0	0
8850	6	5	6	0	0	041003220110106006000060a048110	19aeecdcb6e74f9fb1b75f9f5317eed	0	0
8851	6	5	10	0	1	04100518010200c086000c090006030	19aeeae6b6f55f3f31b753f6f359fcd	0	0
8852	6	9	7	0	1	04100818005000f0040102890005060	19aee7e6b7a75f0fb3b65d76f35af9d	0	0
8853	6	9	6	0	1	04100818005008b00401022a0005044	19aee7e6b7a7574fb3b65dd5f35afb9	0	0
8854	6	6	7	0	0	0410093000220091040404230204048	19aee6ceb7d55f6eb3b35bdcf15bfb5	0	0
8855	6	3	3	0	1	0410096000a01070008200828014101	19aee69eb7574f8fb7355f7d734befc	0	0
8856	6	3	9	0	1	04100a12014000c0940108090044408	19aee5ecb6b75f3f23b657f6f31bbf5	0	0
8857	6	4	4	0	0	04102080a1054021020000a0a140050	19aecf7e16f21fdeb5b75f5f521ffad	0	0
8858	6	4	3	0	0	04102080a1054021020000a0c140050	19aecf7e16f21fdeb5b75f5f321ffad	0	0
8859	6	3	7	0	0	041024009105402102020080c100850	19aecbfe26f21fdeb5b55f7f325f7ad	0	0
8860	6	4	9	0	0	0410281020120492040004221240028	19aec7ee97e55b6db3b75bdde11ffd5	0	0
8861	6	7	4	0	1	041028300002121014011040a240024	19aec7ceb7f54defa3b64fbf511ffd9	0	0
8862	6	6	3	0	0	04102830001200b0000314005240060	19aec7ceb7e55f4fb7b44bffa11ff9d	0	0
8863	6	4	1	0	0	0410283000120492040004221240028	19aec7ceb7e55b6db3b75bdde11ffd5	0	0
8864	6	7	6	0	1	0410409081000880360008304104030	19aeaf6e36f7577f81b757cfb25bfcd	0	0
8865	6	3	4	0	0	0410412083000281240108180008860	19aeaede34f75d7e93b657e7f35779d	0	0
8866	6	8	6	0	0	0410440081054021020200a0c100850	19aeabfe36f21fdeb5b55f5f325f7ad	0	0
8867	6	3	6	0	0	041044009105402102020080c100850	19aeabfe26f21fdeb5b55f7f325f7ad	0	0
8868	6	1	6	0	0	0410440091054021020200a0c100050	19aeabfe26f21fdeb5b55f5f325ffad	0	0
8869	6	1	6	0	0	04104400a1034021020200a0c100050	19aeabfe16f41fdeb5b55f5f325ffad	0	0
8870	6	6	3	0	0	0410480820124022040106081101060	19aea7f697e51fddb3b659f7e25ef9d	0	0
8871	6	6	6	0	1	0410480820900230000344009208101	19aea7f697675dcfb7b41bff6157efc	0	0
8872	6	1	4	0	1	0410481080061230040218088000824	19aea7ee37f14dcfb3b547f7735f7d9	0	0
8873	6	4	4	0	0	0410483000140862040000a28101048	19aea7ceb7e3579db3b75f5d725efb5	0	0
8874	6	4	8	0	1	0410484020821210100111088208024	19aea7be97754defa7b64ef77157fd9	0	0
8875	6	3	3	0	0	04104848040203210003080c0011050	19aea7b6b3f55cdeb7b457f3f34efad	0	0
8876	6	4	3	0	0	04106000a1054021020000a0c100850	19ae8ffe16f21fdeb5b75f5f325f7ad	0	0
8877	6	3	6	0	0	041060202402412100121000a200818	19ae8fde93f51edeb7a54fff515f7e5	0	0
8878	6	3	6	0	1	0410814201800270000502088041018	19ae6ebcb6775d8fb7b25df7731efe5	0	0
8879	6	5	6	0	1	041082088141006002020220a101050	19ae6df636b65f9fb5b55ddf525efad	0	0
8880	6	7	3	0	0	0410820a00110061020202490048041	19ae6df4b7e65f9eb5b55db6f317fbc	0	0
8881	6	4	4	0	0	0410820a001300610002480a0005050	19ae6df4b7e45f9eb7b517f5f35afad	0	0
8882	6	6	7	0	0	04108222002200a1041010412004a40	19ae6ddcb7d55f5eb3a74fbed35b5bd	0	0
8883	6	6	3	0	0	0410824201020061020202412140050	19ae6dbcb6f55f9eb5b55dbed21ffad	0	0
8884	6	7	6	0	1	0410880a000400e20410402031040a0	19ae67f4b7f35f1db3a71fdfc25bf5d	0	0
8885	6	5	3	0	1	0410a00091810100128002308101030	19ae4ffe26765effa5375dcf725efcd	0	0
8886	6	6	6	0	1	0410a000a1410020101100a88140018	19ae4ffe16b65fdfa7a65f57721ffe5	0	0
8887	6	1	4	0	0	0410a020111001a104800060c004240	19ae4fdea6e75e5eb3375f9f335bdbd	0	0
8888	6	7	4	0	1	0410a020810001a104800060c004a40	19ae4fde36f75e5eb3375f9f335b5bd	0	0
8889	6	3	7	0	1	041202440480024113000020a009090	19acedbab3775dbea4b75fdf5356f6d	0	0
8890	6	5	6	0	0	0412024800900241030000688009090	19acedb6b7675dbeb4b75f977356f6d	0	0
8891	6	7	1	0	0	0412040a00110042820118081009120	19acebf4b7e65fbd35b647f7e356edd	0	0
8892	6	9	6	0	1	04200104122000f00090409010140a0	199eeefaa5d75f0fb7271f6fe34bf5d	0	0
8893	6	9	4	0	0	042001060013402020a0408a0009041	199eeef8b7e41fdf97171f75f356fbc	0	0
8894	6	6	2	0	0	04200186020200b0009050005204060	199eee78b5f55f4fb7270fffa15bf9d	0	0
8895	6	9	6	0	1	0420020c002500601110402091040a0	199eedf2b7d25f9fa6a71fdf625bf5d	0	0
8896	6	9	6	0	1	04200212001500700021028a00090c0	199eedecb7e25f8fb7965d75f356f3d	0	0
8897	6	5	4	0	0	042002888301004102024041800a440	199eed7634f65fbeb5b51fbe7355bbd	0	0
8898	6	3	3	0	0	0420030413001820120100908108090	199eecfaa4f747dfa5b65f6f7257f6d	0	0
8899	6	1	6	0	0	0420030a01040470011000b80004060	199eecf4b6f35b8fb6a75f47f35bf9d	0	0
8900	6	7	6	0	0	0420030c002100601110402091040a0	199eecf2b7d65f9fa6a71fdf625bf5d	0	0
8901	6	5	6	0	0	0420030c002500600110402091040a0	199eecf2b7d25f9fb6a71fdf625bf5d	0	0
8902	6	3	6	0	0	04200312001500700030008a00088c0	199eececb7e25f8fb7875f75f35773d	0	0
8903	6	2	6	0	0	04200312001500700030408200088c0	199eececb7e25f8fb7871f7df35773d	0	0
8904	6	5	0	0	1	04200318014000e0060006090006050	199eece6b6b75f1fb1b759f6f359fad	0	0
8905	6	6	6	0	0	0420032201040061010102980048048	199eecdcb6f35f9eb6b65d67f317fb5	0	0
8906	6	6	8	0	1	04200322014000608401028900050c0	199eecdcb6b75f9f33b65d76f35af3d	0	0
8907	6	6	4	0	0	0420032401040061030002908040848	199eecdab6f35f9eb4b75d6f731f7b5	0	0
8908	6	4	2	0	0	04200330044008608001121100050c0	199eecceb3b7579f37b64deef35af3d	0	0
8909	6	5	6	0	1	0420049800820180148044081018410	199eeb66b7755e7fa3371bf7e347bed	0	0
8910	6	4	6	0	1	04200498008201a0108044081018410	199eeb66b7755e5fa7371bf7e347bed	0	0
8911	6	3	6	0	1	042004b000820184148004081018410	199eeb4eb7755e7ba3375bf7e347bed	0	0
8912	6	6	10	0	1	042005101140082012010289000a0c0	199eeaeea6b757dfa5b65d76f355f3d	0	0
8913	6	1	1	0	1	0420051801400860260002290002050	199eeae6b6b7579f91b75dd6f35dfad	0	0
8914	6	6	7	0	1	0420060413000820120102908101050	199ee9faa4f757dfa5b65d6f725efad	0	0
8915	6	5	4	0	0	042006081301004102024041800a440	199ee9f6a4f65fbeb5b51fbe7355bbd	0	0
8916	6	1	4	0	0	0420060813010041220240418008440	199ee9f6a4f65fbe95b51fbe7357bbd	0	0
8917	6	6	4	0	0	0420061204400060800310890041440	199ee9ecb3b75f9f37b44f76f31ebbd	0	0
8918	6	4	7	0	1	042008a08202141010020c101240024	199ee75e35f54befa7b553efe11ffd9	0	0
8919	6	4	7	0	0	042008c800144430000108881011060	199ee736b7e31bcfb7b65777e34ef9d	0	0
8920	6	4	6	0	0	04200918001201b00400048a0018041	199ee6e6b7e55e4fb3b75b75f347fbc	0	0
8921	6	1	6	0	0	042009180015006400050c081008220	199ee6e6b7e25f9bb7b253f7e357ddd	0	0
8922	6	7	7	0	1	0420092082001060240104828009240	199ee6de35f74f9f93b65b7d7356dbd	0	0
8923	6	5	6	0	0	0420092082021120001110428210204	199ee6de35f54edfb7a64fbd714fdf9	0	0
8924	6	5	7	0	1	0420092082021120040104828009240	199ee6de35f54edfb3b65b7d7356dbd	0	0
8925	6	5	10	0	0	04200928004441010401088a000c041	199ee6d6b7b31efeb3b65775f353fbc	0	0
8926	6	5	4	0	0	04200928004441010401088a0204041	199ee6d6b7b31efeb3b65775f15bfbc	0	0
8927	6	5	3	0	0	04200928004441010401088a0208041	199ee6d6b7b31efeb3b65775f157fbc	0	0
8928	6	3	6	0	0	04200928004441210401008a000c041	199ee6d6b7b31edeb3b65f75f353fbc	0	0
8929	6	4	3	0	0	04200a4802040151000118180009060	199ee5b6b5f35eaeb7b647e7f356f9d	0	0
8930	6	9	4	0	1	04202010209001b00404042a0018081	199ecfee97675e4fb3b35bd5f347f7c	0	0
8931	6	9	0	0	1	042020140013008414804408100a030	199ecfeab7e45f7ba3371bf7e355fcd	0	0
8932	6	4	2	0	0	04202080a1054021020000a0c140050	199ecf7e16f21fdeb5b75f5f321ffad	0	0
8933	6	6	7	0	1	0420208411110020122002888009104	199ecf7aa6e65fdfa5975d777356ef9	0	0
8934	6	5	2	0	0	042020d0001404900280082052100a0	199ecf2eb7e35b6fb53757dfa14ff5d	0	0
8935	6	6	6	0	0	0420210210124020848040881011090	199ecefca7e51fdf33371f77e34ef6d	0	0
8936	6	3	7	0	1	042021021203009200904010100c024	199ecefca5f45f6db7271fefe353fd9	0	0
8937	6	5	4	0	1	0420210485000920010100b08009280	199ecefa32f756dfb6b65f4f7356d7d	0	0
8938	6	3	4	0	1	04202110108202b0048000805050220	199eceeea7755d4fb3375f7fa30fddd	0	0
8939	6	4	4	0	0	0420211010820314040010409208220	199eceeea7755cebb3b74fbf6157ddd	0	0
8940	6	4	4	0	1	0420211080850124000440288018081	199eceee37725edbb7b31fd77347f7c	0	0
8941	6	6	1	0	1	0420211081800124040402288008a20	199eceee36775edbb3b35dd773575dd	0	0
8942	6	3	4	0	1	04202110818001a4040400288008a20	199eceee36775e5bb3b35fd773575dd	0	0
8943	6	6	4	0	0	04202114001200a4048040281012030	199eceeab7e55f5bb3371fd7e34dfcd	0	0
8944	6	6	4	0	0	04202114001200a4048040805010a20	199eceeab7e55f5bb3371f7fa34f5dd	0	0
8945	6	6	0	0	0	04202114001200a404804408100a030	199eceeab7e55f5bb3371bf7e355fcd	0	0
8946	6	6	4	0	0	0420211400130004848000a88011204	199eceeab7e45ffb33375f57734edf9	0	0
8947	6	5	0	0	0	042021140013008404804408100a030	199eceeab7e45f7bb3371bf7e355fcd	0	0
8948	6	4	0	0	0	04202114001300a400804408100a030	199eceeab7e45f5bb7371bf7e355fcd	0	0
8949	6	5	4	0	0	04202118009001900404042a0208021	199ecee6b7675e6fb3b35bd5f157fdc	0	0
8950	6	6	2	0	0	0420214081044021020102888040850	199ecebe36f31fdeb5b65d77731f7ad	0	0
8951	6	6	4	0	0	0420214402020114001110888201028	199ecebab5f55eebb7a64f77715efd5	0	0
8952	6	6	0	0	1	04202212001500300021028a00090c0	199ecdecb7e25fcfb7965d75f356f3d	0	0
8953	6	6	10	0	1	04202402140440120005121010090a0	199ecbfca3f31fedb7b24defe356f5d	0	0
8954	6	7	4	0	1	0420240a0005400214015008100a021	199ecbf4b7f21ffda3b60ff7e355fdc	0	0
8955	6	4	4	0	1	0420240a0007400214005008100a021	199ecbf4b7f01ffda3b70ff7e355fdc	0	0
8956	6	6	4	0	1	042024120007000214015008100a0a0	199ecbecb7f05ffda3b60ff7e355f5d	0	0
8957	6	6	1	0	1	0420241200070002802140881048480	199ecbecb7f05ffd37961f77e317b7d	0	0
8958	6	5	0	0	1	0420241800820180148044081018410	199ecbe6b7755e7fa3371bf7e347bed	0	1
8959	6	8	6	0	1	04202810002201a0148050003010a20	199ec7eeb7d55e5fa3370fffc34f5dd	0	0
8960	6	7	4	0	1	04202814000201a0148050003010a20	199ec7eab7f55e5fa3370fffc34f5dd	0	0
8961	6	2	0	0	1	04202814001201a4048040880011030	199ec7eab7e55e5bb3371f77f34efcd	0	0
8962	6	6	2	0	1	04202814002200a0148050003010a20	199ec7eab7d55f5fa3370fffc34f5dd	0	0
8963	6	4	2	0	0	04202848000701060002030c0110021	199ec7b6b7f05ef9b7b55cf3f24ffdc	0	0
8964	6	5	0	0	0	0420285000060520008218081014220	199ec7aeb7f15adfb73547f7e34bddd	0	0
8965	6	5	6	0	1	0420285000220180148050003010a20	199ec7aeb7d55e7fa3370fffc34f5dd	0	0
8966	6	4	6	0	1	0420285000220184140050003010a20	199ec7aeb7d55e7ba3b70fffc34f5dd	0	0
8967	6	4	6	0	1	04202850002201a0108050003010a20	199ec7aeb7d55e5fa7370fffc34f5dd	0	0
8968	6	8	10	0	0	0420410011104820202102890009240	199eaefea6e717df97965d76f356dbd	0	0
8969	6	8	6	0	0	0420410011104820202102980009240	199eaefea6e717df97965d67f356dbd	0	0
8970	6	3	4	0	0	0420410095000860230000818009440	199eaefe22f7579f94b75f7e7356bbd	0	0
8971	6	5	10	0	1	0420410095004820020102818003050	199eaefe22f717dfb5b65d7e735cfad	0	0
8972	6	3	10	0	1	0420410095004820220100818009050	199eaefe22f717df95b65f7e7356fad	0	0
8973	6	6	6	0	1	04204102820300202011048a0009240	199eaefc35f45fdf97a65b75f356dbd	0	0
8974	6	6	6	0	1	04204102820300202011440a0009044	199eaefc35f45fdf97a61bf5f356fb9	0	0
8975	6	5	6	0	1	04204102820300600030408a0009044	199eaefc35f45f9fb7871f75f356fb9	0	0
8976	6	4	0	0	0	0420414011104820202002890009240	199eaebea6e717df97975d76f356dbd	0	0
8977	6	4	6	0	1	0420420091050070002002848009240	199eadfe26f25f8fb7975d7b7356dbd	0	0
8978	6	6	4	0	1	0420420093010000322008308101050	199eadfe24f65fff859757cf725efad	0	0
8979	6	4	1	0	1	0420420215000a30000108940009050	199eadfca2f755cfb7b6576bf356fad	0	0
8980	6	1	4	0	0	0420424014041820220212042010041	199eadbea3f347df95b54dfbd34ffbc	0	0
8981	6	7	10	0	1	04204800a0041070010102809140060	199ea7fe17f34f8fb6b65d7f621ff9d	0	0
8982	6	7	7	0	1	04204800a0041070010102809300060	199ea7fe17f34f8fb6b65d7f605ff9d	0	0
8983	6	7	2	0	0	0420480820104062040106081101060	199ea7f697e71f9db3b659f7e25ef9d	0	0
8984	6	5	9	0	1	0420482020141060010102809240060	199ea7de97e34f9fb6b65d7f611ff9d	0	0
8985	6	5	7	0	0	0420482020141060010102809300060	199ea7de97e34f9fb6b65d7f605ff9d	0	0
8986	6	4	4	0	0	0420482082041060200110908101060	199ea7de35f34f9f97b64f6f725ef9d	0	0
8987	6	6	2	0	1	042048480012403000030a081011060	199ea7b6b7e51fcfb7b455f7e34ef9d	0	0
8988	6	5	9	0	1	0420600031114020002102888009044	199e8ffe86e61fdfb7965d777356fb9	0	0
8989	6	5	2	0	0	0420600031114020002102888101050	199e8ffe86e61fdfb7965d77725efad	0	0
8990	6	3	4	0	0	0420600031114020202100888101050	199e8ffe86e61fdf97965f77725efad	0	0
8991	6	2	6	0	0	0420600031114020202102880101030	199e8ffe86e61fdf97965d77f25efcd	0	0
8992	6	2	4	0	0	0420600031114020202102880101060	199e8ffe86e61fdf97965d77f25ef9d	0	0
8993	6	7	6	0	1	0420600091014000302102980101030	199e8ffe26f61fff87965d67f25efcd	0	0
8994	6	7	4	0	1	0420600091014000302102980101060	199e8ffe26f61fff87965d67f25ef9d	0	0
8995	6	7	2	0	1	0420600091014020102102888101050	199e8ffe26f61fdfa7965d77725efad	0	0
8996	6	6	4	0	1	0420600093010000302108980101030	199e8ffe24f65fff87965767f25efcd	0	0
8997	6	5	4	0	1	0420600093010100122000b08101050	199e8ffe24f65effa5975f4f725efad	0	0
8998	6	5	4	0	1	0420600093010100142000a88101050	199e8ffe24f65effa3975f57725efad	0	0
8999	6	4	2	0	0	04206000a1054021020000a0c100850	199e8ffe16f21fdeb5b75f5f325f7ad	0	0
9000	6	6	4	0	0	042081060013002020a0408a0009041	199e6ef8b7e45fdf97171f75f356fbc	0	0
9001	6	6	6	0	0	0420810a01100060240142090003030	199e6ef4b6e75f9f93b61df6f35cfcd	0	0
9002	6	6	6	0	1	04208206001500300021028a0009081	199e6df8b7e25fcfb7965d75f356f7c	0	0
9003	6	6	1	0	1	0420820601050020201150084004860	199e6df8b6f25fdf97a60ff7b35b79d	0	0
9004	6	4	10	0	0	04208208105001610002480a0009050	199e6df6a7a75e9eb7b517f5f356fad	0	0
9005	6	6	4	0	0	0420824404050002201110228101028	199e6dbab3f25ffd97a64fdd725efd5	0	0
9006	6	1	6	0	1	0420a000a5010104102402308100011	199e4ffe12f65efba7935dcf725ffec	0	0
9007	6	6	4	0	0	0420c00031100060242002890101060	199e2ffe86e75f9f93975d76f25ef9d	0	0
9008	6	5	4	0	0	0420c00031110040242002890101060	199e2ffe86e65fbf93975d76f25ef9d	0	0
9009	6	3	4	0	1	0420c00091810100342000288101050	199e2ffe26765eff83975fd7725efad	0	0
9010	6	4	7	0	0	04220114000700418200048a000a048	199ceeeab7f05fbe35b75b75f355fb5	0	0
9011	6	4	2	0	0	0422080882040151000118180009060	199ce7f635f35eaeb7b647e7f356f9d	0	0
9012	6	6	4	0	1	0422080c000601120003410412100a0	199ce7f2b7f15eedb7b41efbe14ff5d	0	0
9013	6	6	6	0	1	04220814001200b0008240205050024	199ce7eab7e55f4fb7351fdfa30ffd9	0	0
9014	6	4	0	0	1	0422200881810110100402248009220	199ccff636765eefa7b35ddb7356ddd	0	0
9015	6	5	4	0	1	042220500014019000840a0a0010821	199ccfaeb7e35e6fb73355f5f34f7dc	0	0
9017	6	9	6	0	1	0480010210a000f005000182100c280	193eeefca7575f0fb2b75e7de353d7d	0	0
9018	6	9	6	0	0	04800120112002b000a001940008844	193eeedea6d75d4fb7175e6bf3577b9	0	0
9019	6	8	8	0	0	0480018084111020101408888040890	193eee7e33e64fdfa7a35777731f76d	0	0
9020	6	9	6	0	1	0480022081040470010102908041048	193eedde36f35b8fb6b65d6f731efb5	0	0
9021	6	9	4	0	1	04800230044002608003109100050c0	193eedceb3b75d9f37b44f6ef35af3d	0	0
9022	6	9	3	0	1	04800244060000d100030912000a090	193eedbab1f75f2eb7b456edf355f6d	0	0
9023	6	6	6	0	1	04800300948100088005411200090a0	193eecfe23765ff737b21eedf356f5d	0	0
9024	6	7	6	0	0	04800302110004a80401018a000c240	193eecfca6f75b57b3b65e75f353dbd	0	0
9025	6	7	6	0	0	04800302110004a80401030a0006240	193eecfca6f75b57b3b65cf5f359dbd	0	0
9026	6	6	6	0	0	0480030221100068001102980044240	193eecfc96e75f97b7a65d67f31bdbd	0	0
9027	6	6	6	0	0	0480030221100070011002902040a40	193eecfc96e75f8fb6a75d6fd31f5bd	0	0
9028	6	8	4	0	1	0480030400830094020105021208108	193eecfab7745f6bb5b65afde157ef5	0	0
9029	6	2	2	0	0	0480030484810044820111100009120	193eecfa33765fbb35b64eeff356edd	0	0
9030	6	6	3	0	0	0480030600130028001140830009280	193eecf8b7e45fd7b7a61f7cf356d7d	0	0
9031	6	4	4	0	0	0480030a008200d204001110100c300	193eecf4b7755f2db3b74eefe353cfd	0	0
9032	6	6	2	0	1	0480030c0481000412010300a208101	193eecf2b3765ffba5b65cff5157efc	0	0
9033	6	6	3	0	0	04800312001500300011088a00088c0	193eececb7e25fcfb7a65775f35773d	0	0
9034	6	5	6	0	0	04800312001500600011408a000c0c0	193eececb7e25f9fb7a61f75f353f3d	0	0
9035	6	3	6	0	0	04800312001500700011008a000c0c0	193eececb7e25f8fb7a65f75f353f3d	0	0
9036	6	1	6	0	0	04800312001500700011028a00040c0	193eececb7e25f8fb7a65d75f35bf3d	0	0
9037	6	2	6	0	0	048003120015007000114082000c0c0	193eececb7e25f8fb7a61f7df353f3d	0	0
9038	6	4	4	0	1	048003140085005402000280a240009	193eeceab7725fabb5b75d7f511fff4	0	0
9039	6	7	3	0	0	0480032200101068001100d800480c0	193eecdcb7e74f97b7a65f27f317f3d	0	0
9040	6	7	7	0	0	0480032201000468040102890005048	193eecdcb6f75b97b3b65d76f35afb5	0	0
9041	6	4	4	0	0	0480032201021224040000c12100910	193eecdcb6f54ddbb3b75f3ed25f6ed	0	0
9042	6	5	7	0	0	04800330011002a0002140910008850	193eecceb6e75d5fb7961f6ef3577ad	0	0
9043	6	2	7	0	0	048003420014106800114088000c0c0	193eecbcb7e34f97b7a61f77f353f3d	0	0
9044	6	5	3	0	0	0480035000510082020102830048201	193eecaeb7a65f7db5b65d7cf317dfc	0	0
9045	6	9	6	0	0	04800420111004888401089800030a0	193eebdea6e75b7733b65767f35cf5d	0	0
9046	6	9	2	0	1	0480042400a000c4160014003208101	193eebdab7575f3ba1b74bffc157efc	0	0
9047	6	5	6	0	0	048004c202110040109002890101084	193eeb3cb5e65fbfa7275d76f25ef79	0	0
9048	6	5	6	0	0	048004c206000240109000c11108480	193eeb3cb1f75dbfa7275f3ee257b7d	0	0
9049	6	8	4	0	1	04800500840301280011088a00110c0	193eeafe33f45ed7b7a65775f34ef3d	0	0
9050	6	4	10	0	0	048005009500112010040a0c00088a0	193eeafe22f74edfa7b355f3f35775d	0	0
9051	6	5	4	0	0	0480050096010040828018101003060	193eeafe21f65fbf353747efe35cf9d	0	0
9052	6	7	4	0	0	0480050280030068009040830101044	193eeafc37f45f97b7271f7cf25efb9	0	0
9053	6	4	7	0	0	0480050480834000320050005208021	193eeafa37741fff85b70fffa157fdc	0	0
9054	6	7	6	0	0	04800512001100508401028a00030c0	193eeaecb7e65faf33b65d75f35cf3d	0	0
9055	6	2	7	0	0	0480051200121060860000c8000a0c0	193eeaecb7e54f9f31b75f37f355f3d	0	0
9056	6	6	2	0	0	04800512001500300011088a00088c0	193eeaecb7e25fcfb7a65775f35773d	0	0
9057	6	6	0	0	0	04800512001500300014088a00088c0	193eeaecb7e25fcfb7a35775f35773d	0	0
9058	6	6	7	0	0	0480051800120050860002411202060	193eeae6b7e55faf31b75dbee15df9d	0	0
9059	6	5	2	0	0	04800518005100420401028a0009240	193eeae6b7a65fbdb3b65d75f356dbd	0	0
9060	6	7	3	0	0	048005201100112014040a0c00088a0	193eeadea6f74edfa3b355f3f35775d	0	0
9061	6	6	6	0	0	04800520112000b000a001940008844	193eeadea6d75f4fb7175e6bf3577b9	0	0
9062	6	6	3	0	0	0480052013001000340110888208050	193eeadea4f74fff83b64f777157fad	0	0
9063	6	5	10	0	1	0480052081045020000502888040850	193eeade36f30fdfb7b25d77731f7ad	0	0
9064	6	6	6	0	1	0480052081800068040402288041014	193eeade36775f97b3b35dd7731efe9	0	0
9065	6	6	6	0	1	04800520818001280005023800090a0	193eeade36775ed7b7b25dc7f356f5d	0	0
9066	6	4	6	0	1	04800520818001680004023800090a0	193eeade36775e97b7b35dc7f356f5d	0	0
9067	6	3	6	0	1	04800520818001680005021800090a0	193eeade36775e97b7b25de7f356f5d	0	0
9068	6	2	6	0	1	04800520818001680404022800090a0	193eeade36775e97b3b35dd7f356f5d	0	0
9069	6	1	4	0	0	04800542001240608280088810010c0	193eeabcb7e51f9f35375777e35ef3d	0	0
9070	6	7	6	0	0	0480060214000468008241030003410	193ee9fca3f75b97b7351efcf35cbed	0	0
9071	6	2	6	0	0	0480060284030060801210820101140	193ee9fc33f45f9f37a54f7df25eebd	0	0
9072	6	5	10	0	1	0480060410074000828001828101050	193ee9faa7f01fff35375e7d725efad	0	0
9073	6	6	1	0	1	0480060600130028001140830009280	193ee9f8b7e45fd7b7a61f7cf356d7d	0	0
9074	6	6	4	0	1	0480060885010010800308340003060	193ee9f632f65fef37b457cbf35cf9d	0	0
9075	6	6	4	0	1	0480060c00070008860001228101044	193ee9f2b7f05ff731b75edd725efb9	0	0
9076	6	3	1	0	0	04800610106002a08600100111008c0	193ee9eea7975d5f31b74ffee25f73d	0	0
9077	6	2	4	0	0	0480061010831000960010402140024	193ee9eea7744fff21b74fbfd21ffd9	0	0
9078	6	2	7	0	1	0480061200061220840100c801080c0	193ee9ecb7f14ddf33b65f37f257f3d	0	0
9079	6	6	1	0	1	04800612001500300011088a00088c0	193ee9ecb7e25fcfb7a65775f35773d	0	0
9080	6	7	3	0	1	04800612040000e0820112110041044	193ee9ecb3f75f1f35b64deef31efb9	0	0
9081	6	7	4	0	1	04800612040002608201105100030c0	193ee9ecb3f75d9f35b64faef35cf3d	0	0
9082	6	6	7	0	1	048006140015003002010220c041044	193ee9eab7e25fcfb5b65ddf331efb9	0	0
9083	6	2	10	0	1	04800618005000d2040102820009240	193ee9e6b7a75f2db3b65d7df356dbd	0	0
9084	6	2	1	0	1	0480061800510052040102820009240	193ee9e6b7a65fadb3b65d7df356dbd	0	0
9085	6	2	0	0	1	0480061800510092040102820009240	193ee9e6b7a65f6db3b65d7df356dbd	0	0
9086	6	7	4	0	1	04800624008000c4160014003208101	193ee9dab7775f3ba1b74bffc157efc	0	0
9087	6	6	4	0	1	0480062400820084160014003208101	193ee9dab7755f7ba1b74bffc157efc	0	0
9088	6	1	10	0	1	0480062400a000c4160014003008101	193ee9dab7575f3ba1b74bffc357efc	0	0
9089	6	3	6	0	1	04800628001200ca041000501048220	193ee9d6b7e55f35b3a75fafe317ddd	0	0
9090	6	6	4	0	0	0480063004400060800310830005440	193ee9ceb3b75f9f37b44f7cf35abbd	0	0
9091	6	2	4	0	0	0480063004400260800310810041440	193ee9ceb3b75d9f37b44f7ef31ebbd	0	0
9092	6	7	2	0	0	0480064200021068001210482140050	193ee9bcb7f54f97b7a54fb7d21ffad	0	0
9093	6	4	4	0	0	0480064204020260808010411101140	193ee9bcb3f55d9f37374fbee25eebd	0	0
9094	6	4	8	0	0	0480064204800240900150011009480	193ee9bcb3775dbf27b60ffee356b7d	0	0
9095	6	5	8	0	1	0480064800510082020102830009201	193ee9b6b7a65f7db5b65d7cf356dfc	0	0
9096	6	2	4	0	1	0480066000061228001218080010884	193ee99eb7f14dd7b7a547f7f34f779	0	0
9097	6	3	4	0	0	04800660048000c3000510120009108	193ee99eb3775f3cb7b24fedf356ef5	0	0
9098	6	9	8	0	0	04800808201304120401018a0003060	193ee7f697e45bedb3b65e75f35cf9d	0	0
9099	6	9	4	0	1	0480080820840252050001301140024	193ee7f697735dadb2b75ecfe21ffd9	0	0
9100	6	9	6	0	1	04800818001500520401028a0005024	193ee7e6b7e25fadb3b65d75f35afd9	0	0
9101	6	9	2	0	1	04800818001500520401028a0005060	193ee7e6b7e25fadb3b65d75f35af9d	0	0
9102	6	4	4	0	1	0480089800850212040000603140024	193ee766b7725dedb3b75f9fc21ffd9	0	0
9103	6	6	3	0	0	0480090221100052010102901240240	193ee6fc96e75fadb6b65d6fe11fdbd	0	0
9104	6	8	4	0	0	0480090800840252050001301140024	193ee6f6b7735dadb2b75ecfe21ffd9	0	0
9105	6	7	4	0	0	0480090820800252050001301140024	193ee6f697775dadb2b75ecfe21ffd9	0	0
9106	6	6	3	0	0	0480090820820052050003101140024	193ee6f697755fadb2b75cefe21ffd9	0	0
9107	6	4	2	0	0	0480090820820452040041021204120	193ee6f697755badb3b71efde15bedd	0	0
9108	6	6	10	0	0	0480090820a00052050001221104024	193ee6f697575fadb2b75edde25bfd9	0	0
9109	6	6	7	0	0	0480090820a00052050001301104024	193ee6f697575fadb2b75ecfe25bfd9	0	0
9110	6	6	3	0	0	0480090820a00052050001301140024	193ee6f697575fadb2b75ecfe21ffd9	0	0
9111	6	3	0	0	0	0480090820a00252050001101140024	193ee6f697575dadb2b75eefe21ffd9	0	0
9112	6	5	9	0	0	0480090820a10042050001221104024	193ee6f697565fbdb2b75edde25bfd9	0	0
9113	6	4	8	0	0	0480090820a10052040001221104024	193ee6f697565fadb3b75edde25bfd9	0	0
9114	6	4	2	0	0	0480090820a10052040001221104120	193ee6f697565fadb3b75edde25bedd	0	0
9115	6	4	6	0	1	04800912000702300001030a0042044	193ee6ecb7f05dcfb7b65cf5f31dfb9	0	0
9116	6	7	2	0	0	04800918001100520401028a0005060	193ee6e6b7e65fadb3b65d75f35af9d	0	0
9117	6	6	10	0	1	0480092020a00052050001221044024	193ee6de97575fadb2b75edde31bfd9	0	0
9118	6	6	7	0	1	0480092020a00052050001301044024	193ee6de97575fadb2b75ecfe31bfd9	0	0
9119	6	4	8	0	1	0480092400241070008001908004884	193ee6dab7d34f8fb7375e6f735b779	0	0
9120	6	6	6	0	1	0480092800240052050001301044024	193ee6d6b7d35fadb2b75ecfe31bfd9	0	0
9121	6	6	4	0	1	0480092800840052050001301044024	193ee6d6b7735fadb2b75ecfe31bfd9	0	0
9122	6	6	1	0	1	0480092800a00052050001301044024	193ee6d6b7575fadb2b75ecfe31bfd9	0	0
9123	6	6	2	0	1	0480092800a00052050001320005024	193ee6d6b7575fadb2b75ecdf35afd9	0	0
9124	6	4	1	0	0	04800a0424800151000111102208180	193ee5fa93775eaeb7b64eefd157e7d	0	0
9125	6	4	1	0	0	04800a0424800151000111120208108	193ee5fa93775eaeb7b64eedf157ef5	0	0
9126	6	2	3	0	0	04800a0424800151000311100208180	193ee5fa93775eaeb7b44eeff157e7d	0	0
9127	6	8	6	0	1	04800a0800150058001140920005060	193ee5f6b7e25fa7b7a61f6df35af9d	0	0
9128	6	7	6	0	1	04800a0820110058001140920005060	193ee5f697e65fa7b7a61f6df35af9d	0	0
9129	6	4	4	0	1	04800a0820850052040001221104120	193ee5f697725fadb3b75edde25bedd	0	0
9130	6	5	6	0	0	04800a0820a00150040205140104081	193ee5f697575eafb3b55aebf25bf7c	0	0
9131	6	5	6	0	1	04800a0824110048001140920005060	193ee5f693e65fb7b7a61f6df35af9d	0	0
9132	6	4	3	0	0	04800a0a01050052000202940104041	193ee5f4b6f25fadb7b55d6bf25bfbc	0	0
9133	6	8	10	0	1	04800a1000150052020102828041048	193ee5eeb7e25fadb5b65d7d731efb5	0	0
9134	6	4	6	0	1	04800a10205100700001028a00050c0	193ee5ee97a65f8fb7b65d75f35af3d	0	0
9135	6	4	6	0	1	04800a12001500700001028a0041048	193ee5ecb7e25f8fb7b65d75f31efb5	0	0
9136	6	4	2	0	1	04800a120015007000010a0a0041048	193ee5ecb7e25f8fb7b655f5f31efb5	0	0
9137	6	6	1	0	0	04800a2022800111040111120008848	193ee5de95775eeeb3b64eedf3577b5	0	0
9138	6	6	0	0	0	04800a2022800111040211120008848	193ee5de95775eeeb3b54eedf3577b5	0	0
9139	6	4	6	0	1	04800a2022800151000101520208088	193ee5de95775eaeb7b65eadf157f75	0	0
9140	6	5	1	0	1	04800a202280091004011112000c041	193ee5de957756efb3b64eedf353fbc	0	0
9141	6	6	4	0	0	04800a30000601210402180a0004848	193ee5ceb7f15edeb3b547f5f35b7b5	0	0
9142	6	6	4	0	0	04800a3004040121000318120004848	193ee5ceb3f35edeb7b447edf35b7b5	0	0
9143	6	4	3	0	0	04800a3004040161000218120004850	193ee5ceb3f35e9eb7b547edf35b7ad	0	0
9144	6	4	3	0	0	04800a4204020260808010411101140	193ee5bcb3f55d9f37374fbee25eebd	0	0
9145	6	4	1	0	0	04800a44002202680020500031010c0	193ee5bab7d55d97b7970fffc25ef3d	0	0
9146	6	5	6	0	0	04800a600202014102020143000c480	193ee59eb5f55ebeb5b55ebcf353b7d	0	0
9147	6	6	8	0	0	04800c2400820101140250003200890	193ee3dab7755efea3b50fffc15f76d	0	0
9148	6	6	7	0	0	04800c2400820101140250003200910	193ee3dab7755efea3b50fffc15f6ed	0	0
9149	6	6	4	0	0	04800c2400820101140250003200980	193ee3dab7755efea3b50fffc15f67d	0	0
9150	6	4	10	0	0	04800c2400824101100250003200890	193ee3dab7751efea7b50fffc15f76d	0	0
9151	6	4	7	0	0	04800c280404060a000108301011404	193ee3d6b3f359f5b7b657cfe34ebf9	0	0
9152	6	6	9	0	0	04800c3000060422008208221014404	193ee3ceb7f15bddb73557dde34bbf9	0	0
9153	6	4	2	0	0	04800c4204020260808010411101140	193ee3bcb3f55d9f37374fbee25eebd	0	0
9154	6	6	3	0	1	04800c4204030000908118081003140	193ee3bcb3f45fff273647f7e35cebd	0	0
9155	6	9	4	0	0	0480202020824101160010203240018	193ecfde97751efea1b74fdfc11ffe5	0	0
9156	6	5	3	0	0	0480211014400282008102901048600	193eceeea3b75d7db7365d6fe3179fd	0	0
9157	6	5	4	0	0	0480213001100284040108980002830	193ececeb6e75d7bb3b65767f35d7cd	0	0
9158	6	6	4	0	1	04802240209000980401030a0050005	193ecdbe97675f67b3b65cf5f30fff8	0	0
9159	6	2	0	0	1	0480225000500294040108880009090	193ecdaeb7a75d6bb3b65777f356f6d	0	0
9160	6	8	0	0	0	048024001111400090a002980101044	193ecbfea6e61fff27175d67f25efb9	0	0
9161	6	5	7	0	1	0480240091814000102102980101014	193ecbfe26761fffa7965d67f25efe9	0	0
9162	6	5	2	0	1	0480240095014000108102908101050	193ecbfe22f61fffa7365d6f725efad	0	0
9163	6	5	6	0	0	04802410101304001480420a0003024	193ecbeea7e45bffa3371df5f35cfd9	0	0
9164	6	5	2	0	1	04802410110500808401028a0104060	193ecbeea6f25f7f33b65d75f25bf9d	0	0
9165	6	6	2	0	1	0480242400220084160014003208101	193ecbdab7d55f7ba1b74bffc157efc	0	0
9166	6	2	6	0	1	0480243000220184160014001200818	193ecbceb7d55e7ba1b74bffe15f7e5	0	0
9167	6	2	4	0	1	0480243000820184160014001200818	193ecbceb7755e7ba1b74bffe15f7e5	0	0
9168	6	2	0	0	1	0480243000820184160014001208018	193ecbceb7755e7ba1b74bffe157fe5	0	0
9169	6	2	7	0	1	048024600012018c041008880001830	193ecb9eb7e55e73b3a75777f35e7cd	0	0
9170	6	5	4	0	1	04802460010202840401088c0003030	193ecb9eb6f55d7bb3b65773f35cfcd	0	0
9171	6	7	6	0	1	048028102003020414015008100a028	193ec7ee97f45dfba3b60ff7e355fd5	0	0
9172	6	6	4	0	0	0480281020150012040100a21140028	193ec7ee97e25fedb3b65f5de21ffd5	0	0
9173	6	4	6	0	0	048028102023010414001108810080c	193ec7ee97d45efba3b74ef7725f7f1	0	0
9174	6	4	7	0	0	0480282020820510140005041200888	193ec7de97755aefa3b75afbe15f775	0	0
9175	6	4	7	0	0	0480282020820510140011009200908	193ec7de97755aefa3b74eff615f6f5	0	0
9176	6	6	6	0	0	0480284020220110142011003100980	193ec7be97d55eefa3974effc25f67d	0	0
9177	6	4	2	0	1	04802840208242101001110812080a0	193ec7be97751defa7b64ef7e157f5d	0	0
9178	6	5	4	0	1	04802860010203040401084c0003028	193ec79eb6f55cfbb3b657b3f35cfd5	0	0
9179	6	8	9	0	0	0480410011100a20210102910009240	193eaefea6e755df96b65d6ef356dbd	0	0
9181	6	7	6	0	0	0480410090210108222050102009041	193eaefe27d65ef795970fefd356fbc	0	0
9185	6	4	10	0	1	0480410095000a08200102910009240	193eaefe22f755f797b65d6ef356dbd	0	0
9191	6	4	9	0	1	0480410095000a28000102910003050	193eaefe22f755d7b7b65d6ef35cfad	0	0
9192	6	4	2	0	1	0480410095000a28000102910009240	193eaefe22f755d7b7b65d6ef356dbd	0	0
9193	6	5	3	0	0	04804102102410600300028033000c0	193eaefca7d34f9fb4b75d7fc05ff3d	0	0
9194	6	6	9	0	1	0480410281020228040102890003050	193eaefc36f55dd7b3b65d76f35cfad	0	0
9195	6	6	3	0	0	0480414011104020202102890009240	193eaebea6e71fdf97965d76f356dbd	0	0
9196	6	3	4	0	1	0480414082800244260040011001830	193eaebe35775dbb91b71ffee35e7cd	0	0
9197	6	4	1	0	1	0480440095000930000108940009050	193eabfe22f756cfb7b6576bf356fad	0	0
9198	6	8	4	0	1	0480480020840252050001301140024	193ea7fe97735dadb2b75ecfe21ffd9	0	0
9199	6	6	3	0	0	0480480820120052050002901101060	193ea7f697e55fadb2b75d6fe25ef9d	0	0
9200	6	6	6	0	1	0480480820240052050001301104024	193ea7f697d35fadb2b75ecfe25bfd9	0	0
9201	6	4	6	0	0	0480480820250052040001241104024	193ea7f697d25fadb3b75edbe25bfd9	0	0
9202	6	1	4	0	1	0480480820840252050001301100024	193ea7f697735dadb2b75ecfe25ffd9	0	0
9203	6	3	4	0	0	0480480820900252050000301101024	193ea7f697675dadb2b75fcfe25efd9	0	0
9204	6	6	3	0	1	0480480824100052010102901201060	193ea7f693e75fadb6b65d6fe15ef9d	0	0
9205	6	6	3	0	1	0480484204040042218002910101009	193ea7bcb3f35fbd96375d6ef25eff4	0	0
9206	6	7	3	0	1	0480600091014000302102980101050	193e8ffe26f61fff87965d67f25efad	0	0
9207	6	5	1	0	0	0480600091114000202102980101050	193e8ffe26e61fff97965d67f25efad	0	0
9208	6	5	0	0	0	04806000a1114000202102980101050	193e8ffe16e61fff97965d67f25efad	0	0
9209	6	3	6	0	0	0480808281040470001200920104044	193e6f7c36f35b8fb7a55f6df25bfb9	0	0
9210	6	1	6	0	1	0480808281040470001240920004044	193e6f7c36f35b8fb7a51f6df35bfb9	0	0
9211	6	6	4	0	0	0480810210130000a28041030201044	193e6efca7e45fff15371efcf15efb9	0	0
9212	6	6	7	0	0	0480810280130020201140830009240	193e6efc37e45fdf97a61f7cf356dbd	0	0
9213	6	2	2	0	0	0480810280131020101448080040890	193e6efc37e44fdfa7a317f7f31f76d	0	0
9214	6	8	4	0	0	0480810400131000328040203240030	193e6efab7e44fff85371fdfc11ffcd	0	0
9215	6	5	4	0	0	0480810414110800208103120003240	193e6efaa3e657ff97365cedf35cdbd	0	0
9216	6	5	2	0	0	0480812201020620040108890041018	193e6edcb6f559dfb3b65776f31efe5	0	0
9217	6	8	6	0	0	04808202001404700011409200050c0	193e6dfcb7e35b8fb7a61f6df35af3d	0	0
9218	6	8	6	0	1	04808202001500700011028a00050c0	193e6dfcb7e25f8fb7a65d75f35af3d	0	0
9219	6	4	6	0	0	04808202102400c4820009101104480	193e6dfca7d35f3b35b756efe25bb7d	0	0
9220	6	2	6	0	1	04808202110504300003030800060c0	193e6dfca6f25bcfb7b45cf7f359f3d	0	0
9221	6	6	6	0	1	048082021411000032800a120005011	193e6dfca3e65fff853755edf35afec	0	0
9222	6	6	4	0	1	048082021411000032800a120005041	193e6dfca3e65fff853755edf35afbc	0	0
9223	6	2	6	0	1	04808202801500700011408200090c0	193e6dfc37e25f8fb7a61f7df356f3d	0	0
9224	6	4	9	0	1	0480820280830204100148005009480	193e6dfc37745dfba7b617ffa356b7d	0	0
9225	6	6	6	0	1	0480820281040430000341120002850	193e6dfc36f35bcfb7b41eedf35d7ad	0	0
9226	6	4	6	0	0	0480820281040470000102920101048	193e6dfc36f35b8fb7b65d6df25efb5	0	0
9227	6	3	6	0	1	0480820281040470001240120004844	193e6dfc36f35b8fb7a51fedf35b7b9	0	0
9228	6	4	4	0	1	0480820284810044100148003009480	193e6dfc33765fbba7b617ffc356b7d	0	0
9229	6	6	4	0	1	048082060015001022010a120041009	193e6df8b7e25fef95b655edf31eff4	0	0
9230	6	6	2	0	1	04808206001500300011402240050c0	193e6df8b7e25fcfb7a61fddb35af3d	0	0
9231	6	6	0	0	1	048082060411000032800a120005011	193e6df8b3e65fff853755edf35afec	0	0
9232	6	6	4	0	1	0480820c00150010201140320005060	193e6df2b7e25fef97a61fcdf35af9d	0	0
9233	6	4	0	0	0	04808220112002a1040000c141040c0	193e6ddea6d75d5eb3b75f3eb25bf3d	0	0
9234	6	4	10	0	0	0480822021100470000102818041048	193e6dde96e75b8fb7b65d7e731efb5	0	0
9235	6	4	3	0	1	048082202500018500010a110200818	193e6dde92f75e7ab7b655eef15f7e5	0	0
9236	6	4	6	0	1	0480822081040470000102908041048	193e6dde36f35b8fb7b65d6f731efb5	0	0
9237	6	5	6	0	0	04808222001404600011409200050c0	193e6ddcb7e35b9fb7a61f6df35af3d	0	0
9238	6	3	6	0	0	04808222001404700011009200050c0	193e6ddcb7e35b8fb7a65f6df35af3d	0	0
9239	6	4	1	0	0	0480822201100470000102910041048	193e6ddcb6e75b8fb7b65d6ef31efb5	0	0
9240	6	4	6	0	1	04808242002400f00010500030048c0	193e6dbcb7d35f0fb7a70fffc35b73d	0	0
9241	6	4	6	0	1	0480824404050041220002222041018	193e6dbab3f25fbe95b75dddd31efe5	0	0
9242	6	3	4	0	0	0480842080061120148010009100850	193e6bde37f14edfa3374fff625f7ad	0	0
9243	6	6	4	0	0	0480844200120040928048011003480	193e6bbcb7e55fbf253717fee35cb7d	0	0
9244	6	5	6	0	0	0480846000060620001218081010884	193e6b9eb7f159dfb7a547f7e34f779	0	0
9245	6	6	6	0	0	04808802201204300401018a00030c0	193e67fc97e55bcfb3b65e75f35cf3d	0	0
9246	6	5	6	0	0	04808802201304100401018a00030c0	193e67fc97e45befb3b65e75f35cf3d	0	0
9247	6	4	6	0	0	04808802201304300001018a00030c0	193e67fc97e45bcfb7b65e75f35cf3d	0	0
9248	6	7	3	0	0	0480880420021060148050003102030	193e67fa97f54f9fa3370fffc25dfcd	0	0
9249	6	3	2	0	0	04808808201304120401010a0003060	193e67f697e45bedb3b65ef5f35cf9d	0	0
9250	6	3	6	0	0	0480880820150052041000221104024	193e67f697e25fadb3a75fdde25bfd9	0	0
9251	6	5	6	0	1	0480880820250042060001203140024	193e67f697d25fbdb1b75edfc21ffd9	0	0
9252	6	4	6	0	1	0480880820250052040001203140024	193e67f697d25fadb3b75edfc21ffd9	0	0
9253	6	4	6	0	1	0480880820250052040001221104024	193e67f697d25fadb3b75edde25bfd9	0	0
9254	6	4	4	0	0	0480884200140270000118081041044	193e67bcb7e35d8fb7b647f7e31efb9	0	0
9255	6	6	4	0	0	0480a02020820101160010203240018	193e4fde97755efea1b74fdfc11ffe5	0	0
9256	6	4	4	0	1	0480c000a1110060200142090003060	193e2ffe16e65f9f97b61df6f35cf9d	0	0
9257	6	4	7	0	0	0480c04080150042220002814101021	193e2fbe37e25fbd95b75d7eb25efdc	0	0
9258	6	3	6	0	0	0482008281040458001200920104044	193cef7c36f35ba7b7a55f6df25bfb9	0	0
9259	6	3	6	0	0	04820082810404680012008a0104044	193cef7c36f35b97b7a55f75f25bfb9	0	0
9260	6	5	6	0	0	0482008282110400121000aa0041044	193cef7c35e65bffa5a75f55f31efb9	0	0
9261	6	4	3	0	0	04820100918011201004420c00088a0	193ceefe26774edfa7b31df3f35775d	0	0
9262	6	4	4	0	0	048201009500112010040a0c00048a0	193ceefe22f74edfa7b355f3f35b75d	0	0
9263	6	4	3	0	0	048201009500112010040a0c00088a0	193ceefe22f74edfa7b355f3f35775d	0	0
9264	6	4	0	0	0	048201009500112010040a0c000c0a0	193ceefe22f74edfa7b355f3f353f5d	0	0
9265	6	7	6	0	0	04820102101100488090408a0005044	193ceefca7e65fb737271f75f35afb9	0	0
9266	6	5	6	0	0	04820102121100408090408a0005044	193ceefca5e65fbf37271f75f35afb9	0	0
9267	6	6	6	0	0	0482010221100058001102980044044	193ceefc96e75fa7b7a65d67f31bfb9	0	0
9268	6	3	6	0	1	0482020281040458001200920004a40	193cedfc36f35ba7b7a55f6df35b5bd	0	0
9269	6	4	3	0	1	048202041500112010024024800c090	193cedfaa2f74edfa7b51fdb7353f6d	0	0
9270	6	2	10	0	1	048202041600018180034102000c0c0	193cedfaa1f75e7e37b41efdf353f3d	0	0
9271	6	4	4	0	1	0482020810074002800241021104060	193cedf6a7f01ffd37b51efde25bf9d	0	0
9272	6	5	3	0	1	0482020880434000801240230101044	193cedf637b41fff37a51fdcf25efb9	0	0
9273	6	7	4	0	1	0482020c04010110800301260005060	193cedf2b3f65eef37b45ed9f35af9d	0	0
9274	6	4	4	0	1	0482020c04050110800101260005060	193cedf2b3f25eef37b65ed9f35af9d	0	0
9275	6	8	4	0	1	048204001500112010060a0c00048a0	193cebfea2f74edfa7b155f3f35b75d	0	0
9276	6	4	1	0	1	048204009500112010040a0c00088a0	193cebfe22f74edfa7b355f3f35775d	0	0
9277	6	5	4	0	1	0482040410074000828001828101044	193cebfaa7f01fff35375e7d725efb9	0	0
9278	6	6	2	0	1	0482041080420060820212090041044	193cebee37b55f9f35b54df6f31efb9	0	0
9279	6	6	8	0	0	0482042080420060801210830101044	193cebde37b55f9f37a54f7cf25efb9	0	0
9280	6	4	4	0	1	0482082020501060108008281044104	193ce7de97a74f9fa73757d7e31bef9	0	0
9281	6	6	3	0	0	0482201400120084148040205102030	193ccfeab7e55f7ba3371fdfa25dfcd	0	0
9282	6	6	3	0	1	0482800214110000328002830009041	193c6ffca3e65fff85375d7cf356fbc	0	0
9283	6	6	2	0	1	048280028014006082010a0810410c0	193c6ffc37e35f9f35b655f7e31ef3d	0	0
9284	6	5	4	0	0	0482800280150040228002830101041	193c6ffc37e25fbf95375d7cf25efbc	0	0
9285	6	6	4	0	0	0482800284100040928008211041404	193c6ffc33e75fbf253757dee31ebf9	0	0
9286	6	6	0	0	1	0482800284110000328002830009041	193c6ffc33e65fff85375d7cf356fbc	0	0
9287	6	5	1	0	1	0482800284110040228002830009041	193c6ffc33e65fbf95375d7cf356fbc	0	0
9288	6	9	3	0	1	05000102128108300005030a0009084	18beeefca57657cfb7b25cf5f356f79	0	0
9289	6	9	3	0	1	05000102228108300005030a0048005	18beeefc957657cfb7b25cf5f317ff8	0	0
9290	6	8	10	0	1	0500018085000a28020102818041014	18beee7e32f755d7b5b65d7e731efe9	0	0
9291	6	9	3	0	0	05000222010202a4002140850009410	18beeddcb6f55d5bb7961f7af356bed	0	0
9292	6	7	4	0	0	05000282810002a4020144050003410	18beed7c36f75d5bb5b61bfaf35cbed	0	0
9293	6	8	4	0	1	05000304060008b000210192000c081	18beecfab1f7574fb7965e6df353f7c	0	0
9294	6	4	4	0	1	05000304160008b000200192000c081	18beecfaa1f7574fb7975e6df353f7c	0	0
9295	6	1	3	0	0	05000306000700488410018a01000a0	18beecf8b7f05fb733a75e75f25ff5d	0	0
9296	6	4	4	0	0	05000306002300b0002001822140101	18beecf8b7d45f4fb7975e7dd21fefc	0	0
9297	6	4	9	0	0	0500030600250070002003060044005	18beecf8b7d25f8fb7975cf9f31bff8	0	0
9298	6	6	7	0	0	05000312001400700420028a000c041	18beececb7e35f8fb3975d75f353fbc	0	0
9299	6	5	2	0	1	0500032200a000d0050005120048009	18beecdcb7575f2fb2b75aedf317ff4	0	0
9300	6	2	4	0	1	05000322010202b000a001900008940	18beecdcb6f55d4fb7175e6ff3576bd	0	0
9301	6	5	2	0	0	050003220110106006000060a048110	18beecdcb6e74f9fb1b75f9f5317eed	0	0
9302	6	4	2	0	1	05000498009000e4040002481018220	18beeb66b7675f1bb3b75db7e347ddd	0	0
9303	6	5	2	0	1	050004d0009000c4048002481018220	18beeb2eb7675f3bb3375db7e347ddd	0	0
9304	6	3	9	0	1	05000502800710280011008a0018084	18beeafc37f04fd7b7a65f75f347f79	0	0
9305	6	3	4	0	0	05000502800710280011008a0110084	18beeafc37f04fd7b7a65f75f24ff79	0	0
9306	6	4	2	0	1	05000506002300680020410a0009084	18beeaf8b7d45f97b7971ef5f356f79	0	0
9307	6	6	6	0	0	0500052081020084860004241202030	18beeade36f55f7b31b75bdbe15dfcd	0	0
9308	6	5	8	0	0	05000528009000c4040406081208021	18beead6b7675f3bb3b359f7e157fdc	0	0
9309	6	3	7	0	0	05000542000612280011008a0110014	18beeabcb7f14dd7b7a65f75f24ffe9	0	0
9310	6	6	6	0	0	050005500012006080a04048100a0a0	18beeaaeb7e55f9f37171fb7e355f5d	0	0
9311	6	4	7	0	1	050005500102026020204049000a030	18beeaaeb6f55d9f97971fb6f355fcd	0	0
9312	6	4	6	0	0	0500062021400160820002248041408	18bee9de96b75e9f35b75ddb731ebf5	0	0
9313	6	3	10	0	0	05000622048000c1800510120009108	18bee9dcb3775f3e37b24fedf356ef5	0	0
9314	6	2	3	0	1	05000630008200c4160014001208030	18bee9ceb7755f3ba1b74bffe157fcd	0	0
9315	6	2	6	0	0	0500064026000470001110808041028	18bee9be91f75b8fb7a64f7f731efd5	0	0
9316	6	3	1	0	1	05000642000612280011008a0110090	18bee9bcb7f14dd7b7a65f75f24ff6d	0	0
9317	6	4	2	0	0	05000642008300418002014a0108180	18bee9bcb7745fbe37b55eb5f257e7d	0	0
9318	6	3	3	0	0	0500064402020164001210088101030	18bee9bab5f55e9bb7a54ff7725efcd	0	0
9319	6	9	2	0	1	0500082024800860218001228005410	18bee7de9377579f96375edd735abed	0	0
9320	6	7	10	0	0	05000880a4001810200612140044021	18bee77e13f747ef97b14debf31bfdc	0	0
9321	6	6	4	0	1	0500088286000830000610920005041	18bee77c31f757cfb7b14f6df35afbc	0	0
9322	6	8	2	0	1	050008900180028414044028800c420	18bee76eb6775d7ba3b31fd77353bdd	0	0
9323	6	4	3	0	1	050008c801210051000200c88006140	18bee736b6d65faeb7b55f377359ebd	0	0
9324	6	4	10	0	1	050008c8022001510002014900060a0	18bee736b5d75eaeb7b55eb6f359f5d	0	0
9325	6	5	8	0	0	0500090820a10050048001209104024	18bee6f697565fafb3375edf625bfd9	0	0
9326	6	5	2	0	0	0500090820a10050048001209104120	18bee6f697565fafb3375edf625bedd	0	0
9327	6	5	2	0	0	050009102180024404044028800c420	18bee6ee96775dbbb3b31fd77353bdd	0	0
9328	6	5	4	0	0	05000918009000e0048040281014024	18bee6e6b7675f1fb3371fd7e34bfd9	0	0
9329	6	4	3	0	0	05000918009000f0000444028208005	18bee6e6b7675f0fb7b31bfd7157ff8	0	0
9330	6	3	4	0	0	05000918009000f0048000281014024	18bee6e6b7675f0fb3375fd7e34bfd9	0	0
9331	6	2	4	0	0	05000918009000f0048040201014024	18bee6e6b7675f0fb3371fdfe34bfd9	0	0
9332	6	1	4	0	0	05000918009000f0048040209004024	18bee6e6b7675f0fb3371fdf635bfd9	0	0
9333	6	1	3	0	1	0500092020a00850250005120040005	18bee6de975757af92b75aedf31fff8	0	0
9334	6	1	2	0	1	0500092020a00850250005120040009	18bee6de975757af92b75aedf31fff4	0	0
9335	6	7	6	0	1	05000922020008b000810192000c005	18bee6dcb5f7574fb7365e6df353ff8	0	0
9336	6	5	4	0	0	05000930009000d0042000a212040a0	18bee6ceb7675f2fb3975f5de15bf5d	0	0
9337	6	5	2	0	0	0500094020a1005000a001209104180	18bee6be97565fafb7175edf625be7d	0	0
9338	6	5	0	0	0	0500094020a1005000a001809104180	18bee6be97565fafb7175e7f625be7d	0	1
9339	6	4	4	0	0	05000950009000f0008000a810140a0	18bee6aeb7675f0fb7375f57e34bf5d	0	0
9340	6	4	3	0	0	05000960012000d1008000b08006140	18bee69eb6d75f2eb7375f4f7359ebd	0	0
9341	6	8	7	0	1	05000a0020850050848001209104120	18bee5fe97725faf33375edf625bedd	0	0
9342	6	7	4	0	0	05000a00a005102800055000a140021	18bee5fe17f24fd7b7b20fff521ffdc	0	0
9343	6	7	2	0	1	05000a06040000e100034112000c180	18bee5f8b3f75f1eb7b41eedf353e7d	0	0
9344	6	6	4	0	1	05000a06040400b0002101842240081	18bee5f8b3f35f4fb7965e7bd11ff7c	0	0
9345	6	6	4	0	1	05000a06040400b0002101860204081	18bee5f8b3f35f4fb7965e79f15bf7c	0	0
9346	6	6	4	0	1	05000a06040400b0002101940044081	18bee5f8b3f35f4fb7965e6bf31bf7c	0	0
9347	6	7	6	0	1	05000a0820050050848001209104120	18bee5f697f25faf33375edf625bedd	0	0
9348	6	5	4	0	1	05000a0820850050048001209104120	18bee5f697725fafb3375edf625bedd	0	0
9349	6	7	6	0	0	05000a0a04000864000341042003410	18bee5f4b3f7579bb7b41efbd35cbed	0	0
9350	6	4	6	0	0	05000a0a04040864000141042003410	18bee5f4b3f3579bb7b61efbd35cbed	0	0
9351	6	4	3	0	0	05000a2022400161000241030008c80	18bee5de95b75e9eb7b51efcf35737d	0	0
9352	6	1	6	0	1	05000a22002400f0042001860004081	18bee5dcb7d35f0fb3975e79f35bf7c	0	0
9353	6	7	7	0	1	05000a40200414300101018880048a0	18bee5be97f34bcfb6b65e77735b75d	0	0
9354	6	6	2	0	1	05000a4020c00091040141022008980	18bee5be97375f6eb3b61efdd35767d	0	0
9355	6	7	0	0	0	05000c18000402a400050c081108420	18bee3e6b7f35d5bb7b253f7e257bdd	0	0
9356	6	3	4	0	1	05000c18005008700402002a0003044	18bee3e6b7a7578fb3b55fd5f35cfb9	0	0
9357	6	5	6	0	0	05000c2024400860008101860009404	18bee3de93b7579fb7365e79f356bf9	0	0
9358	6	6	4	0	0	05000c2025000083000500b402040a0	18bee3de92f75f7cb7b25f4bf15bf5d	0	0
9359	6	6	6	0	0	05000c2204040824000501260003410	18bee3dcb3f357dbb7b25ed9f35cbed	0	0
9360	6	5	4	0	0	05000c40248000c100a000a03300180	18bee3be93775f3eb7175f5fc05fe7d	0	0
9361	6	6	4	0	0	05000c4804100061008200a88003140	18bee3b6b3e75f9eb7355f57735cebd	0	0
9362	6	4	4	0	0	05000c48041000e1008000a88003140	18bee3b6b3e75f1eb7375f57735cebd	0	0
9363	6	9	4	0	0	05002010101202a4048000c05110220	18becfeea7e55d5bb3375f3fa24fddd	0	0
9364	6	3	2	0	1	050020a084040a24001100940011090	18becf5e33f355dbb7a65f6bf34ef6d	0	0
9365	6	3	4	0	0	0500210035000a30000501140048024	18becefe82f755cfb7b25eebf317fd9	0	0
9366	6	7	2	0	0	05002100940008a4001101940018280	18becefe23f7575bb7a65e6bf347d7d	0	0
9367	6	6	3	0	1	05002210101200a4048040405018220	18becdeea7e55f5bb3371fbfa347ddd	0	0
9368	6	4	4	0	0	0500222014040a24000101860011410	18becddea3f355dbb7b65e79f34ebed	0	0
9369	6	4	4	0	1	0500222014040a24000101940011090	18becddea3f355dbb7b65e6bf34ef6d	0	0
9370	6	3	4	0	0	0500282084044820200510022011401	18bec7de33f317df97b24ffdd34ebfc	0	0
9371	6	7	10	0	1	0500410091000a28020102818003210	18beaefe26f755d7b5b65d7e735cded	0	0
9372	6	6	4	0	0	05004120801240202420048a0009041	18beaede37e51fdf93975b75f356fbc	0	0
9373	6	5	4	0	1	0500480820900260050040281011024	18bea7f697675d9fb2b71fd7e34efd9	0	0
9374	6	6	10	0	1	0500600091040230022002848001814	18be8ffe26f35dcfb5975d7b735e7e9	0	0
9375	6	6	6	0	0	0500810211100040a48042180003028	18be6efca6e75fbf13371de7f35cfd5	0	0
9376	6	6	6	0	0	0500810280070005020402806240201	18be6efc37f05ffab5b35d7f911fdfc	0	0
9377	6	6	4	0	0	0500810281041020240150082002830	18be6efc36f34fdf93b60ff7d35d7cd	0	0
9378	6	2	4	0	0	05008104801300a400a040801018201	18be6efa37e45f5bb7171f7fe347dfc	0	0
9379	6	3	4	0	0	0500812081041220240110088002830	18be6ede36f34ddf93b64ff7735d7cd	0	0
9380	6	5	10	0	1	0500880221110050008202888006041	18be67fc96e65fafb7355d777359fbc	0	0
9381	6	5	6	0	1	0500880820250050048001209104024	18be67f697d25fafb3375edf625bfd9	0	0
9382	6	4	3	0	1	0502008211800a10100442140009084	18bcef7ca67755efa7b31debf356f79	0	0
9383	6	4	6	0	0	05020100322100508080018091040a0	18bceefe85d65faf37375e7f625bf5d	0	0
9384	6	5	4	0	0	0502012014400a20008101860009044	18bceedea3b755dfb7365e79f356fb9	0	0
9385	6	4	4	0	1	0502020031400a30000140850009088	18bcedfe86b755cfb7b61f7af356f75	0	0
9386	6	4	3	0	0	0502020220141068000442028140011	18bcedfc97e34f97b7b31dfd721ffec	0	0
9387	6	4	4	0	1	0502020221400270000140850009088	18bcedfc96b75d8fb7b61f7af356f75	0	0
9388	6	7	2	0	1	05020206040000c180034112000c180	18bcedf8b3f75f3e37b41eedf353e7d	0	0
9389	6	5	7	0	0	0502024010900241030000c0c009280	18bcedbea7675dbeb4b75f3f3356d7d	0	0
9390	6	6	2	0	0	0502040420064024001112081110028	18bcebfa97f11fdbb7a64df7e24ffd5	0	0
9391	6	6	0	0	1	0502080420240051030001828202088	18bce7fa97d35faeb4b75e7d715df75	0	0
9392	6	6	4	0	1	0502080424040051010101828202088	18bce7fa93f35faeb6b65e7d715df75	0	0
9393	6	8	4	0	0	05020840011000d1008200a88006140	18bce7beb6e75f2eb7355f577359ebd	0	0
9394	6	3	0	0	1	05022000a5000a30000500848009090	18bccffe12f755cfb7b25f7b7356f6d	0	0
9395	6	6	4	0	1	0502800480070004128001209102030	18bc6ffa37f05ffba5375edf625dfcd	0	0
9396	6	10	4	0	0	08002110121100442420048a0009048	15beceeea5e65fbb93975b75f356fb5	0	0
9397	6	10	4	0	1	080022102044107004010486000c088	15becdee97b34f8fb3b65b79f353f75	0	0
9398	6	10	4	0	0	08004100918011202500006c0018028	15beaefe26774edf92b75f93f347fd5	0	0
9399	6	5	6	0	0	080424180025400014011408100a028	15bacbe6b7d21fffa3b64bf7e355fd5	0	0
9400	6	6	2	0	0	0804480880250018002109140003060	15baa7f637d25fe7b79656ebf35cf9d	0	0
9401	6	6	4	0	1	0804484080c10000312008281041108	15baa7be37365fff869757d7e31eef5	0	0
9402	6	3	4	0	0	08080494009101210006002a0018180	15b6eb6ab7665edeb7b15fd5f347e7d	0	0
9403	6	5	2	0	1	080809120043102000050a0a0044108	15b6e6ecb7b44fdfb7b255f5f31bef5	0	0
9404	6	5	4	0	1	08080912024010600401088a004400c	15b6e6ecb5b74f9fb3b65775f31bff1	0	0
9405	6	7	6	0	1	08080a102040107004010486000c088	15b6e5ee97b74f8fb3b65b79f353f75	0	0
9406	6	8	6	0	0	08080c00140300a100a00186000a140	15b6e3fea3f45f5eb7175e79f355ebd	0	0
9407	6	4	6	0	0	08080c202083006100800506000a104	15b6e3de97745f9eb7375af9f355ef9	0	0
9408	6	2	6	0	0	08080c300091006100820422000a104	15b6e3ceb7665f9eb7355bddf355ef9	0	0
9409	6	8	4	0	1	080822100044107004010486000c088	15b6cdeeb7b34f8fb3b65b79f353f75	0	0
9410	6	5	4	0	1	080822300044106004010486000c088	15b6cdceb7b34f9fb3b65b79f353f75	0	0
9411	6	6	8	0	0	0808241020500052040102821018480	15b6cbee97a75fadb3b65d7de347b7d	0	0
9412	6	5	6	0	1	0808245002200190040114021008828	15b6cbaeb5d75e6fb3b64bfde3577d5	0	0
9413	6	8	2	0	1	080828100044107004010486000c088	15b6c7eeb7b34f8fb3b65b79f353f75	0	0
9414	6	5	2	0	1	080828300044106004010486000c088	15b6c7ceb7b34f9fb3b65b79f353f75	0	0
9415	6	5	6	0	1	08084800324011200401018c0018088	15b6a7fe85b74edfb3b65e73f347f75	0	0
9416	6	5	4	0	0	0808480414021100150011048202028	15b6a7faa3f54effa2b74efb715dfd5	0	0
9417	6	6	4	0	1	0808880222021010240111120006060	15b667fc95f54fef93b64eedf359f9d	0	0
9418	6	5	6	0	1	080a020210c00150050003060009088	15b4edfca7375eafb2b75cf9f356f75	0	0
9419	6	3	6	0	0	080a0800a1800251010400340048024	15b4e7fe16775daeb6b35fcbf317fd9	0	0
9420	6	4	2	0	0	080a0824008200e101000506004800c	15b4e7dab7755f1eb6b75af9f317ff1	0	0
9421	6	8	7	0	0	0810240024104422040102209041120	15aecbfe93e71bddb3b65ddf631eedd	0	0
9422	6	5	6	0	1	08104848002241200003090c0011028	15aea7b6b7d51edfb7b456f3f34efd5	0	0
9423	6	6	6	0	0	08120404110404280082012c0012030	15acebfaa6f35bd7b7355ed3f34dfcd	0	0
9424	6	6	4	0	0	0812080091800210110408248041420	15ace7fe26775defa6b357db731ebdd	0	0
9425	6	5	8	0	1	0820034400a100401110402090440a0	159eecbab7565fbfa6a71fdf631bf5d	0	0
9426	6	6	8	0	0	0820036000c10002101101260048024	159eec9eb7365ffda7a65ed9f317fd9	0	0
9427	6	4	9	0	0	0820049400064422000212101050024	159eeb6ab7f11bddb7b54defe30ffd9	0	0
9428	6	6	7	0	0	0820050c00600062060004241003110	159eeaf2b7975f9db1b75bdbe35ceed	0	0
9429	6	2	6	0	0	082005120023400214015000100a0a0	159eeaecb7d41ffda3b60fffe355f5d	0	0
9430	6	6	4	0	0	0820091802020111040108430202028	159ee6e6b5f55eeeb3b657bcf15dfd5	0	0
9431	6	4	6	0	1	08200a1080450064000104860009240	159ee5ee37b25f9bb7b65b79f356dbd	0	0
9432	6	6	4	0	1	08200c1800061012040104460202024	159ee3e6b7f14fedb3b65bb9f15dfd9	0	0
9433	6	4	4	0	1	08200c1800071012000104460202024	159ee3e6b7f04fedb7b65bb9f15dfd9	0	0
9434	6	1	4	0	1	08200c1800071012040104460002024	159ee3e6b7f04fedb3b65bb9f35dfd9	0	0
9435	6	4	6	0	1	08200c1802020492040000621210024	159ee3e6b5f55b6db3b75f9de14ffd9	0	0
9436	6	3	6	0	0	08200c2800224122000304041011480	159ee3d6b7d51eddb7b45bfbe34eb7d	0	0
9437	6	8	3	0	0	0820208201044422000512180011104	159ecf7cb6f31bddb7b24de7f34eef9	0	0
9438	6	7	4	0	1	08202110120100442420048a0009048	159eceeea5f65fbb93975b75f356fb5	0	0
9439	6	3	9	0	0	08202110205040620005021010480a0	159eceee97a71f9db7b25defe317f5d	0	0
9440	6	1	7	0	0	08202110205100680011048a0008044	159eceee97a65f97b7a65b75f357fb9	0	0
9441	6	3	3	0	1	08202110244040620005021010480a0	159eceee93b71f9db7b25defe317f5d	0	0
9442	6	6	0	0	1	082021120044402400050a003208280	159eceecb7b31fdbb7b255ffc157d7d	0	0
9443	6	3	6	0	1	0820211200444064000502003208280	159eceecb7b31f9bb7b25dffc157d7d	0	0
9444	6	8	4	0	1	0820221000454004102408282048401	159ecdeeb7b21ffba79357d7d317bfc	0	0
9445	6	5	4	0	1	0820240222414000100518081208081	159ecbfc95b61fffa7b247f7e157f7c	0	0
9446	6	5	6	0	1	08202408112100401500060c0003024	159ecbf6a6d65fbfa2b759f3f35cfd9	0	0
9447	6	5	4	0	1	08202410148000e004800444100a0a0	159ecbeea3775f1fb3375bbbe355f5d	0	0
9448	6	6	4	0	1	0820241021044022000512180010824	159ecbee96f31fddb7b24de7f34f7d9	0	0
9449	6	7	4	0	1	08202412000441220005121800018a0	159ecbecb7f31eddb7b24de7f35e75d	0	0
9450	6	4	8	0	0	0820280032200191040011028200844	159ec7fe85d75e6eb3b74efd715f7b9	0	0
9451	6	8	2	0	1	0820281000454004102408282048401	159ec7eeb7b21ffba79357d7d317bfc	0	0
9452	6	7	7	0	0	08202810100400d2048002841014420	159ec7eea7f35f2db3375d7be34bbdd	0	0
9453	6	3	6	0	0	0820281020500450150000221240024	159ec7ee97a75bafa2b75fdde11ffd9	0	0
9454	6	5	2	0	1	0820281800450044002408282009500	159ec7e6b7b25fbbb79357d7d356afd	0	0
9455	6	8	0	0	0	0820284000245020110110809140028	159ec7beb7d30fdfa6b64f7f621ffd5	0	0
9456	6	9	8	0	0	0820404082200141220110510009060	159eafbe35d75ebe95b64faef356f9d	0	0
9457	6	5	6	0	1	08204080a1210041030000d0800a140	159eaf7e16d65fbeb4b75f2f7355ebd	0	0
9458	6	6	4	0	1	08204114020200602420048a0009048	159eaeeab5f55f9f93975b75f356fb5	0	0
9459	6	5	4	0	1	08204114020201600420048a0009048	159eaeeab5f55e9fb3975b75f356fb5	0	0
9460	6	3	4	0	1	08204114020201602420040a0009048	159eaeeab5f55e9f93975bf5f356fb5	0	0
9461	6	2	4	0	1	0820411402020164042004880009048	159eaeeab5f55e9bb3975b77f356fb5	0	0
9462	6	2	6	0	0	082041180022412104010448000a048	159eaee6b7d51edeb3b65bb7f355fb5	0	0
9463	6	4	3	0	0	0820414011404820220002250003050	159eaebea6b717df95b75ddaf35cfad	0	0
9464	6	5	10	0	1	08204800a2041060010102809140060	159ea7fe15f34f9fb6b65d7f621ff9d	0	0
9465	6	5	7	0	1	08204800a2041060010102809300060	159ea7fe15f34f9fb6b65d7f605ff9d	0	0
9466	6	3	10	0	1	0820482020251002210100848044021	159ea7de97d24ffd96b65f7b731bfdc	0	0
9467	6	5	6	0	1	0820482021204041010100d08202048	159ea7de96d71fbeb6b65f2f715dfb5	0	0
9468	6	3	9	0	1	0820484020251002210100848044021	159ea7be97d24ffd96b65f7b731bfdc	0	0
9469	6	3	1	0	1	0820486000251002210100848044021	159ea79eb7d24ffd96b65f7b731bfdc	0	0
9470	6	2	4	0	1	0820811200231030000504420042048	159e6eecb7d44fcfb7b25bbdf31dfb5	0	0
9471	6	5	6	0	1	0820a00224400140150012003208081	159e4ffc93b75ebfa2b74dffc157f7c	0	0
9472	6	6	4	0	1	0820a00224410004100518003208101	159e4ffc93b65ffba7b247ffc157efc	0	0
9473	6	7	4	0	0	0820c04082000141220110510009060	159e2fbe35f75ebe95b64faef356f9d	0	0
9474	6	9	0	0	0	0822004400221800330010441048028	159cefbab7d547ff84b74fbbe317fd5	0	0
9475	6	2	6	0	0	0822010281044061010102880048044	159ceefc36f31f9eb6b65d77f317fb9	0	0
9476	6	5	7	0	0	0822010481800160010402248009220	159ceefa36775e9fb6b35ddb7356ddd	0	0
9477	6	9	3	0	0	088000828501040c000308940003050	153eef7c32f65bf3b7b4576bf35cfad	0	0
9478	6	9	6	0	1	088000828601040c000301920003050	153eef7c31f65bf3b7b45e6df35cfad	0	0
9479	6	9	6	0	0	0880022012800185040101444208088	153eeddea5775e7ab3b65ebbb157f75	0	0
9480	6	6	7	0	1	088003003281000a00114112000c024	153eecfe85765ff5b7a61eedf353fd9	0	0
9481	6	4	7	0	1	088003003281004a00104112000c024	153eecfe85765fb5b7a71eedf353fd9	0	0
9482	6	6	4	0	0	0880031400820105060000622208108	153eeceab7755efab1b75f9dd157ef5	0	0
9483	6	3	4	0	0	0880031400850045020400222208108	153eeceab7725fbab5b35fddd157ef5	0	0
9484	6	7	6	0	0	088005108400044a040402320041024	153eeaee33f75bb5b3b35dcdf31efd9	0	0
9485	6	6	4	0	1	088005108480004a040402320041024	153eeaee33775fb5b3b35dcdf31efd9	0	0
9486	6	5	6	0	0	0880051400064420028000a05210088	153eeaeab7f11bdfb5375f5fa14ff75	0	0
9487	6	5	6	0	0	0880054081804048000512180003030	153eeabe36771fb7b7b24de7f35cfcd	0	0
9488	6	6	4	0	0	088006101083000116001042200a140	153ee9eea7745ffea1b74fbdd355ebd	0	0
9489	6	4	3	0	0	088006440181004900020066000a210	153ee9bab6765fb6b7b55f99f355ded	0	0
9490	6	7	6	0	1	088006480003008a002141060009014	153ee9b6b7f45f75b7961ef9f356fe9	0	0
9491	6	9	6	0	1	0880080820234002150001203140024	153ee7f697d41ffda2b75edfc21ffd9	0	0
9492	6	7	4	0	1	0880088220034022018001403140044	153ee77c97f41fddb6375ebfc21ffb9	0	0
9493	6	8	6	0	0	0880090800234002150001203140024	153ee6f6b7d41ffda2b75edfc21ffd9	0	0
9494	6	5	6	0	0	0880090820234002050001203140024	153ee6f697d41ffdb2b75edfc21ffd9	0	0
9495	6	2	3	0	0	088009120022502010055001024000c	153ee6ecb7d50fdfa7b20ffef11fff1	0	0
9496	6	3	4	0	0	0880093000910042150000221044024	153ee6ceb7665fbda2b75fdde31bfd9	0	0
9497	6	6	6	0	0	08800a0032800111040101460208088	153ee5fe85775eeeb3b65eb9f157f75	0	0
9498	6	2	6	0	0	08800a4010221220112001440140084	153ee5bea7d54ddfa6975ebbf21ff79	0	0
9499	6	7	4	0	1	08800c120002502010051049024000c	153ee3ecb7f50fdfa7b24fb6f11fff1	0	0
9500	6	6	6	0	1	08800c1200224020100550012201084	153ee3ecb7d51fdfa7b20ffed15ef79	0	0
9501	6	1	6	0	0	08800c1204020240948010411002500	153ee3ecb3f55dbf23374fbee35dafd	0	0
9502	6	6	8	0	0	08800c3000060422008208221014404	153ee3ceb7f15bddb73557dde34bbf9	0	0
9503	6	5	0	0	0	08800c50002411200003108c00140c0	153ee3aeb7d34edfb7b44f73f34bf3d	0	0
9504	6	6	4	0	0	088021101050004a048002920005204	153eceeea7a75fb5b3375d6df35adf9	0	0
9505	6	2	4	0	0	088021101050024a048002900041204	153eceeea7a75db5b3375d6ff31edf9	0	0
9506	6	7	3	0	0	0880240214004042808410501009500	153ecbfca3f71fbd37334fafe356afd	0	0
9507	6	8	3	0	1	088028100404014a008102920005420	153ec7eeb3f35eb5b7365d6df35abdd	0	0
9508	6	5	9	0	0	0880281010150042048002860005024	153ec7eea7e25fbdb3375d79f35afd9	0	0
9509	6	5	4	0	0	0880281020150042048000a21104120	153ec7ee97e25fbdb3375f5de25bedd	0	0
9510	6	5	0	0	0	08802810201500480410108a0006060	153ec7ee97e25fb7b3a74f75f359f9d	0	0
9511	6	1	4	0	1	0880281020150052048000a21004120	153ec7ee97e25fadb3375f5de35bedd	0	0
9512	6	6	3	0	1	088028102410004a040102920041024	153ec7ee93e75fb5b3b65d6df31efd9	0	0
9513	6	8	6	0	1	088040900082032800121048421000c	153eaf6eb7755cd7b7a54fb7b14fff1	0	0
9514	6	6	4	0	0	0880410093000408240209180002860	153eaefe24f75bf793b556e7f35d79d	0	0
9515	6	4	4	0	0	0880410482800148140014003208201	153eaefa35775eb7a3b74bffc157dfc	0	0
9516	6	8	4	0	1	0880480020834002150001203140024	153ea7fe97741ffda2b75edfc21ffd9	0	0
9517	6	7	6	0	0	0880480030024121028001442208044	153ea7fe87f51edeb5375ebbd157fb9	0	0
9518	6	6	6	0	1	088048082007000a001141140006024	153ea7f697f05ff5b7a61eebf359fd9	0	0
9519	6	5	6	0	0	0880480820250042050001241104024	153ea7f697d25fbdb2b75edbe25bfd9	0	0
9520	6	6	3	0	0	08804840200610280011108c0012048	153ea7be97f14fd7b7a64f73f34dfb5	0	0
9521	6	4	3	0	1	0880485000061124000100cc0018048	153ea7aeb7f14edbb7b65f33f347fb5	0	0
9522	6	4	3	0	1	088082028105010c000108304101050	153e6dfc36f25ef3b7b657cfb25efad	0	0
9523	6	4	9	0	0	0880824402020442200211120005030	153e6dbab5f55bbd97b54eedf35afcd	0	0
9524	6	4	7	0	1	0880824402020442200241120005030	153e6dbab5f55bbd97b51eedf35afcd	0	0
9525	6	7	6	0	1	0880880220034002148001203140014	153e67fc97f41ffda3375edfc21ffe9	0	0
9526	6	7	6	0	1	0880880220044062048001203140014	153e67fc97f31f9db3375edfc21ffe9	0	0
9527	6	6	6	0	1	0880880220064022048001203140014	153e67fc97f11fddb3375edfc21ffe9	0	0
9528	6	3	6	0	1	0880880220064062048001003140014	153e67fc97f11f9db3375effc21ffe9	0	0
9529	6	5	6	0	1	0880880220074002048001203140014	153e67fc97f01ffdb3375edfc21ffe9	0	0
9530	6	5	4	0	0	0880a010201500420410102a0006024	153e4fee97e25fbdb3a74fd5f359fd9	0	0
9531	6	4	4	0	0	0880c00032021400340011090202028	153e2ffe85f54bff83b74ef6f15dfd5	0	0
9532	6	8	6	0	1	08822010001401488480022a0005024	153ccfeeb7e35eb733375dd5f35afd9	0	0
9533	6	4	4	0	1	0882400091800310110008340009024	153caffe26775cefa6b757cbf356fd9	0	0
9534	6	9	1	0	0	090002401220024503000141800a480	14beedbea5d75dbab4b75ebe7355b7d	0	0
9535	6	6	10	0	0	090003060022007001200306004100c	14beecf8b7d55f8fb6975cf9f31eff1	0	0
9536	6	6	4	0	0	0900032200830001118001302048104	14beecdcb7745ffea6375ecfd317ef9	0	0
9537	6	5	8	0	0	0900032400220440250005120041028	14beecdab7d55bbf92b75aedf31efd5	0	0
9538	6	4	4	0	0	09000324020200e101000512004800c	14beecdab5f55f1eb6b75aedf317ff1	0	0
9539	6	9	4	0	0	09000430008201a1008210206210104	14beebceb7755e5eb7354fdf914fef9	0	0
9540	6	4	4	0	0	09000480a3001430000100c48240024	14beeb7e14f74bcfb7b65f3b711ffd9	0	0
9541	6	2	8	0	0	09000480a50004a2041010208012104	14beeb7e12f75b5db3a74fdf734def9	0	0
9542	6	6	10	0	1	09000480a5004022000602241050030	14beeb7e12f71fddb7b15ddbe30ffcd	0	0
9543	6	5	4	0	0	090005440023004800a041060003024	14beeabab7d45fb7b7171ef9f35cfd9	0	0
9544	6	6	2	0	0	090005480023000a002141060009024	14beeab6b7d45ff5b7961ef9f356fd9	0	0
9545	6	4	2	0	0	090005480023004a002041060009024	14beeab6b7d45fb5b7971ef9f356fd9	0	0
9546	6	5	9	0	1	0900060c00230060002205060009104	14bee9f2b7d45f9fb7955af9f356ef9	0	0
9547	6	4	1	0	0	0900060c010301210002022c0018108	14bee9f2b6f45edeb7b55dd3f347ef5	0	0
9548	6	7	4	0	0	09000644020000e1002241060008884	14bee9bab5f75f1eb7951ef9f357779	0	0
9549	6	9	0	0	0	0900081010c00294048002441012408	14bee7eea7375d6bb3375dbbe34dbf5	0	0
9550	6	6	2	0	0	0900088286000824000311140003050	14bee77c31f757dbb7b44eebf35cfad	0	0
9551	6	4	8	0	0	090008c802200151000201430006420	14bee736b5d75eaeb7b55ebcf359bdd	0	0
9552	6	5	10	0	1	0900090222201050010101828202088	14bee6fc95d74fafb6b65e7d715df75	0	0
9553	6	5	3	0	1	09000904144000e0012001821208180	14bee6faa3b75f1fb6975e7de157e7d	0	0
9554	6	7	2	0	0	0900090c04000488242001222210101	14bee6f2b3f75b7793975eddd14fefc	0	0
9555	6	6	6	0	1	0900094800240058012001203240024	14bee6b6b7d35fa7b6975edfc11ffd9	0	0
9556	6	4	6	0	0	0900094800310058002001228003104	14bee6b6b7c65fa7b7975edd735cef9	0	0
9557	6	6	8	0	0	09000a0030c00214040401248009480	14bee5fe87375debb3b35edb7356b7d	0	0
9558	6	7	6	0	0	09000a0210200154050001448005480	14bee5fca7d75eabb2b75ebb735ab7d	0	0
9559	6	1	6	0	1	09000a0210600170050001460001088	14bee5fca7975e8fb2b75eb9f35ef75	0	0
9560	6	7	6	0	1	09000a0220400170050003060001888	14bee5fc97b75e8fb2b75cf9f35e775	0	0
9561	6	7	10	0	1	09000a04104000f001200306004100c	14bee5faa7b75f0fb6975cf9f31eff1	0	0
9562	6	4	10	0	1	09000a0600440170010003060001888	14bee5f8b7b35e8fb6b75cf9f35e775	0	0
9563	6	1	6	0	1	09000a0810600170050001448001088	14bee5f6a7975e8fb2b75ebb735ef75	0	0
9564	6	7	6	0	0	09000a0820050418002401242240021	14bee5f697f25be7b7935edbd11ffdc	0	0
9565	6	5	0	0	1	09000a0a042001600500014500050a0	14bee5f4b3d75e9fb2b75ebaf35af5d	0	0
9566	6	2	7	0	0	09000a1020440461030000a02240048	14bee5ee97b35b9eb4b75f5fd11ffb5	0	0
9567	6	7	3	0	1	09000a30020000e1000504430208088	14bee5ceb5f75f1eb7b25bbcf157f75	0	0
9568	6	6	6	0	0	09000a4022200051000311120006120	14bee5be95d75faeb7b44eedf359edd	0	0
9569	6	4	3	0	0	09000a40228000d1000111028208104	14bee5be95775f2eb7b64efd7157ef9	0	0
9570	6	8	3	0	1	09000c00228000e1000544021208180	14bee3fe95775f1eb7b21bfde157e7d	0	0
9571	6	6	6	0	0	09000c08244000a1000501260208104	14bee3f693b75f5eb7b25ed9f157ef9	0	0
9572	6	7	10	0	0	09000c20208000e100810506000a104	14bee3de97775f1eb7365af9f355ef9	0	0
9573	6	3	3	0	1	09000c20228000e1000504021208180	14bee3de95775f1eb7b25bfde157e7d	0	0
9574	6	4	10	0	0	09000c208105040a000100a48041024	14bee3de36f25bf5b7b65f5b731efd9	0	0
9575	6	4	8	0	1	09000c208105040a000100b08041024	14bee3de36f25bf5b7b65f4f731efd9	0	0
9576	6	6	2	0	1	09000c30002400a2040104860014081	14bee3ceb7d35f5db3b65b79f34bf7c	0	0
9577	6	7	3	0	1	09000c30008000e100820432000a104	14bee3ceb7775f1eb7355bcdf355ef9	0	0
9578	6	6	6	0	0	09000c50002400a8008110203110024	14bee3aeb7d35f57b7364fdfc24ffd9	0	0
9579	6	6	1	0	1	09002810205000700104022032400a0	14bec7ee97a75f8fb6b35ddfc11ff5d	0	0
9580	6	5	2	0	0	09002810205004600500042a004100c	14bec7ee97a75b9fb2b75bd5f31eff1	0	0
9581	6	4	2	0	0	09002810205004680400042a004100c	14bec7ee97a75b97b3b75bd5f31eff1	0	0
9582	6	7	1	0	1	0900285000040148248012082014021	14bec7aeb7f35eb793374df7d34bfdc	0	0
9583	6	5	7	0	1	0900414010a0025005000140900a120	14beaebea7575dafb2b75ebf6355edd	0	0
9584	6	5	10	0	0	090042003220024103000141800a480	14beadfe85d75dbeb4b75ebe7355b7d	0	0
9585	6	5	1	0	0	090042401220024103000141800a480	14beadbea5d75dbeb4b75ebe7355b7d	0	0
9586	6	5	0	0	0	090042402220024103000141800a480	14beadbe95d75dbeb4b75ebe7355b7d	0	0
9587	6	3	4	0	1	0900820600070061010402022041208	14be6df8b7f05f9eb6b35dfdd31edf5	0	0
9588	6	5	1	0	1	0902020210c00150050003060009088	14bcedfca7375eafb2b75cf9f356f75	0	0
9589	6	5	4	0	1	0902020220c00150050001260009088	14bcedfc97375eafb2b75ed9f356f75	0	0
9590	6	5	0	0	1	0902020220c00150050003060009088	14bcedfc97375eafb2b75cf9f356f75	0	0
9591	6	8	0	0	0	09020204040405208180012480050a0	14bcedfab3f35adf36375edb735af5d	0	0
9592	6	1	2	0	1	0902080030c002700180014410080a0	14bce7fe87375d8fb6375ebbe357f5d	0	0
9593	6	7	6	0	1	0902080210200154050001448003088	14bce7fca7d75eabb2b75ebb735cf75	0	0
9594	6	5	6	0	1	0902080214200144050001448003088	14bce7fca3d75ebbb2b75ebb735cf75	0	0
9595	6	5	4	0	1	0902800034201040218001428006420	14bc6ffe83d74fbf96375ebd7359bdd	0	0
9596	6	4	4	0	0	0c00032201020261010000d10048048	11beecdcb6f55d9eb6b75f2ef317fb5	0	0
9597	6	6	4	0	1	0c0005021023002800a041030003044	11beeafca7d45fd7b7171efcf35cfb9	0	0
9598	6	5	2	0	0	0c00050220c04042040103081048480	11beeafc97371fbdb3b65cf7e317b7d	0	0
9599	6	6	4	0	0	0c0005060022006800a041030003404	11beeaf8b7d55f97b7171efcf35cbf9	0	0
9600	6	5	4	0	0	0c0005060023004800a041030003404	11beeaf8b7d45fb7b7171efcf35cbf9	0	0
9601	6	6	3	0	0	0c0005420022006080a050011003140	11beeabcb7d55f9f37170ffee35cebd	0	0
9602	6	6	10	0	1	0c00090600060052018003101044024	11bee6f8b7f15fadb6375cefe31bfd9	0	0
9603	6	7	6	0	0	0c000918000204a2048040203014024	11bee6e6b7f55b5db3371fdfc34bfd9	0	0
9604	6	5	6	0	1	0c000a30002201a0040214022014041	11bee5ceb7d55e5fb3b54bfdd34bfbc	0	0
9605	6	7	6	0	1	0c000a40220004520401018280050a0	11bee5be95f75badb3b65e7d735af5d	0	0
9606	6	7	7	0	0	0c000c2082001420100318009200824	11bee3de35f74bdfa7b447ff615f7d9	0	0
9607	6	2	4	0	1	0c000c4400061128008211080010824	11bee3bab7f14ed7b7354ef7f34f7d9	0	0
9608	6	3	0	0	0	0c000c6000121422008200828011104	11bee39eb7e54bddb7355f7d734eef9	0	0
9609	6	4	4	0	1	0c002200322101110400014280048c0	11becdfe85d65eeeb3b75ebd735b73d	0	0
9610	6	10	4	0	1	10002210841000e400214042800a140	0dbecdee33e75f1bb7961fbd7355ebd	0	0
9611	6	10	9	0	1	10002400912000e4022000c4800a140	0dbecbfe26d75f1bb5975f3b7355ebd	0	0
9612	6	10	8	0	1	10002400912000e4022000c4800a240	0dbecbfe26d75f1bb5975f3b7355dbd	0	0
9613	6	10	6	0	1	10002400912000e4022000c4800a300	0dbecbfe26d75f1bb5975f3b7355cfd	0	0
9614	6	10	0	0	1	100024021600050814040a0a00050a0	0dbecbfca1f75af7a3b355f5f35af5d	0	0
9615	6	10	2	0	1	10002408844000ca040402260009220	0dbecbf633b75f35b3b35dd9f356ddd	0	0
9616	6	10	4	0	0	10002818001400d20401048c00060a0	0dbec7e6b7e35f2db3b65b73f359f5d	0	0
9617	6	10	4	0	1	10008800a20410502401140a0006060	0dbe67fe15f34faf93b64bf5f359f9d	0	0
9618	6	10	6	0	1	10008800a480024414015000900a120	0dbe67fe13775dbba3b60fff6355edd	0	0
9619	6	10	4	0	1	1000a000a480024414015000900a120	0dbe4ffe13775dbba3b60fff6355edd	0	0
9620	6	7	4	0	0	10040c0091014004102208888102140	0dbae3fe26f61ffba7955777725debd	0	0
9621	6	5	9	0	0	1004240881214000102100c4800a240	0dbacbf636d61fffa7965f3b7355dbd	0	0
9622	6	3	3	0	1	100424180025401010210088800a0c0	0dbacbe6b7d21fefa7965f777355f3d	0	0
9623	6	6	0	0	0	1004241800304004142000c8800a240	0dbacbe6b7c71ffba3975f377355dbd	0	0
9624	6	3	6	0	0	1004482080820904150000441018208	0dbaa7de377556fba2b75fbbe347df5	0	0
9625	6	5	4	0	0	1004600091114000112000c8800a240	0dba8ffe26e61fffa6975f377355dbd	0	0
9626	6	7	6	0	1	1004602081000320112000c88008910	0dba8fde36f75cdfa6975f3773576ed	0	0
9627	6	9	6	0	1	10080418008201441600060c000a028	0db6ebe6b7755ebba1b759f3f355fd5	0	0
9628	6	5	6	0	0	10080518008201440600060c000a028	0db6eae6b7755ebbb1b759f3f355fd5	0	0
9629	6	9	3	0	0	100820009180015403000244800a420	0db6cffe26775eabb4b75dbb7355bdd	0	0
9630	6	9	3	0	0	100820088180015013000224800a420	0db6cff636775eafa4b75ddb7355bdd	0	0
9631	6	9	4	0	1	100820108090015405000062800a220	0db6cfee37675eabb2b75f9d7355ddd	0	0
9632	6	9	0	0	1	100820108090015405000242800a220	0db6cfee37675eabb2b75dbd7355ddd	0	0
9633	6	8	4	0	1	10082090009001540500044a000a028	0db6cf6eb7675eabb2b75bb5f355fd5	0	0
9634	6	2	4	0	1	100820980090015405000448000a028	0db6cf66b7675eabb2b75bb7f355fd5	0	0
9635	6	8	3	0	0	100821100090015405000222800a220	0db6ceeeb7675eabb2b75ddd7355ddd	0	0
9636	6	8	4	0	1	100822100090015405000062800c220	0db6cdeeb7675eabb2b75f9d7353ddd	0	0
9637	6	4	4	0	0	100822180090015404000064800c220	0db6cde6b7675eabb3b75f9b7353ddd	0	0
9638	6	5	6	0	1	1008240884400148040402260009220	0db6cbf633b75eb7b3b35dd9f356ddd	0	0
9639	6	4	4	0	1	10082410109000cc0400028a0012220	0db6cbeea7675f33b3b75d75f34dddd	0	0
9640	6	4	2	0	1	100824101090018c0400022a0018220	0db6cbeea7675e73b3b75dd5f347ddd	0	0
9641	6	6	8	0	1	100824140015001400050222800a220	0db6cbeab7e25febb7b25ddd7355ddd	0	0
9642	6	6	4	0	0	1008241800500098040408224100824	0db6cbe6b7a75f67b3b357ddb25f7d9	0	0
9643	6	5	4	0	0	10082418008201401600140c000a028	0db6cbe6b7755ebfa1b74bf3f355fd5	0	0
9644	6	5	3	0	0	10082418008201401600140c000a030	0db6cbe6b7755ebfa1b74bf3f355fcd	0	0
9645	6	3	4	0	1	10082418008201441600040c000a028	0db6cbe6b7755ebba1b75bf3f355fd5	0	0
9646	6	6	2	0	1	100824180410008a000502320018220	0db6cbe6b3e75f75b7b25dcdf347ddd	0	0
9647	6	2	4	0	1	10082418041000d804010a020012024	0db6cbe6b3e75f27b3b655fdf34dfd9	0	0
9648	6	4	0	0	1	100824180410018a000402320018220	0db6cbe6b3e75e75b7b35dcdf347ddd	0	0
9649	6	2	4	0	0	10082418044000d2002400a4000c480	0db6cbe6b3b75f2db7935f5bf353b7d	0	0
9650	6	3	3	0	0	1008242804800189040100244012090	0db6cbd6b3775e76b3b65fdbb34df6d	0	0
9651	6	7	4	0	0	10082800a2001054040104848102088	0db6c7fe15f74fabb3b65b7b725df75	0	0
9652	6	7	4	0	0	10082800a2001114040104848100888	0db6c7fe15f74eebb3b65b7b725f775	0	0
9653	6	4	4	0	0	10082800a280405100015010804200c	0db6c7fe15771faeb7b60fef731dff1	0	0
9654	6	4	4	0	0	10082800a6001054040010848002828	0db6c7fe11f74fabb3b74f7b735d7d5	0	0
9655	6	6	6	0	0	1008280286000110140412060004821	0db6c7fc31f75eefa3b34df9f35b7dc	0	0
9656	6	8	2	0	0	1008281000150046010102828104220	0db6c7eeb7e25fb9b6b65d7d725bddd	0	0
9657	6	8	4	0	1	10082810009000d4050000a28006220	0db6c7eeb7675f2bb2b75f5d7359ddd	0	0
9658	6	4	3	0	1	100828101091004411000488800a280	0db6c7eea7665fbba6b75b777355d7d	0	0
9659	6	7	9	0	1	100828108005005400210486000a048	0db6c7ee37f25fabb7965b79f355fb5	0	0
9660	6	6	7	0	1	100828108404007000210486000a048	0db6c7ee33f35f8fb7965b79f355fb5	0	0
9661	6	4	4	0	0	1008281084800150140014048002888	0db6c7ee33775eafa3b74bfb735d775	0	0
9662	6	4	6	0	0	100828120006443000045000a04080c	0db6c7ecb7f11bcfb7b30fff531f7f1	0	0
9663	6	6	4	0	0	100828140006402400051080a110208	0db6c7eab7f11fdbb7b24f7f524fdf5	0	0
9664	6	5	4	0	0	1008282081800140150014048002a08	0db6c7de36775ebfa2b74bfb735d5f5	0	0
9665	6	3	7	0	0	1008284020a0405101010080a102088	0db6c7be97571faeb6b65f7f525df75	0	0
9666	6	1	7	0	1	1008284020a0405101014080a002088	0db6c7be97571faeb6b61f7f535df75	0	0
9667	6	4	4	0	0	1008412080901060210000a28018300	0db6aede37674f9f96b75f5d7347cfd	0	0
9668	6	6	2	0	0	10084414008200409600140c000a028	0db6abeab7755fbf21b74bf3f355fd5	0	0
9669	6	4	6	0	0	1008480096001104140002848100828	0db6a7fe21f74efba3b75d7b725f7d5	0	0
9670	6	6	4	0	0	10086000a0900058040104841018280	0db68ffe17675fa7b3b65b7be347d7d	0	0
9671	6	7	6	0	0	1008600880100158060002248003030	0db68ff637e75ea7b1b75ddb735cfcd	0	0
9672	6	5	6	0	0	1008600884100148060002248003030	0db68ff633e75eb7b1b75ddb735cfcd	0	0
9673	6	4	6	0	0	1008600884100158040002248003030	0db68ff633e75ea7b3b75ddb735cfcd	0	0
9674	6	5	4	0	1	100860108090015005000062800a220	0db68fee37675eafb2b75f9d7355ddd	0	0
9675	6	4	4	0	0	100860108090015404000064800a220	0db68fee37675eabb3b75f9b7355ddd	0	0
9676	6	2	4	0	1	100860108090015405000060800a220	0db68fee37675eabb2b75f9f7355ddd	0	0
9677	6	5	0	0	0	1008a00280145020000540828108090	0db64ffc37e30fdfb7b21f7d7257f6d	0	0
9678	6	6	6	0	1	1008a0108015001400054020c00a0a0	0db64fee37e25febb7b21fdf3355f5d	0	0
9679	6	5	6	0	1	1008a0108015004400054202800a220	0db64fee37e25fbbb7b21dfd7355ddd	0	0
9680	6	3	6	0	1	1008a0108015005400050202800a220	0db64fee37e25fabb7b25dfd7355ddd	0	0
9681	6	5	4	0	0	100a080410c000d0012001860104084	0db4e7faa7375f2fb6975e79f25bf79	0	0
9682	6	7	8	0	1	1010030a0003008a001148006044220	0daeecf4b7f45f75b7a617ff931bddd	0	0
9683	6	4	9	0	0	101004c4009048090002006a000a090	0daeeb3ab76717f6b7b55f95f355f6d	0	0
9684	6	6	7	0	1	10100c180402008214010c0c0012018	0daee3e6b3f55f7da3b653f3f34dfe5	0	0
9685	6	9	4	0	1	10102008844000ca040402260005220	0daecff633b75f35b3b35dd9f35addd	0	0
9686	6	9	1	0	0	10102018005000d204040226000c220	0daecfe6b7a75f2db3b35dd9f353ddd	0	0
9687	6	5	3	0	1	10102090203140100005044880480c0	0daecf6e97c61fefb7b25bb77317f3d	0	0
9688	6	5	3	0	1	1010211400440848060000a2400c280	0daeceeab7b357b7b1b75f5db353d7d	0	0
9689	6	2	9	0	0	10102118005000ca04040222000c220	0daecee6b7a75f35b3b35dddf353ddd	0	0
9690	6	5	3	0	0	10102118044000c204040226000c220	0daecee6b3b75f3db3b35dd9f353ddd	0	0
9691	6	4	7	0	0	101028108084016011001200a100a20	0daec7ee37735e9fa6b74dff525f5dd	0	0
9692	6	7	6	0	0	101028108400024414011044800a220	0daec7ee33f75dbba3b64fbb7355ddd	0	0
9693	6	7	7	0	0	10102818001000c21600042c0006030	0daec7e6b7e75f3da1b75bd3f359fcd	0	0
9694	6	5	7	0	0	10102818001400c20600042c0006030	0daec7e6b7e35f3db1b75bd3f359fcd	0	0
9695	6	4	7	0	0	10102818001400d20400042c0006030	0daec7e6b7e35f2db3b75bd3f359fcd	0	0
9696	6	2	7	0	0	10102818001400d2060004240006030	0daec7e6b7e35f2db1b75bdbf359fcd	0	0
9697	6	5	6	0	0	1010410880910040230004284009120	0daeaef637665fbf94b75bd7b356edd	0	0
9698	6	6	6	0	1	10104120808200a08101050a0018104	0daeaede37755f5f36b65af5f347ef9	0	0
9699	6	5	4	0	1	10104408848001a0020108248011110	0daeabf633775e5fb5b657db734eeed	0	0
9700	6	5	4	0	0	10104808808203200101044c0101060	0daea7f637755cdfb6b65bb3f25ef9d	0	0
9701	6	4	6	0	1	10104830002202a40001044c0012048	0daea7ceb7d55d5bb7b65bb3f34dfb5	0	0
9702	6	6	3	0	0	1010600091404020120202848100850	0dae8ffe26b71fdfa5b55d7b725f7ad	0	0
9703	6	5	6	0	1	1010600093000300160002448010a10	0dae8ffe24f75cffa1b75dbb734f5ed	0	0
9704	6	7	2	0	0	10106008200300828110042c0104028	0dae8ff697f45f7d36a75bd3f25bfd5	0	0
9705	6	5	4	0	1	1010a008844000c2040402260005220	0dae4ff633b75f3db3b35dd9f35addd	0	0
9706	6	3	4	0	1	10200298009000d405000048800a060	0d9eed66b7675f2bb2b75fb77355f9d	0	0
9707	6	6	6	0	0	102003140015000c00214028400a0a0	0d9eeceab7e25ff3b7961fd7b355f5d	0	0
9708	6	6	6	0	0	102003140015001800214022400a0a0	0d9eeceab7e25fe7b7961fddb355f5d	0	0
9709	6	5	4	0	0	10200314001540040021408880088c0	0d9eeceab7e21ffbb7961f77735773d	0	0
9710	6	2	6	0	0	1020031800144054002102808208240	0d9eece6b7e31fabb7965d7f7157dbd	0	0
9711	6	4	4	0	1	10200512000641300001088a00180c0	0d9eeaecb7f11ecfb7b65775f347f3d	0	0
9712	6	2	4	0	1	10200518000641300021088800180c0	0d9eeae6b7f11ecfb7965777f347f3d	0	0
9713	6	4	7	0	1	102006101440087000020245000a0c0	0d9ee9eea3b7578fb7b55dbaf355f3d	0	0
9714	6	9	10	0	0	10200800a22010540003048481020c0	0d9ee7fe15d74fabb7b45b7b725df3d	0	0
9715	6	6	6	0	0	102009101014402400214088800a0c0	0d9ee6eea7e31fdbb7961f777355f3d	0	0
9716	6	4	6	0	0	102009101014406400204088800a0c0	0d9ee6eea7e31f9bb7971f777355f3d	0	0
9717	6	5	6	0	0	102009101015400400214088800a0c0	0d9ee6eea7e21ffbb7961f777355f3d	0	0
9718	6	6	0	0	0	102009140014402400214088800a0c0	0d9ee6eab7e31fdbb7961f777355f3d	0	0
9719	6	3	6	0	0	102009180014406400210088800a240	0d9ee6e6b7e31f9bb7965f777355dbd	0	0
9720	6	3	6	0	0	102009180014407000210088800a0c0	0d9ee6e6b7e31f8fb7965f777355f3d	0	0
9721	6	6	6	0	1	10200a08104400700120028c00050c0	0d9ee5f6a7b35f8fb6975d73f35af3d	0	0
9722	6	7	1	0	0	10200a08800410700101048481080c0	0d9ee5f637f34f8fb6b65b7b7257f3d	0	0
9723	6	6	4	0	0	10200a1404040052002200a60014480	0d9ee5eab3f35fadb7955f59f34bb7d	0	0
9724	6	6	7	0	1	10200c081044403000240a0c0001844	0d9ee3f6a7b31fcfb79355f3f35e7b9	0	0
9725	6	6	7	0	0	10200c0c00064021002100cc000a240	0d9ee3f2b7f11fdeb7965f33f355dbd	0	0
9726	6	9	9	0	1	102020009180014415000244800a220	0d9ecffe26775ebba2b75dbb7355ddd	0	0
9727	6	9	6	0	0	102020088104015013000224800a420	0d9ecff636f35eafa4b75ddb7355bdd	0	0
9728	6	1	4	0	1	1020208880250044130008809100120	0d9ecf7637d25fbba4b7577f625fedd	0	0
9729	6	5	1	0	1	10202090203140100005048880480c0	0d9ecf6e97c61fefb7b25b777317f3d	0	0
9730	6	5	1	0	1	102020980031401000050448800a0c0	0d9ecf66b7c61fefb7b25bb77355f3d	0	0
9731	6	8	6	0	0	1020210011200870010400c4800c280	0d9ecefea6d7578fb6b35f3b7353d7d	0	0
9732	6	8	4	0	0	10202100818001441500060c0002a20	0d9ecefe36775ebba2b759f3f35d5dd	0	0
9733	6	7	4	0	1	1020210091004064022000c8800a140	0d9ecefe26f71f9bb5975f377355ebd	0	0
9734	6	7	4	0	1	1020210091004124010100c88018240	0d9ecefe26f71edbb6b65f377347dbd	0	0
9735	6	7	4	0	0	1020210091004124020100c48018240	0d9ecefe26f71edbb5b65f3b7347dbd	0	0
9736	6	6	9	0	0	1020210091044024002402848008a40	0d9ecefe26f31fdbb7935d7b73575bd	0	0
9737	6	5	8	0	0	102021009180014015001208800a220	0d9ecefe26775ebfa2b74df77355ddd	0	0
9738	6	5	9	0	0	102021009180014405000244800a220	0d9ecefe26775ebbb2b75dbb7355ddd	0	0
9739	6	5	8	0	1	102021009180014405000248800a220	0d9ecefe26775ebbb2b75db77355ddd	0	0
9740	6	3	9	0	0	102021009180014415000204800a220	0d9ecefe26775ebba2b75dfb7355ddd	0	0
9741	6	3	8	0	1	102021009180014415000208800a220	0d9ecefe26775ebba2b75df77355ddd	0	0
9742	6	6	4	0	0	1020210095000064022000c4800a140	0d9ecefe22f75f9bb5975f3b7355ebd	0	0
9743	6	3	4	0	0	10202100950000e402200084800a140	0d9ecefe22f75f1bb5975f7b7355ebd	0	0
9744	6	5	9	0	0	1020210880a0404014011400900a300	0d9ecef637571fbfa3b64bff6355cfd	0	0
9745	6	8	4	0	0	102021100090015405000068800a0a0	0d9eceeeb7675eabb2b75f977355f5d	0	0
9746	6	6	4	0	0	102021101014402400214088800a0c0	0d9eceeea7e31fdbb7961f777355f3d	0	0
9747	6	4	4	0	0	102021101014406400204088800a0c0	0d9eceeea7e31f9bb7971f777355f3d	0	0
9748	6	5	4	0	0	102021101015400400214088800a0c0	0d9eceeea7e21ffbb7961f777355f3d	0	0
9749	6	3	2	0	0	10202110101540048024400880088c0	0d9eceeea7e21ffb37931ff7735773d	0	0
9750	6	1	0	0	0	10202110101540048024408880080c0	0d9eceeea7e21ffb37931f777357f3d	0	0
9751	6	7	3	0	0	102021101080014415001208800a220	0d9eceeea7775ebba2b74df77355ddd	0	0
9752	6	5	7	0	0	102021101090014405000248800a220	0d9eceeea7675ebbb2b75db77355ddd	0	0
9753	6	7	4	0	0	102021108080014415001028800a220	0d9eceee37775ebba2b74fd77355ddd	0	0
9754	6	7	4	0	0	1020211080800144150012088002a20	0d9eceee37775ebba2b74df7735d5dd	0	0
9755	6	7	2	0	0	1020211080800144150012088008a20	0d9eceee37775ebba2b74df773575dd	0	0
9756	6	7	0	0	0	102021108080014415001208800a220	0d9eceee37775ebba2b74df77355ddd	0	0
9757	6	4	4	0	1	1020211080840164010000a88018280	0d9eceee37735e9bb6b75f577347d7d	0	0
9758	6	6	3	0	1	10202112000640300024028a0040850	0d9eceecb7f11fcfb7935d75f31f7ad	0	0
9759	6	6	1	0	0	10202112001240300005060a0042050	0d9eceecb7e51fcfb7b259f5f31dfad	0	0
9760	6	6	2	0	0	10202112001440300021028a00088c0	0d9eceecb7e31fcfb7965d75f35773d	0	0
9761	6	6	0	0	0	10202112001440300024028a00088c0	0d9eceecb7e31fcfb7935d75f35773d	0	0
9762	6	7	4	0	0	1020211400114004102400a88008a80	0d9eceeab7e61ffba7935f57735757d	0	0
9763	6	5	4	0	0	1020211400154004002400a88008a80	0d9eceeab7e21ffbb7935f57735757d	0	0
9764	6	5	4	0	0	1020211800124044042000c8800a240	0d9ecee6b7e51fbbb3975f377355dbd	0	0
9765	6	6	4	0	0	1020211800140054010102888202060	0d9ecee6b7e35fabb6b65d77715df9d	0	0
9766	6	5	2	0	0	1020211800144044002102888208240	0d9ecee6b7e31fbbb7965d777157dbd	0	0
9767	6	2	2	0	0	1020211800144054002102808208240	0d9ecee6b7e31fabb7965d7f7157dbd	0	0
9768	6	5	4	0	1	1020211800234010000504488042048	0d9ecee6b7d41fefb7b25bb7731dfb5	0	0
9769	6	4	4	0	0	10202118008201540400044c000a028	0d9ecee6b7755eabb3b75bb3f355fd5	0	0
9770	6	5	4	0	0	102021180090015005000068800a0a0	0d9ecee6b7675eafb2b75f977355f5d	0	0
9771	6	5	4	0	0	102022048501004010211044800a300	0d9ecdfa32f65fbfa7964fbb7355cfd	0	0
9772	6	8	4	0	0	1020221004040146020110540018028	0d9ecdeeb3f35eb9b5b64fabf347fd5	0	0
9773	6	2	7	0	1	10202210104400e402200284000c240	0d9ecdeea7b35f1bb5975d7bf353dbd	0	0
9774	6	6	4	0	0	102022101090004415001048800a220	0d9ecdeea7675fbba2b74fb77355ddd	0	0
9775	6	5	4	0	0	10202210109000c015005002800a220	0d9ecdeea7675f3fa2b70ffd7355ddd	0	0
9776	6	2	7	0	1	10202210804400e4022002840008a40	0d9ecdee37b35f1bb5975d7bf3575bd	0	0
9777	6	2	1	0	1	1020221800144054002102808208240	0d9ecde6b7e31fabb7965d7f7157dbd	0	0
9778	6	7	4	0	0	1020240031004820202100cc01080c0	0d9ecbfe86f717df97965f33f257f3d	0	0
9779	6	4	6	0	1	10202400324005180400022a0011084	0d9ecbfe85b75ae7b3b75dd5f34ef79	0	0
9780	6	5	4	0	0	1020240035004800202100d401080c0	0d9ecbfe82f717ff97965f2bf257f3d	0	0
9781	6	5	4	0	1	1020240035004820002100cc000a0c0	0d9ecbfe82f717dfb7965f33f355f3d	0	0
9782	6	3	4	0	1	10202400350048202021004c000a0c0	0d9ecbfe82f717df97965fb3f355f3d	0	0
9783	6	2	4	0	0	1020240035004820202100c401080c0	0d9ecbfe82f717df97965f3bf257f3d	0	0
9784	6	1	4	0	1	1020240035004820202100cc00080c0	0d9ecbfe82f717df97965f33f357f3d	0	0
9785	6	8	7	0	1	102024020202051015000a0a0001824	0d9ecbfcb5f55aefa2b755f5f35e7d9	0	0
9786	6	7	7	0	0	102024021200051014040a0c00018a0	0d9ecbfca5f75aefa3b355f3f35e75d	0	0
9787	6	4	8	0	1	102024021240051014000a0a0001884	0d9ecbfca5b75aefa3b755f5f35e779	0	0
9788	6	4	7	0	0	102024021240051014000a0c0001884	0d9ecbfca5b75aefa3b755f3f35e779	0	0
9789	6	5	7	0	0	102024021600050014040a0c00018a0	0d9ecbfca1f75affa3b355f3f35e75d	0	0
9790	6	6	4	0	1	1020241014040824002100cc000a0c0	0d9ecbeea3f357dbb7965f33f355f3d	0	0
9791	6	2	6	0	1	1020241202020c10148040404002884	0d9ecbecb5f553efa3371fbfb35d779	0	0
9792	6	4	7	0	0	10202800322000d20400048411040a0	0d9ec7fe85d75f2db3b75b7be25bf5d	0	0
9793	6	3	7	0	1	10202800322000d4050000809104060	0d9ec7fe85d75f2bb2b75f7f625bf9d	0	0
9794	6	7	2	0	0	1020280091004804102100d40108240	0d9ec7fe26f717fba7965f2bf257dbd	0	0
9795	6	3	9	0	1	102028009105080411010084800a240	0d9ec7fe26f257fba6b65f7b7355dbd	0	0
9796	6	6	6	0	1	1020280095000044142000c4800a300	0d9ec7fe22f75fbba3975f3b7355cfd	0	0
9797	6	5	7	0	1	1020280095014000102100c4800a240	0d9ec7fe22f61fffa7965f3b7355dbd	0	0
9798	6	4	4	0	0	1020280096000914000110540003060	0d9ec7fe21f756ebb7b64fabf35cf9d	0	0
9799	6	5	7	0	1	10202800a2044042040444009100890	0d9ec7fe15f31fbdb3b31bff625f76d	0	0
9800	6	5	7	0	0	10202800a5014000102100a48102050	0d9ec7fe12f61fffa7965f5b725dfad	0	0
9801	6	7	6	0	0	1020280880044054002400a48009600	0d9ec7f637f31fabb7935f5b73569fd	0	0
9802	6	5	6	0	0	1020280880444044002400ac0009600	0d9ec7f637b31fbbb7935f53f3569fd	0	0
9803	6	5	6	0	1	1020280880450044002400ac0009300	0d9ec7f637b25fbbb7935f53f356cfd	0	0
9804	6	8	1	0	1	102028100014406400214088800a0c0	0d9ec7eeb7e31f9bb7961f777355f3d	0	0
9805	6	8	1	0	1	10202810001440700021048a000a0c0	0d9ec7eeb7e31f8fb7965b75f355f3d	0	0
9806	6	6	1	0	1	102028101014402400214088800a0c0	0d9ec7eea7e31fdbb7961f777355f3d	0	0
9807	6	4	1	0	1	102028101014406400204088800a0c0	0d9ec7eea7e31f9bb7971f777355f3d	0	0
9808	6	3	2	0	1	102028101014406400224008800a0c0	0d9ec7eea7e31f9bb7951ff77355f3d	0	0
9809	6	1	4	0	1	10202810101440640022408880020c0	0d9ec7eea7e31f9bb7951f77735df3d	0	0
9810	6	5	1	0	1	102028101015400400214088800a0c0	0d9ec7eea7e21ffbb7961f777355f3d	0	0
9811	6	5	6	0	0	10202810201404500104042a02020a0	0d9ec7ee97e35bafb6b35bd5f15df5d	0	0
9812	6	5	7	0	1	102028102014406000214088800a0c0	0d9ec7ee97e31f9fb7961f777355f3d	0	0
9813	6	4	7	0	1	102028102014407000010488800a0c0	0d9ec7ee97e31f8fb7b65b777355f3d	0	0
9814	6	3	7	0	1	102028102014407000210088800a0c0	0d9ec7ee97e31f8fb7965f777355f3d	0	0
9815	6	2	7	0	1	102028102014407000210488000a0c0	0d9ec7ee97e31f8fb7965b77f355f3d	0	0
9816	6	5	6	0	1	10202810205000d00104042a0208084	0d9ec7ee97a75f2fb6b35bd5f157f79	0	0
9817	6	1	6	0	1	10202810205000f00104042a0008084	0d9ec7ee97a75f0fb6b35bd5f357f79	0	0
9818	6	6	6	0	1	102028108404006400054044800a0a0	0d9ec7ee33f35f9bb7b21fbb7355f5d	0	0
9819	6	5	6	0	0	102028108404015004011044800a0a0	0d9ec7ee33f35eafb3b64fbb7355f5d	0	0
9820	6	4	10	0	0	102028108404015400011044800a060	0d9ec7ee33f35eabb7b64fbb7355f9d	0	0
9821	6	4	7	0	1	1020281084040864000100c4800a240	0d9ec7ee33f3579bb7b65f3b7355dbd	0	0
9822	6	2	7	0	1	1020281084040864002100c4000a240	0d9ec7ee33f3579bb7965f3bf355dbd	0	0
9823	6	5	1	0	0	1020281800150044010102888102060	0d9ec7e6b7e25fbbb6b65d77725df9d	0	0
9824	6	7	6	0	0	10202848001000c4111000a88102120	0d9ec7b6b7e75f3ba6a75f57725dedd	0	0
9825	6	5	6	0	1	102028500006030401011048800a220	0d9ec7aeb7f15cfbb6b64fb77355ddd	0	0
9826	6	3	6	0	1	1020408822804100341000288110018	0d9eaf7695771eff83a75fd7724ffe5	0	0
9827	6	6	6	0	0	1020410091024020222000cc0018050	0d9eaefe26f51fdf95975f33f347fad	0	0
9828	6	7	8	0	1	1020440224000922000540250009090	0d9eabfc93f756ddb7b21fdaf356f6d	0	0
9829	6	8	4	0	1	1020600010124124012000c88009240	0d9e8ffea7e51edbb6975f377356dbd	0	0
9830	6	5	4	0	1	10206000312000d0030004940006060	0d9e8ffe86d75f2fb4b75b6bf359f9d	0	0
9831	6	4	4	0	1	10206000344000e200204084100c180	0d9e8ffe83b75f1db7971f7be353e7d	0	0
9832	6	8	0	0	1	1020600080c001a0111000ac0018280	0d9e8ffe37375e5fa6a75f53f347d7d	0	0
9833	6	6	2	0	1	1020600090c000a0111000ac0018280	0d9e8ffe27375f5fa6a75f53f347d7d	0	0
9834	6	7	6	0	0	102060009100015013000244800a420	0d9e8ffe26f75eafa4b75dbb7355bdd	0	0
9835	6	3	4	0	1	10206000914001a0130000848008a40	0d9e8ffe26b75e5fa4b75f7b73575bd	0	0
9836	6	6	1	0	1	10206000914040201220028c0008844	0d9e8ffe26b71fdfa5975d73f3577b9	0	0
9837	6	2	9	0	1	10206000914040a0122002840008844	0d9e8ffe26b71f5fa5975d7bf3577b9	0	0
9838	6	2	6	0	1	10206000914040a0122002840008a04	0d9e8ffe26b71f5fa5975d7bf3575f9	0	0
9839	6	2	2	0	1	10206000914040a0122002840008a40	0d9e8ffe26b71f5fa5975d7bf3575bd	0	0
9840	6	4	4	0	1	102060009180091011000074000a220	0d9e8ffe267756efa6b75f8bf355ddd	0	0
9841	6	5	4	0	1	10206000950000e0022000c4800a140	0d9e8ffe22f75f1fb5975f3b7355ebd	0	0
9842	6	4	6	0	1	10206000960005081400022a0011024	0d9e8ffe21f75af7a3b75dd5f34efd9	0	0
9843	6	7	6	0	0	10206000a1004820100500a48108210	0d9e8ffe16f717dfa7b25f5b7257ded	0	0
9844	6	5	6	0	1	10206000a12000d0030006140002824	0d9e8ffe16d75f2fb4b759ebf35d7d9	0	0
9845	6	5	2	0	1	10206000a12000d0030006140002860	0d9e8ffe16d75f2fb4b759ebf35d79d	0	0
9846	6	5	6	0	0	10206000a1400140130002848008e00	0d9e8ffe16b75ebfa4b75d7b73571fd	0	0
9847	6	4	6	0	1	10206000a1404060120002848008a04	0d9e8ffe16b71f9fa5b75d7b73575f9	0	0
9848	6	4	6	0	1	10206000a1404120120002248008a04	0d9e8ffe16b71edfa5b75ddb73575f9	0	0
9849	6	5	4	0	1	10206000a2800840150040209102090	0d9e8ffe157757bfa2b71fdf625df6d	0	0
9850	6	6	4	0	1	1020600215004020102100cc000a048	0d9e8ffca2f71fdfa7965f33f355fb5	0	0
9851	6	5	4	0	0	10206004850000c0122000a4800a500	0d9e8ffa32f75f3fa5975f5b7355afd	0	0
9852	6	5	4	0	0	1020601010124120002200ca0110050	0d9e8feea7e51edfb7955f35f24ffad	0	0
9853	6	4	4	0	1	10206018008201501400044c000a028	0d9e8fe6b7755eafa3b75bb3f355fd5	0	0
9854	6	6	6	0	1	1020880092020814000602501140060	0d9e67fe25f557ebb7b15dafe21ff9d	0	0
9855	6	5	4	0	0	10208800a2041050040110828102060	0d9e67fe15f34fafb3b64f7d725df9d	0	0
9856	6	4	4	0	0	10208800a2041050200110908140060	0d9e67fe15f34faf97b64f6f721ff9d	0	0
9857	6	3	4	0	0	10208800a2041050240110028102060	0d9e67fe15f34faf93b64ffd725df9d	0	0
9858	6	7	6	0	1	102088088004107000054044800a0a0	0d9e67f637f34f8fb7b21fbb7355f5d	0	0
9859	6	6	4	0	1	1020880880064014002408288003440	0d9e67f637f11febb79357d7735cbbd	0	0
9860	6	6	8	0	1	1020a000a480004414011200900a220	0d9e4ffe13775fbba3b64dff6355ddd	0	0
9861	6	6	4	0	1	1020a000a480004414015000900a120	0d9e4ffe13775fbba3b60fff6355edd	0	0
9862	6	6	9	0	1	1020a0408084004411011200900a220	0d9e4fbe37735fbba6b64dff6355ddd	0	0
9863	6	4	3	0	0	108002c400820a08100250005140110	0d3eed3ab77555f7a7b50fffa21feed	0	0
9864	6	4	6	0	0	1080030820a1005800014106000c024	0d3eecf697565fa7b7b61ef9f353fd9	0	0
9865	6	7	6	0	0	1080031010404044260002422108048	0d3eeceea7b71fbb91b75dbdd257fb5	0	0
9866	6	3	8	0	0	108003280090104036000020a048110	0d3eecd6b7674fbf81b75fdf5317eed	0	0
9867	6	4	7	0	1	108005081480024a04004040500a120	0d3eeaf6a3775db5b3b71fbfa355edd	0	0
9868	6	4	4	0	1	108005081480024a04004042100a120	0d3eeaf6a3775db5b3b71fbde355edd	0	0
9869	6	3	4	0	1	108005081480028a04014002100a120	0d3eeaf6a3775d75b3b61ffde355edd	0	0
9870	6	4	6	0	0	1080050885000848240000614102110	0d3eeaf632f757b793b75f9eb25deed	0	0
9871	6	7	6	0	0	108005101040044816000a0a0006084	0d3eeaeea7b75bb7a1b755f5f359f79	0	0
9872	6	4	6	0	0	10800510109001888400402a000a0a0	0d3eeaeea7675e7733b71fd5f355f5d	0	0
9873	6	5	6	0	1	1080051010c040401600028a000a088	0d3eeaeea7371fbfa1b75d75f355f75	0	0
9874	6	4	6	0	1	10800512000642300001028a0048044	0d3eeaecb7f11dcfb7b65d75f317fb9	0	0
9875	6	6	6	0	0	10800512001440300005022a0042050	0d3eeaecb7e31fcfb7b25dd5f31dfad	0	0
9876	6	6	7	0	0	108005120014403000050a0a0008844	0d3eeaecb7e31fcfb7b255f5f3577b9	0	0
9877	6	6	6	0	0	108005120014403000050a0a0008884	0d3eeaecb7e31fcfb7b255f5f357779	0	0
9878	6	5	0	0	0	108005120015401000050a0a000a0c0	0d3eeaecb7e21fefb7b255f5f355f3d	0	0
9879	6	7	6	0	1	108005180400018a00050232000c220	0d3eeae6b3f75e75b7b25dcdf353ddd	0	0
9880	6	6	4	0	0	1080061012400040a402104901040c0	0d3ee9eea5b75fbf13b54fb6f25bf3d	0	0
9881	6	6	4	0	1	1080061012400050840200c301040c0	0d3ee9eea5b75faf33b55f3cf25bf3d	0	0
9882	6	4	4	0	1	10800610124000d0840000c301040c0	0d3ee9eea5b75f2f33b75f3cf25bf3d	0	0
9883	6	3	4	0	1	10800610124000d08402008301040c0	0d3ee9eea5b75f2f33b55f7cf25bf3d	0	0
9884	6	2	6	0	0	10800610142002a4002100c401080c0	0d3ee9eea3d75d5bb7965f3bf257f3d	0	0
9885	6	5	8	0	1	10800614001500900005480240088a0	0d3ee9eab7e25f6fb7b217fdb35775d	0	0
9886	6	4	6	0	1	1080063000430040a002104a000c140	0d3ee9ceb7b45fbf17b54fb5f353ebd	0	0
9887	6	2	6	0	1	10800630042002a4002100c400088c0	0d3ee9ceb3d75d5bb7965f3bf35773d	0	0
9888	6	9	3	0	1	10800810128001508402104a0006060	0d3ee7eea5775eaf33b54fb5f359f9d	0	0
9889	6	4	3	0	0	10800910128001508400104a0006060	0d3ee6eea5775eaf33b74fb5f359f9d	0	0
9890	6	5	0	0	0	108009120015401000050a0a0042048	0d3ee6ecb7e21fefb7b255f5f31dfb5	0	0
9891	6	5	6	0	0	10800a0030c00150050001460108088	0d3ee5fe87375eafb2b75eb9f257f75	0	0
9892	6	6	3	0	1	10800a1012400050840200c301040c0	0d3ee5eea5b75faf33b55f3cf25bf3d	0	0
9893	6	1	3	0	1	10800a10128001508402104a0004060	0d3ee5eea5775eaf33b54fb5f35bf9d	0	0
9894	6	6	6	0	1	10800a1404400060108240242006090	0d3ee5eab3b75f9fa7351fdbd359f6d	0	0
9895	6	7	8	0	1	10800a2020810114000305060008848	0d3ee5de97765eebb7b45af9f3577b5	0	0
9896	6	4	6	0	0	10800a30000702041001140c000a048	0d3ee5ceb7f05dfba7b64bf3f355fb5	0	0
9897	6	7	6	0	0	10800c02120044101005180a020100c	0d3ee3fca5f71befa7b247f5f15eff1	0	0
9898	6	4	6	0	0	10800c02120244101004180a020100c	0d3ee3fca5f51befa7b347f5f15eff1	0	0
9899	6	6	7	0	1	10800c101480010414020a0c0002828	0d3ee3eea3775efba3b555f3f35d7d5	0	0
9900	6	9	4	0	0	108020108404014602011054000a028	0d3ecfee33f35eb9b5b64fabf355fd5	0	0
9901	6	9	4	0	1	1080202080c00144160000a60009108	0d3ecfde37375ebba1b75f59f356ef5	0	0
9902	6	5	1	0	1	1080209080314010020100c28048044	0d3ecf6e37c61fefb5b65f3d7317fb9	0	0
9903	6	4	0	0	1	1080209080314010120000c28048044	0d3ecf6e37c61fefa5b75f3d7317fb9	0	0
9904	6	6	4	0	1	108020a084400104140408242009180	0d3ecf5e33b75efba3b357dbd356e7d	0	0
9905	6	8	2	0	0	1080210084804100960010222018101	0d3ecefe33771eff21b74fddd347efc	0	0
9906	6	5	6	0	0	10802110141001480404024a000c0a0	0d3eceeea3e75eb7b3b35db5f353f5d	0	0
9907	6	3	6	0	0	10802110141001488404004a000c0a0	0d3eceeea3e75eb733b35fb5f353f5d	0	0
9908	6	1	6	0	0	10802110141001488404024a00040a0	0d3eceeea3e75eb733b35db5f35bf5d	0	0
9909	6	4	7	0	0	108021101410014a00040252000c220	0d3eceeea3e75eb5b7b35dadf353ddd	0	0
9910	6	5	0	0	0	108021102031401000054082800c0c0	0d3eceee97c61fefb7b21f7d7353f3d	0	0
9911	6	5	4	0	0	10802110801540040005408880088c0	0d3eceee37e21ffbb7b21f77735773d	0	0
9912	6	6	6	0	0	108021108410004c00050258000a0a0	0d3eceee33e75fb3b7b25da7f355f5d	0	0
9913	6	4	2	0	1	10802110848001488400006a000c0a0	0d3eceee33775eb733b75f95f353f5d	0	0
9914	6	5	6	0	1	1080221010440250050000c24108088	0d3ecdeea7b35dafb2b75f3db257f75	0	0
9915	6	5	4	0	1	108022101090024016004042800a180	0d3ecdeea7675dbfa1b71fbd7355e7d	0	0
9916	6	5	1	0	1	1080221010c00250050000c24108088	0d3ecdeea7375dafb2b75f3db257f75	0	0
9917	6	6	6	0	0	10802210801500180005006241080a0	0d3ecdee37e25fe7b7b25f9db257f5d	0	0
9918	6	5	0	0	1	1080221080154010020102428048044	0d3ecdee37e21fefb5b65dbd7317fb9	0	0
9919	6	4	9	0	1	108022108084015084000066000c0a0	0d3ecdee37735eaf33b75f99f353f5d	0	0
9920	6	4	4	0	0	10802210808401508400006601040a0	0d3ecdee37735eaf33b75f99f25bf5d	0	0
9921	6	4	3	0	0	10802210808401508400006601080a0	0d3ecdee37735eaf33b75f99f257f5d	0	0
9922	6	4	6	0	1	108022108404015084000066000c0a0	0d3ecdee33f35eaf33b75f99f353f5d	0	0
9923	6	4	9	0	1	108022108480014094000066000c0a0	0d3ecdee33775ebf23b75f99f353f5d	0	0
9924	6	4	4	0	1	108022108480015014000066000c0a0	0d3ecdee33775eafa3b75f99f353f5d	0	0
9925	6	4	1	0	1	108022108480015084000066000c0a0	0d3ecdee33775eaf33b75f99f353f5d	0	0
9926	6	4	4	0	1	1080222014400246040000c60009108	0d3ecddea3b75db9b3b75f39f356ef5	0	0
9927	6	6	4	0	1	1080222080c00044160000a60009108	0d3ecdde37375fbba1b75f59f356ef5	0	0
9928	6	5	4	0	1	1080222080c00144060000660009108	0d3ecdde37375ebbb1b75f99f356ef5	0	0
9929	6	3	4	0	1	1080222080c00144160000260009108	0d3ecdde37375ebba1b75fd9f356ef5	0	0
9930	6	7	8	0	1	1080222200800194040101444008888	0d3ecddcb7775e6bb3b65ebbb357775	0	0
9931	6	4	4	0	0	10802230000702041001140c000a048	0d3ecdceb7f05dfba7b64bf3f355fb5	0	0
9932	6	4	9	0	1	1080240090c00148140002860009280	0d3ecbfe27375eb7a3b75d79f356d7d	0	0
9933	6	4	7	0	1	1080240090c001481400028c0009280	0d3ecbfe27375eb7a3b75d73f356d7d	0	0
9934	6	4	6	0	1	1080240094400148140002860009280	0d3ecbfe23b75eb7a3b75d79f356d7d	0	0
9935	6	6	0	0	1	108024108404011014040a0600088a0	0d3ecbee33f35eefa3b355f9f35775d	0	0
9936	6	5	6	0	1	1080281020060148048012082014204	0d3ec7ee97f15eb7b3374df7d34bdf9	0	0
9937	6	6	6	0	0	10802810201400580401120a0006024	0d3ec7ee97e35fa7b3b64df5f359fd9	0	0
9938	6	4	2	0	0	10802810208202540400104c000a028	0d3ec7ee97755dabb3b74fb3f355fd5	0	0
9939	6	5	4	0	1	1080281200074000100518082042208	0d3ec7ecb7f01fffa7b247f7d31ddf5	0	0
9940	6	4	2	0	0	10802830000702041001140c000a048	0d3ec7ceb7f05dfba7b64bf3f355fb5	0	0
9941	6	4	4	0	0	10804100909140003200088a0018101	0d3eaefe27661fff85b75775f347efc	0	0
9942	6	5	4	0	0	108041048083400012011400300a300	0d3eaefa37741fffa5b64bffc355cfd	0	0
9943	6	5	3	0	0	10804110109041008220006842020c0	0d3eaeeea7671eff35975f97b15df3d	0	0
9944	6	4	4	0	0	10804110808201640200044c000a048	0d3eaeee37755e9bb5b75bb3f355fb5	0	0
9945	6	5	4	0	1	1080420092800300130008308101090	0d3eadfe25775cffa4b757cf725ef6d	0	0
9946	6	4	4	0	1	10804400928004481400480a0003024	0d3eabfe25775bb7a3b717f5f35cfd9	0	0
9947	6	4	4	0	1	10804400928005081400480a0001824	0d3eabfe25775af7a3b717f5f35e7d9	0	0
9948	6	6	6	0	0	1080440095004000302202940100850	0d3eabfe22f71fff87955d6bf25f7ad	0	0
9949	6	5	4	0	0	108048003280500014011088211000c	0d3ea7fe85770fffa3b64f77d24fff1	0	0
9950	6	7	7	0	1	1080600030804210120101848208014	0d3e8ffe87771defa5b65e7b7157fe9	0	0
9951	6	4	2	0	1	1080600034804210100101848208090	0d3e8ffe83771defa7b65e7b7157f6d	0	0
9952	6	3	4	0	1	1080600090904040360000828009300	0d3e8ffe27671fbf81b75f7d7356cfd	0	0
9953	6	5	4	0	1	1080600090914000122000aa0003110	0d3e8ffe27661fffa5975f55f35ceed	0	0
9954	6	5	4	0	1	1080600090c04100160000a60009208	0d3e8ffe27371effa1b75f59f356df5	0	0
9955	6	5	7	0	1	1080600090c04100160000ac0009018	0d3e8ffe27371effa1b75f53f356fe5	0	0
9956	6	3	4	0	1	1080600091800a1011010054000a204	0d3e8ffe267755efa6b65fabf355df9	0	0
9957	6	4	8	0	0	108060009410044814000a0a0003024	0d3e8ffe23e75bb7a3b755f5f35cfd9	0	0
9958	6	5	4	0	0	10806000a0900150050000a48009280	0d3e8ffe17675eafb2b75f5b7356d7d	0	0
9959	6	2	2	0	1	10806000a4804100960010202018101	0d3e8ffe13771eff21b74fdfd347efc	0	0
9960	6	9	6	0	1	10808002800644300005028a0041048	0d3e6ffc37f11bcfb7b25d75f31efb5	0	0
9961	6	9	4	0	1	10808002800644300005088a0041048	0d3e6ffc37f11bcfb7b25775f31efb5	0	0
9962	6	9	2	0	1	108080028006443000050a0a0041048	0d3e6ffc37f11bcfb7b255f5f31efb5	0	0
9963	6	6	6	0	0	10808102101240208014404a00060c0	0d3e6efca7e51fdf37a31fb5f359f3d	0	0
9964	6	4	8	0	0	1080810221020630000102890042048	0d3e6efc96f559cfb7b65d76f31dfb5	0	0
9965	6	1	0	0	0	1080810280151008200548084040090	0d3e6efc37e24ff797b217f7b31ff6d	0	0
9966	6	4	4	0	0	1080810280834002100150005042208	0d3e6efc37741ffda7b60fffa31ddf5	0	0
9967	6	6	4	0	0	108081028104402020050a0a0100848	0d3e6efc36f31fdf97b255f5f25f7b5	0	0
9968	6	8	3	0	1	10808802000644300005088a0041048	0d3e67fcb7f11bcfb7b25775f31efb5	0	0
9969	6	4	6	0	1	10808802200644300001018a0042048	0d3e67fc97f11bcfb7b65e75f31dfb5	0	0
9970	6	4	6	0	1	1080884200065000300150082042018	0d3e67bcb7f10fff87b60ff7d31dfe5	0	0
9971	6	5	4	0	0	1080a000a0c04040160010203140014	0d3e4ffe17371fbfa1b74fdfc21ffe9	0	0
9972	6	5	4	0	1	1080a000a480024014015000900a180	0d3e4ffe13775dbfa3b60fff6355e7d	0	0
9973	6	2	4	0	1	1080a000a480024414015000100a120	0d3e4ffe13775dbba3b60fffe355edd	0	0
9974	6	3	4	0	0	1080a000a480025014011004100a0a0	0d3e4ffe13775dafa3b64ffbe355f5d	0	0
9975	6	5	6	0	1	1080a010801500500005024a000a0a0	0d3e4fee37e25fafb7b25db5f355f5d	0	0
9976	6	3	4	0	1	1080c000909140003220002a0003050	0d3e2ffe27661fff85975fd5f35cfad	0	0
9977	6	4	4	0	0	1080c000a0124430000108888041044	0d3e2ffe17e51bcfb7b65777731efb9	0	0
9978	6	5	2	0	1	1080c0028402440014010a0a0003048	0d3e2ffc33f51bffa3b655f5f35cfb5	0	0
9979	6	4	2	0	1	1080c0028402441010010a120003048	0d3e2ffc33f51befa7b655edf35cfb5	0	0
9980	6	5	6	0	0	1082020090c00140130012060009208	0d3cedfe27375ebfa4b74df9f356df5	0	0
9981	6	4	4	0	1	1082020480444044820000a22101140	0d3cedfa37b31fbb35b75f5dd25eebd	0	0
9982	6	5	6	0	1	1082200090500148030000c24009280	0d3ccffe27a75eb7b4b75f3db356d7d	0	0
9983	6	2	6	0	0	1082200090504040330012020009204	0d3ccffe27a71fbf84b74dfdf356df9	0	0
9984	6	4	6	0	1	10822000905040481200028a0009084	0d3ccffe27a71fb7a5b75d75f356f79	0	0
9985	6	5	4	0	0	1082200090c00140130010860009208	0d3ccffe27375ebfa4b74f79f356df5	0	0
9986	6	5	4	0	0	1082202080c0014013001026000900c	0d3ccfde37375ebfa4b74fd9f356ff1	0	0
9987	6	9	4	0	0	1100012080820904250004260009208	0cbeeede377556fb92b75bd9f356df5	0	0
9988	6	6	4	0	0	1100028485000080a00350140014120	0cbeed7a32f75f7f17b40febf34bedd	0	0
9989	6	4	6	0	0	11000300322104180001410280060a0	0cbeecfe85d65be7b7b61efd7359f5d	0	0
9990	6	4	4	0	0	11000304260004580001018282040a0	0cbeecfa91f75ba7b7b65e7d715bf5d	0	0
9991	6	1	8	0	0	1100033000420840a60010422008048	0cbeecceb7b557bf11b74fbdd357fb5	0	0
9992	6	4	6	0	0	11000340222004580001410280060a0	0cbeecbe95d75ba7b7b61efd7359f5d	0	0
9993	6	4	4	0	0	11000344020404580001410280060a0	0cbeecbab5f35ba7b7b61efd7359f5d	0	0
9994	6	3	4	0	1	1100048282045030000300828102090	0cbeeb7c35f30fcfb7b45f7d725df6d	0	0
9995	6	5	6	0	0	1100048284044820001400660102090	0cbeeb7c33f317dfb7a35f99f25df6d	0	0
9996	6	3	7	0	0	110004e00404060a000500848011090	0cbeeb1eb3f359f5b7b25f7b734ef6d	0	0
9997	6	6	4	0	0	11000500a5004022000540248012090	0cbeeafe12f71fddb7b21fdb734df6d	0	0
9998	6	3	4	0	0	11000502800650280005008a0110090	0cbeeafc37f10fd7b7b25f75f24ff6d	0	0
9999	6	5	4	0	0	11000506001540080024402a000a081	0cbeeaf8b7e21ff7b7931fd5f355f7c	0	0
10000	6	6	2	0	1	11000512000640300021028a0048048	0cbeeaecb7f11fcfb7965d75f317fb5	0	0
10001	6	4	4	0	0	11000528008300412100044a000a108	0cbeead6b7745fbe96b75bb5f355ef5	0	0
10002	6	6	3	0	1	1100060a04040828000540250009090	0cbee9f4b3f357d7b7b21fdaf356f6d	0	0
10003	6	4	7	0	0	110006600404060a000100a48011090	0cbee99eb3f359f5b7b65f5b734ef6d	0	0
10004	6	9	7	0	1	11000810101440608022408880060c0	0cbee7eea7e31f9f37951f777359f3d	0	0
10005	6	8	6	0	1	110008820204423000051208804100c	0cbee77cb5f31dcfb7b24df7731eff1	0	0
10006	6	6	6	0	0	110008828204403000051202810100c	0cbee77c35f31fcfb7b24dfd725eff1	0	0
10007	6	6	6	0	1	110008828204403000051208804100c	0cbee77c35f31fcfb7b24df7731eff1	0	0
10008	6	5	3	0	0	1100088282045020000350028102014	0cbee77c35f30fdfb7b40ffd725dfe9	0	0
10009	6	4	4	0	1	110008828204503000011048804200c	0cbee77c35f30fcfb7b64fb7731dff1	0	0
10010	6	3	4	0	0	110008828204503000031002810200c	0cbee77c35f30fcfb7b44ffd725dff1	0	0
10011	6	6	6	0	0	11000900360004180005018282040a0	0cbee6fe81f75be7b7b25e7d715bf5d	0	0
10012	6	8	6	0	0	1100090085000a0c00050074000a220	0cbee6fe32f755f3b7b25f8bf355ddd	0	0
10013	6	4	6	0	0	1100090095000a0c00040074000a220	0cbee6fe22f755f3b7b35f8bf355ddd	0	0
10014	6	8	6	0	0	1100090800250058002141060006024	0cbee6f6b7d25fa7b7961ef9f359fd9	0	0
10015	6	4	7	0	0	11000910101440608020408880060c0	0cbee6eea7e31f9f37971f777359f3d	0	0
10016	6	4	3	0	0	110009101014406400204088800a0c0	0cbee6eea7e31f9bb7971f777355f3d	0	0
10017	6	4	3	0	1	11000930022008b0000100a28044044	0cbee6ceb5d7574fb7b65f5d731bfb9	0	0
10018	6	6	8	0	1	11000a0030c001140402030c0010888	0cbee5fe87375eebb3b55cf3f34f775	0	0
10019	6	4	7	0	0	11000a0032041428000150082014024	0cbee5fe85f34bd7b7b60ff7d34bfd9	0	0
10020	6	4	10	0	0	11000a00a204141800015000a040824	0cbee5fe15f34be7b7b60fff531f7d9	0	0
10021	6	4	9	0	0	11000a00a204142800015000a040824	0cbee5fe15f34bd7b7b60fff531f7d9	0	0
10022	6	4	8	0	0	11000a00a204143000015000a040824	0cbee5fe15f34bcfb7b60fff531f7d9	0	0
10023	6	7	9	0	1	11000a04200404580101018282040a0	0cbee5fa97f35ba7b6b65e7d715bf5d	0	0
10024	6	4	8	0	1	11000a04240404580001018282040a0	0cbee5fa93f35ba7b7b65e7d715bf5d	0	0
10025	6	4	3	0	1	11000a1010c000d40400044c000a088	0cbee5eea7375f2bb3b75bb3f355f75	0	0
10026	6	8	7	0	0	11000c002500044a040100cc0012028	0cbee3fe92f75bb5b3b65f33f34dfd5	0	0
10027	6	8	7	0	0	11000c002500048a040100a48006220	0cbee3fe92f75b75b3b65f5b7359ddd	0	0
10028	6	3	4	0	1	11000c0282045030000300828100884	0cbee3fc35f30fcfb7b45f7d725f779	0	0
10029	6	2	4	0	0	11000c0282045030000310808100884	0cbee3fc35f30fcfb7b44f7f725f779	0	0
10030	6	8	2	0	1	11000c080500028a040100644012220	0cbee3f6b2f75d75b3b65f9bb34dddd	0	0
10031	6	7	6	0	1	11000c0824000898040402260006021	0cbee3f693f75767b3b35dd9f359fdc	0	0
10032	6	5	3	0	0	11000c082500088020214025000a500	0cbee3f692f7577f97961fdaf355afd	0	0
10033	6	2	4	0	0	11000c0825000882200540240014500	0cbee3f692f7577d97b21fdbf34bafd	0	0
10034	6	6	6	0	1	11000c0880250018002140260003024	0cbee3f637d25fe7b7961fd9f35cfd9	0	0
10035	6	5	4	0	0	110020a082040a08000510908101090	0cbecf5e35f355f7b7b24f6f725ef6d	0	0
10036	6	6	7	0	0	1100210095000220122002848008904	0cbecefe22f75ddfa5975d7b73576f9	0	0
10037	6	7	4	0	1	11002400a4004828000500a28101090	0cbecbfe13f717d7b7b25f5d725ef6d	0	0
10038	6	7	7	0	1	11002400a4004830000500a48009090	0cbecbfe13f717cfb7b25f5b7356f6d	0	0
10039	6	3	8	0	0	11002400a50004a400050024800a220	0cbecbfe12f75b5bb7b25fdb7355ddd	0	0
10040	6	5	0	0	1	1100240284044820000540860009090	0cbecbfc33f317dfb7b21f79f356f6d	0	0
10041	6	5	0	0	1	1100240884400188040402260009220	0cbecbf633b75e77b3b35dd9f356ddd	0	0
10042	6	7	4	0	0	1100280092000a14000540460003420	0cbec7fe25f755ebb7b21fb9f35cbdd	0	0
10043	6	7	4	0	0	1100280092000a18000510520101024	0cbec7fe25f755e7b7b24fadf25efd9	0	0
10044	6	3	7	0	0	1100280092040618000510108003220	0cbec7fe25f359e7b7b24fef735cddd	0	0
10045	6	5	4	0	0	1100280096000a04000540460003420	0cbec7fe21f755fbb7b21fb9f35cbdd	0	0
10046	6	7	2	0	1	11002810201000d80404042a000c0a0	0cbec7ee97e75f27b3b35bd5f353f5d	0	0
10047	6	5	3	0	0	11002810201404500104042a02020a0	0cbec7ee97e35bafb6b35bd5f15df5d	0	0
10048	6	4	7	0	0	110040a08022029101000454000a044	0cbeaf5e37d55d6eb6b75babf355fb9	0	0
10049	6	2	4	0	0	1100412080820904250004240009208	0cbeaede377556fb92b75bdbf356df5	0	0
10050	6	7	6	0	0	11004140202004580101018880060a0	0cbeaebe97d75ba7b6b65e777359f5d	0	0
10051	6	9	4	0	0	11008002800612180005105041020a0	0cbe6ffc37f14de7b7b24fafb25df5d	0	0
10052	6	3	3	0	0	1100810280071008200540024140030	0cbe6efc37f04ff797b21ffdb21ffcd	0	0
10053	6	4	4	0	1	11008200348004580400014280060a0	0cbe6dfe83775ba7b3b75ebd7359f5d	0	0
10054	6	4	3	0	1	11008202800710088001404241020a0	0cbe6dfc37f04ff737b61fbdb25df5d	0	0
10055	6	3	4	0	1	11008402800710180005004241020a0	0cbe6bfc37f04fe7b7b25fbdb25df5d	0	0
10056	6	5	4	0	1	1100880096000a10000510520003060	0cbe67fe21f755efb7b24fadf35cf9d	0	0
10057	6	7	4	0	1	1100880280054014000500a28101048	0cbe67fc37f21febb7b25f5d725efb5	0	0
10058	6	3	0	0	1	110088028015401400064002800a041	0cbe67fc37e21febb7b11ffd7355fbc	0	0
10059	6	6	2	0	0	1100880824100092040402260014021	0cbe67f693e75f6db3b35dd9f34bfdc	0	0
10060	6	6	4	0	1	11008810101400640022408880060c0	0cbe67eea7e35f9bb7951f777359f3d	0	0
10061	6	4	4	0	1	1400030484810204120000a28018101	09beecfa33765dfba5b75f5d7347efc	0	0
10062	6	3	6	0	1	140005009500406020224002800a050	09beeafe22f71f9f97951ffd7355fad	0	0
10063	6	5	6	0	0	14000500a5004820000502228102050	09beeafe12f717dfb7b25ddd725dfad	0	0
10064	6	7	6	0	1	140005088003008482010c08100a120	09beeaf637f45f7b35b653f7e355edd	0	0
10065	6	1	6	0	0	1400050880820144160006041008220	09beeaf637755ebba1b759fbe357ddd	0	0
10066	6	3	4	0	1	140005088500086022010041800a140	09beeaf632f7579f95b65fbe7355ebd	0	0
10067	6	5	7	0	1	140006101410086000224043000a050	09bee9eea3e7579fb7951fbcf355fad	0	0
10068	6	9	4	0	1	14000818001400d20401048a0006060	09bee7e6b7e35f2db3b65b75f359f9d	0	0
10069	6	4	7	0	0	1400088280144430000108888041044	09bee77c37e31bcfb7b65777731efb9	0	0
10070	6	5	6	0	0	1400090223000a10000512180004844	09bee6fc94f755efb7b24de7f35b7b9	0	0
10071	6	4	6	0	0	1400090282021220100150088042014	09bee6fc35f54ddfa7b60ff7731dfe9	0	0
10072	6	5	6	0	0	1400090a02020a10000512180005044	09bee6f4b5f555efb7b24de7f35afb9	0	0
10073	6	6	4	0	0	14000918001200920404042a0006060	09bee6e6b7e55f6db3b35bd5f359f9d	0	0
10074	6	6	4	0	0	14000918001400520401048a0006060	09bee6e6b7e35fadb3b65b75f359f9d	0	0
10075	6	4	6	0	0	14000a00a204143000015000a040824	09bee5fe15f34bcfb7b60fff531f7d9	0	0
10076	6	3	3	0	0	14000a24040400e100210086000c0c0	09bee5dab3f35f1eb7965f79f353f3d	0	0
10077	6	5	4	0	0	14000c00a2801060000310888110084	09bee3fe15774f9fb7b44f77724ff79	0	0
10078	6	3	6	0	0	14000c00a480016010a010009100910	09bee3fe13775e9fa7174fff625f6ed	0	0
10079	6	3	1	0	1	14000c0280065030000500828140050	09bee3fc37f10fcfb7b25f7d721ffad	0	0
10080	6	3	7	0	1	14000c0280065030000600828100850	09bee3fc37f10fcfb7b15f7d725f7ad	0	0
10081	6	6	7	0	1	14000c0282041030000308828100814	09bee3fc35f34fcfb7b4577d725f7e9	0	0
10082	6	6	4	0	0	14000c0884040130000518048001860	09bee3f633f35ecfb7b247fb735e79d	0	0
10083	6	2	4	0	0	14000c0c01040882220140240006420	09bee3f2b6f3577d95b61fdbf359bdd	0	0
10084	6	6	7	0	0	1400210091104020122002888008844	09becefe26e71fdfa5975d7773577b9	0	0
10085	6	5	6	0	0	140022108015008400055000c008a20	09becdee37e25f7bb7b20fff33575dd	0	0
10086	6	6	6	0	1	14002400912000a4022000c48008a04	09becbfe26d75f5bb5975f3b73575f9	0	0
10087	6	4	0	0	0	1400240282810080900150005140024	09becbfc35765f7f27b60fffa21ffd9	0	0
10088	6	6	4	0	1	14002450001400860005028a0010a20	09becbaeb7e35f79b7b25d75f34f5dd	0	0
10089	6	5	9	0	1	14002800a1814000102100a0a140014	09bec7fe16761fffa7965f5f521ffe9	0	0
10090	6	5	3	0	1	14002800a1814000102100a88140014	09bec7fe16761fffa7965f57721ffe9	0	0
10091	6	4	6	0	0	140028202202061010011400924000c	09bec7de95f559efa7b64bff611fff1	0	0
10092	6	5	4	0	0	1400410090904040260004828009240	09beaefe27671fbf91b75b7d7356dbd	0	0
10093	6	6	6	0	0	1400410091104020122002888008844	09beaefe26e71fdfa5975d7773577b9	0	0
10094	6	7	6	0	1	1400410884000a28020102218003014	09beaef633f755d7b5b65dde735cfe9	0	0
10095	6	7	4	0	0	1400440091000890102108940108044	09beabfe26f7576fa796576bf257fb9	0	0
10096	6	6	2	0	0	1400600091104020102202888100850	09be8ffe26e71fdfa7955d77725f7ad	0	0
10097	6	6	1	0	1	1400600091104020122002888008844	09be8ffe26e71fdfa5975d7773577b9	0	0
10098	6	7	4	0	0	14006000a0800190840104241110088	09be8ffe17775e6f33b65bdbe24ff75	0	0
10099	6	3	6	0	1	14006020850002a0102100848008814	09be8fde32f75d5fa7965f7b73577e9	0	0
10100	6	4	4	0	0	1402201080140192000410228008a20	09bccfee37e35e6db7b34fdd73575dd	0	0
10101	6	3	6	0	1	180009009180024035004002800a120	05bee6fe26775dbf82b71ffd7355edd	0	0
10102	6	2	6	0	0	180009009180024035005000800a120	05bee6fe26775dbf82b70fff7355edd	0	0
10103	6	5	3	0	1	18000a20122010a00003048600140c0	05bee5dea5d74f5fb7b45b79f34bf3d	0	0
10104	6	5	4	0	1	18002810201500420101048a00060a0	05bec7ee97e25fbdb6b65b75f359f5d	0	0
10105	6	1	3	0	1	1800480094201064002200c48002140	05bea7fe23d74f9bb7955f3b735debd	0	0
10106	5	10	4	0	0	00080912020211300401140a0006048	1db6e6ecb5f54ecfb3b64bf5f359fb5	0	0
10107	5	10	4	0	0	0008602084400309040108940001890	1db68fde33b75cf6b3b6576bf35e76d	0	0
10108	5	10	3	0	0	000888220600018124011812000c041	1db667dcb1f75e7e93b647edf353fbc	0	0
10109	5	6	3	0	0	000c241800820104160006041210210	1db2cbe6b7755efba1b759fbe14fded	0	0
10110	5	5	4	0	0	000e8022005011200006090a0008980	1db06fdcb7a74edfb7b156f5f35767d	0	0
10111	5	9	6	0	1	00182030010204a085000428205000c	1da6cfceb6f55b5f32b75bd7d30fff1	0	0
10112	5	4	8	0	0	001828202402502104001080a040818	1da6c7de93f50fdeb3b74f7f531f7e5	0	0
10113	5	5	7	0	1	00182830005040600401048a0009048	1da6c7ceb7a71f9fb3b65b75f356fb5	0	0
10114	5	5	6	0	1	00182830005040600401048a0009088	1da6c7ceb7a71f9fb3b65b75f356f75	0	0
10115	5	5	3	0	1	00182830005040600401048a00090c0	1da6c7ceb7a71f9fb3b65b75f356f3d	0	0
10116	5	7	6	0	1	0018481020021430060000a0a050108	1da6a7ee97f54bcfb1b75f5f530fef5	0	0
10117	5	5	6	0	1	00184830005040600401048a0009048	1da6a7ceb7a71f9fb3b65b75f356fb5	0	0
10118	5	4	3	0	1	00186010105040602400060a0009240	1da68feea7a71f9f93b759f5f356dbd	0	0
10119	5	5	4	0	1	00186030005040600401048a0009048	1da68fceb7a71f9fb3b65b75f356fb5	0	0
10120	5	6	6	0	0	0018603002020200940114081018408	1da68fceb5f55dff23b64bf7e347bf5	0	0
10121	5	9	4	0	0	00188020105041210402090a00088c0	1da66fdea7a71edeb3b556f5f35773d	0	0
10122	5	6	6	0	1	00188812005000700401028a00050c0	1da667ecb7a75f8fb3b65d75f35af3d	0	0
10123	5	6	8	0	0	0018a00485000040a20112102011420	1da64ffa32f75fbf15b64defd34ebdd	0	0
10124	5	2	4	0	0	0018c020105041210402090800088c0	1da62fdea7a71edeb3b556f7f35773d	0	0
10125	5	6	7	0	0	001a200282100050820118101009120	1da4cffc35e75faf35b647efe356edd	0	0
10126	5	6	10	0	0	001a201400140110818002228104021	1da4cfeab7e35eef36375ddd725bfdc	0	0
10127	5	10	8	0	1	0020090c00225020100544003240220	1d9ee6f2b7d50fdfa7b21bffc11fddd	0	0
10128	5	10	7	0	0	0020091802020492040444011200828	1d9ee6e6b5f55b6db3b31bfee15f7d5	0	0
10129	5	10	10	0	1	0020093000225030000504428042048	1d9ee6ceb7d50fcfb7b25bbd731dfb5	0	0
10130	5	10	1	0	1	0020093000225030000504828240048	1d9ee6ceb7d50fcfb7b25b7d711ffb5	0	0
10131	5	10	4	0	1	00200c1800074014002408288003440	1d9ee3e6b7f01febb79357d7735cbbd	0	0
10132	5	10	0	0	0	0020408604040a22050002841101090	1d9eaf78b3f355ddb2b75d7be25ef6d	0	0
10133	5	10	0	0	1	0020412200245030010102809240048	1d9eaedcb7d30fcfb6b65d7f611ffb5	0	0
10134	5	10	0	0	1	0020421013000a20122000d10108050	1d9eadeea4f755dfa5975f2ef257fad	0	0
10135	5	10	8	0	0	0020480484040860210112101101060	1d9ea7fa33f3579f96b64defe25ef9d	0	0
10136	5	10	6	0	1	0020480820504070010102881201060	1d9ea7f697a71f8fb6b65d77e15ef9d	0	0
10137	5	10	4	0	1	0020600484040868040104841009280	1d9e8ffa33f35797b3b65b7be356d7d	0	0
10138	5	10	4	0	1	0020601010124124042000c88009240	1d9e8feea7e51edbb3975f377356dbd	0	0
10139	5	10	6	0	1	00206010201440700005060812080a0	1d9e8fee97e31f8fb7b259f7e157f5d	0	0
10140	5	10	7	0	0	00208106001340202011440a0003050	1d9e6ef8b7e41fdf97a61bf5f35cfad	0	0
10141	5	10	6	0	1	00208212001500700021028a00090c0	1d9e6decb7e25f8fb7965d75f356f3d	0	0
10142	5	10	2	0	0	0020a002105044201410480a0001884	1d9e4ffca7a71bdfa3a717f5f35e779	0	0
10143	5	10	6	0	1	0020a0420204015014801208100c021	1d9e4fbcb5f35eafa3374df7e353fdc	0	0
10144	5	8	3	0	0	002421100281004414804408100a030	1d9aceeeb5765fbba3371bf7e355fcd	0	0
10145	5	4	7	0	0	002421108281004414004408100a030	1d9aceee35765fbba3b71bf7e355fcd	0	0
10146	5	2	9	0	0	002421108281004414804400100a030	1d9aceee35765fbba3371bffe355fcd	0	0
10147	5	2	4	0	0	002421108281004414804400100a220	1d9aceee35765fbba3371bffe355ddd	0	0
10148	5	7	2	0	1	002424500041401010050a0a00090a0	1d9acbaeb7b61fefa7b255f5f356f5d	0	0
10149	5	6	6	0	0	00244440114000a80012028c0012240	1d9aabbea6b75f57b7a55d73f34ddbd	0	0
10150	5	4	0	0	1	0024482081414000302008980009140	1d9aa7de36b61fff87975767f356ebd	0	0
10151	5	5	9	0	0	00246000a14100600120028c0009044	1d9a8ffe16b65f9fb6975d73f356fb9	0	0
10152	5	4	4	0	0	0024604082414000300118081009220	1d9a8fbe35b61fff87b647f7e356ddd	0	0
10153	5	5	2	0	1	0024604082810040111004888009280	1d9a8fbe35765fbfa6a75b777356d7d	0	0
10154	5	5	4	0	1	002460500280024014800448100a220	1d9a8faeb5775dbfa3375bb7e355ddd	0	0
10155	5	5	3	0	0	00248114004500600030408a000a0c0	1d9a6eeab7b25f9fb7871f75f355f3d	0	0
10156	5	8	4	0	0	0024a00083010104142000a88101050	1d9a4ffe34f65efba3975f57725efad	0	0
10157	5	6	6	0	0	0024a050003000940404024a0012021	1d9a4faeb7c75f6bb3b35db5f34dfdc	0	0
10158	5	6	4	0	0	0024a050009000940404024a0012021	1d9a4faeb7675f6bb3b35db5f34dfdc	0	0
10159	5	6	4	0	0	0024c00a02020101140448090201018	1d9a2ff4b5f55efea3b317f6f15efe5	0	0
10160	5	8	3	0	0	00268000114004980012089800120c0	1d986ffea6b75b67b7a55767f34df3d	0	0
10161	5	5	7	0	0	0026800091400488001208980012240	1d986ffe26b75b77b7a55767f34ddbd	0	0
10162	5	6	6	0	0	0028089404020221000612180050104	1d96e76ab3f55ddeb7b14de7f30fef9	0	0
10163	5	4	10	0	0	00280914044040610001028a0042048	1d96e6eab3b71f9eb7b65d75f31dfb5	0	0
10164	5	4	4	0	0	00280930004340050400088a0002848	1d96e6ceb7b41ffab3b75775f35d7b5	0	0
10165	5	4	10	0	1	00280a300044107000010486000c0c0	1d96e5ceb7b34f8fb7b65b79f353f3d	0	0
10166	5	9	10	0	1	002820140410018c0404022a0018021	1d96cfeab3e75e73b3b35dd5f347fdc	0	0
10167	5	9	4	0	1	00282014041001a80404042a0018081	1d96cfeab3e75e57b3b35bd5f347f7c	0	0
10168	5	5	7	0	0	002820d002100850041000c141020a0	1d96cf2eb5e757afb3a75f3eb25df5d	0	0
10169	5	5	2	0	0	00282800a5011004042000a48100910	1d96c7fe12f64ffbb3975f5b725f6ed	0	0
10170	5	5	10	0	1	00282810244010500404028600048a0	1d96c7ee93b74fafb3b35d79f35b75d	0	0
10171	5	5	6	0	0	0028281082040150042050021008c20	1d96c7ee35f35eafb3970ffde3573dd	0	0
10172	5	6	6	0	0	0028281086000044142010809008e00	1d96c7ee31f75fbba3974f7f63571fd	0	0
10173	5	3	6	0	0	0028281086000144142010009008e00	1d96c7ee31f75ebba3974fff63571fd	0	0
10174	5	6	6	0	1	00282840222000540500018091008a0	1d96c7be95d75fabb2b75e7f625f75d	0	0
10175	5	6	6	0	0	0028408882030001860004405102140	1d96af7635f45ffe31b75bbfa25debd	0	0
10176	5	7	6	0	0	0028481010024121042000ca0108048	1d96a7eea7f51edeb3975f35f257fb5	0	0
10177	5	8	4	0	1	0028482000445030002101860200844	1d96a7deb7b30fcfb7965e79f15f7b9	0	0
10178	5	7	6	0	1	00284830000241210401044a000a048	1d96a7ceb7f51edeb3b65bb5f355fb5	0	0
10179	5	3	6	0	1	00284830000641210420008a0008848	1d96a7ceb7f11edeb3975f75f3577b5	0	0
10180	5	8	6	0	1	0028601000120164050002481018220	1d968feeb7e55e9bb2b75db7e347ddd	0	0
10181	5	4	4	0	1	00286010105040602400048a0009240	1d968feea7a71f9f93b75b75f356dbd	0	0
10182	5	4	2	0	1	00286010105040602400060a0009240	1d968feea7a71f9f93b759f5f356dbd	0	0
10183	5	6	6	0	0	0028601800120410160004205202120	1d968fe6b7e55befa1b75bdfa15dedd	0	0
10184	5	6	4	0	0	0028604400064021030000a09140018	1d968fbab7f11fdeb4b75f5f621ffe5	0	0
10185	5	3	4	0	0	0028812081025020202100920110050	1d966ede36f50fdf97965f6df24ffad	0	0
10186	5	5	7	0	0	0028a000a6001040242050009008c10	1d964ffe11f74fbf93970fff63573ed	0	0
10187	5	5	2	0	1	0028a006001340200011440a0003090	1d964ff8b7e41fdfb7a61bf5f35cf6d	0	0
10188	5	5	10	0	1	0028a00c001340002011440a0003030	1d964ff2b7e41fff97a61bf5f35cfcd	0	0
10189	5	7	6	0	1	0028a01020400254040102881018480	1d964fee97b75dabb3b65d77e347b7d	0	0
10190	5	5	6	0	1	0028a01024400244040102881018480	1d964fee93b75dbbb3b65d77e347b7d	0	0
10191	5	2	4	0	1	0028a01024400252040102801050480	1d964fee93b75dadb3b65d7fe30fb7d	0	0
10192	5	2	6	0	1	0028a01024400254040102801018480	1d964fee93b75dabb3b65d7fe347b7d	0	0
10193	5	5	2	0	1	0028a042005140001014480a0008881	1d964fbcb7a61fffa7a317f5f35777c	0	0
10194	5	3	3	0	1	0028a04202020844141040011102090	1d964fbcb5f557bba3a71ffee25df6d	0	0
10195	5	7	6	0	1	0028a05000040254002102881018480	1d964faeb7f35dabb7965d77e347b7d	0	0
10196	5	2	6	0	1	0028a05000120154048002401018220	1d964faeb7e55eabb3375dbfe347ddd	0	0
10197	5	3	4	0	0	0028c00486001040342010009008e00	1d962ffa31f74fbf83974fff63571fd	0	0
10198	5	1	8	0	1	0028c02085000181242008304000850	1d962fde32f75e7e939757cfb35f7ad	0	0
10199	5	1	2	0	1	0028c02085000189042008304000850	1d962fde32f75e76b39757cfb35f7ad	0	0
10200	5	1	8	0	1	002a082400421130000305060008084	1d94e7dab7b54ecfb7b45af9f357f79	0	0
10201	5	7	4	0	0	002a20140010018c0404022a0110021	1d94cfeab7e75e73b3b35dd5f24ffdc	0	0
10202	5	1	7	0	0	002a800480060451030002901040060	1d946ffa37f15baeb4b75d6fe31ff9d	0	0
10203	5	3	6	0	0	0030091800124064042000888009240	1d8ee6e6b7e51f9bb3975f777356dbd	0	0
10204	5	5	6	0	0	00300918005040600401048a0009240	1d8ee6e6b7a71f9fb3b65b75f356dbd	0	0
10205	5	4	4	0	0	0030209024044822040010203140030	1d8ecf6e93f317ddb3b74fdfc21ffcd	0	0
10206	5	5	6	0	0	0030209024404400160010203240030	1d8ecf6e93b71bffa1b74fdfc11ffcd	0	0
10207	5	3	7	0	1	0030209024404402160000203240030	1d8ecf6e93b71bfda1b75fdfc11ffcd	0	0
10208	5	6	6	0	1	00302090850000640402024c0012030	1d8ecf6e32f75f9bb3b55db3f34dfcd	0	0
10209	5	4	6	0	1	00302090850000e40400024c0012030	1d8ecf6e32f75f1bb3b75db3f34dfcd	0	0
10210	5	3	6	0	1	00302090850000e40402020c0012030	1d8ecf6e32f75f1bb3b55df3f34dfcd	0	0
10211	5	4	7	0	1	00302090850001a01400082c0018030	1d8ecf6e32f75e5fa3b757d3f347fcd	0	0
10212	5	4	6	0	1	00302090850001a40400006c0018030	1d8ecf6e32f75e5bb3b75f93f347fcd	0	0
10213	5	5	4	0	1	00302094044000c0160014003208180	1d8ecf6ab3b75f3fa1b74bffc157e7d	0	0
10214	5	5	10	0	1	003024120600044014800a0a0001824	1d8ecbecb1f75bbfa33755f5f35e7d9	0	0
10215	5	4	6	0	0	0030409011104820102000d80108050	1d8eaf6ea6e717dfa7975f27f257fad	0	0
10216	5	4	6	0	0	003040a0830001a10400084c0008830	1d8eaf5e34f75e5eb3b757b3f3577cd	0	0
10217	5	8	0	0	1	0030600011114020112002888009240	1d8e8ffea6e61fdfa6975d777356dbd	0	0
10218	5	8	0	0	1	0030600011114020122002888009140	1d8e8ffea6e61fdfa5975d777356ebd	0	0
10219	5	3	6	0	1	00306002850001601500020c0001830	1d8e8ffc32f75e9fa2b75df3f35e7cd	0	0
10220	5	7	4	0	1	0030600484004060110112009201220	1d8e8ffa33f71f9fa6b64dff615eddd	0	0
10221	5	7	4	0	1	0030601010104064042000c88009240	1d8e8feea7e71f9bb3975f377356dbd	0	0
10222	5	4	1	0	1	00306010105040602400060a0009240	1d8e8feea7a71f9f93b759f5f356dbd	0	0
10223	5	6	7	0	0	0030808a02040083041008380104014	1d8e6f74b5f35f7cb3a757c7f25bfe9	0	0
10224	5	5	9	0	0	00308118005000c2060002211240030	1d8e6ee6b7a75f3db1b75ddee11ffcd	0	0
10225	5	2	6	0	0	0030815000070045022002880048048	1d8e6eaeb7f05fbab5975d77f317fb5	0	0
10226	5	8	8	0	0	0030820800510061020202490048041	1d8e6df6b7a65f9eb5b55db6f317fbc	0	0
10227	5	4	8	0	0	0030822800510061000202490048041	1d8e6dd6b7a65f9eb7b55db6f317fbc	0	0
10228	5	2	8	0	0	0030822800510061020202410048041	1d8e6dd6b7a65f9eb5b55dbef317fbc	0	0
10229	5	8	7	0	0	00308800144044011401088a0201048	1d8e67fea3b71bfea3b65775f15efb5	0	0
10230	5	5	1	0	0	0030a01404020440160014003240030	1d8e4feab3f55bbfa1b74bffc11ffcd	0	0
10231	5	4	6	0	0	0030c008804201a10400082c0009210	1d8e2ff637b55e5eb3b757d3f356ded	0	0
10232	5	4	6	0	1	0030c02080074021020000a0c041050	1d8e2fde37f01fdeb5b75f5f331efad	0	0
10233	5	6	8	0	1	0032084800424011000302890041048	1d8ce7b6b7b51feeb7b45d76f31efb5	0	0
10234	5	4	7	0	1	0032200485000160110002248009220	1d8ccffa32f75e9fa6b75ddb7356ddd	0	0
10235	5	5	6	0	0	0032804800424101000312090009208	1d8c6fb6b7b51efeb7b44df6f356df5	0	0
10236	5	10	3	0	0	008002d00280024502021058000a050	1d3eed2eb5775dbab5b54fa7f355fad	0	0
10237	5	10	7	0	0	0080092020830802250001205140108	1d3ee6de977457fd92b75edfa21fef5	0	0
10239	5	10	3	0	0	00804808208340022420012c0101014	1d3ea7f697741ffd93975ed3f25efe9	0	0
10240	5	10	6	0	0	00808112001500700011028a00060c0	1d3e6eecb7e25f8fb7a65d75f359f3d	0	0
10241	5	5	0	0	1	0084242081810100150002828009300	1d3acbde36765effa2b75d7d7356cfd	0	0
10242	5	7	8	0	1	0084245000050106022000aa0009018	1d3acbaeb7f25ef9b5975f55f356fe5	0	0
10243	5	4	6	0	0	00844412000603300400088c0009090	1d3aabecb7f15ccfb3b75773f356f6d	0	0
10244	5	2	6	0	0	0084824402020a04140241001108090	1d3a6dbab5f555fba3b51effe257f6d	0	0
10245	5	6	4	0	1	0084a01085000104142008580002818	1d3a4fee32f75efba39757a7f35d7e5	0	0
10246	5	3	4	0	1	0084a01085000304142000580002850	1d3a4fee32f75cfba3975fa7f35d7ad	0	0
10247	5	6	2	0	1	0084a04084410008101108882041090	1d3a4fbe33b65ff7a7a65777d31ef6d	0	0
10248	5	4	4	0	0	0084a0500090024414004048100a0a0	1d3a4faeb7675dbba3b71fb7e355f5d	0	0
10249	5	6	6	0	0	0084c00095000408240202980011048	1d3a2ffe22f75bf793b55d67f34efb5	0	0
10250	5	6	6	0	0	0084c000a05100280011408a0003050	1d3a2ffe17a65fd7b7a61f75f35cfad	0	0
10251	5	4	10	0	0	0084c00281040618000108980003050	1d3a2ffc36f359e7b7b65767f35cfad	0	0
10252	5	6	4	0	1	0084c00285000208140108980003050	1d3a2ffc32f75df7a3b65767f35cfad	0	0
10253	5	5	1	0	0	0084c00285000608040108980003050	1d3a2ffc32f759f7b3b65767f35cfad	0	0
10254	5	3	4	0	0	0088031404800305060000320008908	1d36eceab3775cfab1b75fcdf3576f5	0	0
10255	5	9	6	0	0	00880430009001a1040440224008980	1d36ebceb7675e5eb3b31fddb35767d	0	0
10256	5	7	6	0	0	00880510100340050600028a000a048	1d36eaeea7f41ffab1b75d75f355fb5	0	0
10257	5	5	6	0	0	0088053000824101060000a24208088	1d36eaceb7751efeb1b75f5db157f75	0	0
10258	5	6	9	0	0	008806101083000186001042200a140	1d36e9eea7745ffe31b74fbdd355ebd	0	0
10259	5	8	6	0	0	0088062002810105020201224008d00	1d36e9deb5765efab5b55eddb3572fd	0	0
10260	5	6	8	0	0	00880a2022800111040111120008848	1d36e5de95775eeeb3b64eedf3577b5	0	0
10261	5	6	6	0	0	00880a2022800111040111120008908	1d36e5de95775eeeb3b64eedf3576f5	0	0
10262	5	6	3	0	0	00880a2022800111040111120008940	1d36e5de95775eeeb3b64eedf3576bd	0	0
10263	5	4	9	0	1	0088225000820248140014003048210	1d36cdaeb7755db7a3b74bffc317ded	0	0
10264	5	6	4	0	0	008822600006100c020101842050410	1d36cd9eb7f14ff3b5b65e7bd30fbed	0	0
10265	5	5	2	0	1	0088243000824040160014003208090	1d36cbceb7751fbfa1b74bffc157f6d	0	0
10266	5	5	4	0	1	00882450001340001014480a00028a0	1d36cbaeb7e41fffa7a317f5f35d75d	0	0
10267	5	3	4	0	1	00882450001340101014080a00028a0	1d36cbaeb7e41fefa7a357f5f35d75d	0	0
10268	5	2	4	0	1	00882450001340101014480200028a0	1d36cbaeb7e41fefa7a317fdf35d75d	0	0
10269	5	6	0	0	1	00882450005100101014088a0008980	1d36cbaeb7a65fefa7a35775f35767d	0	0
10270	5	6	6	0	0	0088282020230005050001822100904	1d36c7de97d45ffab2b75e7dd25f6f9	0	0
10271	5	4	2	0	0	0088282020234005040001822100940	1d36c7de97d41ffab3b75e7dd25f6bd	0	0
10272	5	7	4	0	1	0088283000050043030000b2004400c	1d36c7ceb7f25fbcb4b75f4df31bff1	0	0
10273	5	4	10	0	1	008828300102030414000c0c0002818	1d36c7ceb6f55cfba3b753f3f35d7e5	0	0
10274	5	5	6	0	0	00882850001500480011108a0006220	1d36c7aeb7e25fb7b7a64f75f359ddd	0	0
10275	5	3	6	0	1	00882850001500580011008a00060a0	1d36c7aeb7e25fa7b7a65f75f359f5d	0	0
10276	5	4	0	0	0	0088286000824800340011003140110	1d36c79eb77517ff83b74effc21feed	0	0
10277	5	4	4	0	1	0088424404041068020002842050009	1d36adbab3f34f97b5b75d7bd30fff4	0	0
10278	5	8	8	0	1	00884800208211300401018c0018088	1d36a7fe97754ecfb3b65e73f347f75	0	0
10279	5	4	6	0	1	00884810208201700400050c000a088	1d36a7ee97755e8fb3b75af3f355f75	0	0
10280	5	5	4	0	1	0088604014800288040101841018280	1d368fbea3775d77b3b65e7be347d7d	0	0
10281	5	7	2	0	1	0088820c0003100416000120a108110	1d366df2b7f44ffba1b75edf5257eed	0	0
10282	5	4	2	0	1	0088820c0403100414000120a108110	1d366df2b3f44ffba3b75edf5257eed	0	0
10283	5	4	3	0	1	0088821200071024020000a06140050	1d366decb7f04fdbb5b75f5f921ffad	0	0
10284	5	4	4	0	0	0088821400070045020002902140048	1d366deab7f05fbab5b75d6fd21ffb5	0	0
10285	5	4	3	0	0	0088821400070045020002920108048	1d366deab7f05fbab5b75d6df257fb5	0	0
10286	5	4	6	0	1	00888214005100b0000141024008884	1d366deab7a65f4fb7b61efdb357779	0	0
10287	5	4	2	0	0	0088844400824041120050003208090	1d366bbab7751fbea5b70fffc157f6d	0	0
10288	5	4	3	0	1	0088880224031006040000a03140110	1d3667fc93f44ff9b3b75f5fc21feed	0	0
10289	5	5	4	0	0	0088a03004100181040408224200888	1d364fceb3e75e7eb3b357ddb15f775	0	0
10290	5	5	6	0	1	0088a050001500500011028a00060a0	1d364faeb7e25fafb7a65d75f359f5d	0	0
10291	5	4	4	0	1	008a0804104241280002410211040c0	1d34e7faa7b51ed7b7b51efde25bf3d	0	0
10292	5	5	6	0	1	008a202081410100111000a60008a08	1d34cfde36b65effa6a75f59f3575f5	0	0
10293	5	5	8	0	0	00900518041000c2060002211240030	1d2eeae6b3e75f3db1b75ddee11ffcd	0	0
10294	5	3	4	0	0	00900518041000ca060000211240030	1d2eeae6b3e75f35b1b75fdee11ffcd	0	0
10295	5	9	4	0	1	00902010141000ca048002920005220	1d2ecfeea3e75f35b3375d6df35addd	0	0
10296	5	5	6	0	0	0090208095010200148002848101110	1d2ecf7e22f65dffa3375d7b725eeed	0	0
10297	5	5	4	0	0	0090283004021100140214042200888	1d2ec7ceb3f54effa3b54bfbd15f775	0	0
10298	5	5	3	0	0	00908118041000c2060002211240030	1d2e6ee6b3e75f3db1b75ddee11ffcd	0	0
10299	5	4	4	0	0	0090812200131028000108882041090	1d2e6edcb7e44fd7b7b65777d31ef6d	0	0
10300	5	6	6	0	1	0090812201020228040102890041018	1d2e6edcb6f55dd7b3b65d76f31efe5	0	0
10301	5	2	6	0	0	00908220222002910401111000088c0	1d2e6dde95d75d6eb3b64eeff35773d	0	0
10302	5	4	6	0	0	00908250009100411200006a0048018	1d2e6daeb7665fbea5b75f95f317fe5	0	0
10303	5	5	1	0	1	00908418041000c2060002211240030	1d2e6be6b3e75f3db1b75ddee11ffcd	0	0
10304	5	3	4	0	1	00908812000611300402100820048c0	1d2e67ecb7f14ecfb3b54ff7d35b73d	0	0
10305	5	3	4	0	1	0090886000061128008210082014041	1d2e679eb7f14ed7b7354ff7d34bfbc	0	0
10306	5	3	2	0	0	0090886000825001100310082240018	1d2e679eb7750ffea7b44ff7d11ffe5	0	0
10307	5	5	3	0	1	0090a00095014000108102908101050	1d2e4ffe22f61fffa7365d6f725efad	0	0
10308	5	5	4	0	1	0090a010141000c2048002920005220	1d2e4feea3e75f3db3375d6df35addd	0	0
10309	5	6	6	0	1	0090a01084040040a48002520104021	1d2e4fee33f35fbf13375dadf25bfdc	0	0
10310	5	6	3	0	1	0090a01404040040a48002520104021	1d2e4feab3f35fbf13375dadf25bfdc	0	0
10311	5	6	4	0	0	0090a02080150002850000621140021	1d2e4fde37e25ffd32b75f9de21ffdc	0	0
10312	5	5	6	0	0	0090a02085000140148002248005410	1d2e4fde32f75ebfa3375ddb735abed	0	0
10313	5	2	4	0	0	0090c00820134002242001280101050	1d2e2ff697e41ffd93975ed7f25efad	0	0
10314	5	2	6	0	1	0090c04020834000303001280140018	1d2e2fbe97741fff87875ed7f21ffe5	0	0
10315	5	8	6	0	0	0092080020225010120111042240024	1d2ce7fe97d50fefa5b64efbd11ffd9	0	0
10316	5	6	6	0	1	00922010101400488280029800050a0	1d2ccfeea7e35fb735375d67f35af5d	0	0
10317	5	6	4	0	1	009220101050004816000a0a0005084	1d2ccfeea7a75fb7a1b755f5f35af79	0	0
10318	5	9	4	0	0	00a0020485010428000300a60011240	1d1eedfa32f65bd7b7b45f59f34edbd	0	0
10319	5	6	10	0	0	00a0029404040430001200a600140c0	1d1eed6ab3f35bcfb7a55f59f34bf3d	0	0
10320	5	2	6	0	0	00a0032015001204142000a40208110	1d1eecdea2f74dfba3975f5bf157eed	0	0
10321	5	5	8	0	1	00a0032404414000201102320041048	1d1eecdab3b61fff97a65dcdf31efb5	0	0
10322	5	8	6	0	1	00a00500150048280005029800090c0	1d1eeafea2f717d7b7b25d67f356f3d	0	0
10323	5	5	6	0	1	00a0063000454010000508224009480	1d1ee9ceb7b21fefb7b257ddb356b7d	0	0
10324	5	4	0	0	0	00a0063001050094002008844008c40	1d1ee9ceb6f25f6bb797577bb3573bd	0	0
10325	5	4	6	0	0	00a0093000514024000100aa0003050	1d1ee6ceb7a61fdbb7b65f55f35cfad	0	0
10326	5	5	7	0	0	00a00a3002400450040200a30005440	1d1ee5ceb5b75bafb3b55f5cf35abbd	0	0
10327	5	4	10	0	0	00a02110101340042020408a0009050	1d1eceeea7e41ffb97971f75f356fad	0	0
10328	5	6	4	0	0	00a021101410008c0410089800028a0	1d1eceeea3e75f73b3a75767f35d75d	0	0
10329	5	1	7	0	0	00a02110141000cc041002980002060	1d1eceeea3e75f33b3a75d67f35df9d	0	0
10330	5	5	0	0	0	00a0211400614000120110821208208	1d1eceeab7961fffa5b64f7de157df5	0	0
10331	5	5	10	0	1	00a02210101540040021408a0009050	1d1ecdeea7e21ffbb7961f75f356fad	0	0
10332	5	5	10	0	1	00a02810101540040021408a0003050	1d1ec7eea7e21ffbb7961f75f35cfad	0	0
10333	5	5	4	0	0	00a06000a4804040250010501108021	1d1e8ffe13771fbf92b74fafe257fdc	0	0
10334	5	3	6	0	0	00a08102101340202090400a0003050	1d1e6efca7e41fdf97271ff5f35cfad	0	0
10335	5	5	6	0	0	00a0810281024420000502980041240	1d1e6efc36f51bdfb7b25d67f31edbd	0	0
10336	5	6	6	0	0	00a0810600124020101440221240210	1d1e6ef8b7e51fdfa7a31fdde11fded	0	0
10337	5	5	6	0	0	00a0810600134000101440221240210	1d1e6ef8b7e41fffa7a31fdde11fded	0	0
10338	5	8	4	0	0	00a08200160101011402180a000c041	1d1e6dfea1f65efea3b547f5f353fbc	0	0
10339	5	7	8	0	1	00a08206000404700011409200050c0	1d1e6df8b7f35b8fb7a61f6df35af3d	0	0
10340	5	5	10	0	0	00a0820c00154000201140224101060	1d1e6df2b7e21fff97a61fddb25ef9d	0	0
10341	5	8	6	0	1	00a08210001500700021028a00090c0	1d1e6deeb7e25f8fb7965d75f356f3d	0	0
10342	5	4	6	0	1	00a08212001500700001028a00090c0	1d1e6decb7e25f8fb7b65d75f356f3d	0	0
10343	5	4	4	0	1	00a0822200154014000108920009041	1d1e6ddcb7e21febb7b6576df356fbc	0	0
10344	5	4	6	0	1	00a08810205100700001028a00030c0	1d1e67ee97a65f8fb7b65d75f35cf3d	0	0
10345	5	5	7	0	0	00a0a00031114000202102980101050	1d1e4ffe86e61fff97965d67f25efad	0	0
10346	5	7	7	0	1	00a0a00091014000302102980101050	1d1e4ffe26f61fff87965d67f25efad	0	0
10347	5	7	6	0	1	00a0a010201100403480420a000a021	1d1e4fee97e65fbf83371df5f355fdc	0	0
10348	5	5	2	0	1	00a0a010205100500401028a00090c0	1d1e4fee97a65fafb3b65d75f356f3d	0	0
10349	5	5	7	0	1	00a0a040141000c8009002980003060	1d1e4fbea3e75f37b7275d67f35cf9d	0	0
10350	5	2	0	0	0	00a0a04020605010120110801048408	1d1e4fbe97970fefa5b64f7fe317bf5	0	0
10351	5	4	4	0	1	00a0a0500082025014001048100a0a0	1d1e4faeb7755dafa3b74fb7e355f5d	0	0
10352	5	4	2	0	1	00a0a050009000d40400024a000a021	1d1e4faeb7675f2bb3b75db5f355fdc	0	0
10353	5	2	7	0	1	00a0c00092030101260008480009050	1d1e2ffe25f45efe91b757b7f356fad	0	0
10354	5	8	2	0	1	00a0c00402020284141040211300030	1d1e2ffab5f55d7ba3a71fdee05ffcd	0	0
10355	5	6	6	0	0	00a20080a5000424001200ac0012140	1d1cef7e12f75bdbb7a55f53f34debd	0	0
10356	5	4	8	0	0	00a2008482021410100250005240024	1d1cef7a35f54befa7b50fffa11ffd9	0	0
10357	5	2	6	0	0	00a20094041001b000900064000a0a0	1d1cef6ab3e75e4fb7275f9bf355f5d	0	0
10358	5	6	8	0	0	00a2042400221010100314041208084	1d1cebdab7d54fefa7b44bfbe157f79	0	0
10359	5	5	8	0	1	00a2204080844050001410409008a80	1d1ccfbe37731fafb7a34fbf635757d	0	0
10360	5	5	6	0	1	00a2401010124120022000c840090c0	1d1cafeea7e51edfb5975f37b356f3d	0	0
10361	5	7	6	0	1	00a28002101140009090402a0003044	1d1c6ffca7e61fff27271fd5f35cfb9	0	0
10362	5	10	4	0	1	01000506002340280021410a0003084	1cbeeaf8b7d41fd7b7961ef5f35cf79	0	0
10363	5	10	6	0	1	0100480a004401700500030c000180c	1cbea7f4b7b35e8fb2b75cf3f35e7f1	0	0
10364	5	4	8	0	0	01040922022010b0000101920014084	1cbae6dcb5d74f4fb7b65e6df34bf79	0	0
10365	5	7	8	0	1	01040c60002010b0008101428012104	1cbae39eb7d74f4fb7365ebd734def9	0	0
10366	5	6	8	0	1	01040c6000241030008101428012104	1cbae39eb7d34fcfb7365ebd734def9	0	0
10367	5	3	8	0	1	01040c60002410b0008101028012104	1cbae39eb7d34f4fb7365efd734def9	0	0
10368	5	5	3	0	0	0104282081414000102400aa0009500	1cbac7de36b61fffa7935f55f356afd	0	0
10369	5	8	6	0	0	01044420012002a8001100d40012220	1cbaabdeb6d75d57b7a65f2bf34dddd	0	0
10370	5	6	3	0	0	01044460012000a8001100cc0012060	1cbaab9eb6d75f57b7a65f33f34df9d	0	0
10371	5	5	6	0	0	0104446001200288001100d40012220	1cbaab9eb6d75d77b7a65f2bf34dddd	0	0
10372	5	2	6	0	0	01044460012002a8001100c40012220	1cbaab9eb6d75d57b7a65f3bf34dddd	0	0
10373	5	4	4	0	0	01044860004411280002018c0010888	1cbaa79eb7b34ed7b7b55e73f34f775	0	0
10374	5	7	1	0	0	010488081400140034804100a202120	1cba67f6a3f74bff83371eff515dedd	0	0
10375	5	7	3	0	0	01080a44040000e100214106000a180	1cb6e5bab3f75f1eb7961ef9f355e7d	0	0
10376	5	1	9	0	0	01080c30009000e1008404320008104	1cb6e3ceb7675f1eb7335bcdf357ef9	0	0
10377	5	4	0	0	0	01080c50009000e10004440a000a180	1cb6e3aeb7675f1eb7b31bf5f355e7d	0	0
10378	5	4	0	0	1	0108243000444230000102821018480	1cb6cbceb7b31dcfb7b65d7de347b7d	0	0
10379	5	3	7	0	0	0108282020504068040404003108081	1cb6c7de97a71f97b3b35bffc257f7c	0	0
10380	5	4	6	0	0	0108842800430121000201224108104	1cb66bd6b7b45edeb7b55eddb257ef9	0	0
10381	5	6	6	0	1	0108881200440070040402822140009	1cb667ecb7b35f8fb3b35d7dd21fff4	0	0
10382	5	5	3	0	1	0108a03000440250040102821018480	1cb64fceb7b35dafb3b65d7de347b7d	0	0
10383	5	4	3	0	1	0108a03000440270000102821018480	1cb64fceb7b35d8fb7b65d7de347b7d	0	0
10384	5	6	10	0	0	010a0804242000510101018600060a0	1cb4e7fa93d75faeb6b65e79f359f5d	0	0
10385	5	6	8	0	1	010a0804242000510101019200060a0	1cb4e7fa93d75faeb6b65e6df359f5d	0	0
10386	5	6	7	0	0	010a0804242000510101019400060a0	1cb4e7fa93d75faeb6b65e6bf359f5d	0	0
10387	5	8	9	0	1	0110050805000a28040102218003110	1caeeaf6b2f755d7b3b65dde735ceed	0	0
10388	5	6	7	0	0	01100544012000680021014c000a220	1caeeabab6d75f97b7965eb3f355ddd	0	0
10389	5	3	8	0	0	0110092805000282840100241210028	1caee6d6b2f75d7d33b65fdbe14ffd5	0	0
10390	5	5	6	0	0	0110093000604820040100c22140009	1caee6ceb79717dfb3b65f3dd21fff4	0	0
10391	5	3	4	0	0	01100930009000f000a000828204101	1caee6ceb7675f0fb7175f7d715befc	0	0
10392	5	5	6	0	1	01100c22042000e0040105060003180	1caee3dcb3d75f1fb3b65af9f35ce7d	0	0
10393	5	7	7	0	1	01100c2804000282840104241201120	1caee3d6b3f75d7d33b65bdbe15eedd	0	0
10394	5	6	7	0	1	0110208095000220160002848011110	1caecf7e22f75ddfa1b75d7b734eeed	0	0
10395	5	6	2	0	0	01102130010400608480042c0014018	1caececeb6f35f9f33375bd3f34bfe5	0	0
10396	5	6	4	0	0	01104120810202280401088c0011030	1caeaede36f55dd7b3b65773f34efcd	0	0
10397	5	4	4	0	1	01104420810201a80400082c0011030	1caeabde36f55e57b3b757d3f34efcd	0	0
10398	5	4	4	0	0	01104440810240a1000100cc0018240	1caeabbe36f51f5eb7b65f33f347dbd	0	0
10399	5	8	7	0	0	01108120004242210401028a0009048	1cae6edeb7b51ddeb3b65d75f356fb5	0	0
10400	5	6	6	0	1	01108212006000b0040102422140009	1cae6decb7975f4fb3b65dbdd21fff4	0	0
10401	5	3	4	0	0	011088280014106800060400a300081	1cae67d6b7e34f97b7b15bff505ff7c	0	0
10402	5	5	7	0	1	01200182820340200014440a0003050	1c9eee7c35f41fdfb7a31bf5f35cfad	0	0
10403	5	4	8	0	0	01200198009000d4040006081202030	1c9eee66b7675f2bb3b759f7e15dfcd	0	0
10404	5	7	3	0	1	012001d00080085405000248100a0a0	1c9eee2eb77757abb2b75db7e355f5d	0	0
10405	5	5	7	0	0	012001d00090085005000248100a0a0	1c9eee2eb76757afb2b75db7e355f5d	0	0
10406	5	4	3	0	0	0120029800c000d4040002441018600	1c9eed66b7375f2bb3b75dbbe3479fd	0	0
10407	5	5	7	0	0	012003201140122006000064800a110	1c9eecdea6b74ddfb1b75f9b7355eed	0	0
10408	5	5	7	0	0	0120032015001220042000c48008910	1c9eecdea2f74ddfb3975f3b73576ed	0	0
10409	5	7	2	0	0	0120048c010100a10006022c0018300	1c9eeb72b6f65f5eb7b15dd3f347cfd	0	0
10410	5	2	9	0	0	0120049400244824000302801110480	1c9eeb6ab7d317dbb7b45d7fe24fb7d	0	0
10411	5	3	2	0	0	01200518008201a40410002c0018220	1c9eeae6b7755e5bb3a75fd3f347ddd	0	0
10412	5	5	6	0	0	01200518014000e00404022c000a220	1c9eeae6b6b75f1fb3b35dd3f355ddd	0	0
10413	5	6	4	0	0	01200544000640280011500810120a0	1c9eeabab7f11fd7b7a60ff7e34df5d	0	0
10414	5	6	1	0	0	01200544002240280011500810120a0	1c9eeabab7d51fd7b7a60ff7e34df5d	0	0
10415	5	4	1	0	0	01200544002240680010500810120a0	1c9eeabab7d51f97b7a70ff7e34df5d	0	0
10416	5	6	0	0	0	01200544002440280011500810120a0	1c9eeabab7d31fd7b7a60ff7e34df5d	0	0
10417	5	4	4	0	1	012006280105103000010064800a120	1c9ee9d6b6f24fcfb7b65f9b7355edd	0	0
10418	5	3	6	0	0	0120093000144070002400828208081	1c9ee6ceb7e31f8fb7935f7d7157f7c	0	0
10419	5	7	6	0	0	0120093000404044242000aa0009408	1c9ee6ceb7b71fbb93975f55f356bf5	0	0
10420	5	6	10	0	0	01200a0813000211000304444202240	1c9ee5f6a4f75deeb7b45bbbb15ddbd	0	0
10421	5	6	3	0	0	01200a1400440070002140860009480	1c9ee5eab7b35f8fb7961f79f356b7d	0	0
10422	5	2	4	0	0	01200a2800510061010200a80041140	1c9ee5d6b7a65f9eb6b55f57f31eebd	0	0
10423	5	5	6	0	0	01200a40124044100003018a0011480	1c9ee5bea5b71befb7b45e75f34eb7d	0	0
10424	5	6	4	0	1	012020d000140054018002409202220	1c9ecf2eb7e35fabb6375dbf615dddd	0	0
10425	5	1	4	0	0	012020d0001440700014104880020a0	1c9ecf2eb7e31f8fb7a34fb7735df5d	0	0
10426	5	6	8	0	1	0120220091400124060000648009210	1c9ecdfe26b75edbb1b75f9b7356ded	0	0
10427	5	5	3	0	0	0120280821410050002400ac0009500	1c9ec7f696b65fafb7935f53f356afd	0	0
10428	5	8	10	0	1	0120281000444054002400aa0009408	1c9ec7eeb7b31fabb7935f55f356bf5	0	0
10429	5	2	7	0	1	01202810205000f0010402201240220	1c9ec7ee97a75f0fb6b35ddfe11fddd	0	0
10430	5	1	8	0	0	01202840241000f0009010209002120	1c9ec7be93e75f0fb7274fdf635dedd	0	0
10431	5	8	6	0	1	0120412000220268011000d01050220	1c9eaedeb7d55d97b6a75f2fe30fddd	0	0
10432	5	6	6	0	0	0120412082020420211004320011204	1c9eaede35f55bdf96a75bcdf34edf9	0	0
10433	5	4	10	0	1	0120412082205020200100c28018201	1c9eaede35d70fdf97b65f3d7347dfc	0	0
10434	5	5	6	0	1	0120416000220248011000d01050220	1c9eae9eb7d55db7b6a75f2fe30fddd	0	0
10435	5	2	6	0	1	0120416000220268011000c01050220	1c9eae9eb7d55d97b6a75f3fe30fddd	0	0
10436	5	3	8	0	1	0120416000824800341000281050018	1c9eae9eb77517ff83a75fd7e30ffe5	0	0
10437	5	4	3	0	0	0120420413000860120002848009600	1c9eadfaa4f7579fa5b75d7b73569fd	0	0
10438	5	8	6	0	1	01204808004401700500030c0001824	1c9ea7f6b7b35e8fb2b75cf3f35e7d9	0	0
10439	5	7	4	0	1	0120482020045030002101848200884	1c9ea7de97f30fcfb7965e7b715f779	0	0
10440	5	4	4	0	1	0120482020445030000101848200884	1c9ea7de97b30fcfb7b65e7b715f779	0	0
10441	5	2	4	0	1	0120482020445030002101840200884	1c9ea7de97b30fcfb7965e7bf15f779	0	0
10442	5	5	6	0	1	01204828004401600500030c0001824	1c9ea7d6b7b35e9fb2b75cf3f35e7d9	0	0
10443	5	3	7	0	1	0120600030504060250002081009220	1c9e8ffe87a71f9f92b75df7e356ddd	0	0
10444	5	5	1	0	1	0120808282051020001140828102090	1c9e6f7c35f24fdfb7a61f7d725df6d	0	0
10445	5	5	0	0	1	0120808282051020001240828102090	1c9e6f7c35f24fdfb7a51f7d725df6d	0	0
10446	5	4	6	0	0	01208098005000d404000248100a420	1c9e6f66b7a75f2bb3b75db7e355bdd	0	0
10447	5	7	7	0	1	01208102800340202011440a0003050	1c9e6efc37f41fdf97a61bf5f35cfad	0	0
10448	5	6	4	0	0	01208102820300202011140a0003240	1c9e6efc35f45fdf97a64bf5f35cdbd	0	0
10449	5	7	6	0	1	01208112000401700420028a000c081	1c9e6eecb7f35e8fb3975d75f353f7c	0	0
10450	5	6	3	0	1	0120811400440064002102881208280	1c9e6eeab7b35f9bb7965d77e157d7d	0	0
10451	5	4	7	0	1	0120812082211020200100c28018201	1c9e6ede35d64fdf97b65f3d7347dfc	0	0
10452	5	3	10	0	1	01208430008201a1008200224018204	1c9e6bceb7755e5eb7355fddb347df9	0	0
10453	5	7	4	0	0	0120882404000281150010221200824	1c9e67dab3f75d7ea2b74fdde15f7d9	0	0
10454	5	5	9	0	1	0120a010105000c4042000c05208280	1c9e4feea7a75f3bb3975f3fa157d7d	0	0
10455	5	6	8	0	1	0120c02080220084860004411012401	1c9e2fde37d55f7b31b75bbee34dbfc	0	0
10456	5	6	6	0	0	012200c08006080c001240841110090	1c9cef3e37f157f3b7a51f7be24ff6d	0	0
10457	5	5	0	0	0	012220500014405000141048800a0a0	1c9ccfaeb7e31fafb7a34fb77355f5d	0	0
10458	5	6	6	0	1	012280180014007000140068800a0a0	1c9c6fe6b7e35f8fb7a35f977355f5d	0	0
10459	5	9	3	0	0	01800102121100488090409800030c0	1c3eeefca5e65fb737271f67f35cf3d	0	0
10460	5	9	9	0	0	0180024401020328001210444010a08	1c3eedbab6f55cd7b7a54fbbb34f5f5	0	0
10461	5	9	4	0	0	01800260000612280012108c0010888	1c3eed9eb7f14dd7b7a54f73f34f775	0	0
10462	5	4	3	0	1	018002c012800c18000241120003090	1c3eed3ea57753e7b7b51eedf35cf6d	0	0
10463	5	6	8	0	0	0180030095000428040102828005240	1c3eecfe22f75bd7b3b65d7d735adbd	0	0
10464	5	7	4	0	1	01800304140000e804204102100c180	1c3eecfaa3f75f17b3971efde353e7d	0	0
10465	5	7	6	0	0	0180031200020268041010482042210	1c3eececb7f55d97b3a74fb7d31dded	0	0
10466	5	1	4	0	0	01800320110202b000a001940008140	1c3eecdea6f55d4fb7175e6bf357ebd	0	0
10467	5	5	4	0	1	0180032200a000d0050001920044101	1c3eecdcb7575f2fb2b75e6df31befc	0	0
10468	5	6	8	0	0	01800324042000a0840101860014081	1c3eecdab3d75f5f33b65e79f34bf7c	0	0
10469	5	4	0	0	1	018004a085005020100400c48208090	1c3eeb5e32f70fdfa7b35f3b7157f6d	0	0
10470	5	6	6	0	1	018004c204100048809000d80003180	1c3eeb3cb3e75fb737275f27f35ce7d	0	0
10471	5	7	8	0	0	0180052200110060809000aa0003140	1c3eeadcb7e65f9f37275f55f35cebd	0	0
10472	5	6	8	0	0	0180052200130020809000aa0003140	1c3eeadcb7e45fdf37275f55f35cebd	0	0
10473	5	3	8	0	0	01800522001300608090008a0003140	1c3eeadcb7e45f9f37275f75f35cebd	0	0
10474	5	4	4	0	0	018005300102024824001058000a060	1c3eeaceb6f55db793b74fa7f355f9d	0	0
10475	5	1	7	0	1	01800624010300a8002101444008204	1c3ee9dab6f45f57b7965ebbb357df9	0	0
10476	5	6	6	0	0	01800642040202208011104c0003180	1c3ee9bcb3f55ddf37a64fb3f35ce7d	0	0
10477	5	6	4	0	0	01800660000610280012108c0010888	1c3ee99eb7f14fd7b7a54f73f34f775	0	0
10478	5	3	7	0	1	01800660000612280030004c0008884	1c3ee99eb7f14dd7b7875fb3f357779	0	0
10479	5	3	4	0	1	01800660010412280021004c0008884	1c3ee99eb6f34dd7b7965fb3f357779	0	0
10480	5	5	7	0	1	0180092020a00850050001301044104	1c3ee6de975757afb2b75ecfe31bef9	0	0
10481	5	4	6	0	0	0180092022200258000111101240024	1c3ee6de95d75da7b7b64eefe11ffd9	0	0
10482	5	2	3	0	1	0180093000441068000502880240088	1c3ee6ceb7b34f97b7b25d77f11ff75	0	0
10483	5	8	10	0	0	01800a0012800a14000341060003410	1c3ee5fea57755ebb7b41ef9f35cbed	0	0
10484	5	1	6	0	1	01800a0034400170050003060001088	1c3ee5fe83b75e8fb2b75cf9f35ef75	0	0
10485	5	1	6	0	1	01800a0034400270048001441008180	1c3ee5fe83b75d8fb3375ebbe357e7d	0	1
10486	5	6	8	0	0	01800a0604040060840201860104081	1c3ee5f8b3f35f9f33b55e79f25bf7c	0	0
10487	5	7	6	0	0	01800a0820050050848001241104120	1c3ee5f697f25faf33375edbe25bedd	0	0
10488	5	4	8	0	0	01800a0824800254040001248003410	1c3ee5f693775dabb3b75edb735cbed	0	0
10489	5	3	10	0	1	018020a084040a0c001100940003090	1c3ecf5e33f355f3b7a65f6bf35cf6d	0	0
10490	5	7	4	0	0	01802150000402580410108a0002828	1c3eceaeb7f35da7b3a74f75f35d7d5	0	0
10491	5	8	4	0	0	0180244004020248848000c411010a0	1c3ecbbeb3f55db733375f3be25ef5d	0	0
10492	5	7	4	0	0	01802450001000d80480006051020a0	1c3ecbaeb7e75f27b3375f9fa25df5d	0	0
10493	5	5	8	0	1	018024600013004080a000c81009180	1c3ecb9eb7e45fbf37175f37e356e7d	0	0
10494	5	6	6	0	0	018080a200120228009000d04101084	1c3e6f5cb7e55dd7b7275f2fb25ef79	0	0
10495	5	3	3	0	0	01808102101340202090400a0003050	1c3e6efca7e41fdf97271ff5f35cfad	0	0
10496	5	7	1	0	1	0180810280031028001140882042090	1c3e6efc37f44fd7b7a61f77d31df6d	0	0
10497	5	3	7	0	0	0180810280071028001100882102090	1c3e6efc37f04fd7b7a65f77d25df6d	0	0
10498	5	1	7	0	1	0180810280071028001140882002090	1c3e6efc37f04fd7b7a61f77d35df6d	0	0
10499	5	4	7	0	0	01808120801340202010042a0003050	1c3e6ede37e41fdf97a75bd5f35cfad	0	0
10500	5	8	6	0	1	0180820201040268041010482002a10	1c3e6dfcb6f35d97b3a74fb7d35d5ed	0	0
10501	5	3	4	0	1	0180820224800254040101140003090	1c3e6dfc93775dabb3b65eebf35cf6d	0	0
10502	5	3	2	0	1	0180820224800254040101140009090	1c3e6dfc93775dabb3b65eebf356f6d	0	0
10503	5	6	6	0	1	0180820280070028001140822101090	1c3e6dfc37f05fd7b7a61f7dd25ef6d	0	0
10504	5	7	4	0	1	0180821200021060160010482042018	1c3e6decb7f54f9fa1b74fb7d31dfe5	0	0
10505	5	5	4	0	1	0180821200061060060010482042018	1c3e6decb7f14f9fb1b74fb7d31dfe5	0	0
10506	5	4	4	0	0	0180821200061060240010482140018	1c3e6decb7f14f9f93b74fb7d21ffe5	0	0
10507	5	2	4	0	0	0180821200061060260010402140018	1c3e6decb7f14f9f91b74fbfd21ffe5	0	0
10508	5	5	6	0	0	0180822016000280800311101018480	1c3e6ddea1f75d7f37b44eefe347b7d	0	0
10509	5	6	6	0	1	0180822080430000960010403048101	1c3e6dde37b45fff21b74fbfc317efc	0	0
10510	5	4	4	0	0	0180822200061228000110902101090	1c3e6ddcb7f14dd7b7b64f6fd25ef6d	0	0
10511	5	4	4	0	0	0180822201040294000109140002c10	1c3e6ddcb6f35d6bb7b656ebf35d3ed	0	0
10512	5	4	4	0	1	0180822400434004100201203300090	1c3e6ddab7b41ffba7b55edfc05ff6d	0	0
10513	5	6	1	0	0	0180823000220205040100d20108048	1c3e6dceb7d55dfab3b65f2df257fb5	0	0
10514	5	3	2	0	0	0180823000220285040100520108048	1c3e6dceb7d55d7ab3b65fadf257fb5	0	0
10515	5	6	2	0	1	0180841200120060848040490003090	1c3e6becb7e55f9f33371fb6f35cf6d	0	0
10516	5	4	10	0	1	01808800310504180001018880060c0	1c3e67fe86f25be7b7b65e777359f3d	0	0
10517	5	8	10	0	0	0180882000150043030000a2404100c	1c3e67deb7e25fbcb4b75f5db31eff1	0	0
10518	5	8	7	0	0	0180882000150043030000a2420100c	1c3e67deb7e25fbcb4b75f5db15eff1	0	0
10519	5	6	2	0	1	0180882020300052050001320041024	1c3e67de97c75fadb2b75ecdf31efd9	0	0
10520	5	4	3	0	0	0180c00031100468040002888003240	1c3e2ffe86e75b97b3b75d77735cdbd	0	0
10521	5	5	9	0	1	0182020030c00150050003060009088	1c3cedfe87375eafb2b75cf9f356f75	0	0
10522	5	4	4	0	1	018202042600015100020132000c180	1c3cedfa91f75eaeb7b55ecdf353e7d	0	0
10523	5	4	8	0	0	0182022404040520800201260014081	1c3ceddab3f35adf37b55ed9f34bf7c	0	0
10524	5	6	4	0	1	0182080824100052050000a21005120	1c3ce7f693e75fadb2b75f5de35aedd	0	0
10525	5	6	4	0	1	018280048007000c020401228101014	1c3c6ffa37f05ff3b5b35edd725efe9	0	0
10526	5	4	4	0	0	0182800884021104240000642101030	1c3c6ff633f54efb93b75f9bd25efcd	0	0
10527	5	10	4	0	0	04000a2022800191040111028200848	19bee5de95775e6eb3b64efd715f7b5	0	0
10528	5	10	6	0	0	04000c20209000e1000544021208180	19bee3de97675f1eb7b21bfde157e7d	0	0
10529	5	4	6	0	1	04040c60002410b0008001828010904	19bae39eb7d34f4fb7375e7d734f6f9	0	0
10530	5	3	6	0	1	0404240093010104142000888009210	19bacbfe24f65efba3975f777356ded	0	0
10531	5	4	4	0	1	04042460002410b0008001828010904	19bacb9eb7d34f4fb7375e7d734f6f9	0	0
10532	5	4	3	0	1	04042860002410b0008001828010904	19bac79eb7d34f4fb7375e7d734f6f9	0	0
10533	5	5	6	0	1	040444003121009002200190800a140	19baabfe86d65f6fb5975e6f7355ebd	0	0
10534	5	6	8	0	0	04046000a1110030002102888009044	19ba8ffe16e65fcfb7965d777356fb9	0	0
10535	5	5	6	0	0	04080c60009000c1000544021208180	19b6e39eb7675f3eb7b21bfde157e7d	0	0
10536	5	3	8	0	1	04084800a1030040a60004011104060	19b6a7fe16f45fbf11b75bfee25bf9d	0	0
10537	5	4	3	0	1	0410096000a01070008000c28014101	19aee69eb7574f8fb7375f3d734befc	0	0
10538	5	9	4	0	1	04102018005100920401022a0005024	19aecfe6b7a65f6db3b65dd5f35afd9	0	0
10539	5	5	7	0	0	0410240031114020002102888101050	19aecbfe86e61fdfb7965d77725efad	0	0
10540	5	5	6	0	0	0410440031114020002102888101050	19aeabfe86e61fdfb7965d77725efad	0	0
10541	5	5	4	0	0	041060003013402000a001888101050	19ae8ffe87e41fdfb7175e77725efad	0	0
10542	5	5	3	0	0	0410600031114020002102888101050	19ae8ffe86e61fdfb7965d77725efad	0	0
10543	5	3	3	0	0	041060009105402102020080c100850	19ae8ffe26f21fdeb5b55f7f325f7ad	0	0
10544	5	5	2	0	1	041081220140026004010a090041018	19ae6edcb6b75d9fb3b655f6f31efe5	0	0
10545	5	2	6	0	0	0410820281030061020202402140050	19ae6dfc36f45f9eb5b55dbfd21ffad	0	0
10546	5	4	10	0	0	0410824204800241100118082009090	19ae6dbcb3775dbea7b647f7d356f6d	0	0
10547	5	4	6	0	1	0410c0408015005202000280c041021	19ae2fbe37e25fadb5b75d7f331efdc	0	0
10548	5	2	4	0	0	0412802080900161028000608041050	19ac6fde37675e9eb5375f9f731efad	0	0
10549	5	2	4	0	0	042001980090019404040c080208021	199eee66b7675e6bb3b353f7f157fdc	0	0
10550	5	5	8	0	0	0420030a005100600011408900090c0	199eecf4b7a65f9fb7a61f76f356f3d	0	0
10551	5	7	6	0	0	04200312001100700021028a00090c0	199eececb7e65f8fb7965d75f356f3d	0	0
10552	5	5	6	0	0	04200312001500600030408a00088c0	199eececb7e25f9fb7871f75f35773d	0	0
10553	5	7	2	0	1	0420050c000340201011480810180a0	199eeaf2b7f41fdfa7a617f7e347f5d	0	0
10554	5	5	2	0	1	0420050c000740200011480810180a0	199eeaf2b7f01fdfb7a617f7e347f5d	0	0
10555	5	4	7	0	1	0420051400820144140006081208220	199eeaeab7755ebba3b759f7e157ddd	0	0
10556	5	2	9	0	1	0420051400820144148006001208220	199eeaeab7755ebba33759ffe157ddd	0	0
10557	5	1	10	0	1	0420051400820144148006081008220	199eeaeab7755ebba33759f7e357ddd	0	0
10558	5	4	6	0	1	0420051800820144140006081208220	199eeae6b7755ebba3b759f7e157ddd	0	0
10559	5	5	4	0	1	04200528004241200410082a0011044	199eead6b7b51edfb3a757d5f34efb9	0	0
10560	5	6	7	0	0	0420054011024021022000c9000a050	199eeabea6f51fdeb5975f36f355fad	0	0
10561	5	6	9	0	1	0420092400220042250005120041024	199ee6dab7d55fbd92b75aedf31efd9	0	0
10562	5	5	4	0	0	042009280202018104040c0a0204041	199ee6d6b5f55e7eb3b353f5f15bfbc	0	0
10563	5	3	9	0	1	04200944002410700180008090048a0	199ee6bab7d34f8fb6375f7f635b75d	0	0
10564	5	8	6	0	1	0420208083010104122000a88009410	199ecf7e34f65efba5975f577356bed	0	0
10565	5	6	8	0	1	0420208281050020101408888100890	199ecf7c36f25fdfa7a35777725f76d	0	0
10566	5	8	3	0	1	0420209000820184148044081018410	199ecf6eb7755e7ba3371bf7e347bed	0	0
10567	5	5	3	0	1	0420209800820180148044081018410	199ecf66b7755e7fa3371bf7e347bed	0	0
10568	5	4	3	0	1	0420209800820184140044081018410	199ecf66b7755e7ba3b71bf7e347bed	0	0
10569	5	5	6	0	1	042020c011104120022000c88009090	199ecf3ea6e71edfb5975f377356f6d	0	0
10570	5	5	2	0	1	042020c0814001840600082c0009030	199ecf3e36b75e7bb1b757d3f356fcd	0	0
10571	5	4	4	0	0	04202102101340208080408810110c0	199ecefca7e41fdf37371f77e34ef3d	0	0
10572	5	8	4	0	0	04202110009001940404042a0208021	199eceeeb7675e6bb3b35bd5f157fdc	0	0
10573	5	8	10	0	0	04202110009001940404060a0008821	199eceeeb7675e6bb3b359f5f3577dc	0	0
10574	5	6	4	0	1	0420211010820214048000c05210220	199eceeea7755debb3375f3fa14fddd	0	0
10575	5	3	4	0	1	0420211010820294048000805210220	199eceeea7755d6bb3375f7fa14fddd	0	0
10576	5	6	0	0	0	042021140013000414804408100a030	199eceeab7e45ffba3371bf7e355fcd	0	0
10577	5	1	4	0	0	04202114041001a4009000b08000a20	199eceeab3e75e5bb7275f4f735f5dd	0	0
10578	5	2	4	0	0	0420211800900194040404280208021	199ecee6b7675e6bb3b35bd7f157fdc	0	0
10579	5	2	0	0	0	0420211800900194040406080208021	199ecee6b7675e6bb3b359f7f157fdc	0	0
10580	5	8	7	0	0	0420280404024121000310888201018	199ec7fab3f51edeb7b44f77715efe5	0	0
10581	5	3	4	0	1	0420284404020320118010009001a20	199ec7bab3f55cdfa6374fff635e5dd	0	0
10582	5	3	6	0	1	0420442800064121040100888009050	199eabd6b7f11edeb3b65f777356fad	0	0
10583	5	6	6	0	1	0420482800140070010102809201060	199ea7d6b7e35f8fb6b65d7f615ef9d	0	0
10584	5	8	0	0	1	0420600011114020122002888009044	199e8ffea6e61fdfa5975d777356fb9	0	0
10585	5	6	6	0	0	0420600031104020202102980101030	199e8ffe86e71fdf97965d67f25efcd	0	0
10586	5	6	4	0	0	0420600031104020202102980101060	199e8ffe86e71fdf97965d67f25ef9d	0	0
10587	5	5	6	0	0	0420600031114000202102980101030	199e8ffe86e61fff97965d67f25efcd	0	0
10588	5	5	4	0	0	0420600031114000202102980101060	199e8ffe86e61fff97965d67f25ef9d	0	0
10589	5	3	9	0	1	0420600031114020202100888009050	199e8ffe86e61fdf97965f777356fad	0	0
10590	5	6	7	0	1	04208206001500300021028a0009041	199e6df8b7e25fcfb7965d75f356fbc	0	0
10591	5	5	6	0	1	04208248004501010202082a000c011	199e6db6b7b25efeb5b557d5f353fec	0	0
10592	5	6	6	0	1	04208442000604300011088a0011084	199e6bbcb7f15bcfb7a65775f34ef79	0	0
10593	5	5	4	0	1	0422400091020890022008940009044	199caffe26f5576fb597576bf356fb9	0	0
10594	5	9	4	0	0	0480022022800191040111120008848	193eedde95775e6eb3b64eedf3577b5	0	0
10595	5	6	4	0	0	0480032200820092040111101048108	193eecdcb7755f6db3b64eefe317ef5	0	0
10596	5	9	4	0	0	0480040214110042828010501003140	193eebfca3e65fbd35374fafe35cebd	0	0
10597	5	9	4	0	0	0480040a04110042828000611003500	193eebf4b3e65fbd35375f9ee35cafd	0	0
10598	5	6	6	0	0	04800502101240208280408052010c0	193eeafca7e51fdf35371f7fa15ef3d	0	0
10599	5	5	6	0	0	0480050210134000828040821201050	193eeafca7e41fff35371f7de15efad	0	0
10600	5	5	6	0	0	0480050210a000e0050001821108280	193eeafca7575f1fb2b75e7de257d7d	0	0
10601	5	3	6	0	0	0480060600230084160010003108101	193ee9f8b7d45f7ba1b74fffc257efc	0	0
10602	5	8	4	0	1	04800610005000f00401088a00090c0	193ee9eeb7a75f0fb3b65775f356f3d	0	0
10603	5	6	2	0	0	0480066002800045020201430008c10	193ee99eb5775fbab5b55ebcf3573ed	0	0
10604	5	6	9	0	1	0480090820a00052050001301044024	193ee6f697575fadb2b75ecfe31bfd9	0	0
10605	5	4	7	0	0	04800910209001700400048a000c041	193ee6ee97675e8fb3b75b75f353fbc	0	0
10606	5	4	3	0	0	0480092020820452040001821240120	193ee6de97755badb3b75e7de11fedd	0	0
10607	5	6	3	0	0	0480092020a00042250001920140021	193ee6de97575fbd92b75e6df21ffdc	0	0
10608	5	6	2	0	1	0480092020a00052050001920044021	193ee6de97575fadb2b75e6df31bfdc	0	0
10609	5	4	6	0	1	04800a10205100700001028a0041048	193ee5ee97a65f8fb7b65d75f31efb5	0	0
10610	5	4	4	0	1	04800a12001500700001088a0041048	193ee5ecb7e25f8fb7b65775f31efb5	0	0
10611	5	6	10	0	0	04800a2022800111000311120008848	193ee5de95775eeeb7b44eedf3577b5	0	0
10612	5	4	7	0	1	04800c280404060a000108301201024	193ee3d6b3f359f5b7b657cfe15efd9	0	0
10613	5	4	9	0	1	04800c4204020260808010411003140	193ee3bcb3f55d9f37374fbee35cebd	0	0
10614	5	4	6	0	1	04800c4204020260808010481003140	193ee3bcb3f55d9f37374fb7e35cebd	0	0
10615	5	5	4	0	1	04800c4204030200108118081003140	193ee3bcb3f45dffa73647f7e35cebd	0	0
10616	5	3	6	0	1	04800c4204030200908110081003140	193ee3bcb3f45dff27364ff7e35cebd	0	0
10617	5	3	4	0	1	04800c6000061228000310081050044	193ee39eb7f14dd7b7b44ff7e30ffb9	0	0
10618	5	2	4	0	1	0480223000820184160014002208009	193ecdceb7755e7ba1b74bffd157ff4	0	0
10619	5	4	4	0	0	04802260010202850400084c0002818	193ecd9eb6f55d7ab3b757b3f35d7e5	0	0
10620	5	6	8	0	1	0480240091050010800502920101060	193ecbfe26f25fef37b25d6df25ef9d	0	0
10621	5	5	4	0	0	0480240210134000848000c811010c0	193ecbfca7e41fff33375f37e25ef3d	0	0
10622	5	6	0	0	0	0480240214110002828010501009104	193ecbfca3e65ffd35374fafe356ef9	0	0
10623	5	8	4	0	0	04802410001500940005082053000a0	193ecbeeb7e25f6bb7b257dfa05ff5d	0	0
10624	5	8	4	0	0	0480242000844105020100a22201410	193ecbdeb7731efab5b65f5dd15ebed	0	0
10625	5	5	10	0	0	0480280424024101020110822201018	193ec7fa93f51efeb5b64f7dd15efe5	0	0
10627	5	3	6	0	0	0480410090310108222040120009041	193eaefe27c65ef795971fedf356fbc	0	0
10631	5	1	6	0	1	0480440210074020808201881100050	193eabfca7f01fdf37355e77e25ffad	0	1
10632	5	4	4	0	1	0480481020820310140014081200848	193ea7ee97755cefa3b74bf7e15f7b5	0	0
10633	5	5	3	0	0	0480600031114000202102980101050	193e8ffe86e61fff97965d67f25efad	0	0
10634	5	8	6	0	1	04808200205100700011028a0041048	193e6dfe97a65f8fb7a65d75f31efb5	0	0
10635	5	4	10	0	0	0480820221100470000102890041048	193e6dfc96e75b8fb7b65d76f31efb5	0	0
10636	5	2	3	0	1	04808206010500a0201150004004a40	193e6df8b6f25f5f97a60fffb35b5bd	0	0
10637	5	6	6	0	1	0480822020500070001102920041048	193e6dde97a75f8fb7a65d6df31efb5	0	0
10638	5	6	4	0	1	0480824400150012020102828041009	193e6dbab7e25fedb5b65d7d731eff4	0	0
10639	5	6	4	0	1	04808442001200608280404110030c0	193e6bbcb7e55f9f35371fbee35cf3d	0	0
10640	5	8	7	0	0	04808800201304120401018a0003060	193e67fe97e45bedb3b65e75f35cf9d	0	0
10641	5	5	3	0	0	0480880220130060009040830101044	193e67fc97e45f9fb7271f7cf25efb9	0	0
10642	5	3	4	0	1	0480886000061120208210082014041	193e679eb7f14edf97354ff7d34bfbc	0	0
10643	5	4	6	0	0	0482008282110410101000aa0041044	193cef7c35e65befa7a75f55f31efb9	0	0
10644	5	2	6	0	0	0482008282110410121000a20041044	193cef7c35e65befa5a75f5df31efb9	0	0
10645	5	7	4	0	0	04820220140001a100030906000c0c0	193ceddea3f75e5eb7b456f9f353f3d	0	0
10646	5	6	4	0	1	04820224040401208081012480050c0	193ceddab3f35edf37365edb735af3d	0	0
10647	5	6	4	0	1	0482080820840052050001221104024	193ce7f697735fadb2b75edde25bfd9	0	0
10648	5	4	4	0	1	0482080820840252010001301140024	193ce7f697735dadb6b75ecfe21ffd9	0	0
10649	5	2	4	0	1	0482080820840252050001201140024	193ce7f697735dadb2b75edfe21ffd9	0	0
10650	5	6	0	0	1	04820824040401208081018480050c0	193ce7dab3f35edf37365e7b735af3d	0	0
10651	5	4	6	0	0	04828000a0820141120050003208090	193c6ffe17755ebea5b70fffc157f6d	0	0
10652	5	9	0	0	1	0500010221800a30000503180048104	18beeefc967755cfb7b25ce7f317ef9	0	0
10653	5	4	4	0	1	05000506002300680020410a0003084	18beeaf8b7d45f97b7971ef5f35cf79	0	0
10654	5	2	6	0	0	0500054800220268009000c01110220	18beeab6b7d55d97b7275f3fe24fddd	0	0
10655	5	8	4	0	1	0500092000c008602500012a004100c	18bee6deb737579f92b75ed5f31eff1	0	0
10656	5	7	6	0	1	05000922004040602401030a004100c	18bee6dcb7b71f9f93b65cf5f31eff1	0	0
10657	5	7	6	0	1	05000922020008a400050192000c201	18bee6dcb5f7575bb7b25e6df353dfc	0	0
10658	5	4	4	0	1	0500092202041070000101828204084	18bee6dcb5f34f8fb7b65e7d715bf79	0	0
10659	5	7	6	0	1	05000a48000404700101018880050a0	18bee5b6b7f35b8fb6b65e77735af5d	0	0
10660	5	8	3	0	1	05000c00248000e1000544021208180	18bee3fe93775f1eb7b21bfde157e7d	0	0
10661	5	2	3	0	1	05000c08248000e1000544001208180	18bee3f693775f1eb7b21bffe157e7d	0	0
10662	5	7	3	0	1	05000c20208000e1000544021208180	18bee3de97775f1eb7b21bfde157e7d	0	0
10663	5	4	0	0	0	05000c20209000e1000444021208180	18bee3de97675f1eb7b31bfde157e7d	0	0
10664	5	3	3	0	1	05000c20248000e1000504021208180	18bee3de93775f1eb7b25bfde157e7d	0	0
10665	5	4	4	0	1	05000c20250000c3000400b20204120	18bee3de92f75f3cb7b35f4df15bedd	0	0
10666	5	5	3	0	0	05000c40248000c1000550021208120	18bee3be93775f3eb7b20ffde157edd	0	0
10667	5	6	10	0	1	05002400a5000830000500a48009090	18becbfe12f757cfb7b25f5b7356f6d	0	0
10668	5	3	3	0	1	0500820281030084820140014003420	18be6dfc36f45f7b35b61ffeb35cbdd	0	0
10669	5	2	3	0	0	0500822021040461020102808240048	18be6dde96f35b9eb5b65d7f711ffb5	0	0
10670	5	5	3	0	1	0502010095004820000502828009240	18bceefe22f717dfb7b25d7d7356dbd	0	0
10671	5	6	4	0	0	0502010410240051030001828202088	18bceefaa7d35faeb4b75e7d715df75	0	0
10672	5	4	4	0	0	080408a08141400031000880a041440	15bae75e36b61fff86b7577f531ebbd	0	0
10673	5	5	4	0	0	08080912020211200401140a0006048	15b6e6ecb5f54edfb3b64bf5f359fb5	0	0
10674	5	2	4	0	0	0808091202021130040114020006048	15b6e6ecb5f54ecfb3b64bfdf359fb5	0	0
10675	5	7	4	0	1	080822102040107004010486000c088	15b6cdee97b74f8fb3b65b79f353f75	0	0
10676	5	5	6	0	1	0808244022200150042011009008980	15b6cbbe95d75eafb3974eff635767d	0	0
10677	5	7	2	0	1	080828102040107004010486000c088	15b6c7ee97b74f8fb3b65b79f353f75	0	0
10678	5	3	3	0	1	0808281200444064000508003048600	15b6c7ecb7b31f9bb7b257ffc3179fd	0	0
10679	5	9	4	0	1	08200114020201640420048a0009048	159eeeeab5f55e9bb3975b75f356fb5	0	0
10680	5	6	7	0	1	082002901281001104020442400a048	159eed6ea5765feeb3b55bbdb355fb5	0	0
10681	5	6	4	0	0	0820049400820120108244041018480	159eeb6ab7755edfa7351bfbe347b7d	0	0
10682	5	8	4	0	0	0820091000434004202408282041440	159ee6eeb7b41ffb979357d7d31ebbd	0	0
10683	5	8	6	0	1	08200910020201640420048a0009048	159ee6eeb5f55e9bb3975b75f356fb5	0	0
10684	5	7	8	0	1	08200914000201640420048a0009048	159ee6eab7f55e9bb3975b75f356fb5	0	0
10685	5	5	4	0	0	0820091800434000202408282041440	159ee6e6b7b41fff979357d7d31ebbd	0	0
10686	5	1	4	0	0	0820091800434004202408282001440	159ee6e6b7b41ffb979357d7d35ebbd	0	0
10687	5	6	8	0	1	0820092400220042250005120041024	159ee6dab7d55fbd92b75aedf31efd9	0	0
10688	5	4	7	0	1	0820221012210091040004424002848	159ecdeea5d65f6eb3b75bbdb35d7b5	0	0
10689	5	5	4	0	0	0820221200454000100518082048401	159ecdecb7b21fffa7b247f7d317bfc	0	0
10690	5	5	6	0	1	08202810205100600101048a0009084	159ec7ee97a65f9fb6b65b75f356f79	0	0
10691	5	4	1	0	0	0820281022100452040004221240024	159ec7ee95e75badb3b75bdde11ffd9	0	0
10692	5	4	4	0	1	0820410096005020202000d08048041	159eaefe21f70fdf97975f2f7317fbc	0	0
10693	5	5	6	0	1	0820410486000140250006120009021	159eaefa31f75ebf92b759edf356fdc	0	0
10694	5	4	8	0	1	0820412082211020200100c28018041	159eaede35d64fdf97b65f3d7347fbc	0	0
10695	5	5	4	0	1	0820a00224414000100518003208081	159e4ffc93b61fffa7b247ffc157f7c	0	0
10696	5	6	2	0	0	0820c04082200041220110510009060	159e2fbe35d75fbe95b64faef356f9d	0	0
10697	5	4	7	0	1	0822010211404060210002890009048	159ceefca6b71f9f96b75d76f356fb5	0	0
10698	5	9	8	0	0	088002401280024502020143000a410	153eedbea5775dbab5b55ebcf355bed	0	0
10699	5	1	4	0	0	0880029400830101160010422008108	153eed6ab7745efea1b74fbdd357ef5	0	0
10700	5	5	4	0	1	08800314008200c406000512000a108	153eeceab7755f3bb1b75aedf355ef5	0	0
10701	5	5	8	0	0	0880032020910042011001320048024	153eecde97665fbdb6a75ecdf317fd9	0	0
10702	5	7	3	0	0	0880032201000468010102910041048	153eecdcb6f75b97b6b65d6ef31efb5	0	0
10703	5	2	4	0	0	08800510101241240420088800090c0	153eeaeea7e51edbb3975777f356f3d	0	0
10704	5	6	8	0	0	088006401280004502020143000a410	153ee9bea5775fbab5b55ebcf355bed	0	0
10705	5	3	6	0	0	08800910205100680011008a0042048	153ee6ee97a65f97b7a65f75f31dfb5	0	0
10706	5	1	4	0	1	0880091800434004240408282001048	153ee6e6b7b41ffb93b357d7d35efb5	0	0
10707	5	5	6	0	1	08800c1204020460048000c30003108	153ee3ecb3f55b9fb3375f3cf35cef5	0	0
10708	5	4	8	0	1	08800c4204020260808010411003140	153ee3bcb3f55d9f37374fbee35cebd	0	0
10709	5	5	6	0	0	08800c500402024010a01041100a500	153ee3aeb3f55dbfa7174fbee355afd	0	0
10710	5	4	1	0	0	088028101410014a008002920005420	153ec7eea3e75eb5b7375d6df35abdd	0	0
10711	5	5	10	0	0	08802810201500480011108a0006060	153ec7ee97e25fb7b7a64f75f359f9d	0	0
10712	5	7	3	0	0	08804840200211280011104c0012048	153ea7be97f54ed7b7a64fb3f34dfb5	0	0
10713	5	4	6	0	1	0880880220074022008001203140014	153e67fc97f01fddb7375edfc21ffe9	0	0
10714	5	6	6	0	0	0880880420060068048011003102030	153e67fa97f15f97b3374effc25dfcd	0	0
10715	5	5	6	0	1	0882020030c00150050003060009088	153cedfe87375eafb2b75cf9f356f75	0	0
10716	5	7	4	0	1	09000630020000e1000504430208088	14bee9ceb5f75f1eb7b25bbcf157f75	0	0
10717	5	8	3	0	0	09000890022008a1000350120006044	14bee76eb5d7575eb7b40fedf359fb9	0	0
10718	5	2	2	0	0	0900092020c10061018001202048104	14bee6de97365f9eb6375edfd317ef9	0	0
10719	5	1	2	0	0	0900092020c10061018001222008104	14bee6de97365f9eb6375eddd357ef9	0	0
10720	5	5	4	0	0	0900094014800240218011108003120	14bee6bea3775dbf96374eef735cedd	0	0
10721	5	8	6	0	1	09000a0022400470010101828201088	14bee5fe95b75b8fb6b65e7d715ef75	0	0
10722	5	1	4	0	0	09000a0220454014000509042040401	14bee5fc97b21febb7b256fbd31fbfc	0	0
10723	5	5	2	0	1	09000a04144000e0050005060009088	14bee5faa3b75f1fb2b75af9f356f75	0	0
10724	5	5	0	0	1	09000a0424400160050005060009088	14bee5fa93b75e9fb2b75af9f356f75	0	0
10725	5	4	4	0	0	09000a40228000d1000111028202108	14bee5be95775f2eb7b64efd715def5	0	0
10726	5	7	0	0	0	09000c202081006100820506000a104	14bee3de97765f9eb7355af9f355ef9	0	0
10727	5	7	2	0	1	09000c30020000e1000504430208088	14bee3ceb5f75f1eb7b25bbcf157f75	0	0
10728	5	4	10	0	0	090022402030405800101040a042021	14becdbe97c71fa7b7a74fbf531dfdc	0	0
10729	5	5	8	0	0	0900414800220440250005090003028	14beaeb6b7d55bbf92b75af6f35cfd5	0	0
10730	5	5	4	0	0	0900420030c00310050001248009480	14beadfe87375cefb2b75edb7356b7d	0	0
10731	5	6	4	0	0	09004440200610280011108c0012028	14beabbe97f14fd7b7a64f73f34dfd5	0	0
10732	5	5	4	0	0	0902008481110408020200a28011104	14bcef7a36e65bf7b5b55f5d734eef9	0	0
10733	5	4	4	0	1	0902020600440170010003060001888	14bcedf8b7b35e8fb6b75cf9f35e775	0	0
10734	5	4	6	0	1	0c00090820230052040005021006120	11bee6f697d45fadb3b75afde359edd	0	0
10735	5	6	3	0	1	0c00092400220042250005120041024	11bee6dab7d55fbd92b75aedf31efd9	0	0
10736	5	7	7	0	0	0c000c00a2001430000318009200824	11bee3fe15f74bcfb7b447ff615f7d9	0	0
10737	5	10	6	0	0	10000518008201441600060c000a028	0dbeeae6b7755ebba1b759f3f355fd5	0	0
10738	5	10	4	0	1	10002400950000e4022000c4800a140	0dbecbfe22f75f1bb5975f3b7355ebd	0	0
10739	5	10	8	0	1	10002800a480024414015000900a120	0dbec7fe13775dbba3b60fff6355edd	0	0
10740	5	3	3	0	1	100424102025401400210088800a0c0	0dbacbee97d21febb7965f777355f3d	0	0
10741	5	3	7	0	0	100424108025009400210084800a240	0dbacbee37d25f6bb7965f7b7355dbd	0	0
10742	5	3	3	0	1	100424180025400410210088800a240	0dbacbe6b7d21ffba7965f777355dbd	0	0
10743	5	6	6	0	0	100424500030008c0005024a0012220	0dbacbaeb7c75f73b7b25db5f34dddd	0	0
10744	5	3	7	0	0	10080c0094025020202200860110050	0db6e3fe23f50fdf97955f79f24ffad	0	0
10745	5	9	2	0	0	10082018005000d204040226000c220	0db6cfe6b7a75f2db3b35dd9f353ddd	0	0
10746	5	6	2	0	1	100824102440005204040226000c0a0	0db6cbee93b75fadb3b35dd9f353f5d	0	0
10747	5	6	8	0	0	1008241400150014000502228108024	0db6cbeab7e25febb7b25ddd7257fd9	0	0
10748	5	7	2	0	1	10082418004000d204040226000c220	0db6cbe6b7b75f2db3b35dd9f353ddd	0	0
10749	5	6	2	0	0	1008241800500092040402260008a20	0db6cbe6b7a75f6db3b35dd9f3575dd	0	0
10750	5	3	2	0	0	10082418005000d2040402060008a20	0db6cbe6b7a75f2db3b35df9f3575dd	0	0
10751	5	1	2	0	0	10082418005000d2040402260008220	0db6cbe6b7a75f2db3b35dd9f357ddd	0	0
10752	5	4	3	0	1	10082418008201441400060c000a220	0db6cbe6b7755ebba3b759f3f355ddd	0	0
10753	5	2	3	0	1	100824180082014416000604000a220	0db6cbe6b7755ebba1b759fbf355ddd	0	0
10754	5	5	2	0	1	10082418044000c204040226000c220	0db6cbe6b3b75f3db3b35dd9f353ddd	0	0
10755	5	4	4	0	0	10082800a280411100015010804080c	0db6c7fe15771eeeb7b60fef731f7f1	0	0
10756	5	4	3	0	1	10082810208201540400048c0018088	0db6c7ee97755eabb3b75b73f347f75	0	0
10757	5	6	4	0	0	100828102410004a040400a281040a0	0db6c7ee93e75fb5b3b35f5d725bf5d	0	0
10758	5	6	3	0	1	100828140404007000210486000a088	0db6c7eab3f35f8fb7965b79f355f75	0	0
10759	5	3	6	0	1	1008880280065030000500828140018	0db667fc37f10fcfb7b25f7d721ffe5	0	0
10760	5	6	3	0	1	1008a002105040201014480a0008884	0db64ffca7a71fdfa7a317f5f357779	0	0
10761	5	6	6	0	1	10100c1024200092040100a600140a0	0daee3ee93d75f6db3b65f59f34bf5d	0	0
10762	5	6	3	0	0	101020920480012010a010406100910	0daecf6cb3775edfa7174fbf925f6ed	0	0
10763	5	8	7	0	0	10102110005000ca0404022a000c220	0daeceeeb7a75f35b3b35dd5f353ddd	0	0
10764	5	5	8	0	0	10102118005000c20404022a000c220	0daecee6b7a75f3db3b35dd5f353ddd	0	0
10765	5	3	6	0	1	101028009500024416000044800a120	0daec7fe22f75dbba1b75fbb7355edd	0	0
10766	5	9	6	0	0	10200112000644300024028a0040848	0d9eeeecb7f11bcfb7935d75f31f7b5	0	0
10767	5	6	6	0	0	1020019200304030000500c880480c0	0d9eee6cb7c71fcfb7b25f377317f3d	0	0
10768	5	5	6	0	0	1020019200314010000500c880480c0	0d9eee6cb7c61fefb7b25f377317f3d	0	0
10769	5	6	8	0	0	10200314001500140024082840088a0	0d9eeceab7e25febb79357d7b35775d	0	0
10770	5	3	6	0	0	10200344020404580011008a00140a0	0d9eecbab5f35ba7b7a65f75f34bf5d	0	0
10771	5	4	6	0	0	10200518008201441400060c000a220	0d9eeae6b7755ebba3b759f3f355ddd	0	0
10772	5	6	6	0	1	1020091800224030000504488042048	0d9ee6e6b7d51fcfb7b25bb7731dfb5	0	0
10773	5	5	6	0	1	1020091800234010000504488042048	0d9ee6e6b7d41fefb7b25bb7731dfb5	0	0
10774	5	8	1	0	0	10200a08002410700101048481040c0	0d9ee5f6b7d34f8fb6b65b7b725bf3d	0	0
10775	5	9	4	0	1	1020200091044064022000c4800a240	0d9ecffe26f31f9bb5975f3b7355dbd	0	0
10776	5	9	4	0	1	10202000950000e4022000c4800a140	0d9ecffe22f75f1bb5975f3b7355ebd	0	0
10777	5	9	4	0	0	102020101404025204041044800a0a0	0d9ecfeea3f35dadb3b34fbb7355f5d	0	0
10778	5	7	4	0	1	102020848005080c010400a0c101280	0d9ecf7a37f257f3b6b35f5f325ed7d	0	0
10779	5	5	7	0	1	102020902031401000050448800a0c0	0d9ecf6e97c61fefb7b25bb77355f3d	0	0
10780	5	5	4	0	1	10202090203140100005044880420c0	0d9ecf6e97c61fefb7b25bb7731df3d	0	0
10781	5	5	2	0	1	10202090203140100005044880480c0	0d9ecf6e97c61fefb7b25bb77317f3d	0	0
10782	5	8	2	0	1	1020210081044064012002888008a40	0d9ecefe36f31f9bb6975d7773575bd	0	0
10783	5	8	2	0	0	1020210081044064022002848008a40	0d9ecefe36f31f9bb5975d7b73575bd	0	0
10784	5	7	4	0	0	1020210091004064022000c4800a240	0d9ecefe26f71f9bb5975f3b7355dbd	0	0
10785	5	7	4	0	1	1020210091004124012000c88008a40	0d9ecefe26f71edbb6975f3773575bd	0	0
10786	5	6	8	0	1	1020210091044024002402888008a40	0d9ecefe26f31fdbb7935d7773575bd	0	0
10787	5	6	2	0	1	1020210091044024012002888008a40	0d9ecefe26f31fdbb6975d7773575bd	0	0
10788	5	6	2	0	0	1020210091044024022002848008a40	0d9ecefe26f31fdbb5975d7b73575bd	0	0
10789	5	1	2	0	1	1020210091044064012002888008240	0d9ecefe26f31f9bb6975d777357dbd	0	0
10790	5	3	4	0	0	102021009104406402200084800a240	0d9ecefe26f31f9bb5975f7b7355dbd	0	0
10791	5	1	2	0	0	1020210091044064022002848008240	0d9ecefe26f31f9bb5975d7b7357dbd	0	0
10792	5	6	8	0	0	10202102105040201014480a0008884	0d9ecefca7a71fdfa7a317f5f357779	0	0
10793	5	6	7	0	0	1020211010144024002402888008a40	0d9eceeea7e31fdbb7935d7773575bd	0	0
10794	5	6	4	0	0	10202110101440240024408880088c0	0d9eceeea7e31fdbb7931f77735773d	0	0
10795	5	5	4	0	0	10202110101540040024408880088c0	0d9eceeea7e21ffbb7931f77735773d	0	0
10796	5	6	2	0	1	102021102440004a0404022a000c0a0	0d9eceee93b75fb5b3b35dd5f353f5d	0	0
10797	5	4	3	0	0	10202118008201441400060c000a220	0d9ecee6b7755ebba3b759f3f355ddd	0	0
10798	5	8	4	0	1	10202200850000e4022000c48008940	0d9ecdfe32f75f1bb5975f3b73576bd	0	0
10799	5	6	4	0	1	10202200950000a4022000c48008940	0d9ecdfe22f75f5bb5975f3b73576bd	0	0
10800	5	3	4	0	1	10202200950000e402200044800a140	0d9ecdfe22f75f1bb5975fbb7355ebd	0	0
10801	5	1	4	0	1	10202200950000e4022000c48008140	0d9ecdfe22f75f1bb5975f3b7357ebd	0	0
10802	5	7	8	0	1	102024021004443000050a0a0011084	0d9ecbfca7f31bcfb7b255f5f34ef79	0	0
10803	5	7	8	0	1	102024021200051014040a0a00018a0	0d9ecbfca5f75aefa3b355f5f35e75d	0	0
10804	5	5	8	0	1	102024021600050014040a0a00018a0	0d9ecbfca1f75affa3b355f5f35e75d	0	0
10805	5	4	1	0	1	10202418008201441400060c000a220	0d9ecbe6b7755ebba3b759f3f355ddd	0	0
10806	5	6	9	0	1	10202800a1210004110104848002a40	0d9ec7fe16d65ffba6b65b7b735d5bd	0	0
10807	5	6	6	0	0	10202800a2200044150010809100a20	0d9ec7fe15d75fbba2b74f7f625f5dd	0	0
10808	5	3	7	0	1	102028101404025204040044800a0a0	0d9ec7eea3f35dadb3b35fbb7355f5d	0	0
10809	5	7	7	0	1	10202810200500540021048c000a048	0d9ec7ee97f25fabb7965b73f355fb5	0	0
10810	5	6	7	0	0	10202810201400700021048c000a0c0	0d9ec7ee97e35f8fb7965b73f355f3d	0	0
10811	5	6	7	0	1	1020281084040064002100c4800a240	0d9ec7ee33f35f9bb7965f3b7355dbd	0	0
10812	5	6	7	0	1	10202814040400601021048c000a088	0d9ec7eab3f35f9fa7965b73f355f75	0	0
10813	5	5	1	0	0	10202818001500440021048c000a240	0d9ec7e6b7e25fbbb7965b73f355dbd	0	0
10814	5	6	4	0	1	1020600035004020202100cc0018048	0d9e8ffe82f71fdf97965f33f347fb5	0	0
10815	5	7	4	0	0	1020600091004800302100d40108240	0d9e8ffe26f717ff87965f2bf257dbd	0	0
10816	5	7	4	0	1	1020600091004820120100c4800a240	0d9e8ffe26f717dfa5b65f3b7355dbd	0	0
10817	5	5	2	0	1	102060009140018015000a0c0008a20	0d9e8ffe26b75e7fa2b755f3f3575dd	0	0
10818	5	6	4	0	1	1020600095004020102100c4800a240	0d9e8ffe22f71fdfa7965f3b7355dbd	0	0
10819	5	6	4	0	1	1020600095004020122000c48002850	0d9e8ffe22f71fdfa5975f3b735d7ad	0	0
10820	5	6	2	0	1	1020600095004020122000c48008850	0d9e8ffe22f71fdfa5975f3b73577ad	0	0
10821	5	6	0	0	1	1020600095004020122000c4800a050	0d9e8ffe22f71fdfa5975f3b7355fad	0	0
10822	5	7	6	0	1	10206000a4004830000500a48009090	0d9e8ffe13f717cfb7b25f5b7356f6d	0	0
10823	5	3	4	0	1	1020600414104828000300888003090	0d9e8ffaa3e717d7b7b45f77735cf6d	0	0
10824	5	6	6	0	0	10208102105040201014480a0008884	0d9e6efca7a71fdfa7a317f5f357779	0	0
10825	5	1	4	0	0	10208800a2041050240110828100060	0d9e67fe15f34faf93b64f7d725ff9d	0	0
10826	5	6	1	0	1	1020a002105040201014480a0008884	0d9e4ffca7a71fdfa7a317f5f357779	0	0
10827	5	5	8	0	0	10222000a024105000055004800a0a0	0d9ccffe17d34fafb7b20ffb7355f5d	0	0
10828	5	6	0	0	1	102220028104011011040a0c00088a0	0d9ccffc36f35eefa6b355f3f35775d	0	0
10829	5	9	3	0	0	1080020c0007008a001150044006220	0d3eedf2b7f05f75b7a60ffbb359ddd	0	0
10830	5	5	6	0	0	108005101600050014040a0a00048a0	0d3eeaeea1f75affa3b355f5f35b75d	0	0
10831	5	6	6	0	0	10800512001440300005028a00088c0	0d3eeaecb7e31fcfb7b25d75f35773d	0	0
10832	5	6	4	0	0	10800512001440300005088a00088c0	0d3eeaecb7e31fcfb7b25775f35773d	0	0
10833	5	6	2	0	0	108005120014403000050a0a00088c0	0d3eeaecb7e31fcfb7b255f5f35773d	0	0
10834	5	5	4	0	0	10800512001540100005088a00088c0	0d3eeaecb7e21fefb7b25775f35773d	0	0
10835	5	3	6	0	0	10800518008201441600020c000a028	0d3eeae6b7755ebba1b75df3f355fd5	0	0
10836	5	3	7	0	1	1080060c0007008a001140044006220	0d3ee9f2b7f05f75b7a61ffbb359ddd	0	0
10837	5	3	4	0	0	10800618001500940005080c0008860	0d3ee9e6b7e25f6bb7b257f3f35779d	0	0
10838	5	5	6	0	0	1080091020314010000500a880440c0	0d3ee6ee97c61fefb7b25f57731bf3d	0	0
10839	5	4	3	0	0	10800912000644300004088a0040848	0d3ee6ecb7f11bcfb7b35775f31f7b5	0	0
10840	5	5	3	0	1	108009120007401000050a0a0042048	0d3ee6ecb7f01fefb7b255f5f31dfb5	0	0
10841	5	5	1	0	0	108009120013401000050a0a0042048	0d3ee6ecb7e41fefb7b255f5f31dfb5	0	0
10842	5	6	3	0	1	10800a10128000508402104a0006060	0d3ee5eea5775faf33b54fb5f359f9d	0	0
10843	5	8	6	0	0	10800c02020244101005180a020100c	0d3ee3fcb5f51befa7b247f5f15eff1	0	0
10844	5	9	10	0	1	1080200090c04040330012022009204	0d3ecffe27371fbf84b74dfdd356df9	0	0
10845	5	5	3	0	1	1080209020314010000500c880480c0	0d3ecf6e97c61fefb7b25f377317f3d	0	0
10846	5	3	4	0	0	1080220600074004120110003108108	0d3ecdf8b7f01ffba5b64fffc257ef5	0	0
10847	5	3	4	0	0	108022140007008c020110006102028	0d3ecdeab7f05f73b5b64fff925dfd5	0	0
10848	5	5	6	0	0	10802410101304001280024a0012104	0d3ecbeea7e45bffa5375db5f34def9	0	0
10849	5	5	6	0	1	10802430001500840005022a0018104	0d3ecbceb7e25f7bb7b25dd5f347ef9	0	0
10850	5	4	3	0	0	10802810208201501400140c000a088	0d3ec7ee97755eafa3b74bf3f355f75	0	0
10851	5	4	3	0	1	10802810208201540400044c000a088	0d3ec7ee97755eabb3b75bb3f355f75	0	0
10852	5	4	3	0	1	10802830008201441400044c000a088	0d3ec7ceb7755ebba3b75bb3f355f75	0	0
10853	5	5	3	0	1	10804802160044001401088a0003048	0d3ea7fca1f71bffa3b65775f35cfb5	0	0
10854	5	7	0	0	1	10806000901140003220028a0009140	0d3e8ffe27e61fff85975d75f356ebd	0	0
10855	5	3	4	0	1	1080600090910040330000828009300	0d3e8ffe27665fbf84b75f7d7356cfd	0	0
10856	5	7	4	0	0	1080600091014000302100cc0108048	0d3e8ffe26f61fff87965f33f257fb5	0	0
10857	5	6	4	0	0	1080600095004000302100d40108048	0d3e8ffe22f71fff87965f2bf257fb5	0	0
10858	5	8	0	0	1	108082020015401022010a024041048	0d3e6dfcb7e21fef95b655fdb31efb5	0	0
10859	5	3	4	0	1	1080a000a084025804011008100a0a0	0d3e4ffe17735da7b3b64ff7e355f5d	0	0
10860	5	4	6	0	1	1080c000a082024814005008100a030	0d3e2ffe17755db7a3b70ff7e355fcd	0	0
10861	5	4	2	0	1	1080c0408082120810011048400a220	0d3e2fbe37754df7a7b64fb7b355ddd	0	0
10862	5	6	2	0	1	1080c04080824000303000682140050	0d3e2fbe37751fff87875f97d21ffad	0	0
10863	5	3	8	0	0	108208082404014302010086000c048	0d3ce7f693f35ebcb5b65f79f353fb5	0	0
10864	5	5	3	0	0	1082200090c00140130012060009204	0d3ccffe27375ebfa4b74df9f356df9	0	0
10865	5	8	4	0	1	1082400080c00142130000a60009208	0d3caffe37375ebda4b75f59f356df5	0	0
10866	5	6	7	0	0	110003101014006401200288800c240	0cbeeceea7e35f9bb6975d777353dbd	0	0
10867	5	7	3	0	0	11000310104040442420024a0108048	0cbeeceea7b71fbb93975db5f257fb5	0	0
10868	5	2	6	0	1	1100048284044828000502820101090	0cbeeb7c33f317d7b7b25d7df25ef6d	0	0
10869	5	9	4	0	0	110008028204503000031082810080c	0cbee7fc35f30fcfb7b44f7d725f7f1	0	0
10870	5	9	8	0	0	1100080484044820200510228101018	0cbee7fa33f317df97b24fdd725efe5	0	0
10871	5	3	6	0	0	1100090095000a0c00050054000a220	0cbee6fe22f755f3b7b25fabf355ddd	0	0
10872	5	6	8	0	1	11000902122000b0008141028006044	0cbee6fca5d75f4fb7361efd7359fb9	0	0
10873	5	7	4	0	0	11000918001000d4050000a88006060	0cbee6e6b7e75f2bb2b75f577359f9d	0	0
10874	5	7	10	0	1	11000a04200404580101410280060a0	0cbee5fa97f35ba7b6b61efd7359f5d	0	0
10875	5	4	7	0	0	11000a04240404680001410480060a0	0cbee5fa93f35b97b7b61efb7359f5d	0	0
10876	5	7	3	0	1	11000a30000400f000210486000c0c0	0cbee5ceb7f35f0fb7965b79f353f3d	0	0
10877	5	4	6	0	1	11000a40220404580001410280060a0	0cbee5be95f35ba7b7b61efd7359f5d	0	0
10878	5	5	7	0	0	11000c0284044820000500a60101050	0cbee3fc33f317dfb7b25f59f25efad	0	0
10879	5	6	4	0	1	1100221010140064012000c8800c280	0cbecdeea7e35f9bb6975f377353d7d	0	0
10880	5	8	4	0	1	1100240084044828000500a28101090	0cbecbfe33f317d7b7b25f5d725ef6d	0	0
10881	5	1	8	0	0	11004100a0820524011000a88010208	0cbeaefe17755adbb6a75f57734fdf5	0	0
10882	5	5	4	0	0	1100412080820900250004260009208	0cbeaede377556ff92b75bd9f356df5	0	0
10883	5	7	6	0	0	110048201020029101010446020200c	0cbea7dea7d75d6eb6b65bb9f15dff1	0	0
10884	5	6	2	0	1	1100808283000090800350104006060	0cbe6f7c34f75f6f37b40fefb359f9d	0	0
10885	5	5	4	0	0	1100810280065020000550088042018	0cbe6efc37f10fdfb7b20ff7731dfe5	0	0
10886	5	6	8	0	0	110082028082009100035010404800c	0cbe6dfc37755f6eb7b40fefb317ff1	0	0
10887	5	4	6	0	0	110082208104062800011040c010a04	0cbe6dde36f359d7b7b64fbf334f5f9	0	0
10888	5	5	4	0	0	11008402800710080005104841020a0	0cbe6bfc37f04ff7b7b24fb7b25df5d	0	0
10889	5	4	6	0	1	140005009500406020204042800a050	09beeafe22f71f9f97971fbd7355fad	0	0
10890	5	4	6	0	1	140005088500086022000061800a110	09beeaf632f7579f95b75f9e7355eed	0	0
10891	5	3	4	0	0	1400090825000a12000500340006060	09bee6f692f755edb7b25fcbf359f9d	0	0
10892	5	7	4	0	0	14000918001000d20401048a0006060	09bee6e6b7e75f2db3b65b75f359f9d	0	0
10893	5	4	4	0	0	14000918001500520001048a0006060	09bee6e6b7e25fadb7b65b75f359f9d	0	0
10894	5	6	4	0	0	14000c0282041030000310828100844	09bee3fc35f34fcfb7b44f7d725f7b9	0	0
10895	5	3	4	0	1	14000c0825000892000500340006060	09bee3f692f7576db7b25fcbf359f9d	0	0
10896	5	6	7	0	1	14002402840400a08005480410088a0	09becbfc33f35f5f37b217fbe35775d	0	0
10897	5	4	6	0	1	14004100942000c88200089010140a0	09beaefe23d75f3735b7576fe34bf5d	0	0
10898	5	7	3	0	0	1400410211000a1012010894000a050	09beaefca6f755efa5b6576bf355fad	0	0
10899	5	3	4	0	1	140044009102089012200814000a044	09beabfe26f5576fa59757ebf355fb9	0	0
10900	5	6	6	0	0	140044088402008092010c04100a420	09beabf633f55f7f25b653fbe355bdd	0	0
10901	5	4	2	0	0	14004800a0821210100150048208024	09bea7fe17754defa7b60ffb7157fd9	0	0
10902	5	4	4	0	1	14006000a4800190800104241210088	09be8ffe13775e6f37b65bdbe14ff75	0	0
10903	5	4	4	0	0	14006000a48001a0800104241110088	09be8ffe13775e5f37b65bdbe24ff75	0	0
10904	5	6	6	0	0	14020802810402101005180c0008824	09bce7fc36f35defa7b247f3f3577d9	0	0
10905	5	4	6	0	1	18000a18004200e402000444200a048	05bee5e6b7b55f1bb5b75bbbd355fb5	0	0
10906	5	4	8	0	1	18004800a6000442240000a28005060	05bea7fe11f75bbd93b75f5d735af9d	0	0
10907	5	4	6	0	1	18004800a6000442240000a28005120	05bea7fe11f75bbd93b75f5d735aedd	0	0
