class_id,class_hash,canonical,frequency,historical_frequency,new_range_frequency,first_seed,class_was_in_original_226,reference_class,representative,representative_sha256,sorted_colour_class_sizes,pure_d4_stabilizer_size,geometric_stabilizer_up_to_colour_size,d4_times_s5_orbit_size
1,5be62a21994bb9da7bd0c9ccc0d0b89d47872194673fa101a7f53a1e6cb1a3b1,112324543242311534335454122451232453334145125541232351224545311553121432123513245,14,1,13,2,1,0,553432124323455142441212533215343214442521531125343415332121455114535243534154321,a375b3dec946d63aeefcd989624b8b20bc00870a3aaa79a0497dfc1f9d7a2342,15-16-16-17-17,1,1,960
2,be2ab41356ed04844ca77d2e0ac745fd2ec2c55bb144a0a3bee1c5958ad5ecec,121345423435423152255214143314512254342231515514532321232145435543153214451421332,12,5,7,29,1,0,512144253154353142342525113533121254215443325341232541425412335434231512251315424,e7ea3bbde6bf98060e5af78ffa8ce866af1d39d1d4792e0f2078f6fa3cd4f8bb,16-16-16-16-17,1,1,960
3,d34c3e851d7ae600d45f9d9758b74dabd6eef3b6e89a99194aa9c1678e761956,112323455432525341353414122441252335553414122311252544224543513234145253525131234,33,6,27,212,1,0,122134354245132314334452521542313142211454533554313142411525233323541425433241215,54cdefb384973405719cd7db9fe632c8ddf2bc3d71f42595d6be399bf21a6ac6,14-16-16-17-18,1,1,960
4,b56bd6e4e1da20fc30aeb2ab234da2c059afd060017853a1600fbe13233c49f6,112234355535341221234525141141545332524433512351122443423251514345152423452313154,14,1,13,236,1,0,313154254532523114251434352142435512455213231124215543435351421524341325313122445,e62bf87b690d2cde4201d11a79553924bf28271fe32491c57064635711d41f4d,16-16-16-16-17,1,1,960
5,5d2fca0c3fe81cfa1cf253224881395164b7f710ec922dda9c3408c2356eea98,121345253243352141345253141412143525535421213312134524424531315154522334533214452,2,1,1,355,1,0,513123442324545113122353445154142253452251331533414522211535324235424115341231254,fd2070d09e49a609e0a85af020b071380498669fd979a79bec872fef6677a11f,16-16-16-16-17,1,1,960
6,8f6d8d351392d18cdff82bdf6de202a55a9c71173edd08cdbffdbde91a2ae1c3,121234535235145412544132321513342415422551334311454223452323154245213153133415542,15,3,12,380,1,0,412453531321231445453531224541125334353544122122345315245312143135212453214453512,7154cb7c791e636ed1fa8f8ce749169047cf605a1169c924e057eb548ac5d307,16-16-16-16-17,1,1,960
7,fcad0587fea6103c6a41390b0759910075f2b9bc414e1a3a11120885381bfd87,112343245454523131323151542532121534451342352544232311231215454245514123315434215,9,3,6,423,1,0,311545342243453152552421341451132253322341514445112233124335521215253434534214125,89f77db65146a2a4d622ffbe3543cd328f34cce529eb67f01c337fd697a2e7af,16-16-16-16-17,1,1,960
8,c887e35da556c2dae6f9164cb9d5814d75fadd2a1d54d85d715328017258c833,121324534452521143134345252251533441344235521235141435345252314413152325513414252,17,2,15,509,1,0,354315212532214143141435352233554241214451335453232451325141435415142523141323524,080a3e6a2feed0eb8ad5998422c5fff83cc839bc292565cff8b29cad7cc352fe,15-16-16-17-17,1,1,960
9,78d63f194e6047116afe1a26c6c6df0f6e22c2812927432fcabced41cf456470,112334245525431312332125514445521231213344525541243351323552144131252453254113423,68,8,60,520,1,0,514133422423231545125542433234245511545113324253314215112455343351454232341322154,3ea4f9c4da111d847dc68161d4e290b39b97fdc735eda1d034229e034de4af4e,15-16-16-17-17,1,1,960
10,8d110a0cc52a10805f68643f2aface2d05ce01ae873edc0103c513dfdd236895,112343525352514134435415122115252334233141452544252311223131455344525213551423243,62,6,56,533,1,0,542513143534542123113342425432151532255323411423151534355424211141435352321215344,05cca38f4e6974bd83a0a8e06123a5320c01d4d1557a113c5cec49132d885643,15-16-16-17-17,1,1,960
11,d55f35dd2e55ad4f7229985d4f03d4f37ca534d4f08a1b01abb9d73d4cbb5ec8,121234553455332142234241531251154423543321215343115425322545311412553234534423152,2,1,1,554,1,0,121243554355442132243231541251153324534421215434115325422535411312554243543324152,cfdac6ca012c8a5b7a23cbb6aa66b2199c669570cdde9a4e44f1d8ba45462f42,15-15-17-17-17,1,1,960
12,e4cd9f2a403a723f2747879f2ba9db24d2cf41a5aedfd97960af5cd1d5e5c4c6,112324435445132213122435431431351542354421521551213324213243145244512353323145154,4,1,3,643,1,0,135142435551221343434355121523344521141425332452213143313414252214553214322531414,be052f80cd4d3080951fcf6c296fa31bafc7d59038cb9a2a54747b07f9cb2a73,14-16-17-17-17,1,1,960
13,3f8b89c09c4c8d0624e69ccf622d71737d7b0c565f7ca73be0fcd7c971cc542f,112234535233541215424535321551124243354341152231215534415453321523412453342153142,2,1,1,682,1,0,541254133235432514124315453454312312313125424122541335543121245251433541432543251,07f9ff52e07e23931a98292577a825e910e8db5d7a04d84bff9e501042b143c9,15-16-16-17-17,1,1,960
14,15b3263010092bd7a6339bdb2bb2874c96479a08031eb0eff2707e25eb0fb823,112323455442525331553414122431252345253414123311252544224543513334145252525131234,24,10,14,705,1,0,431452512451212345253534411542121543113434225542121433115353224324543151324215154,6f6d8cfe58292f13ff708476e08907661650b048162311a95cb75106d315cf7c,14-16-16-17-18,1,1,960
15,cc58f74b7148aad48a3f51613763643d3b4d41ddd9a5f1406b5cb33ec67f8789,112342535525311423331544522445523131132234154341125254254453311523151443413435212,2,1,1,735,1,0,115425343353411254441322355223354141145542132421153532532234411354131224214243515,53a20482caf67729baa2890ef4a1411053b9668cef02eb0fda2277eb566f7b03,15-16-16-17-17,1,1,960
16,7c5ab1fc85997ccfd898d973ee3d839f9f4592865f42a09e179264b40df5e2da,123145324243521431414132352352234541334452215521213443435453112512341524241325153,35,5,30,745,1,0,153521342425341235233154514144132325532254411345412251251213434314325142421543123,6413ceba43d6cdf58e52828f3426c7fb3a55f193d15ed27decaeb799b954d702,14-16-17-17-17,1,1,960
17,968edbbcf4fb63e7231940ffa914c2a98bd03fd7c8e34c9e77374b43169c201e,112324554455432121324151325522131435531425241243553412441215233253513142314242513,27,3,24,806,1,0,522543411141435225243121543235131442154245132415322354334214155451312324312454513,0391bcd2a2e2632ca6209e77a3534b06cf04a6086ccda3c789f0dd647a0ddd9a,15-15-16-17-18,1,1,960
18,5382d20c5703521f284f984f1df46ea0e2b2567d844efb017d3398565fdb68ee,112345432235541423545232113231414552343252114521414325153523244454121335324153541,5,1,4,821,1,0,154345122514243351522151343133424251422131545315424213441513532355212434243532415,2633a6c0f8bedc443f770535e89ce574978c4d866025174f151f05ae1d48f214,16-16-16-16-17,1,1,960
19,270f65334708ea031129872face548d075784fbe0dfd44d679c90c845618a9f6,112334255342553241243421155155143423425235134233145514514312523321254341534412312,4,2,2,829,1,0,414325315135134225252144133231535241545212341323441512114452533523513424351221454,99955fb6734078d1b931248cd7cb897a036594a390f92c3c0d941aaedfc610d5,16-16-16-16-17,1,1,960
20,d2a791e5b73a0139a4d16414e69bb7851498f459caf72b2c9b9bf863edcda5f8,121234554445123312434121235312554341353451212512312443243415125254532134121345453,7,3,4,840,1,0,145451323513214542423435152155231234232345141351544231412323515231123455544512323,03e86bba75fc14ab0b99586f2fe16b1c59eda6c8c8d01b217680200164390e66,15-16-16-17-17,1,1,960
21,219eb5d717a89b9aa8bdc0dfbb3884aca56f677e683f615abb835115c546828a,112345453435521432423425151542131523353154122151232344234354215241513345524213514,3,1,2,861,1,0,133521445124355234452421313253114254344252511515134322331512425525443131241243553,e88dbffc1b8649026367307a06c0b603d11784dba18c5e8a6cae3a887c219ef7,16-16-16-16-17,1,1,960
22,c51604ef5db0eaa35dfd552bfd7b2b50d1b6006a171968a785660cf5801fdd56,121334425241523513553142412342234551415152234524241331153415242432351154215425343,8,2,6,938,1,0,542132534432354215551423142125454313143123524314345252323241451455211323214535431,1c53d30e7d10816a0ba913a25436120caa8101ed16d428f7f8c1912a88a6648d,15-16-16-17-17,1,1,960
23,1749b9523403158130e619936bdcbde0ee14502e644b51f6012e3998eab21055,121345524345232141525414323353112254412423315243355241451521433214143535532531412,5,2,3,940,1,0,341245125211524353545313124212413534153432215424152531352131442124524353435351412,22e13a326ce664075519ac57e6c342f8d5189eadadfc39edcdde2de07cba53f8,16-16-16-16-17,1,1,960
24,f417f9ebd990cb9030e62444d9e972220d1e480586c75504da47de7b7119bb52,112234435324511423454351132341522543151232354233145542215424351535143224423355211,3,1,2,1004,1,0,521134543143425213422433551435312421251541234245211335114242355312525414353154142,749cf68cc266ba3916e661be6c6ec6fdbe5db5c6fe30d31e2b369ade810fd181,15-16-16-17-17,1,1,960
25,550c4e6e91106f8bc6c0edeb823645e800eefd5de23ddd93903e39ed596a7836,112324453542523113354415122543232541225151334113242554225451341431543212431315225,73,6,67,1017,1,0,553132421443135251112424533425313524152524133241313245334242115315245312231551344,4d27ef6fa561a0c01ccfc200aec143352fccdb5fca2d89c8196b128458891176,15-15-16-17-18,1,1,960
26,cb4d95736398b1ee432b892d8dc32e22f61b9c1d8cdb9e9edf8653842c596308,112342543354122415132435421521531324433221551541513232413254135355314242244153153,6,2,4,1033,1,0,441321523352411245431235214514534312233114554524543131243152435355342121122453453,088007c4f9b06aaeca1243a0f1f934714702c183f355e36fe9eeae6ad88c0b50,15-16-16-17-17,1,1,960
27,e11e281d33e624285f775b9f746296fd72d77f8e915f90c998013b159237f8fa,121234345242551313331125254455343121134525234242313451514212533313152445523434512,22,2,20,1055,1,0,314231545124542331313521244153454132451213354235454112441312525235145423542323451,2c22b710a285f539ef93a0fa2fc9b1a421d8c42b06c213800b19c076eb389f55,15-16-16-16-18,1,1,960
28,7931fe54ff35824b25c84ed1a0c1f1b6778907e2ce3c34cceb20c3dd30d49826,112345234255343421344125153512523144324134552451232413435251321243412515521514342,11,3,8,1079,1,0,134215245541435312232534451514152323443221155351143422423451531152314534315523214,f75b81b756f47d2ee0f67469567bf69d13494bca5f71eb43290d0572b5e2df26,15-16-16-17-17,1,1,960
29,777ab0a4e1c5260cc930ccda6bec961b733e4a0b17c49a1a9a179c5592957fb9,112345254453421215245131342153242431224535314341212553524313421312153542535424123,11,4,7,1103,1,0,431345122321214534145252341254141532425353411533121245214525413143532125512414353,145eb1ff011e6ad7cfbcede5ac8029227299adb4b05d2df4093da0013c44b7a0,15-16-16-16-18,1,1,960
30,79fc66c1f54d76a3700209255556c45906b92a3692cddf7c03d3a1097ba6dac2,112334545344521532325241145431423251415253213521152334232345154544132321253514413,2,1,1,1119,1,0,242135513535213241221443135511334245345422531324541312452121453154314352133552424,a40389a2931abcf90392bafeab2f294f05afd3df6f8912bb45a2b048b894eb36,16-16-16-16-17,1,1,960
31,325159a06cf4fc3f1ad36c2b509f8973518aa4e16cc70a8df05ec6df0ae932b1,121344532415253321253121453343525214524141353212535414451412235534212145132354542,62,5,57,1155,1,0,325254341521313245543312152212545313454121235213535424452131453134453512345224131,a9993dc26f10013a528c308db66ff1e89a2f3e875542922f15ac35afbf697bcc,15-16-16-17-17,1,1,960
32,31506f74cf432cb8363c63f9c5e483bb01160570848c6d524cd855c1bac004b7,112323455432525341353414122441252335553414122311252544224541513234145253525131234,16,3,13,1215,1,0,352321441312421534145453322431212535225353114431212355224545113543135242514134223,9ea460e31c9371d28317beb2a7c1ab8d5adb29e2370ef2b286f014cac0b7f38b,15-15-16-17-18,1,1,960
33,c7bb9a0bfad7f52331c0e9804a3f5d35d3d79c20622700697e65351a1e819f5b,122314453431352215534543121512134543345521142311235452245421331153413524423245315,17,3,14,1245,1,1,234215451152431423344351215521245334513352214412143532353412142235524341421134553,7c0e9edee6e45966df6b5716fcd9253c6ae2312d67ecd08e6fe0b352980dbbb1,15-16-16-17-17,1,1,960
34,d5d60073eac0c1c908ecfdcd8175fa745d29b0e9ced8cb6884c1dbc6ec1a034b,112324453542523143354415122543232511225151334113242554225451341431543212431315225,65,8,57,1263,1,0,552124431342321541134453522341212355223535114551242334223435145415341252415153223,e942a12cc4ee4e8a24ea3f41da1a456fd1b8f638462b38cc7340d1a1955fa589,15-15-16-17-18,1,1,960
35,bef1349ff866b3236d56c771b8e2a97e87bedbf5df7c30fa768e14ad66e49876,112343452324151524545232311234141532443235215251514343531423254352524131423415125,2,1,1,1270,1,0,335414125451323251212545433541313245114542532523231414243154521425251343154132352,369a2a8a77b58e3d7fd1b7cb6d9777c9c5e83cb38dce05bd2be0235848dd2359,16-16-16-16-17,1,1,960
36,aaef847ebd8e07ac340f7d5a779c4d16f940dd695a3e84cc3a0962e9e4f948df,112343254542151423434125253253524141224453315153312442425412135315241534341235512,22,3,19,1326,1,0,425114533453212145115353224344253511521124453342531142151435422212545334533421251,846e9316868d5ecf7e8f1b75ed6db56e1cd7e2a6e37490f15e2cc540d9dd6a58,15-16-16-17-17,1,1,960
37,14b1ee364ec0ebddd5a8a288fc289f32b613f79c604af04a9c88d19b3b7e4115,112334255354521213525114342432321451114545332441212535535243124341452523223153144,13,1,12,1500,1,0,332554211514123235121334542452523413334141552443232151151245324543412125225315344,0bdfe6546156392587354dc0d52f22a8f22d66e346ad7d7e6170ed73ecb5865a,16-16-16-16-17,1,1,960
38,58dd726166960682ff2502ed7d87fb81f1c65816a202d1b8532a74f555a6986c,123134245353125412214541233545313421134242531422313554332452114511425323451531342,21,4,17,1562,1,0,451531342511425323332452114422313554134242531545313421214541233353125412123134245,c7ed29c899f0ceffaacfc22e57f2eae1313bbe3ff5487260c6f2d5832457824e,14-16-16-17-18,1,1,960
39,f7bee831f790a8890d726b981c4373dd0c751bccfb9d8a218314d221db4ae300,112345452235541423545232113231414552343252114521414335153523244454121335324153541,5,1,4,1715,1,0,321251345354542112211353544512424133445313221132424535443135251123135454255241413,033c5ddb2960f7b1b6c740f5068a701e23dc4158337ef0d5319924c8c0eb5cd5,15-16-16-17-17,1,1,960
40,f15b61a75d413bae0ec1aed6f0ba99f070ea962961dbeec3efa429a78d52a9dc,121343425542153213325451421443232551251414332433212154214535312534125143315324245,2,1,1,1772,1,0,413135425512432154325454123142323551355121243244353511231241435523542314431515232,7d9649a210b511193d784c6aaeb57076907af272cf892be60352a52812af3214,15-16-16-17-17,1,1,960
41,ba010ca07c4bf268b2646521446dbeef275e00f1930d4e4b36b2c31383cb8950,112343452324151524545232311235141532413235215251514343531423254352524141423415125,3,1,2,1778,1,0,325314251135452123214134355453512421214245335453531212321145534532451413541323142,1b3e418aa44191fbd6df5203db76d93d6f140d64ff4805e0acd3aab1c17fb22b,15-15-17-17-17,1,1,960
42,906c678325f078732bd176f7e58c0fbc639eaa7a14dca21e226fa0126003a614,121233445414251253435423115315514242322135414243452531552114323534342121141525334,2,1,1,1787,1,0,422355114152134543413532214254142133314254325231321545545213431533541421145413252,ab93b7f11bfb4a85b1a323a622d5c9d56fb1f14b323c61e2d3c087f1d8840157,15-16-16-17-17,1,1,960
43,3b18119695011adfd71793235305992d898aa26e819d594bebef7bfc658b3185,121345243455321234223431145554212334213545412344212155131553422342124553512453321,32,4,28,1816,1,0,135345412313125454442132351522454131341232545113454523251313244454523132234541215,6c727cf7c905730e32b8eb321ec5bb0edf03c7fdd117d801715190c64027b18c,15-16-16-16-18,1,1,960
44,8363da1eaea8c197883537bf9fe3a621ad0b803661a2a6284af0e82c84fd6b42,112345534225341415144513523553223414334514122421234351413155342541432251235452143,14,4,10,1826,1,0,251125433132325144541531223232544511443231255315254342425113532314452321523412154,b52f413edeb09857ad81bad7ffc2cac7df104db8b63ee05793845680c936026c,15-16-16-16-18,1,1,960
45,a8fc367d6803d5c4bc9c010a96ce4b8e795f2a460677ebe76dcfd5530a47425f,112323445143542123325145124522151334453324251211453532335214245234415352451232413,2,2,0,1828,1,0,235321544155413324421453153323254415544131223312524135253135442412515332531342251,1c2e91690a246fc5e20be780dc77a5a28a76775f39b5a14b6cc6f7f268bcac98,15-15-16-17-18,1,1,960
46,2c65e3ae9da62e5bdba5186f21cd0af91b04a2d76acb0eca714c6a181bbb6ec3,112334542354511324141325534235424115452433152431152253523251441344512325523245413,1,1,0,1830,1,0,554112324132355142525143312413242553234211534215534431341435225122354143341423251,1f8e90ba76e3859dc921d503a54ce6e1861698db48ae5f20e6e945df6a354fb6,15-16-16-17-17,1,1,960
47,16ace1578125e3ca0de4e7faa53f0ec4a2a1ab78d2a8cb9c61fed73050517172,112334255235141435144525213342123541324451312553232441431213524213552134421415352,4,1,3,1839,1,0,443552311351424251422131345523435124532214543115353224254345132345113452234241513,c723c4424807ba8d191cb8abc8c2fc383fdb3849289488aaaf23e4768899bdfa,15-16-16-17-17,1,1,960
48,7331eb098bbd1ff823a64f691b9db2dc7241d3475aa62f9d050a260a6fd839c9,121234345442551313331125254455343121134525234242313451514212533313152445523434512,23,2,21,1912,1,0,534121243124345312323251544255434312431152534215434135442523151511243425343512421,17bca61b5c9b7c60167dc9fc48b63d2396a449853a1ec05df73eaae0a1dd964a,15-16-16-16-18,1,1,960
49,0525e6ce0750c475f9ae4be5f689be0fce14b20d24aa413162d1476ddd2f3a1d,112324345252415334133545122545232113324141523311232454221354531535413242454523211,36,4,32,1918,1,0,334542521414231552355121344121454335542323145533454212443512153151235424212145433,5b0d85d3b1057857334bf674285cf58f7c4a0f0fe528e7817c4b977d7652fa4c,15-15-16-17-18,1,1,960
50,488203ceac6e904c9244af57f61a73f23fbf75d42733399a4a7bf477221b73e2,121345524215132435454351321335224141214453352133124455452413213321545134543212543,4,2,2,1942,1,0,125342543541232134234251513415354232353414125412525341134523251523115424252143315,2656ca100008d45e1c57dabba7defbecdae926958fe400075c7b6a7f62f8d1fc,15-16-16-17-17,1,1,960
51,4c851d10ffb272ae5ce50cdb74a9d9218947b8235316b25c6a9d27b5bc2e4547,121345425215353142434215523152544332343421215422134351533451214514132534255213443,28,3,25,1998,1,0,213253441125431524243151534551432321342315452454323215324515143131524253415142335,e2b1acbd9d6daf5620f542cd456ffdcf0c517f1e438e1bc480d507f17828d9ed,15-16-16-17-17,1,1,960
52,57e4a689a9157701df93239c070dabf76a85cbd07205915d686bbf01bb3540cd,123145352241552143543234121451232351324145532112323545435523214254351413312414235,20,2,18,2015,1,0,341352124453224351251415343523414123145352214334141252512241435425123531134535412,345c9f25a1323e0492e9f3fd3e5496b3a351ef337349f255e0426c51f36be1ca,15-16-16-17-17,1,1,960
53,e6017cb5fc7152fba63c632c23234c903921f2909ea9f57743ca613b331aa036,112345254525433121533141225235121435241335541353524412421512543454212153314254312,7,1,6,2067,1,0,253412453315252414341251524254421313541133542134525132122545331525334121412143255,9bfa6bd7ce8a952b91fe61384ade26c3577691606724e6e29e22bc5207909571,15-15-17-17-17,1,1,960
54,9a3abb170bdf8aee245bc167ac25f245a10d1ac3d032bf2ecaf766b5927fa53d,112342535253344152345151342242151534351432251524233411431415225523514123415225314,36,4,32,2197,1,0,124551334533542142253134254414235513355224411341315522425153423532341145141423235,a08177ef0f72416df65987c892c4607d0723a0292a11169b569eb306d6840e13,15-15-17-17-17,1,1,960
55,a3214df93988979c9086809edfe5591a6af9b84a012f5cdda26397232cf51440,112344532223534114345122341224453531331152445554413212132245453453531224411225353,12,2,10,2325,1,0,332411542224541331415322413221154543443352115551134232342215154154543221133225454,bee5745d226184f05f6b6619cee958ba9fffee4d4665fbc642fbfb70b99ccedf,15-15-17-17-17,1,1,960
56,89c0c5f14338c5dac874acc29ac52800baf7395f0efd5abd1c6d8ba8c116e661,112324554455432121324151325522131435531423241243553412441215253253514142314242513,38,3,35,2409,1,0,424235531315314225532121435215443321133524542252513314143432152351142253421255413,3f507b318fc13d9f707a9555aea780613dc26b3fc058a7e5958a8e05cd157522,14-16-16-17-18,1,1,960
57,1b8912face9abf7b1847b5e03d63ef692ad76db3c7c323614f14c73a9109750f,112343524341521453445321312321254453214435315533112244432255131554143232253434125,18,3,15,2733,1,0,145323214424235311525114423334455221152123354213314542452542133213541532341232455,51388fde3a4930b507f8296a320d6a2c6c67b9a87639b31cbc0dc36ec63d6f7a,15-15-16-17-18,1,1,960
58,669fd69258355df10f610f1874b2c3424549aca90995e8709de25d637c7ae8e3,123142354345432125415235413531415422254214153524323514131354245452541331312153542,13,2,11,2765,1,0,421354513353214241154123325523531144131422553215543432442332115215415234532141352,0d6679b40ae5217d890c2779dafac1202dfd3290c95980ba5be54b44f778889c,15-16-16-17-17,1,1,960
59,aa393dcc6b49126845257d507777d366ceb2c594858c23031400e53d75176cb0,112324545524313214435451123421215354353542121544231312133542452241435235212153543,1,1,0,2835,1,0,353541422524121543142235315531324245242453131421214553435453112314315254153132424,1659323f4efe00b04a173c7c56aee38be06d689204d9beb02e0bf223f1415589,16-16-16-16-17,1,1,960
60,9485078e4b66eb99b06b270fa9ae661c043d0c542f46c86c1a733e28ca765577,122344351253512434244135125415532132331125542512453413534341221453413215321251543,3,1,2,2879,1,0,155423342534121235524315421231314245412253413453532121241134553325241514143552132,184793ab2cd4f2a9b69fb84be3b8bbe728e54bcd522ad6bbd66e8c376cf2f6b6,15-16-16-17-17,1,1,960
61,e49829c8afb63cca4656a99faae72df2aefc2cf0fbba1ccaea2dcdda0e32c548,123234415414515232523451124411252533252343451535412213342125354254123341135344125,5,1,4,2906,1,0,214535432351523241413241553423151254532243114124154335545312142131325425342412513,649ee9df74bf95449c5f8ff108b4e0295b7f93d4e626a7594830e4a44f6a3d87,16-16-16-16-17,1,1,960
62,3e5853a3bc3e8ffff40105b97357e4800044c56ca66ef8337fce2e650e17c5dd,121345354452431231431525412234431552115224343324553121545312413313142524242153135,2,1,1,3023,1,0,324452531152134245543152312121235445354541231531341522242313154415524323233425154,c74a301794f531c76a96ad2db940bb433806353ed9d33fb032d149ba71f4d044,15-16-16-17-17,1,1,960
63,939db64a622ccff1b789420f81cbf25e3abcc529d2a2da9b032135d925cdb6ec,112323445534542123425153124322431551431525241255434312143214253254315432313242515,3,2,1,3025,1,0,242313545351245123523143514345151223413232451422451335134524231534312152211535344,c783327200486fb56180d9871a9d14454fa7b39063b7b396afa9db30cec0cb26,15-16-16-16-18,1,1,960
64,132487b01b7a727e974113527bd2f223a300e833644b95ec8cfcec27b5bd21c7,112324435134351242425452311253131454355442123241215353313545212424213535532123144,16,1,15,3032,1,0,553424231524113542431215234223534145411235354354541122342352415235141523145322413,80829d5d4c3cff3379218af794e67e603cd07368a43481fc52512dba867f07ad,15-16-16-17-17,1,1,960
65,08b9d47281e4df2e9f8892d83791f6561093f89d5db2f6f87c200d4935461028,112324534454313221235524143151443532322135144441132355535242411243551412514415323,23,3,20,3109,1,0,543251423325351442124143553535312241242533514331544215251424135413125354452435121,60344951d228cf008d1e0f5d1e359131b25a1c8d9f0080d4aca6000525bac0c5,15-15-16-17-18,1,1,960
66,d901daa424804e48175f99e07b1dddce3c71d6f92e60624a1d16073bc731d5d0,112324345245345311134515232531242431453532124321153452524253114245134253312421545,16,1,15,3119,1,0,414235215435521134123454321552124143134352251322115534551343412345512423241431352,3e2b17a391a369c7b0ea1402d6f38636a4aa3df410da7d9e8cbfc319e851715c,16-16-16-16-17,1,1,960
67,6998481b69cf1044d69a6d116a8e21269911dfe62deb54024b8bc501da1be910,112342535454125323332515414513424253253511442441253251245451332135232144321143525,24,3,21,3129,1,0,324152534314312245525443113431215253253531142511234354142525431453121425142453521,971bfda3c988a15a87c0a730f1d422b988133c2065be71e868b15fbf72d645ec,15-16-16-17-17,1,1,960
68,ade4fe7b8e1c143601637faa76148ef468c4ed6b2aa6f06eaf9d8af626060084,123134254511453232324245151515233442134345125452512413342324515451512334235121543,12,3,9,3161,1,0,324251415412145353153321254514143325353524214532314142141252533245532141421413532,ec010709c487383ba0913ff6ba4b8ac5d6337a9b53141b39f91cdb79cd52d9e6,16-16-16-16-17,1,1,960
69,66ba5a3646104087b271df3bff784fbc39e09f967809bdb5f555732bf70fae2c,112345432235541423445232113231414552343252114521414325153523244454121335324153541,20,3,17,3202,1,0,144152523413231545553234142231515434554323112421515233122343455345451221315142354,894c6632babc4b7c4dac783d8c939136b0edda9dbd619ecbad6469a1a9ac4a1b,15-16-16-16-18,1,1,960
70,d6f293bb0195a8ca39d604b8ae8f4ac2aadfef1738e073aa5d282300807c818c,112344235425334121522141343334121255131535442254425311541513422343212554213452513,17,4,13,3279,1,0,325451324155424313441325215223541154411535232554242133313212445242133541534113422,7d5907540124a2fb3fed6361670f74c3240504281a797c98d3f97b2d063e7d89,15-16-16-17-17,1,1,960
71,585bf5b61565df6baf7455bfe46a146ae25c95fa397405538826f08534ec7602,112234354542131345354425211421313525235454123121323544445252133313541452233145412,15,3,12,3289,1,0,341523512354212531225343411235151243112342455534151234112434355453225143543415122,00f7dd7841e8fffa9c762374e741df20fb8dc2936d499803b8c8126d168a8234,15-16-16-17-17,1,1,960
72,67d40efb67bc473b8c861ab82611492fe0b7458c176d0346218dc8a9c29517cd,112343425312145432443525211125414353243253511321414355531231244434151522254532143,23,2,21,3345,1,0,532425134342525131113454352455141223113252454425131325334542211221313445241234513,eeb2b4722d4d897fc28ed63bad6761742d3cb98e8e8a6f6afd11d3c8ab8d3713,15-16-16-17-17,1,1,960
73,2aa7151d9252049cee5bac726c49c6183171086f73cecbfae44e8d539f6edbfe,112334245534235121442151335353121254141553342233424511451512423225313454314245512,14,2,12,3357,1,0,154522433343124521122313455514343212452211353331545224245431315515232144431154532,894dcf5390e9af13ebdd3ce3f8183cde4c09400910a17c73eed331b5a1a2012b,16-16-16-16-17,1,1,960
74,70f513ec61ff3d97cbf801b9457e68df6b6f56e46d3561d53d181c5b51fc0758,112345425544532131325121344432131554455423321213453512351214243544512132231254415,6,3,3,3377,1,0,412335215435214132531512434214433515325251441154422353342121543523154324143345251,63a19cdb41137664cc0fcadafe261d403ebfa22a21e91e9fb94cabf2612a173d,15-16-16-17-17,1,1,960
75,a8af094dce21182c3e83fc79a65e325c9bf7f40e9157136d0d063ae659fff040,112343254542151423434125253233524141224453315153312442425412135315241534341235512,31,6,25,3539,1,0,243112355235514123113535442522435311341142235524351124131253244414323552355241431,08320d0241ca7d074f1ee3a81fca0b151e896899e696baccd322a5eede74d109,15-16-16-17-17,1,1,960
76,4911b9fe4951a2d30deb4922a423d8ac3f2a1527388b3c5e69bba05563b9e806,112334524234241513215352341353151442354422315521215433443535221142513235531423154,17,3,14,3568,1,0,134532451352541142422151533553324241245423315133214525425415312511233454341355224,c1f57479348f762cd09d7d404195605f9b2174652682da99f7bee8ea35ae1aef,15-16-16-16-18,1,1,960
77,cf612cda722457580ec4285e0c5a69126ba2e838ce5f52f45d4efcc71eabe1c5,112324545531542124324351521322151454154423213215134432433215251241415332453242315,10,3,7,3592,1,0,243415352312132445114545232422513345533142254454353121131254534251324413545431123,de9c6b769fccdd210e14557012c3141644fdb64daee7ae38b99320ee1dd0b699,15-15-16-17-18,1,1,960
78,251ec71efff5e563167116301ca7528cecc6015e80eabe7c92e4f39313e54f3c,112345354435521134124343521323154425544223513253134412511235243435412152251412345,6,1,5,3740,1,0,145153242532541132252343451441212353223315414115434325321454523454221135513135244,7122741e517420919928aeebdb6feae6978a427062b0002a98c66e109221ee29,16-16-16-16-17,1,1,960
79,75bec434c0296ce109b381ae52f9b8d51950148a397d2c1b213f9b1b7d7f065d,112345435534151242242453511553121244215443315321235154451512423124324553345534122,24,3,21,3768,1,0,541154233234534115412123435532351214321445521115232344343415122154212343223541451,0422e73e9a9e2fad6fe7ccb032aa1a8eb0cae415bd67c6ad2cc408692f4fcae3,14-16-16-17-18,1,1,960
80,886e67193eee4f77fe1593dbc91d09d69f106b9d7166ef472f25caaa41c5c588,121234453434125512353121244412543531534351212312412345245313125243455123121542354,18,2,16,3775,1,0,451531224213414552451252314244315153122534435534142132532321441345145223125423315,3770ddf42554ee0978fbcf1e0796015dfe70ecd8cddf7bee23c92d277ebc0205,15-16-16-17-17,1,1,960
81,e8b8268f92953a02a9eefd1f0f003ddb3cd460d0ac81459b2256698dffd8a12e,112234345345452121314252513551313424242515143253443215131545232523121454434121532,10,2,8,3783,1,0,124552334353212414134354125442123515551144223442323551215541243323415451515231342,bd109b8c4834188a38ea4cc901bd436150b5dd1212b98bc9a3cac93aaab18da5,15-16-16-17-17,1,1,960
82,dca016c401c5b23b903a19a5492f1b4d0ff06a43c055bcb222925ccafc9a97c1,121324534452521143134145252251533441344235521235141435315252314413452125523414352,7,2,5,3890,1,0,145332125412154352235121434132423551551441223423253511351312244524214335313545412,926fdc6fb6b506fbca3a4bc16efa8a7a6992de3272e5bb714e126e79c2250c32,15-16-16-17-17,1,1,960
83,3ad6938be0914a2b9db31747a18a429f873ebb3fec81c8f055b1379cfd679b70,112233455224531134354145212241245335553312241532454311121354524435412153415123543,29,4,25,3923,1,0,223441531315432421141252543253351142541143322432325415114524335425213154334115254,89bfbccdde35cc5c2ac4aca9bb98580313e5305138c9560658dbbb671b7cba4b,15-16-16-17-17,1,1,960
84,febe04f47b1434cea546d1a502a68cec5529b6e4826a793466754f61d66cac79,112345234525343421342125153415523132134134552251234413434251521253412315521512344,6,2,4,3947,1,0,325144153354521241112325534445331212552114433234452511513532424421215345243453125,67f1fc9375e07ee38e7542105f64f68f08fe4f5f10e84836d1d10141e1a023f3,15-16-16-17-17,1,1,960
85,f1c8fa825008d93a8c1412341bdf14055b4183ebbd7549f7a09a0b1ba305512d,112342545452413321241315342523534421144532152521154433314241255455123234233255114,4,1,3,3951,1,0,545342311132214354342512143134425235351325441224451135553143412423231554411553223,b35e5a354f9700a8d225034819fc425e000ec599748a839383ae92c8c58eb5e3,15-16-16-17-17,1,1,960
86,6f98ff21decf0ebf1fe62b8539c574effd032b932edc594de405a7b043111862,112323455432525341553414122441252335253414123311252544224531513334145252525131234,25,2,23,3958,1,0,521323414141453522234324511554141332213535241422141355113535244352414125445212133,dfb92d4b7e95f8f46135c95500bf720422bd037d38ff10ff4b1f8650dcc8ef68,15-15-16-17-18,1,1,960
87,453a81a62722d5d66e02dbfa1814db7790b9721a39baeb67b9cfe760ef863bfd,112342435235141324425152413353421251142535341331414255543523142414213523524354112,2,1,1,4026,1,0,154214335434532152142152345223434511345121243212453513451315432521343254335245421,5663e774d83fd51eb86c27f8fde2d10e1b2030a28086369a9913f4aabfd20247,15-16-16-17-17,1,1,960
88,3d578a550fc3b1055260c814b6b62d8303423e0358bf9bf29b1ad42f56341ddc,112323454442521331153414522431252345553434122331212545224543113314145253525131234,13,1,12,4139,1,0,414252153523234145113435225552121434445353211352141534245323411331412552221515343,04ffb4063571e6ccf22ce8d47e52bd1e1666daa2f1678f1e8b16e000406a29f8,15-16-16-17-17,1,1,960
89,7e331c8c2caefffab22c3add08736f7e583dc12641d84bfef1807b3ea7643044,112345352243231415342154231453231214415354322221413535324545121131523544534122143,17,1,16,4156,1,0,215344531553312441414125353122453135334125254352541412121253345443531512541234123,d7c09f5fea107865e4037034ad15a4155d2c860295f81934d470cd68fe524452,14-16-17-17-17,1,1,960
90,a9354b5936cad2b57938420ed120ec9e768cbf4a8f787db875dcbcf91be38aa3,121345534254541132344215125132314542515423213522534341433421215415132354243253451,8,3,5,4225,1,0,323541154214143352544231321352534142131425235122154543455423231431352514245215413,7989502d8f40019909b2f04f8b4a011b959565c0e40d798721e48196c62caef1,16-16-16-16-17,1,1,960
91,5cfad0c13e4e717dfb8d2fca6d84b89ecb54ba248279afc6082037bba17a3e0a,112344552455232141424151335553131244541453322233524411341415253225513134312245413,45,6,39,4262,1,0,332155442544212353525343114441313255453541122211425533153534241224431315132254531,9e362da8bbbdbadc9bafcdb9ff956da67451a918821b0dc43d074b52716245cf,15-16-16-17-17,1,1,960
92,6be6a04270dcf8893e78b2b4d4fc82108a895f8bb70426742b6e09aec09b581f,112332454534421215352524431421155323343451122451213354513242541235514243245145132,10,2,8,4282,1,0,425353211452132453131454522532431124511224343143245132313545214245112335324513451,cd5832813d700c09a66aa5793a785441f462dffb11be167025e9e53c7f2d3dac,15-16-16-17-17,1,1,960
93,5b1cb73d2fb41f64a10abae9b55262f3e7b824acddaa2c3a27e8ab873271315a,112323445254341135453152421342245513145512323323214514411433252534451132235125344,4,2,2,4379,1,0,213545324554233114134512532433212455215443132145321245542151343351424253322355411,3e9de8c7e042c0056d362c4f1320a4014a365d771e0685e9cf6f8b511b4256ba,15-16-16-17-17,1,1,960
94,ea0b9ef35f0d9ceb6b4c243df6b9157b3c39760f187fbc3d96e876b0aad9d79b,121343425335252414445351322352424151451513243213424153233515214124142335514231542,9,1,8,4426,1,0,141232345225454313335251244254343151351512432412343152422515413143134225513421534,9f5fb80cfcceb187cf2f591e4bf3bb7dc7305162e076d20f279410e4c035ceab,15-16-16-17-17,1,1,960
95,c6435bd5fa2943aca1e9fea9862058af0916d9187c2518caa1e7e9965228cead,112343452324151524545232311234141532413235215251514343531423254352524131423415125,4,1,3,4457,1,0,243251435523134512451521233132354145451413223132325454245413321324135152315242514,17ca3b1ddbf8423a428104742a2f9d5751272a11ed799e0b74e8e2073789aea9,15-16-16-17-17,1,1,960
96,4faa3f4ebeb34702aa54e9531f0c62cc1e2db4d37c0c5b7a9938442425c69fb3,112234553435151324312344512245251331544312215231525434523413425123535241451423153,2,1,1,4494,1,0,153242415131553224242451331213234545345412132515124343434325521421313254352145413,62fd9baa47e40b7aca6b64248d7fb985b0f3db848f86a3e79cfe2c834202ba14,15-16-16-17-17,1,1,960
97,16e97cd2f32c2e3ab5edf062f2db09e407091d98be88987cd2e719e306ea50ce,112334545234541152255141234341253251454225313523114324323455421515322413431412535,2,1,1,4735,1,0,323244155135523241241525331531431524454311232214255413512332414452114353343152542,897dca6d3d257f67c470ca42ae0b1d5e9bd732943e0174eedde9f3ed09c615a3,16-16-16-16-17,1,1,960
98,d54185b8dd63e3efe4cad3f9b13eb76753ea4f4567dd6379d05f3e651e916905,112323455432525341553414122441252335353414122311252544224541513234145253525131234,14,1,13,4781,1,0,322354514241352534554412123141535342233414155114535342433121255525143421455223431,977960273ab114510f4d0c4362c02d818d39c6454b7b006dc9b8659a3f2a180a,15-15-16-17-18,1,1,960
99,7636323aebfe439f332fc387276e57459ce9180a8cffd8bbd653dbe385c38a7b,121344532415253321253121453343525214524141353312535414451412235534212145132354542,9,2,7,4782,1,0,421332545542214153213545214354141232212535341353121452124453513135454321431312425,b177b92b69bf57582747c0d253ba51bf0598a6624570ef62f6b9b6f65f34eb75,16-16-16-16-17,1,1,960
100,1989d42584d74fb176aeb892dbdc4f47f13689b8104a9f5811252d0fed8e4d7c,121345254354541232224453135153212443215451323343212541411535322432124515542323114,4,2,2,4862,1,0,344251521421413535551232441213545432552131344243515213132324155115454223435122354,6810da7c7e45a5cdb509fa02efcbf62302b38fd102f7ac73d70dfde3d9e90cd5,15-16-16-16-18,1,1,960
101,1967f5a5892a9e9db1cdbe441b944cede4d11cd753998d7f936a711d339fd1e0,112342543355122414132435421521531324433221551541513232413254135355314242244153153,4,1,3,4881,1,0,345421213513354421242453115311322544525243341234545123153232454152134352431515232,0bdd6da42f4e776a35d5ca28f4a2bd47528410106bbdf19ff6a1e9802c19c972,15-16-16-17-17,1,1,960
102,12770d7bc3c6e0f1aa802121532bf5675fdff7528d92ae974714106fb87cce63,112344552435232141424151335553131244541453322233524411341415253225513134312245415,14,2,12,4918,1,0,142514352253514234243135145514435232532321445314452521125343421431253514455221313,0072c035a7769bc3322d52ba71aaf0ea34ffd189e1c716cf69008201f6e53637,15-16-16-17-17,1,1,960
103,98d720db6f8b9322366f40ccd6cd6a0da9a6934444fdeba97400a396c6e6be7e,112345253245453121135123454453421123231534542414252531541231345353514412524342315,3,1,2,4945,1,0,131242545412531325235253114314412523253134412425425331323115254552324141141543253,2b59df6c73245f98051a8a9e7cd944fbd87cc11fdefd0d0bfc6c912c2e3cbe7a,15-16-16-17-17,1,1,960
104,f99ac7e0ab30dcf4dab6d91d780957c1b606f60558b967f87d37e1905a4e8894,112323455442525331553414122431252341253414123311252544224543513334145252525131234,5,1,4,5117,1,0,542413132542325131113535442324141255115252443324141325435352211231414523251534314,d9560841dda72c69ea5837436a5fc0448c9a79a0eb6097b6f15e1d91a1464b32,15-16-16-16-18,1,1,960
105,374c78dcaab7f08b6391e598384c00ba36897cc7f8cd80971fb9faf3922c7f8d,121234345435152124314425213255334114214213535143325452521543423442152351353541242,9,1,8,5200,1,0,154542323523213145432125534533544112141432532215124453425451321314213255252351414,a08d9dc41cecc05e35648877180b3c97576f2dcb375e25139332f773413d8e0b,15-16-16-17-17,1,1,960
106,c622a2f580b25d951612c8e53fdc610f86c03d633f2f110b2e581896b5a59859,112323445534321215145453321223115543355232414244215531351134252523544123431552134,8,2,6,5249,1,0,535424231521431342413231525221544533443525213252343114142313455154152342335215421,8d55125287548ca4f98b8bf4b7ba7baf4025ae32706ce546f4b86d6bae8e0c51,15-16-16-17-17,1,1,960
107,954234d59cda36130d9eea9174c3c8d0a977c1c10ad344e37d6189f7eff0095d,121234345435251324314125532455334211322143515211325453542513143534451221153542432,6,2,4,5397,1,0,452143312523114523334245125514534312342352145221313454145421253231421534153532441,c6af8cffe1e7dcf4da3fb012a5f61432a59ddedf8f31e8e7bf67d5b91aedbb43,15-16-16-17-17,1,1,960
108,1b4bcff8a1df8028e8c27f1a236c4b83c11243e69b3b82443b8579c07bd594b2,112343524435252131524141523355131442141325345354234211241515233233514452512423315,7,1,6,5419,1,0,551323412234141535412525413344535221525314324342132155125454133133452241451213354,b7424990456f9b0e9d5a57d3222f2ec8337fcb7627b1ee47973c9641ea6e6b8e,15-16-16-17-17,1,1,960
109,5b10c802e145d6f8b7a6c21b4dabc19145884fb8f684e54db1cb1e60ac43cc97,112324554434515221251314345531442351523253144443152532255243413345131422124435215,17,1,16,5496,1,0,253115342241435153352244115414532325322511544515343421134421553135154232521253431,13a3786b8400ce3cab9c277c4173be93904bcd37d17825d57872d877db79288a,15-15-16-17-18,1,1,960
110,c05077b97194ae1eae8ec7cb13d44a6f569c46c758f9be19a19e0a1b7fb9610b,121345432243521435443521213251353214312214554435152321124235543354432121532114345,3,1,2,5511,1,0,435325421355142312422431553211234354533141224144253135553312142224413535312554241,999718cae8f52d7a8a642e4797241f6d0f464948c132a269669ece83ed712a07,15-16-16-17-17,1,1,960
111,9cbd6bb6e2bdc80a3d8478400dd94fb76ff4e60b8f5d6f7e37e2b39385d30861,121345345525143134353221451241453531345351212252114353132424515513532424434215123,9,1,8,5595,1,0,513424213232155144524413213415325432324311455145532321351241532443132125251243351,1aa5da2c192aeab07c61540183cc36b342d9ff4973309f03d0b77a6359ff5e98,15-15-17-17-17,1,1,960
112,5cf245ccc19bb728803d8ed2485dfdde0fc9ab42f8d5e2224783b25b31db78a6,112342543335121254354142512224451351552323441421415335533514122415235234241533125,9,1,8,5600,1,0,214255413434312521545313242321235454335542141242131553523541124153424235412124335,5690f7b6ac8037b6c852500bfc2f41dc73484ac3d85e8c7af8bc57cec1883e57,15-16-16-17-17,1,1,960
113,24b2698943c6a993e5d58972ea523d8235a63ee1b7242e8cf05d2bdd4ff5707f,122134435214514233245352114341213552435352121511223543354435212523141345152421354,38,5,33,5673,1,0,455312324541134252512424135423535141342425315115353244154242533334251412231543521,00276209d0c5209ebf979f957e6a0b18e00257747730dfb90a7197da7b7e6184,15-16-16-17-17,1,1,960
114,e51a0afcb925fcb61ec5a689be20a02f841ef4b28a7596dcb4d9bc51ed38c83e,123234415414515232523451124441252533252343451535412213342125354254523341135344125,3,1,2,5717,1,0,531341245454312312232541431413423512251135443315424123345134225524215134143252351,09d5997fdb739cb3a79fa98ca2a0378aaec1fa42f379300707905b9d16c7fb4e,14-16-17-17-17,1,1,960
115,37d4c235ba610ec3e41122fce181ff85982e22ff2ca39ce9f4e93a0dddf63fb4,112234535253451124134525231452324153323145512345112453541243321235352414521513342,1,1,0,5762,1,0,552231434243145521531424235142321543323514452314552143415213325234342151425453312,3e196efe4abce19efdeb28a02b40874ea0c721dc83913d0397673c111929fc03,14-16-17-17-17,1,1,960
116,d3978f59fb674e62114fff09fc3743ca022dbe02b589f04f218e8fd210c6e1a4,112323455345321542524541313234545131153232144421135352532454231313412524251254413,2,1,1,5841,1,0,153245243142341352413223514322151454554433121331152445514432532245315321231524135,f67271480a43f6ccf7a58eec1573bc80772509640d37344280736f8fe6023d50,16-16-16-16-17,1,1,960
117,1b051cc6646d6b0721b0fd60435b27d649d568fa9718107bc27fed5189952e63,112343245434525131323451542152123534451342352544232311231215454543514123215434215,8,1,7,5869,1,0,135132424154223531435413152523154423342435115521544233412255314353521241214341352,89ce417731b15b4f48550f3c272cf57f3e21d2b18a5df5333508222825863fb1,16-16-16-16-17,1,1,960
118,0595f788951a0dc8a0cdc7612805bbc14db975c6e20a154ba39cbda4a21a0957,112324545225541413334152521541231352154342321521213434313454152235415234452133145,9,1,8,6019,1,0,351441235542315342231535414545412123124254531234142153123231544415153322353524211,a44043343f307ec12c048fee8cf6bc99b98334a0beb5eae0ed38100f08b682a5,16-16-16-16-17,1,1,960
119,5857a54da32df6f4897b7255c7459e1e6c0e6d122021ec354202388d32fa1d0b,121345245423453211245132451213254534545131322314224513452313125332515144134522453,21,2,19,6060,1,0,215241335514342531133525144452131425433425251552434312144152523225313144321254413,b41ca22e241b3d6caa1ba7ef4c9ca9db27c469ed387d66310f3dd0f5d7f57bd3,16-16-16-16-17,1,1,960
120,d6fe7b7eeb58f4b605e5881bc51433e978a3b6aa02037f1d89c8f6f693eea5a3,112324545314521324425343125234241153135153442541452231253234411541412532352135214,4,1,3,6131,1,0,114543232513241543342535142453431125152125334231324451425453311231314254524152413,b48b94513930caae94ec46f5f133ecc7d1c95e7305fa83a1abe2fdfaaa5eafef,15-15-17-17-17,1,1,960
121,c288e00dbcf06a2f4fe34e4b3b5b9d7ba2c0f0306881f862cb19511d9d7c946b,121234354435512421214431352133212545254541132312125543521453234452325413343154215,2,1,1,6191,1,0,541512342125235134534241512134135425252541313415153234242353141313424255451312423,0adb4f4e4b909f9da456df9ed4c4da1a2498654522043861107cbb08037e927b,16-16-16-16-17,1,1,960
122,57d4edb6abf9502eda770f3491e7d52a5680d5946408fbcdfcf3ae4c57351166,112323455432525341353414122441252331553414122311252544224543513234145253525131234,6,1,5,6205,1,0,331414255241515423454232311223151443554232311433151522112524534142325154515343142,76dfcdaffa3af05c3c9757018c7fe3239a07734a8b8ac91afcf20893b673dc28,15-16-16-16-18,1,1,960
123,1b52144bfd7969a82181c32e778aff605c8eb41ccde696ae0690bf4f2f56af79,122345514535132421414521233253134245124453315233514142451412523515243431341325152,13,1,12,6223,1,0,315134524542423151431352512325251443154412235123245413443531252532345141251124335,9d934822fca0ab4a7f8ad98c0695cad43713a320934e38a7668af20b8f5df628,16-16-16-16-17,1,1,960
124,fbf15b69a52df53a02ec68deeb704ac003e6be17ad2296f984505017523a1fba,121342453534351242244235315355214124141425532453534121212413535315123254532152413,9,2,7,6306,1,0,531243254142523435454531232323154541254421313123132445435452112212345154541215323,f6e52be8a3df9a2bf9f61c16168c6d38facfa5df3e18356ca61f259c204de117,15-16-16-17-17,1,1,960
125,9f4e2393cddab5fc655292066ecfec0a94329ad7966395b1eb35428ad10eaaee,112343245435451232245354112351212354224535114431212455124535423512421343543124531,31,2,29,6402,1,0,522433114231454523423352511354141352112525443534141232213535441351214325445312135,56498207f0cd4967f8434a8bc28a1d52c71d30d0c69945012c5b7f6de92401a7,15-16-16-17-17,1,1,960
126,f2e6804d260307a65176bf9dc85bc5f25b95049dd550813f36180db4772aac1c,112323454524153132313445252445211235145235341323544521531312524254521413431452315,1,1,0,6414,1,0,431554221552213434314432251252145433425135142143422153515344312343211525124351345,cb825e3de23c5b0cb3c324a0223edaf8ca59ded65318ca372e00784acb35e168,16-16-16-16-17,1,1,960
127,b6bde0e43122160a2ec41beb4928a04e753f70a7fef19f222bd8c5f6a0053632,112344235524543121353151244443121523221454351334425512251312434535212143415235312,12,2,10,6426,1,0,551433142213234515424525133334515214115323425443312251125451343242151534352142451,bc01676fff26c620376f51620e55fa08c3213832a4d6495ec4a22f6f1fb9b5a1,15-16-16-17-17,1,1,960
128,2c0db8f640096a4f1896a8c6d566d6312ea314693b0276bcc12a4bdaf757aa3b,112324534525313214414523253253211445334452121151534342443231525541152433232445151,1,1,0,6459,1,0,545223131321135244224541353131342425442235151534511223212354534353414512115452342,5039cfa4cce30ac756b4b3465fb04ab7654c081222cd8deccf2ffbdf27a7e5aa,16-16-16-16-17,1,1,960
129,a3f1e322315ac45674598c1d1d76a049131447a80863f9813ae7a1e3e0d02385,112344235425334121522141343334121255131535442254425311541513432343212554213452513,13,1,12,6538,1,0,245312145535242113134145352213321544454151332553424211122434535321553424442533251,1af50dec594f866efa5d5916005f2dfb0f957462fdce2c85df9d7fe064e7c532,15-16-16-17-17,1,1,960
130,2ae4f8542110734e07603688ce00f748c90af0f83759837175dd9faeb7058fbd,121345345525143134453221451241453531345351212252114353132424515513532424434215123,5,2,3,6774,1,0,342515342121433455315542142543213521215244533453321214234154321552421413134152234,95e0028a670089b874f0afc80313dcf900f7543370fc6a581dc4f3f1c8489164,15-16-16-17-17,1,1,960
131,902bf21c4ac9b8b857c060794dfde5818beb159e5ac536d32427037018ad8b45,112332445454513312132321545421533451345425121215154233323245154541254332233141524,5,1,4,6794,1,0,343211545425245313521413523135352124353542412144135252212551434234134251452423131,bc7933f2e7165301e399dd400c41272132b5acd3110f0ffa0ce590969819de7b,16-16-16-16-17,1,1,960
132,e2c5cce6a4e0c61448f9147d3c73af71ce558a5ae0d880455e07dceca0888518,112323455432525341553414122441252335353414122311252544224543513234145253525131234,14,1,13,6800,1,0,422115453212345413455313122334252541155434322341252541224431315143521254511524234,860a9a7b55388eee43ec90723268390e7b7efc037e3f59804aa7ed486f5bbc64,14-16-16-17-18,1,1,960
133,b71efc9011c92730158c180c74f7d04d49b5583f020037bfe81a3900d4e8faee,121345345525143134353221451241453531345351212252114343132424515513532424434215123,7,1,6,6842,1,0,345121245252433411321145245143523152521544133413352524534214352115352423234215534,18c5a97ac39fa007ea13ed3d54dfaecbe1c97f0dc7a796f4bfd038bb669d711f,15-16-16-17-17,1,1,960
134,1ee093dae084aa0a19ce7d325bf601054bf5959a1be3df155041bed1e3963a24,112334254552421313254135321431321524134245531541513432215243145323412455343152142,3,2,1,6948,1,0,435243511433112452552424311124153524151524243243431155511332424345511232214245335,ea247db230c840e70b69db8de02f7629646bd0c4c81f08f6647bd1976c890484,15-16-16-17-17,1,1,960
135,546f6ce5091dbd892d0a8c02add07fc23e2c44ef5f186779c06867a1ab604b0f,112334545344521532325241145431423251415253213521152334132345154544132321253514413,1,1,0,6952,1,0,355224341321531524124343125541213534512144253233551412443115352252435413414352235,a25f373ec39ea09683fc0d6a7b4776a1d0f7d005ef0026b7282b6adddc493a42,15-16-16-17-17,1,1,960
136,205c0adec2244cd49fa771690f58ffc617895f36dd07f1231cc543c4b3eb2341,123241453352531414443523215531414522245323145552414132115252344414132523324145351,16,2,14,7082,1,0,234312154453542121114535322542121533312454315553121243325453411121243534431215452,c35ef97113dec7262e534347091d0ab61f1dccb427ca80103c23cf0c2b0fe6d0,15-16-16-16-18,1,1,960
137,b9b50596342c97b5fcd84dcdd1c94903940d8b65b4804423e487e712ce348879,122134543213553214454133252334224151451351422115242533245315341543522134321441325,1,1,0,7122,1,0,213453514541452231434213552352531441153125424124545323342231145511324235425314153,868a647303e194a3c0a3de1d5f969713e5051c075ee9f7471d35dc00de3e0111,15-16-16-17-17,1,1,960
138,abf815b75d8acb855a2eda437234ea7f591a640fa427b15dea353735887c9438,121345254354541232224453135153212443215451323343212541411534322432124515532325114,10,1,9,7128,1,0,412533124552424331513134522144252351223515144351242413225313445335451212144325235,b7ca236b9f224a340c83e3c6c19bc981a9e7951eea7ace950370e62db64093f4,15-16-16-16-18,1,1,960
139,1667e88ee4d9c2da60006479668f6d411f69b73e8a93e859eff8c259dd383856,121343542454223153323554142434211235242535311513434251132155434545422313315142425,7,1,6,7148,1,0,353122451414521523122353454554214133431255134531314242245435311313542542245431215,f84b001c74a6814edc4e50b5037d41be1238fbb51b295887dfa6fb849efc22d5,15-16-16-17-17,1,1,960
140,688e7ac8d9363e0c633d1057f745894762c4387cfd5d662edc2b7de5346b963b,123234415414515232523451124441252533252343451535412213342125354254123341135344125,3,1,2,7164,1,0,235431412541541323413432515522153143133214425154353241255314231314245352421525134,6b3b6a085627ae58eee74bc631b23bbc2d4673a20105012bc4b767c9380b088b,15-16-16-17-17,1,1,960
141,76a37098e11e7c18812ec21ac9465b09cbea73cd0d159adf27aa58f8a6e4bccf,121345234254543132533214521412135352545421213342134525454521313135352144213213445,10,1,9,7179,1,0,415241353513142425352435112521213534135354242252413541131352424443521213244135135,2cf3991632578a4370552da88352c6b44f2d68eeb224e0c366731f944391b18e,16-16-16-16-17,1,1,960
142,be51e0fa010244b356b9f1ee4f939afd5119c5652231b359cbb5a535492df4ee,112323455442525331553414122431252345253414123311232544224541513334145252525131234,10,1,9,7232,1,0,121535234334541212224145153355232144213454523435212341113454522442121335552323411,5b0f2651d43ce1804767bccb40cef0ff590b6ce3f208eebafa079371755e8fb4,15-16-16-16-18,1,1,960
143,56153988f4b1a5a10bf2f93d5ceeb66c69694c8434c83b025dd8dcf5264420f6,112345452235541423445232113231414552343252114521414325153523244454121335324153541,11,2,9,7244,1,0,221435351145532314335141224142323551434151223512323415254514133353212445413254532,e17d58eac357f878d45c358745dbc7c8c842f5f8b46d922470014d94a8f6a2a2,15-16-16-16-18,1,1,960
144,b54991c74eba46b64ce5adff3b91a77da108284474e82427d77b275d239dfc9d,112234453135352142242131355425341325434525231313525414521143524351413242243254531,13,2,11,7280,1,0,123142435345253121415523412353414252232414135214325314121535344534341521551132243,965eaa647f5d4c95001b737ab9d8fcac7b62fac238879a34332e394a6c577cbc,15-16-16-17-17,1,1,960
145,23ba5705378078ad4ba49c1ef541fec3c4ac09c953e817a2535a1fbb50443272,112234543225354141554132321414321352132552434323245415545413132341413225233145514,22,5,17,7354,1,0,325241534211324534245231153411352423144153252522534311534112245432425311153513442,c9c6007b32bda710c4d1caba936595599f0ee082eaf74eb63351095fa44ceb45,15-16-16-17-17,1,1,960
146,2a615b0e7ad3ce1be88f2a7557e4c34965fc0dfd11dde3a6e3f5b0e0fc871655,112342534245343152325152413414251325353514221524234351133515244452435132241123545,21,3,18,7454,1,0,343521142251354234442313551135452423122413535325132414514231325231545342453245211,f5691da4e61d7d5ad1129e09ce487e9d8b42182d40c54d1012b6f0e49ca040e4,15-16-16-17-17,1,1,960
147,0b24c5888403fc3431359f5bd3187384fe2a0ffb6e2a126567f247c6f4127cea,121334245432421351235151432543232514254543312351142425443215153514523231325314524,2,1,1,7491,1,0,535441312143135425342525143214343251321214453425513132114352524251234345432451231,995849d1f17dda2927afbae3f92e825352f8f8b80a26e9849c0954f13fc4ae4b,15-16-16-17-17,1,1,960
148,e7f34769aa265ba2eb7c566e9bde8b859b2c805af4bce1de0246486156f947e1,112323454442521331153414522431252345553434122331212545224543113214145253525131234,4,1,3,7524,1,0,545323211133124255224515341453242135221535344454212133311354522342451512532131424,458602926ed12c910d1cac5b8abc9c2ae7812e37169e97428fe6f855c3cef94e,15-16-16-16-18,1,1,960
149,43d47aa9b645066282709a3f4b086254221eadd4ffdffd5726bf082651ee51e2,112234545543141232124535321512321445454523231321415453235453114341212354233154512,20,2,18,7550,1,0,515124343523513424342325154351412235424335151251541432134232541243241515135154223,0ff6ec59f9dfc5229e62f9e4ff3ea197ebdf26d42cdfdaa737445cc84291d558,16-16-16-16-17,1,1,960
150,12d5c3a807117e9d8aa4ac35efe12fac773688466fe2e239228009efca7cd2f2,112234553423411253115343422342521341534342121221153534343455112454112235255234314,2,1,1,7667,1,0,332251445125133245334515122512423513451512323223345451515144332141332254244251531,e93177417f1d18bb1bb227d43555a60803add7fd56a751961573e193a07f83dc,14-16-17-17-17,1,1,960
151,329ec640b0b1b19c9eba11b355131f90734bcc7c129174adf8da7c563154292a,112234545253415314553431224411252533534341122342152435224343151131523452325114243,9,1,8,7728,1,0,423524115155424231213135245144232351321515434354342112531213442242143553432451523,82e6497599d50b1a76d250b1e2ac9dd6859292887705452dcb0c79371821d72d,15-16-16-17-17,1,1,960
152,b37d3d434f1c924ce7012043e5f3276042f5a2f0df20bfc6f170178197b2dcd8,121343524211435352535241421132435452543521243422114535353524241415152334244353115,3,2,1,7736,1,0,433242115122543431315154242424133551215354214541421523351315424542421335154212353,42a0f42c5d56cbda91a98f2781fbbef9fb8ee845745cdc98971b4757d0c9f30f,15-16-16-17-17,1,1,960
153,c7c35785b77c2dbc5b1e7909b70ce42458d3d865eca9d19935338aad540b23e9,112343452235341524343252115251414332445252113321414525133525244414521353524135431,29,3,26,7884,1,0,251531234213435125541242133115353442334242551125353424342124513452125341534514312,5c5c833934f0f3597eb1c45a2326cfd00d2e8c5e3a7f3a1fece5ee0b29755e78,16-16-16-16-17,1,1,960
154,b9ebd51cfa6e7e625d3241c4dca2bae0373d31ceead4ff563d7336234193de70,112234535545314221525413124412325413454523132231135454254541313131242345323151542,8,2,6,7950,1,0,434531122211523454512325414325413125132314545545432231323254541453151232154242313,d3b9335f2a6602412250dea89fa05652377522282722330665f657e49dda6d4b,16-16-16-16-17,1,1,960
155,7f65c9ce3935cf6aa69d3556916a364428688fa8c91cb5c70e457dc0c4fae938,121343524452311432415125323322454115344125253513534142531453241153512434244231351,4,1,3,7983,1,0,423431551535142324451325432154532342321214553244525113313214245135443125512353414,6077b6e89fc8edf74d272e210fb0fb48c2186fcd9352ff273d92b3c0c247001d,15-15-17-17-17,1,1,960
156,074cb1bebed83af2d034b4c22639a17e31d166a110c217b83602ebe4d0f0c068,112343452324151524545232311234141532413235215251514343531423254352524141423415125,2,1,1,8183,1,0,423151325415243231153524412241413535532524114241435253532312144314245351154132543,a8dad688e07dc9c60b7f257683fadb42ad7c61cb68633869f6fbaec76ebda4b1,15-16-16-17-17,1,1,960
157,7b792ab0c21a8be89b006058ef215cf99590e8f914020826a67aa79a9ec98534,112344552435232141424151335553131244541453322233524411341415223225513134312245415,27,2,25,8210,1,0,314251325245251413125145423343142251122534341531312254532424135251413542454533112,c00bdf52adedc31dbfddcd81b5404e981c6ad6fa57a23e8fd5a5938e557250c0,15-16-16-17-17,1,1,960
158,14450edaae18d1cd16aac945990b96668fa30e6be280839f71853b0d31781d8f,112234453324515241451313225323542451541453132233152544455221313235424135114335524,6,1,5,8249,1,0,224451135541323412132525443545314132312135254455234311133442525453141253221553341,79c3987248742ca193a9b3be1b3fb5e69e6aef0d449dcc66a5bd9ac8a20f25ef,15-16-16-17-17,1,1,960
159,b79b65b1c228abb9d9630703fe5f6506e27e13cfac3e56b7c6d0768721178355,112343245254351123143525241352423154424135512435112354531234421245452313521514432,3,1,2,8348,1,0,521454123215313454424231515454532312132125534345114322131345245542253431353442151,7dfb3e44d2ef187b11592e7a66aea67f860bf2902046f8601a27d38c473d0d20,15-16-16-17-17,1,1,960
160,17f25183ba0b3d80e27fa69ff5585d5a00ba80b0d3789b1a0bee80ce037488e1,123124453534351214442525331313142425432451135251234341315232514245313542124545123,2,1,1,8357,1,0,132424135324515423514353412341352521253241154515123234223434551452541312135132245,a012a8ae7878808d019c87c1214c0b02c3021fcd62c195f49c9a1bea48c479f2,15-16-16-17-17,1,1,960
161,5d2a4d3d414da9f765d24b9d888073d74c0eda78c8ebfe2acca839bed005cee3,123124453534341215442523351313152424432451135251234341315232514241313542125445123,4,1,3,8362,1,0,215214435354542123441315532525231414451432253132154542523151324142525341213443215,4a49aecdf5b107dcd886b0c35ef9099df2700908e52f9ba56ed6328a66d25cba,14-16-17-17-17,1,1,960
162,194cff54553c916f4da21664793663a300ed6b55b5a9c59d43e4a8c3a7e4e6e0,112323454245453231235154423431232154123315542554242311411545323554411232323121545,3,1,2,8647,1,0,525323414441133252133414525441212533325534412153252341254341125214145253332525141,9348bc67ae0cf6fe2df1b723cd0fad292e2bc536fdd735f9ad0376195102811c,16-16-16-16-17,1,1,960
163,703a269756e84e50b619a1d417e92229a6cd41b00b2b5ce0e26fd68594f257a6,112345254453421215245131345153242431224535314341212553524313421312153542535424123,9,1,8,8657,1,0,142413255452521341413535412531212345153434122344252513521353124214345253325121434,fa1768755efb5c5ca7323df61bb329adb4ce6f776455619b0c52a603deab36ed,16-16-16-16-17,1,1,960
164,dd5d28b04c1e1f390a0b79c843445cef5ad7d7fd4d834df8e19ced33373041da,112345452235541423445232113231414552343252114521414335153523244454121335324153541,22,2,20,8797,1,0,342425115212134354415134322131252534455343122334252541221313445544521213123415253,4dacb821c8243d4274fbb72dc2be22f57bd1a923391331e6baf552267ee85f4b,15-16-16-16-18,1,1,960
165,feb685236f61c6704b41ca583c8ce4f853873921e674325a16b372099ce2af97,112323455432525341553414122441252331353414122311252544224543513234145253525131234,6,1,5,9107,1,0,244251513431254523553314142134525234422313155113525234322141455545132341355442321,ca0d5dfe4747cc1615afcaad2ab0a67095fa4dc99b97fe06726780aa5d40bc6a,15-16-16-16-18,1,1,960
166,0688a8842dcc038e6797639a0edd09a409dfec66befcc2e13b9a2742924cb381,121343452245123513352421451443535221521414335433515124514232315234152143312354542,3,1,2,9131,1,0,132425531445131252253531424411242533223553114351242453144353125535314241312424315,947b166a100b7e8b20e8bed0b0e0ea586fc7df3d1b0184923ee985378b0b8c1e,16-16-16-16-17,1,1,960
167,bdcfc955f3f4d42ae458fc427451028db48a35aa4412dab599eec502425ab3ed,112345435231513244345452123522344315345412153521234341453151232134531522213123454,5,1,4,9166,1,0,145152334543214531432525314153434225421425153514543212321312545254343152235151423,90b192209a8a8c27ace6a4b39bf22d6a905fa08bb629161368cb413666d9219d,15-16-16-16-18,1,1,960
168,f7831fe76e3d3b7e18f898b6748fc6693a158a0a4cf8a69023a5518753113314,112234354224531543334452112451323152412155433541323241235245411323141525143412235,4,1,3,9292,1,0,152253344413451325543312142132545432554242113241535231211323455325431521325114253,36d86f7094680ac2f05ce7736f335d8b222db045e07f7197a6226790d8af3841,14-16-17-17-17,1,1,960
169,98f36ceaf3567af70d73b033368ae35309600d18346b2b908ff1affdf60ac4df,112342543335121254354142512224451351552323441421415335533514122415235234241533425,10,2,8,9381,1,0,115325423334151542342125415552241341445353221251214334433412155214534532521433254,fb5a34f759058bdbf41036a3cbbf332d6cc117f1acbc19c906212e34b7f01a38,15-16-16-17-17,1,1,960
170,fc1e6449c7ffa61eb223481141cf77aad13f98d1c4a2cd722dbc305b8614a748,112234355324515214553414322142523543533442125221153534415321432341152253235345141,7,2,5,9398,1,0,541513243531243524324345151312125454455321312212434531434151235153234412123412345,9711842908ca4957eb19d646214b40943023141cbdab427076bac74cba66a15d,15-15-17-17-17,1,1,960
171,39f6d40ab70c84d154bd9b4e59ca15e5898f0e93c4e65eb0bedfda3fb0cf9c2b,123124543435351214552423341313142525532541134241235351314232415251313452124554123,1,1,0,9428,1,0,531412425241543512412425353543512241212334451354251243124154335353241512435135124,cc6d2440765b05c9c3bf53aacdbadf19e5fd87b4309a817eab6f14686860caac,15-16-16-17-17,1,1,960
172,a73b8388ef10279aedefe7efb0f72cb17aa677b48c9fb6875b3eb7d9b3c5f6c1,121234345533522411124245533341152425554341231412323554213453214342415153255114342,1,1,0,9541,1,0,254251143154342521412132354132354421431213255323544115541513432343125512525421343,6f779e11937428ce7d84b26d4e43c87a7c1688877151cae949207a4b844f5006,16-16-16-16-17,1,1,960
173,99da2d05556431e41b9df69e55c448a431ca78a62c0e87932660c9375ed5da79,112345453342321514425453121451232543335454122514212345224534311241513235533121254,10,2,8,9546,1,0,421435152513232145251514433514323241235451413442323551335152214123541324142245335,62e0e042eab90b313cc034cfc317e993fab86cb2ace19f4acffb8c35d62b5fa7,16-16-16-16-17,1,1,960
174,df0bec243cd6d8e5fb69f36cbdd0afe1e830d1d92c23c9cad69cf5c0734be80f,112234535433142215152534341243141552454521231321215443515323424544313152321455123,9,1,8,9637,1,0,332214515411342235352514143241343552454523213123235441535121424544131352123455321,47cac301051a2427be7eb202763fce704313ff16c5e98e9ed193a4a65672e520,16-16-16-16-17,1,1,960
175,117c7e476af9af8e2241023561031c75459c4cf45702610a86003180e1b06960,112345253352514432245353142543252113221144355531512434424235311453131245134423521,1,1,0,9700,1,0,432314255241153234215434312455232413334115522141253543554342121312545431523421145,6b38f4bc2ff3a7cdd13286844dcc9a0103e7713d100aed50a595a34a81704a67,16-16-16-16-17,1,1,960
176,e98be75a8f4359f492be38f01daee64d3cd86fd72b920f1d998eb9baf535cc0f,122344351253512434244135125415532132331124542512453413534341221453413215321251543,2,1,1,9762,1,0,354514123213243541132324554145213243334452125241135435522431451513145232455322314,587a81b3e7206866ab67a160a2509537acd170ff1da419ad40ee8304806ed7f2,15-16-16-17-17,1,1,960
177,0b5ca9f1f04bf9d16924538787d0066a55cab3cc2aac776dbac4c14182115be6,123124453534351214442523351313142425432451135251234341315232514241313542125445123,5,1,4,9777,1,0,451221453524343125341535142514532324235214431343425251225153314132314542453452213,4338bffc0974604b7a2db31609ef2bb753150e102951557a35decf36cb1c03fd,14-16-17-17-17,1,1,960
178,56ca728dd5172638c6e1d2a23f7677cd79b1f2b7c92523fe8654b676effe0138,112324535253411452113545234545232143324541123431135452521454321235112344452323511,2,1,1,9929,1,0,334542151415233214335121452121454325542123345253351214143212543451334522214545133,00fc163d5668ba66e9c95e26dffd21fa6ce5b4ec57fadbfd068a9faa1d1098b3,16-16-16-16-17,1,1,960
179,4868faaad0de5424a6ba4c79227327c3a72e7b7cf822b0545ec5139e025f4d8b,121345423215353142434215521152544332343421215422134351533451214514132534255213443,15,4,11,10106,1,0,235315442343251524451232314121454532415432125223145453514323241352143251534524113,1e0467a9a8bdc3d7bb0bfe28c19028e2d6f395f30bbc109a32426601775ecdec,15-16-16-17-17,1,1,960
180,24d21a2279ab613c28482d8d91b24c0585129afdd88adf7472f25d5103704d11,112343452433151254322553414524421135541532342254435131331212545453114523245245311,1,1,0,10229,1,0,415332512452213531252141453543131242133255441545423213121454335334515124211324354,2b81f9a4f43339f36d77efa20c74b23b4968099911fe3bc1dbe3f5bd023fd563,15-16-16-17-17,1,1,960
181,5121fa081489848834dc50187fbf763aa268b4d22085b7fb08797e576660a393,121343452245123513352421451443535221521414335433515124514232314234152145312354542,3,1,2,10347,1,0,534342512431541325312525314351414223422313154155424233143153542214251435543232151,06de26308b5bec51900818fc3ceea421437495e086cc77d1d40073c6c177598a,16-16-16-16-17,1,1,960
182,6b6c3076e2ee404bf88f9e11c009f8da980862c3683e0056957f7549d1a4640b,121342354243535211354121235213542453542351312414153532355224141135413425432415523,8,1,7,10356,1,0,314255142412412355255324134541512324325344511241421533123253445534131422152543213,a29bd7e40d2d183a1f32f6648371e42ae87ea307762689682b048e694dc74e0b,15-16-16-17-17,1,1,960
183,068ee5d922ac8f515d10215f5702099e84dc28cd9781d928ec9fc8f235a078f7,112323445435415231532414125451125234544133522253254413214342553325251341141542352,17,2,15,10389,1,0,153314252242513134332421514151432423424231551213155443524345121415242335531124245,6873e4b945b82107b1bc7431fe1a324abb30a6f70fb87fb39fce021280644cfe,15-15-17-17-17,1,1,960
184,6f78b612d3e1f9645578333ff956316192bc01ccf0be0c8013f64eb0f36f5fad,121324435345542123545313122312214553233251514512453341453131242434122315121435254,12,1,11,10479,1,0,244513532135232441243131552422411353313552241512324314131355224524425113451243135,f981f1bc350e5d1746a0464b4876b44a7c718b65ee83173264f9722fbff6986c,15-15-17-17-17,1,1,960
185,80f24f5b6c8e63cb2391acabed557fb66a7d168624bb2d2d29b31a3057cc182e,122314354235143451314352421342512143524135123513234245431425235253241514145421532,8,1,7,10575,1,0,341351225543135412523241351135254231125415324432312154412423513354532142214523435,bbfeeef4777d5756702b914a326dc1c66f44f0c0b7d4b2c43082c692f772ef41,15-16-16-17-17,1,1,960
186,2357c56cb1c499cb8684c1eb5e560033bf3e6445f99e8471b278af9d66b07bd9,122313445345425113512314342324455213415132352233241154134542531541223531253131425,1,1,0,10590,1,0,451232345234355214234514132142215335543532421325441153513123524322451413411323552,bd637589fffc8a9f83ea4e0a36db7b5ea10787d6270948cac0f9d6eca62d3726,15-15-16-17-18,1,1,960
187,752e448472f59da9ce59f91cc9e5a87fed7e7dd474b62a8cbcc9d8e2db425a58,112234535545314221525413124412325453454523132231135454254541313131242345323151542,7,1,6,10658,1,0,152412435443525112522434315313525244544211332315352421234341551125253143231144553,12a87c76df771d0eaa0c1fedf1f288f98e281691825b16586ac30e5266000a5a,16-16-16-16-17,1,1,960
188,5d3808f1557b4add6eb3a5b904f07e6d470bff92d605f9dd6852e87b0a6b6b80,112324545242531354145415323335452411424313152531252431224143515411545233353124142,13,2,11,10740,1,0,323541245344525231221143435514452313253131442431252514155434123412315354145323152,48172c1253e8b300d07bad855c52aabecf2c64d2cd99d139bdac42172667099e,15-16-16-17-17,1,1,960
189,e219812ceac795c7ad234d4e75915c2e7a6e39666512eb3ed71d7d54a79a285f,112344552455232141424151335553131244541453322233524411341415223225513134312245413,17,1,16,10752,1,0,334522114211454323242313551115353422123215544455142233523231445441135352534421235,730f9d0fa4bc61b7e1fcfef43281bab9c01e977412971a71c39854ed427c3f45,15-16-16-17-17,1,1,960
190,0d14f0b092ca8796b196827cfa26a7b216f4f635d6a8dd23a6cc3fc52a26b180,121345345525143134453221451241453531345351212252114343132424515513532424434215123,4,1,3,10844,1,0,241135245452514133514235241251514432443221351513451423125123354332442515124353124,611b491ab6f8a444fe0366399f06a1e12acda174a119d13172b5a4ee1a22ba38,15-16-16-17-17,1,1,960
191,df8df8abc0d912e14e90af54d44af37f0c3d046eeec785a901e2f47d548c84d9,112323455432525341553414122441252335253414123311252544224543513334145252525131234,10,2,8,11109,1,0,454121523223134545553432412211545433542313152331545224442313155325454231115252344,7f2156bd0cb8d57337f3ddbe24a1c07dc8d284bd0bf3c188b8c1fd22a3ea4255,14-16-16-17-18,1,1,960
192,96314f07899a6b826f12c4da6e0c11d0f658f342e8fff4a6adfa9199439af6b0,112345432235341524343252115251414332445252113321414525133525244414521353524133451,9,1,8,11170,1,0,331245421125243514242151335153434221445151332213434515322515144434513252514322453,15d104e9717ba46c3a05e3059f85dee67c94a5cdae2f418bfca46bb0e9ea567f,16-16-16-16-17,1,1,960
193,c4824f2c7df41f6e23d2a99751638f06ecde5cdc2954dfe47fc944b993ef1c5c,112323454442525311153414522431252345553434122331212545224543113214145253525131234,17,1,16,11385,1,0,121535344445232311332141524215323451334151522212343455544512133523214143153454232,17f8ad6b67c0ed18fd7fddaf8b410a203b7a5dc2516a43d0638408368c08caaf,15-16-16-16-18,1,1,960
194,10397f266aeea8e6caeca87dc6420cafb1b4117d47ef7fb255d0cc66b6f49381,121234345435152124314425513255334114214213535143325452521543423442152351353541242,13,1,12,11394,1,0,415224315254341213431315425241525343532542131123153524543431152124453231315132542,6a68cdda6b428e724a96284b0f26970f7a9efa571842a056eca15971199ce195,15-16-16-17-17,1,1,960
195,47a6248badc7544e8e8a2cc5d09a76b4e8b98a4a0988e62c53eb58a6b9826d0e,112345542235454131442121553253131254521543341344532215321415423534212134415323425,3,1,2,11412,1,0,531242541125434325243531542255124431143152253412323415554343112421515323334251154,5730d56758b2d882512aa51cf54697cf25507e69b25724269c0d4cc039224e5e,16-16-16-16-17,1,1,960
196,01f664e11ed15fcdc16a99e84ac2ff7f56ab969d9bc5acc3b3e8b66b47bb34d3,112324554455432131324151325522131445544523321213543412341215253455412132231245514,18,1,17,11654,1,0,154532231342351542235141432252443351133154245515223314323415125421315523514522413,e503e461d1fd9188c079e1a560e448df346f9179433368551aec7f5b2b238996,14-16-17-17-17,1,1,960
197,d8d1aa38bc9b00be80900e9cbf84a8230cefe2cbe323bde6900fb6c20ec778f2,123124453534351214442525331313142425432451135251234341315232514241313542124545123,3,1,2,11838,1,0,542432315435125324351542432124435125352213414124354153511253243435324251243511532,a57bf2432d959d4f4f60e7c2fbb7ba1bb68f3a7ddf7436f8c992270ad065212e,14-16-17-17-17,1,1,960
198,a0bb7cc6cba90c06bc4203e67f9d122d0eb0e8d1dec604902c1dd20214e6ff09,121345523534543221342521341253434152441152235213434515455212334524313154132155442,4,1,3,11862,1,0,244112553413531422453125321132424531155313244532454113241353245321541432514242315,8ab96671df04656b279ce0f8319b14a9f7e15eb5a677b9a44c227de6e2ef133d,15-16-16-17-17,1,1,960
199,620acdf5459a326ad50ba146769ffb82d3a4f6e00a1a7e5e56ed0db06752d83d,112323455345321245524541313234545131153232144421135352532454231313412524251254413,12,1,11,12013,1,0,325514214541425323234515431413132245552434312232151534323251541154243153115343422,c5e337b332808feac3194cceb2e87cd3106556cc697be79e4aba9d7468267a6e,16-16-16-16-17,1,1,960
200,6528b42b66ba6f67ae8440729f83b785b6f9eabddaa305b6a354ed6da49cf23c,112234345254533121434151232233121544121453432543322511421415353345512423315245214,8,1,7,12101,1,0,315235214453512234424213153112554432543423151332151445545121343151442325234345511,ad7386abf226e36c1417ecceb82d7a434efa4daa7804fa3d81fc171658e2315f,14-16-17-17-17,1,1,960
201,f4043a1c8e4b2e7841a13b6cfabc4adc20acfc27e7e39ab622eda3db9fff082b,112342545254235141234141325453131254521453321433252514321414253545314132312525413,13,1,12,12216,1,0,151424323213253544425315123344512235522331414314542251532121445245153132131434552,a378c9ac24923f4491e572163554b2f514ac4a1fe0d7cf3334bb1c4ebec77470,16-16-16-16-17,1,1,960
202,c1b4581069e2a4030551af6c3ef0fb70ce85736ee766ded7f157294c3624f5f7,112323455442525331553414122431252345253414123311252544224541513334145252525131234,25,2,23,12313,1,0,434121325225154343335451412211343455342515132521343254442515133553434221113232544,37545a31c39ee00f97c8fceafb95db2f4b1a7ac9415a34a816e3dc13bd3c4abe,15-15-16-17-18,1,1,960
203,9664f197ca98bdcc333e591a622fa7328cb97ad55144a8f13446721cb21d0c48,121344235415541323534225114133512524524154312352423451453112253242453131341235542,2,1,1,12473,1,0,134421532525243131241155243543213142152345314314154225355411324212534453421332515,ec32854cfd847cbf3a059aa5f10e8a80da0a8f68b5b85eba7934e7e7200f2760,16-16-16-16-17,1,1,960
204,b1924475b7df2fae94fbb090f24bf6fc8856af6f9e7e876cf306fc3bd225bf33,121234554235144215122531345543345221454511332312255441515313424341422153234453512,1,1,0,12593,1,0,323145152252413345312542134231512544545431321443131525125254431134254213411323452,d9fc9393e046df94e5403effed6fd65e5c3de235727f816f546e4002e602cc04,15-16-16-17-17,1,1,960
205,e502352b6f109a4d7a11410f832469a58600a4dbe3d5471171f5b140432e7c78,121345435354542112543213124232414535415523243322451351553121244434152351245235413,7,1,6,12608,1,0,512354324135431252224141533135132445524543312353212454241514523411423235352325141,660f47fb3b466ceb71781826306722b0b422f628c3399f09536df2cd17806393,15-16-16-17-17,1,1,960
206,bd17510aee875f0ce8881551a3600e76c6ea0652d7a4ef054e46a4de8c5a7ad9,112324345245341321134515232531245431453532124321153452524253114245134253312421545,7,1,6,12722,1,0,552421413213415425541353242345213145134342521425534132321234551213541234452125313,8e11041dc905a5d23cc91df2ba31e56488ca08f6a0f30b59e9f619a64cc28aff,16-16-16-16-17,1,1,960
207,c1077c3dc704d1ff0271fc46c62b16def4da68ac7abdf20432f383ef18ad91e3,112345524454332121254121353332151442131435542245524311441253235323214154513442213,3,1,2,12814,1,0,413551243552441321213423515251124345435235214331142554544512133122334451145315432,3ef5db12c3d727a23441a9cec976d8a0c1c691554fce990b3c313b9ca1fc6a3f,14-16-17-17-17,1,1,960
208,939c8d1e5a33f7ab92d6b0ab550de9be7e3b7ae55735a6e98340c97c57ad91b0,121234553235344125514532324145315342234421531322155441551413232352142453413553214,7,1,6,12818,1,0,421425153254352114413132425251534341535421431332141525145513232122353514513244253,70680c61fc774d14e6cf657e0835517ff7678e64a98b867545a3c8cd2233b556,15-16-16-17-17,1,1,960
209,67bbe100a85ff2ae1c0c0a8524ace4736c53f0f285d2cc9f85aafe412d00505e,121344523242535341435541122134252435253113452315252314323414515452325141514423253,12,1,11,12928,1,0,345223141123535424441125532532454231452311354213454513515212343121543452354342215,24ef85c43cd3b69c9e42d5b4f4c424cb1433bba3b32a60a9610674437bf983fb,15-16-16-17-17,1,1,960
210,459de3ac0e7c9d7c7d4d51c26cebe2afc12a8664d890a0da1e6aa6aa3792897b,121234354423135241254141253215353442344252513511343422532512134453415321132424515,4,1,3,13180,1,0,453321154232454311121453524553212441144533522531212435324535112412145353345121245,fa933c10bb8148e6f9a6d9ce25eb3aef4eb9e4b7744736076ffd364aaddda740,15-16-16-17-17,1,1,960
211,8306d83f90f7626ab438a9705e0aa2eec4212d0cdf4b79e47373be9ac419409a,112344352423253141342152513255143234414332515321535441231515424545421233134214325,3,1,2,13208,1,0,445122135251531424125435341533421512242115343154313224514343252323254511412542153,01ae26d3a6b6120eb4d3e2d9bbad302045655c289be44bb7f801865c8ad834da,15-16-16-17-17,1,1,960
212,1b576e5f77f6cc18e49166558d8d025943dcb1012cccb6f2e711ae770a2acfa5,121345435541523132425253411213414553355424213314135524252131344534342125132552341,4,1,3,13240,1,0,252314134412453235154543122523121443344151523321234451545232311431315254235445312,cceddface229a29e8bf5572d5dd005c0a87d34c6d18c75127a0f3780a3085f6c,15-16-16-17-17,1,1,960
213,ac4ac8c27686e38d0b1b5e06a934d65b31d99b46f4e5ff195d59fbe44ca17ec2,112345324225443153343121255432521431141535322513134245234254531454212513321352414,7,1,6,13288,1,0,353124514452151323542321341231345452114242535543512143221515434425433211314234155,0d85a3d412ccb4356f573f0f138b8b236a465628e1eacd9edfbaab5561eff002,15-16-16-17-17,1,1,960
214,d147fdc8bff35116eb8106534795137c4292795f982c4ebf2a0cb3a6ed5cf087,121345245525143134353221451241453531345351212252114353132424515513532424434215123,6,1,5,13366,1,0,425421353213123454342355141314142325535341421141233545434252513252514134153435212,cd8ea718130f2a75a1a1f76cb582a5c979401c6f1ffa7884aa04573ec8a13c13,15-16-16-17-17,1,1,960
215,140a81bff7cc490c2ec00610bfcb6974f6a06523985a32fccde2e5b29c6f82f4,112334545454233151525141423443151523351322451533454212241415235224513134315225314,2,1,1,13496,1,0,534431522251153443532521134243312545442515331413342251125434325351254213325245114,8dd00c82033fd6ab56895597eb5c646087c9287c141fea49b6f64fcd770d58b8,15-16-16-17-17,1,1,960
216,f13579b77a6a2ba81619e54d3156d8669459835c3aaa01d38c2909adb18da589,121334245534521243224151334453312514215454312443212535151435422542123153315243421,7,1,6,13743,1,0,235414135543453121315232445154142532412535312223141554454323211131255244521314423,b57ca4cd9a498daa3e305ba08550c8f42faa2101369bbf2807cf0930dd8a58df,15-16-16-17-17,1,1,960
217,4cbe3ba273cdeb6bd61a338bce98f4d526f55d869601c2113577be085ee4cccf,121234453243531145451315232532214514415452233122343554345151342314542321233125415,3,1,2,13936,1,0,213424351142521435453131224451432531225514143312342515525313142341253452534145223,60963f146ce4d002cccf32ed588541f4bd230d976d49ae6080b6b17287267c3f,16-16-16-16-17,1,1,960
218,92843e3fb20c5edfb1016417e61abb9b3f5e29ce4ff5ff12dbceb4412dc448d6,122314354235143451314352421342512143524135123513234245431425235253243514145421532,11,1,10,13997,1,0,123241354435425312251243453315452423342153145524314125512534241453125231144512532,7e091201ea024cc7b1e44eb16f8fcc70674395f3ba902e22feb134515ee42622,15-15-17-17-17,1,1,960
219,d6b26a01c4a0bcc32385fb00db227434960b358ac5cccc1318c2b582cd07bb88,121324435432541213425351124313242554154134352533252141245115432242513341314435225,4,1,3,14009,1,0,422143551515431224453121352131545432523213441244525313254314215145332125312254543,6cc7db168cf6be66e632b4e83858bf1dd4551bed1bd2c1606f13c8a745c602b5,15-16-16-17-17,1,1,960
220,f644b98724dd3f7863206f5e3fafe5a090b52e1850cefa9b6234c0fcab2090ea,112334254235141435144525213342123541324451312553232441431213525213552134421415352,13,1,12,14255,1,0,343112545315542134425451313132354425154421323532134142454215231213535412521343254,7419e557c28fb3e5b6d211d84cadfeeb863e5b2e3751f7d03de02974c87692e9,15-16-16-17-17,1,1,960
221,be278cd47b042e5890f735cbd748da72cec9a7c5128a97f0c8da322ab7b50c03,112345254525433121543141225235121435241335541353524412421512543454212353314254312,3,1,2,14323,1,0,542451233323115424422353154415323412354411352235524141154234325141232545231542531,f7b62a6d2f1bf3c766e8e5456137310b81476e048b78d2c81932a10529515464,15-16-16-17-17,1,1,960
222,c45672d5c492093fc4d83d2e2ae2692ad01636623825beeaa2817cf425069735,112334545454233151525141423443151523351322451533454212241415335224513134315225314,5,1,4,14419,1,0,435225431221534341213135445544151232453422153114353524525313124151244353332441515,03837b68faf936ddcfceb3605298d3471f1b0b7a1dd2c72d514bdb455df1ec5e,14-16-17-17-17,1,1,960
223,1eab6b638dabcd49db79ddab988ba0a0e934127844bfe6397212bc46b7654862,112342435534514223525233144435321215352445112411435352253121454121554323343252541,4,1,3,14445,1,0,335145412214234551252511344412153532125442335433412125521353424353224151141525243,346d0176a2e79cedda0613aaebebc8a4868a4c37f7c0a24e1161f141c3390e64,15-16-16-17-17,1,1,960
224,385371dc3a41a1ce7e7e0690ddd4b0c00877053ba70550d10ab96559f5c09ac3,112345235542521413235134412431321255145254331321413524413252154524413523354132142,9,1,8,14548,1,0,532241531251531443414135225535324241341415352425253413223414155154523324312342514,d6044701e0d5b20217acdbd1a629644fea158a036ef4586bb3a0a43c602a924c,15-16-16-17-17,1,1,960
225,051e11f5e0cfc78976fffccc234b57027fb307b9afb527f0b059f32df87ac9f2,123143524235321451414152532532254341554432213321215445453435112312541324241523135,1,1,0,14739,1,0,423211345351412524542534312113434525432521143251143452525342131245353214134125453,648f006be67c031a7e852c2259dbc269d68d1e0bb679cceeccca2cab54327f3a,16-16-16-16-17,1,1,960
226,9d6260ccbea80da981edad57e9adcb8a69750dd3aa3126f7f6f24a097d0f4616,112332455552214143234451153511354242235421435423143512145523231323145514341512324,1,1,0,14827,1,0,411343522424215153255324341325251143154432325132125454332541415541513232543432511,d0f989856342b11af0bd246f2c2a1706b0f6251475e4e585f866377dbb714fd4,16-16-16-16-17,1,1,960
227,40fc37f44de0cbc7a73c8cab71a8090cd932d4a288571aa8ee68e87fd12aa298,121345435354542112543213124232414535415523243322454351553121244434152351245235413,7,0,7,15071,0,0,343512152521214334215435341454131252132245415544121523225343411151324523412452135,167f7f942268040f0a8af9f4b95d8872447e86843b60805c9efdf58635d303b2,14-16-16-17-18,1,1,960
228,7e5358a49f05e89c8e87a5bfc509134efd4d11239bfb020592bd0d928dfd4a66,123234415414515232523451123311252534252343451535412213342125354254123341135344125,2,0,2,15084,0,0,132452451523215143435143225415323124251145334314324552242531341353512412541231235,2151bbe112a8575f829c60cb9b25bdd55da2d65d899c6f6ec1733050b7f8e37e,15-16-16-17-17,1,1,960
229,cf5360c28457329f4dfcb6060a17ec12e38558a3baa6fd06a5434519b41faa5b,112343524435252131524141523355131442121325345354234211241515233233514452512423315,3,0,3,15175,0,0,351124253234453112112353542552412431341321525244515331123545423515232314423141255,7cff4d67077b1247e8a17be531297f61952468be25184177111fb1b53fcee8f7,14-16-17-17-17,1,1,960
230,2efba1cc0635b746c3b3a42f5b47849a62822b054e7fd42f13216ca19a8f2901,122314354435452213425141325213525413544121532153534421242435131511353244354213542,3,0,3,15384,0,0,122541543535124214544323512321414235142553341251412433353242154415135322234351125,63759165ba2120994a2a32acde6cb513dd10519b29a8a05b24d8e6ede40e5fce,16-16-16-16-17,1,1,960
231,beaa2c58aed3b782e706de3035613f1a9187e49c0809ac31048ab84e6938a9d5,112234545455341232124535321512321344454523132321412455235453114341212453243154513,3,0,3,15507,0,0,534235211213215454531142425245413132121334545315152234352324541453453122424521313,15e79bf10f6997ed28610a6815b8dba2fd8f6085f488727ba3e98ea1d761bdfd,16-16-16-16-17,1,1,960
232,d849b554cb24a961de998e02e194afe5a2e18b7817b0d76fdd765e6b35c531fe,112334245432551213125454321331421554455323141241245533213545412344212135524133452,6,0,6,15597,0,0,213455321533141452145232341134132255322515434554314223412323514351224145441553132,984dcc6409eff0c6c834e543e51f50d4ec9c2f40499d47dc44d26010698976a9,16-16-16-16-17,1,1,960
233,746e633d56f6df2481174e0379b0f5e4c09391c795d79b82ba21f1eaf565c6af,112324554455432131324151325532131445544523321213543412341215253455412132231245514,5,0,5,15803,0,0,541533142134241532232145435545332241422451315353112254325414123213254513451523324,09f34f7f1a8c9808213374d5044abb87af491c5b44dc084d5530fa68239afebd,15-16-16-17-17,1,1,960
234,7585b52c0ba7fd7e678519fb612d0af82ffcff325c596954ab0db6757afaf120,121334554435252311342141532215353241533141425214525313542413125324514253153225434,3,0,3,15921,0,0,231454512413212345254513431142125354153534224342125135515431243521342451324251513,87dd928e2ad6e8e81febe39dca45a1a5b9530ad1a2d1c7530a52e6de5d7b0239,15-16-16-17-17,1,1,960
235,8689874d92c15da3de4ae324171af07e67711bdc2858c6a828e7296d1fe37abe,121234554235144215122531345543345221454511332312255443515313424341422153234453512,2,0,2,15939,0,0,534142215143552321252131434122445531511334242355421124421314553435223415244215353,64ef557eeb45a40120cf655be0c0460845213920ea37463628ba2e0d013c9aa5,15-16-16-17-17,1,1,960
236,1b69177ea71d707f6c86139eefd3a3f7f3e88518941539b8d30e937e552f9975,121343542215124533345121245253434251442251335413552421321215354534312124132545413,10,0,10,16092,0,0,251353424331524142152424153412535312133412255425211345513142423524243531345151234,131a330f3f31b2f5ca80798952362f9adfb169b0eca9a60f680c86322768830e,16-16-16-16-17,1,1,960
237,9109efac07a7304467061a5eb40e54903d197b81cb4a53950e90c838d5434513,123145523235321415554242331313154542534521132421435351312434215451313254145252143,4,0,4,16101,0,0,342125153412314325125153432314325514545241132234532514251231443431512325123443251,1cda7b619ff28925d68a798628721dcd296ab17bd719c749ac1a90f686b178d7,15-15-17-17-17,1,1,960
238,3f8e9cba69853e91f8431e7f91a839347143a4148576c631367480ad75b22ef6,121345245454523132535342411421413352233515441212434315542134253354152124143251523,3,0,3,16196,0,0,213132545453243211134545132251524413414335522525424331342351145125153424342411253,67a3576a13e25e637f2d26fa7ecfb380dff3ded3ff5302ee5501f12f5201a2fd,16-16-16-16-17,1,1,960
239,c1fbb414965e035ea798779279f5bf2359a0400df66416675069d7fb3530b6ef,112234345254533121434151232233121544151453432543322511421415353345512423315245214,8,0,8,16205,0,0,123532445534542132423151453542243131441313225312254513355424211214415352235321544,e3a180a54c7690da64f1e63c2aab01b4db396f110e8941bb6ce19001274b4c18,15-16-16-17-17,1,1,960
240,19880909b793510819f9cb52a3c8f50558d9639999fecefa30a5a2bd61ff4d3c,112334245234451321435252131251133524455243113321145542342525413144521335513314452,10,0,10,16228,0,0,345512214422134551215434352354451132211253445534221143121343425132145523453522311,6aaceccaa0639ae88da140e49f3b04830285cad5c6c753df3b144d87890ba3a3,15-16-16-17-17,1,1,960
241,eee48728b7c40165374bdd8a1685c050b46f1fa2efbe3886ae79e22e62a4cd98,112345534335451212532142413451431352143522541421214355213524143554213234344153125,4,0,4,16281,0,0,153242514254325114221414353435352421543431252112234345434151235312525441521543132,577270ee331e27392adf422389e344033b76fb90a7c3af8fce985fc3ecfb6a9d,15-16-16-17-17,1,1,960
242,41249b7de47fe64363f8f078973c1367f6a68aa801fc12d0d7857c99c736293a,121234354425135241354141253215353442344252513511343422532512134453415321132424515,3,0,3,16463,0,0,132424135515134243244151325153242451221551334433242511351513424445313252312425513,eb0d8d28ce3e6b72d4b0726b192c1a3331e7c43b5187856892019a301ef2840d,16-16-16-16-17,1,1,960
243,7813abf4b74bdf6191b4e2bc26b6bdd229cd645bcb5f4fcefc100370ae65b30d,122334451234515324435145132514213524153232415512454313345151242351522143421341235,4,0,4,16474,0,0,134455221425313452251341354423512413314252531515434213242131345541223135352145124,663b51bf502212fd1445fb97bf1b1ed63f14f6994e8caa6dbcd576c5b6f9d5bd,16-16-16-16-17,1,1,960
244,95435a33a33bb64306a20a45ee5709833b6df72f2c2113c826cdca3252e3c942,112323445534542123425153124322431551431525241255434312143214253254315432343242515,5,0,5,16516,0,0,213144532432452115251312445125524313544313251131525423353241251525231134314153524,7e9496551c46d30d0ed496b244c1dbc7235becfc022ba2af474f8a54b059c6d7,14-16-16-17-18,1,1,960
245,bb70927e32950c94d212fa61c2c2c0b0d4f39a0ac6e43564fb47cea215ef9f81,112324534432511524115434325243245153453251142541132342221345451524113235354453211,4,0,4,16589,0,0,412152353122515343553344122534322514135415432441231535225433411341551224313224155,098fe9a2dfbec21fe2e19ba89dbc93970882fcd846445c11b1bf239525c62690,15-16-16-17-17,1,1,960
246,9a2afefb2f440f21791100c8ae73ade221d11f6de712e09dffc886bb4a448894,112324554425251143314143252355231441544532321221143435143512524452415213231425315,4,0,4,16899,0,0,422415133543321214121543435344351225315152442254543311412132543531234124235214351,47d01e7992f6de06faa9b6b46eddd8ca374f290c45e400ad48dea2cddc5987dc,14-16-17-17-17,1,1,960
247,f6af03a54bb0d2aacd458cb709a19f408cb4dd677a5fddc3fce34217a2435ae6,112345235235541432545231413144153522322354151554232311351415224223514143413122354,2,0,2,17493,0,0,253544312443152523315251442112434355344312515522513144121435253431125234554321431,371c96cc110a3acc1ffd77d667640cdef4c1a9fb0e7423193698e44887834bb8,15-16-16-17-17,1,1,960
248,c6097044060bd1d2618f516d954ff1be89dfdbf36fae95f33ed4cf00b5da2958,112323455432525341553414122441252331253414123311252544224543513334145252525131234,2,0,2,17530,0,0,443535211253131524115242433224313554315242435544313122332125145552421313131454352,2e420a4d78f5bbfb09aa4403d86df0dc294a214550ad2a7c5fe790bb2d81b2b3,15-16-16-16-18,1,1,960
249,a1ae95fa3f61b4d0d4a75887bf63e04ed6a37a76c26b4d68834ee96ca1d82e1d,112324435134351242425452311253131454355442123241215353313545212424213535532523144,1,0,1,17585,0,0,542133451312545231143123452124245533455312124331214545415352314234551243221434315,22a6238455e2ac175025c14cd6afaef9c3b229bf3df0c7b68e10232b22a6e0b6,15-16-16-17-17,1,1,960
250,90ca62c37e949a3626d6453f2634769465c57bffcddb772f8438b564c4b8e647,123241453352531414443523211531414522241353245552414132215352344414132523324145351,17,0,17,17599,0,0,514232541324142553131523244322414155413535214551414332443255121255341432142323415,b9b0b425cb8506ec3c71a959697c739eb4fd42618dd874b2f075c7934295f2b3,15-16-16-16-18,1,1,960
251,65e1287aab9c4fcc78af6cfdecb1876b8b8c806fdfe21c791aadcb785b9345cc,112234543532151342314425215425153134235345124341223451441312525253411453154532312,10,0,10,17778,0,0,534234215114423525425511433142325453255341312353212154241455321513132544321544132,26553127cde58a2e55ed7ef2101e4adc67834fc02c43629fe033882f23f52f1c,16-16-16-16-17,1,1,960
252,6e2c4377f807ace340e1e55abd44ad4f79ead3bc895be39a4b3d7c5aaf6d1af7,123145532435214215211533544534342215322554131441132352253351421145415323312423154,1,0,1,18051,0,0,451342135532314541124513524334524215152423453425131432543451212211245354345152321,92d624078af9772ef7b1008b1fac90bd9acafb98ea82352d7b70221f6461ee3f,15-16-16-17-17,1,1,960
253,7f0796f02800286b13bb05b8cc879cde04b55e115ff456ea84c7efced9517b93,122345314535132421414521233253134245124453315233514142451412523515243431341325152,9,0,9,18177,0,0,325231541514143252132354524345452113251124435243415123113532454534315212451241335,b84c639cd4dfbf94290b4e6185b081341b21de4f90c5036ec3cec730f39da28f,15-16-16-17-17,1,1,960
254,667a1a4f387b7e891508ad2ed6bc36ed1ed9074e6c149a96c1af5cfb746cd6b5,112234545253451134134525231452324153323145512345112453541243321235352414521513342,1,0,1,18313,0,0,343552141452243531131354254354115324132124435545432312525231413214313552421545123,42db8ad79e26786b1f1f0199f8e8ac81a580823126c2098575595ee1d6ae4092,15-16-16-17-17,1,1,960
255,87dc925254963cd2647c2c7a31fdc19b1ae5a7f26f8afddb0b7d8f259f25e508,112343452524351143344125251235141235145235324423534511531412534251514323312452415,1,0,1,18326,0,0,213451235532142415155233441434315522355224134141435352423321154512512343324543521,46ce873e8092bc5a5c8685e44c73aad908023719373f1eff29c9f945756fb165,15-16-16-17-17,1,1,960
256,8b95001ccf8d9624832c01385055bd0250c61b9656342f381d7e03e49654a0e7,122345135454323251235115442515232314233141542141232354423551423512414235341523521,16,0,16,18375,0,0,314351224432121535255344312541212343253454112531212454125433125312545243423123451,7865caccf8815ada868871904aed74728d5d9b7f817d5a342ad44cde4f43db94,15-16-16-16-18,1,1,960
257,9ce1d3241f6e18c3c7519d588431ec9f7b4c39a45a4952761a95a00af4f6813a,123143524215321435454312132332214551514452213521234345431455212352141354243525143,3,0,3,18412,0,0,135242134321535421454223513231314542154423352522354411415451323213541254342135145,0de7cce9980a3364d3ee2cbc31dc7ee58967f9687366274cbc35dd740b6440a2,16-16-16-16-17,1,1,960
258,5a3af28589cbf93004579f9bdf725af75532625fc511e6fbc9551b9c5fda9fea,112345534454332121254121353332151442131435542245524311441253235323214154513442213,5,0,5,18477,0,0,554312231121334545421545323334525114535132214412241355115423432343451521253114453,ec5d8f1df08f5d07441cef4b3c1c57783831f96b0cd42a8647cc566eb900d9b7,14-16-17-17-17,1,1,960
259,f03eba25c770a6adeadd3135eab7ec32ace525a6e7f840e78c2a0a0d61390884,123245341254513214344121532515424213322135445415452123152234351433512124241351435,2,0,2,18602,0,0,542321514431545321211343425435151432154423253325134145243415251152514342514232513,828591e327c272f4b18050a0d44633087a4f463257d87e1bf9b462fc1b45fbb8,15-15-17-17-17,1,1,960
260,b5f910ea90ceb81626ce11caf3165d983c6c17ebb8fee68cfb8bdfc0c0fdd08f,112344553435522134352131524424121353531254421243455211551213432345312145213445312,9,0,9,18674,0,0,123554321354321254442123531153544122432145512515212343341232415534411235221355443,05640ee04272e6d61f4373ed1653b89f27d9479715ba37db9b33d7fc63acdb25,16-16-16-16-17,1,1,960
261,1b8c3f38445c74110ca357c7f491fc286e4232b7908ddc3e86e702a8ada78311,121334245534521243224151334453312514235454312443212535151435422542123153315245421,3,0,3,18695,0,0,323441215541523214221353441154432531245151432114232545353145122512324354435215123,d6941bb3f45590662fd7fe61201723441d7b42fb269bdd9e459d8aa0f63ef460,15-16-16-17-17,1,1,960
262,e369c8879360135f97f9733636e2e9a99966af36c4cc43c94586d423f89e14e8,112324545242531354145415323335452411424313152531252431224143515411245233353124142,4,0,4,18768,0,0,212453435344531522553432141124515324353242415221315344431341252535124213445253131,709638df7bb1dc07227f7feb55457936a03f20242054915fc494a3e9a2bc1c7d,15-16-16-17-17,1,1,960
263,684d34062fb24cbabc1b49b6c8e684402ccb8e40d731b219ee96751b5178a6b9,112343245355311424142455323531221434243535141211434355434552132323114552524142513,12,0,12,18884,0,0,323144521315253244414323525225415133531422135231315454452532311544251213152531442,29c50e1ef56d6f0ba879953f1c21bdf5e1827b1a16c5f13d4556a8468492dda0,15-16-16-17-17,1,1,960
264,cdcbd2d82a1214fabc4396ebfa3f025d5d04649f5f22c96835619849c37c47d4,112334245353415124221144353545423123151225334313142552235351441542513432434232515,7,0,7,18907,0,0,334115452121532345443355121252541341323442115131354224412123553254231514515414232,585635a7ffcef9bb3d49b3c1e14fb977fd5cc736202ae13e287ffe3ea6ad4aec,15-16-16-16-18,1,1,960
265,7267946a745b8c4cc8276193150609684c306d0222d362090a899fe2e163db08,121343525345125241532541432514433251253511443413255324352414312435122154124254513,10,0,10,19192,0,0,532342451214533542143252153251344132341455221452211345413425213124534325535121434,bddfa0a09d39ff42f1c7db0a8432476194a9b81662a6c1a2299e125a440f2896,15-16-16-17-17,1,1,960
266,cd3bdf53db047600436c9c0d8f2c22caa9a4a24406561f8616fd9a59dd4269cf,112345234525343421342125143415523132134134552251234413434251521253412315521512344,3,0,3,19414,0,0,541322315512143523334541152221553434114332255452214133135154242243431521425215341,d8932abcd93bce82c9809f6d10275a3856120ea12028a7d2f10788432e0aa50c,15-16-16-17-17,1,1,960
267,63b6b3ea7afe737c739b5fee406fbfe1e5c3d3d9c4cd1e661389fdf7258e22b8,123234415414515232523451123411252534252343451535412213342125354254523341135344125,3,0,3,19478,0,0,543123125234352514142514332152434531325512441451431253313245415424253153215145342,d4ec524f979fc4d1dc27b1aff019d790fdc52e5b36dd3825cfb82eed069510db,15-16-16-17-17,1,1,960
268,652278130b7838d09d716f7778fe5ed08516dec66010b7a1bd50904d693a50b5,112324345234531521344315152531521432412243355453452231243253114151432524325115443,3,0,3,19507,0,0,225451413541342352411423235342352145125514433134135542514534221232145351453223114,a018000037adc0d89916b4d4f5a62cd7c10e3440e8149832684503186729e8f5,16-16-16-16-17,1,1,960
269,7238e90759b2f271faa1f70ba1a82249425a2df329039e7f251b4f0a16b5e80d,121343425214523513353412154431215432245432315523234141134154532542121353315541224,12,0,12,19716,0,0,455341132212353541521413423343425251132524145524135324413534212231251435154242353,dcb63b83eedd7dea7b9f538d8de4b6ecf2179df832d003142738ad33e60409d3,15-16-16-17-17,1,1,960
270,d51902bce4d64221c5120dae19e2f2793eaca598a6fcef672b2d363509d89264,121345524345232151525414323353112254412423315243355241451521433214143535532534412,6,0,6,19871,0,0,354325421121253445254141323213142543345512134413534252522414531131253254542431312,7e0add7ef4cf8d73a0e04cb0509e56efd8643235cc9587c79195e4606fc41bc5,15-16-16-17-17,1,1,960
271,c10f690d5897e1aa25ea831b14020fd4e2611b107b77bfb1589bc7768f45ef8b,123124453534341215442523351513152424432451135251234341315232514241313542124545123,2,0,2,20223,0,0,325541341214153532123342455545421312231125435153534124512434213452313154341252541,e5a3ed03097b19fe8cd040e8b238cd071e39a50d02e848bb1b2b6897e1cf5370,15-16-16-17-17,1,1,960
272,c83b111ba26d05e793d7fea5be685e9f8b4dc2f7a1a00e40f07be70e32dc5db0,112344235453513221124125543253524143344132552235451412511252334425433125341215354,3,0,3,20281,0,0,434225513325134425515431322352124354153352214242413135131345452421543231543252141,a46f6cd488a6c18ced8a2b65c824ae05ee8e5fc0309cc84cf6970ee6a5ca9de7,15-16-16-17-17,1,1,960
273,287374826220f63ec24e1fedb0654c48d0e1d53245cbd75081d719400970b1ff,121234553535421214553324142421515332112343254244515133313142425342451325255132441,5,0,5,20432,0,0,144315225524513134142153254532424131255131342313424515451251323413242553235532441,c06830a98a7350cea71ac6062729b784194c54a125a73d210b5dfb4e4958d41e,16-16-16-16-17,1,1,960
274,152425c643c872de80df1f36e10b511b847b9680f5cfd2cac74b2e2bd617638b,112334524245513314334452125551132243322454151214515343453325211521243435433121452,1,0,1,21359,0,0,425353211235121454114354532532214431414523253543215123353145124342542315121432345,0e8506fd30d0f854f5d8c2fa38bb1a4ebc8c467489f5dd29c09a33034d3c70e4,16-16-16-16-17,1,1,960
275,5986505e5a6d3f44cd4e0c1a900208c9796be5b3bbf9643cb700b4ed2566374e,112234354143531254255214433442353512455411232321352541231143425324545123533122145,6,0,6,21387,0,0,135154422134253512551124334423535411454221331213435245341512254542313145312442553,a34a805020854dfcecfbc003bfe5f6b13bd21c5c5faf9a5b2736e16d3535b775,15-16-16-17-17,1,1,960
276,fbd8e77708c1950d31fabe0a077b2b05158e0ee851b003638492a74b0a588153,112324453352324415434515122544232513233151524511242334225431341341545232423413251,7,0,7,21619,0,0,143215235323454152152125433522353114534141223214323554331414525415532342245532311,0ce8e9bbe55766bb16b3ed22839da9632c870609988db5e39f9449a35364bd39,14-15-17-17-18,1,1,960
277,bde815011c499c60972f3e4623efa2b5765d18207bf0a6519d5a002ce35d5744,112324545524313214435451123421215334353542121544231312133542452241435235212153543,2,0,2,21922,0,0,342415532415251324351212453421351532513142423224535341543124215152534241134423155,98fdd0dc417f0f156e5efef7731540c802aa16beca7e4023b3e61eccc44fdbb7,15-16-16-17-17,1,1,960
278,5d7bba6c4a0659cd9a98afa5d1706a07a3fe5b6c7cef9df7e3dbd05404140192,112334255335541124524141323243125543135223454554412331251314542411253432323452115,1,0,1,22762,0,0,113422355435541122232545431241135243414233125522354411341452513324213554155314232,fbb27723529fbd0049df38c9622980e6ee1ad6996be645264f0449170e9affbe,16-16-16-16-17,1,1,960
279,a247f9b0ae4bc601fc6bbd5c0772f0cd5383b0fa76e5dab1c81c3dd9f908e559,112324545425141323134525231513231244454532321231415435325452114241313452342154513,3,0,3,23027,0,0,351425243154343521312521445134542532525231314243134155435212134512454313441315252,aea1578280f51040942491c8f3758eaf0d71e5f1f64d0a2f9fd98115abfb9f37,15-16-16-17-17,1,1,960
280,78bfd7f122a797c1675b974689711f332dcb20190ca332ff55a82d60c12d13a0,112345352243231415345154231453231214415354322221413535324545121131523544534122143,11,0,11,23654,0,0,452311235223354115151542423544123532331542421324215154545423312113235254215431543,55b70396bfdf06ec2368b9f6ace58f4cd1bcbf0ddcaafddde0bb9c202a8ffb0e,15-16-16-17-17,1,1,960
281,0f354ef5d79bcbfd34690cdb00f55633c6172725b3a84a4a13889b4801b4afee,112234553455142213132354541245141332434321251521213445313525424344515132521433124,10,0,10,23834,0,0,355132244342214551415153234233414512452423131511342425121525343234545113124331425,78c12e65970da6cbea644a68039db5f3bdd84b9a1ab096060c3d9bdd76731d4e,15-16-16-17-17,1,1,960
282,9680aff6a756f798899bee631f4a68e477557c56e56d9c3514cd320462a88047,112334524245513314334452125541132243322454151214515343453325211521243435453121452,4,0,4,23931,0,0,512421343532315414143513252243534215254245131321134425425152133151343524334252541,59815832a877ed5136f8486284ebd779a1bf306bbf4317efe8903cb836c36c02,16-16-16-16-17,1,1,960
283,4cf98cfb14281d03ce55bddddb8255d835dc66c4a9596c4b898e3adb421013a9,112343452354312125145512343232454531543231245224534311535121234313425514421245153,14,0,14,23966,0,0,251414233523234154414235513345151242512342415334145122142323545135521434453512321,283f2d8430c99e67309e68e24f0b11aea48a8f797eec5dd3bdfdbbda4410c968,16-16-16-16-17,1,1,960
284,bf96a7490ccc3d45d2bf1342861bc1bfa73795fa9f25446c127e4c1b38a25186,112342543354122415132435421521531324433221551541513234413254135355314242244153153,2,0,2,23999,0,0,312312445545423113132415324435321241211255334453231251254134532124552413341543522,2f8163dbf571d85bbe2d01530f79dc45cb0328cb204e98744b5891be996c9c59,15-16-16-17-17,1,1,960
285,ef26c38c5872c1b90eb6e2f94a65f5db6661de0f815c6dad901cbe2850f77854,123234415414515232523451124411252533252343451535412213342125354254523341135344125,4,0,4,24210,0,0,534232415145352123322145314425121354411345532253421451541513242254253131312514543,c29a01744ccdab3041727f8eea5ff2b9a34adb90a00d223b8fda76f62a8a6552,15-16-16-17-17,1,1,960
286,9620178303e88d00321234b49ddcd4a77ea947e449f60782181521921eacf566,112234453324515241441313225323542451541453132233152544455221313235424135114335524,1,0,1,24444,0,0,354521413312145453422131345145342125155224331243515124231234554513412542421453231,45fc99184ea8c79c507442036d62b78204d44682fd814540c9c383193f5bed6a,15-16-16-17-17,1,1,960
287,062bd4e768ef6088ba54dac43514e787ee8dbafaf38571aed047c7681935298b,122334145435451232224154531153232454344515312353242145211545323531421253412323514,17,0,17,24604,0,0,532121435413523241233454121141252354155434132341212545225345413514543212322115354,f2e684b11bab9f195b7d14128b98da74cda760b7838d318f311871b4786f0d21,15-16-16-17-17,1,1,960
288,0ab5ee83f56efcddfcbe2c43fc5153e5f17e27cdaf3ce666d3e6e98e4372ffd9,121334245244251513435143122452233154315152423512412534323515441144521335233445251,1,0,1,24639,0,0,142455332433124551155414323534215214325241413541332245221351435314142552452533121,d53856ea382b18762ac050d029a7628cd4abdff585d6966f23d03575290b75ec,16-16-16-16-17,1,1,960
289,533cfc741b40a1e0af305583bba01f9474b216649d4117e8ce4a8555cac786c6,112234345234551314345154212231421453455323421421415533323545124143312245552143132,2,0,2,24649,0,0,225413435413345512353212451154142233122353154534154123312421545531224341445531312,9f67a67514ab32317a3f8b9dae79d45b5317f9bb7cd6ab4f9611318e3c46038a,15-16-16-17-17,1,1,960
290,84c865596a4e721030a6009b9e2a51b6afb1a183a6be94e56037414d5d1636f5,121334524345412153525323414331415225234524511514145332153531242412142335253251441,3,0,3,24728,0,0,542511343123435251535141242244235311332542514411253532454312123211453435355324124,6dac9abde10a3b76e62b6ced24997599a241c63a543a479ccb968b8d28e6abb2,16-16-16-16-17,1,1,960
291,fc4ea27341c2b90e21de9f6295c6ff01f4002f48cf036a6bfe688781b36d86e6,112345324225443153343121255532521431141535322513134245234254531454212513321352414,6,0,6,24755,0,0,334152145442551321151343422214243513353212144231315452415425213525434231143124535,230d994bdebcbf5964ff34b4976ab50f6d59de2aef136cf4735a92df19131b88,15-16-16-17-17,1,1,960
292,c0224620a4ebc2b11dbf70fa474194b6f169234cf4cf336b702f4136a4cc9670,123145324245251143543231521151432352324415531412323415531523244454312153312154435,9,0,9,24785,0,0,354312421522453143141325325355221413241135534433541152134142532525413241213534214,b5ecced5d7de75e6a54abc7bdfffa486d9710d0e4f662e49998885076d18079e,15-16-16-17-17,1,1,960
293,ef6c5514eadee9b5f932b57290dcc5698a894aed57cdb970703c44df1c3b6cf3,112324535545311243331522544225543131134432155321145452452253311543151223213235414,3,0,3,24834,0,0,141253543533424512445523321321214435224351154454512233112332455513445212252135344,0ae3d08393b8670e45266e5c3cf571ab373b38570e111d2eb1765497d4a7ed9a,14-16-17-17-17,1,1,960
294,70316aefb515f44408add84d2eac3f144c2747697d622bef20f7d0f8841a9d94,112324534525313214414523253253211445334452121151534342443231525541152433232445351,8,0,8,24974,0,0,115423452524131354433125415155231234323245541554314321341512523232454115241352143,253481e8311d3a70e802df6a0aeef9bc65b9e8f5e64464c61cb82c2ebf43a31e,15-16-16-17-17,1,1,960
295,b7f8eb87379fb7f0457be7c562cd19cdc071e85906a7b64161a0dbb8787a88d3,112234345254533121434151232533121544121453432543322511421415353345512423315245214,5,0,5,25030,0,0,214354315254413532531514242452233411131542523422131455525141323345422131113325254,e99eb8c4865045bda7a62ca8e4d730cb6793fd2bf72264a01ab276d83e876716,15-16-16-17-17,1,1,960
296,861988ad2ce620a9d58dc552d7475756d8d55391e3f48079e6e9b7cd5376b4ed,112343425312145432443525211125414353243253511321414355551231244434151522254532143,2,0,2,25311,0,0,234521351454232311331154522412323415545141233211353445142545233323414152523415124,76ab3ce0562b664c1a558cbe0772664d50051eda31782cebe8915bb6b2a73e7e,15-16-16-17-17,1,1,960
297,d43811a4593acfbeeb01519991d1aeed7b00c1bc0673ea8f486d2b52762e26c8,112345354435421215525143423532421431341352542124234351253514142453132125244253513,6,0,6,25402,0,0,223541514451432321131245435153432452542513143234354512315124243415253231344315125,92940b399bee08fc48921599ecd0ed3fa97cecb670dbffb45a643288c4f24ec6,15-16-16-17-17,1,1,960
298,5d01995ca31eae78c63c5d3b1469388481926d7121386671762099faa01d9d4f,112234345254543121434151232253121544121453432543322511421415353345512423315245214,4,0,4,25646,0,0,245125143352541123313142452441553321532312454221454315535414232454321215123235544,efd97c0b34b8f55378305ddbf879b34df4bdd8f06b17cc65100b8c9ecd8f6862,15-15-17-17-17,1,1,960
299,20117ec20bc22cf1205fd6eb0570d02a57f8c4bccc3331d18c6c49badf96cdce,112345234525343421342125143445523132134134552251234413434251521253412315521512344,6,0,6,26137,0,0,221453145313454512451213254553314241245245331132145524545132312134521423312321455,d9406ac88a56a149d5cc34e26c829dae8e6759d3e3d27fffd4017f5f39d2efe3,15-16-16-17-17,1,1,960
300,0a7810c56d6d343df6907208dda67e7e6f214ce951e5618b045afde1d8956bae,121234554235144235122531345543345221454511332312255443515313424341422153234453512,3,0,3,26405,0,0,133452125321521534352521143114343252212143453543235211435215341525134412454312325,540209b05f11cdd964605d30f7bace68f7b5c69529ad685cd2ecd7a8e149d006,14-16-17-17-17,1,1,960
301,7bc68fb9c012d25fd900d3f22567b3545aaaf5cbc7355063023e2609fbb4470c,121334525535242134424353121312255414154423253532114432443521513341415352253541241,1,0,1,26814,0,0,345412312512124543115432425453221153241135345523344121131545232454313251232551434,c9364f3d4231c2c81d37a149886baa8becb6200dd9d7b2b7233dc1ebf796da31,16-16-16-16-17,1,1,960
302,b2cb9f1a5713a4fd56b65704fc5d399e106593d55b32c0b0965ac22f7419c582,112234535433142215152534341243141552454521231321215443515323424544313152321455124,5,0,5,26911,0,0,121325445154243123353521421314143552525231314232114554435432211512452343441315232,ebb8a07e6756568e3af03eb6e5b82793c02ecf15b611a3a81123714c687dd930,15-16-16-17-17,1,1,960
303,61013e9c6e6fdb8749ce70dd3e8b42cb74dcc86e7d4a4ca395930992fe902320,121334425241523513353142412342234551415152234524241331153415242432351154215425343,4,0,4,26992,0,0,143355242521541234423432515211354435354412123255234341434123512312215453535143124,74dc11884f64475119dfd3e77de710e186fc5609db9f202a7f16e8cb057d624b,15-16-16-17-17,1,1,960
304,6763984bd9f022142a291e0965a98b5d706be7b67c00fed311ea824832ac72a4,121345432332514145514532213112254354343411552455132324233425541455123231521343415,5,0,5,26995,0,0,143452152315142253215153432524243115433521524551324341431515324254311245122434513,c025fa1d7c8fc1678eab0feb66000ddb7996fa6c29353bf4940e97634a0c3126,15-16-16-17-17,1,1,960
305,94fb78185fc6ed8cedea7987cecb218eb60809c2b23803daedee328f2577a4e0,122345354353454112241145235212531453545331242414223531325514423431453125534212314,7,0,7,27174,0,0,324515214421432153253314452414552321343221545515321432541143523232434115155243234,c745176532c8e33cea2d046dc97acf9c4b8a2d9683e029e9a74751c480db3b20,15-16-16-17-17,1,1,960
306,95989291cd9d02b1f81cb1550ac13d0509921cc05de8dc50128da5f2c068874a,121234345425125334543354211413325451254541233512152443254543112332412155135213524,2,0,2,27464,0,0,532143214224345311344152523155324342113452523425231145443521152511234235251513434,acd8799834c856fd6232caca59c710b4a13aa83dadc614c7b28d606f97d71531,16-16-16-16-17,1,1,960
307,494c0d68f2fe0f5a18585298c6c19a7b85244868bf6b6ea52fa8fb2955110fdd,123234145355123424541425231232415153414533512532352414214541323341242355123314542,11,0,11,27538,0,0,342532154543114235422541351531324425155421332234245513215353142351212543123453421,3e560cbfb113980af0353d7d1ca2ee773cf62f5b1840ac37a2dbccd9b44b7bd0,15-15-17-17-17,1,1,960
308,8708924346b7f10cf62abfeceb1e32edc4e0a688e79562928d03516daa6e6a27,112343524325511434113423425245425133542351142531154342451242351434112253253234511,6,0,6,27884,0,0,553241431431155242534121532124235543125534123445312321312412455242553314213424155,cec17e0f9c167f106a6cb2557b8197e28914ef5d726adb58c21ed23b3dba0e58,15-16-16-17-17,1,1,960
309,6ac6e2a05622dc1d248f9ab674cabf037f9d5309f945d718259542210b69c5de,112324535355431214422435311231541452513522443544213235234354151155212343423153524,2,0,2,27960,0,0,151435322423254115225154334314241253544331521153523441212415453545323112431512534,627da3c9586db9b5ec0d85b7b39ef4d4e4b0c74a091fec27d9618dcf83177e71,15-16-16-17-17,1,1,960
310,9881e321293b4fbc43e7203462a70347f04a52c1b2ab38270a2648dc97ceb75a,112345235525343421342125143415523132134134552251234413434251521243412315521512344,3,0,3,28379,0,0,332541251121545423542321345431125352354354112213254435454213123245432531123132544,bf00305c7b222bb492913c77de322b0be5e566bc8924ef8743cb3e73668db002,15-16-16-17-17,1,1,960
311,db55b43d2f86274ce407a78992e363228c1a0b513f7e13eab81d74a81f2b99dc,123124453534341215442523351313152424432451135251234341315232514241313542124545123,7,0,7,28475,0,0,142342351424513235351321442321523514535441123214235514135152423513214235243135152,3732bcba441c211f4b2013c8f33362be5e870ccba720400280d83ea627eb4e43,14-16-17-17-17,1,1,960
312,cc5497563b802e859735b060937bd9a2f6f28d42b507db7ea7ba124ac792cc56,112334245353415124221144353545421123151225334313142552235351441542513432434232515,1,0,1,28663,0,0,534153412514215323435153142325245314352442153212514534453531221241431235123324541,a4d8ac808366b24bddd8f57b3fa1273e34b93f8f52ecb2e23bcfd6f55c179a63,16-16-16-16-17,1,1,960
313,4df56b2944f48987981538be033d7c3c88a4c528f7aa9d2d09976f15aa327fff,112234354224531543534452112451323152412155433541323241235245411323141525145412335,4,0,4,28694,0,0,352144123425431523151323442432535412344212155231515234514243315523451341113352254,de78a3ece01e1ac7e410814a1fe672c95c4f96acd84abfa74e33966f5f5cf9e6,16-16-16-16-17,1,1,960
314,e14a5dac40e3f46f026ea15c0358ae23c52419a9444d4097694fbfef88889a69,121234354415541223232315145215543432134325512542423131343112524353152441524451313,3,0,3,28759,0,0,135154242544213321312325454451513324423345152252541413143422515211432535525231143,f77dc945c85127a9f045971c4226295d8a961e121b24835be470d85ceaf593f8,15-16-16-17-17,1,1,960
315,422ba317fa6e5dc6c0f70cf85d380699849ae3daeee4afd09da251629a6b1270,121343554534521213351152432453232154214455332543214125215434321435121243342315415,1,0,1,29338,0,0,233424515451513243142135534235141432144332251315251423514242351421515342352354124,1e76b49489ab8c7526b552d9c5f87f426bd7ae4e4348aa36109da5a74e7c46eb,16-16-16-16-17,1,1,960
316,adeedad86d76ec28014ed6971cbe72096c9e644a732edc949cb850287609bcb0,112345542235454131442121553253131254521543321344532215321415423534212134415323415,2,0,2,29473,0,0,513541342432425531141232545325234415244313251321554413514143252432125134153352124,08734be651255f89f5a09e0496bded92ae9e396b2d8fd016c68b369572b9fdcb,16-16-16-16-17,1,1,960
317,6d6fab28dbc5d4a8e75592ae399879ad7a675fff3c69b41118b02e34f0238520,112334245353415124221144353545423113151225334313142552235351441542513432434232515,7,0,7,29475,0,0,132355244324143515515334422544523131355122414211234545433415152253541231141252353,7dfee8df0e4072519b7f4ee706e6fa619b03b409ab22c6358e710eca497705c6,15-16-16-16-18,1,1,960
318,15e786727092ba009f85fc06787a6367595b7f2a62ea9c7f0a481c0b7e56232e,112343452324351524545232311234141532413235215251514343531423254352524141423415125,2,0,2,29515,0,0,531414522153234154224545313543212145325345421414123235135451243212153534352321451,9868474cca2b5011e1097b6bce5daa226a9e2454091795705b2c3ad5b72514d6,16-16-16-16-17,1,1,960
319,8c83eec8ba67e129e6d4c5f3b63fbd953bc64aecaea19b91a710762575b48b2e,112324534231413255354542123422355314354512143421235351543141232135431422213123545,9,0,9,29616,0,0,231253544115342435354521213243113552324541213413135452535424321552432134121354345,bcbb645a6f6b751fc4b25580a768810efd3067721bfba1fe597d3f0f8728d50e,15-15-16-17-18,1,1,960
320,f38e9b36c4a7555fb1434fd9a34d7987471577fe7be53e241518f2b0e79a369c,121234553235344125514532324145315342234421531322155441551413232352142453413253214,3,0,3,29886,0,0,145423523355241342423215153231314542513523414424535211212154435354141225142332154,fccad06f5f8abb1ed3385278f2075bc42b1c2a15a264e7b1de6426edc56fa8d4,15-16-16-17-17,1,1,960
321,901afeb9120b15f66dceee530adb95027cf4cebbef04830568c9ec79a7646cdc,112323455432525341553414122441252335253414123311252544224541513334145252525131234,14,0,14,29908,0,0,212434135335452121115254243344121255123545413554121332223545411531212354441313522,2468d0cd63307a4d02c8fed7ff83342ba359638ff588eba1c5398ebb7ee7a797,15-15-16-17-18,1,1,960
322,ce4d676dbcfb82d7d25be3323811a0994acf4d2c157ea82b43bb4708e1d70462,123234415414515232523451123341252534252343451535412213342125354254523341135344125,2,0,2,29921,0,0,452312314141523523353412152125135423342254115524131235514251334431324251213543542,5be9490866427de0a6b1dde92095112c5a8b5e6e19514e1cb1b9cdb534e3c888,14-16-17-17-17,1,1,960
323,0045ab1e4eb47a2683948fb88e7442cdccaa967e9f7b8e51fcd3db31df78e64f,112344552455232141424151335553131244541453322233524511341415223225513134312245453,4,0,4,30192,0,0,144335122232151443455242313331252544115543234224314551511423235352524411543431125,f56c876d5e4098306471c984edb7d89b6cbed232a022c334772d225f9335e505,16-16-16-16-17,1,1,960
324,14e5016ca3787f12000f119de63abe2f4620be7d92f05e04ea782c2da089127f,112233455535431221324545112331525442142142533551122334243354511425351324453214253,10,0,10,30229,0,0,224115533355314212533242451544252311112543543411553322332421145451321254125435124,4a4828a61449b48f27bb405e94636edf04532fc74358e6db47041d82b7e08d77,15-15-17-17-17,1,1,960
325,abf084f0c827cb67ed4c7df524169a8a1c9541340a91f7f4def04521596b1832,112324545525141323134525231513231244454532321231415435325452114241313452342154513,11,0,11,30543,0,0,345153124124124535342241513153523241212445353453231145231415352524534211535312424,c90ac85451c5d0326f6676396ed5a540c396c96b826538c0874c5c6a4826eb89,16-16-16-16-17,1,1,960
326,a8c468248dfddbe5abce8abc11528b6e4d39d3da3dc6fda1a44b633296bf3b51,122345341344521213213531454254245331345152142123253514532414132531414523415332425,5,0,5,30617,0,0,344125123122543431431513252452425113125354324341451532514232314513232541235114245,a72c4c6656c874f0f3e3d4c08551b11ffb151e1640cf5459a26532c3294b86c5,15-16-16-17-17,1,1,960
327,5e450363ac5129a2eb28b27ed8d521737ff7c0128a8ebe137975196ecfd895b2,122314553235534114451152342334241251213155443544223135325345421541521324413412235,4,0,4,30634,0,0,531432421342451315325141254425353421542123135113524253254315143251214334413542512,03a3be241b02e9fd2565f9d11b2cc9f72b55f2c46056558f240d546d3f4e1354,16-16-16-16-17,1,1,960
328,48a757385143e22368c9d284359024896d3c6844d5a659a8dbcc2504ba783fd9,112323445534421215145453321223115543355232414244215531351134252523544123431552134,5,0,5,30677,0,0,251313454135253214414251523554334221521414533322535141443525132135142342213421455,18bf6650ead54d5349ac1cb741b1fc42181cc2fe1d6bd0a7f8ce50b8869c6b3f,16-16-16-16-17,1,1,960
329,584236a7b1f91e246e6bb04faff2c5d84e77e58d2b20b99a1235221d488b47d3,112343452324351524545232311235141532443235215251514343531423254352524131423415125,2,0,2,30720,0,0,334212154241253541515424233425313524112425435453531212523142451254541323142135345,1aa0fdb7ea45dea20f13b3e1ddd3e6a5d2e6af62843f75692b1114d033ad3b97,15-15-17-17-17,1,1,960
330,2b29d499f96edf84aaf15b277496488f44a649fb5938af2538752abec57280e2,112343525435251143254343511351254423543112342423125351342534215535421234211532454,4,0,4,30953,0,0,544125313121354523235123541352451214132445235214513352513232144321514432445232151,c2c2a3a397007536686f9a5a1eb275946800f5fc4b883dfb2990becf32f943fb,15-16-16-17-17,1,1,960
331,bb0cdbec6a58411caedad8425653a878f07de679aa12b14381f532b4b3f276ae,112345354435423215525141423532421431341352542124234351253514142453132125214253513,1,0,1,30977,0,0,441253235523512143313454512321514524254231351415125234132345451532421413145132342,f7bfac2b07dd5f9ef44a0fbf01267e663ac843c3a9e013ba789f7e8cb21680fd,16-16-16-16-17,1,1,960
332,df682a7d707fc4ed13bfd18c40f8432a66d4004535b7eb3e2811d3168745f459,112343524435252131324141553455131422521324341344235215241515233233514152512423314,3,0,3,31223,0,0,123524351534512342424135523352214413141353225352235441541421235235451132213143554,e09e86397f042a0a9bac35f9fbe7adf0b4cd96022116ea4e18c8daf65b47efe5,15-15-17-17-17,1,1,960
333,c0264a4b9a586533a52b6c2ee9433eaf0bfabb3de2db5ba37f297313b3c02e29,112345354435421215525143423532421431341352542124234351253514142453132125214253513,2,0,2,31342,0,0,523434521431215342244521135531134542254523131342351415155143223422315354313452214,250968d18f92a8a2c5b768acbb2100a90e272e963130062438c1d3f213123231,16-16-16-16-17,1,1,960
334,bf592b333e68926d1d9c2fb4817be5ab3e73250591038edfab4e65d8f397ae10,123124453534351214442523351313142425432451135251234341315232514245313542124545123,1,0,1,31458,0,0,352144123521235414144312352435215312213342545435521431244153523521431235153523241,9b4cc7ede93e1ddc303d0854ea715735214ca826080f63214667ef60f9ce138b,15-16-16-17-17,1,1,960
335,eb829b96436d107bb2ee62c2b0e45bc61f2118c0dde6e9b058fb78f5d70a0335,112324545334145122521523431543315142422543315133252454451431223214451253355214314,2,0,2,31857,0,0,243531125151243425135242534433412152512135434355421213244325351514153243322314541,78fe59ef0992bf36fda935e0c58cc353002cad368edd39a0096858bff76d4e22,16-16-16-16-17,1,1,960
336,929ed6382080d15f1a24d69232f27dd1ae8e967d8b31d66346566610e345f4d0,112345234255343421344125153512523134124134552451232413435251321243412515521514342,2,0,2,32007,0,0,432543211124343552351521443431325215255431421314232154123152534515214342243415125,68dc77a6048ab2041c1dc54ecc770735aceb4e2e14a276ff5d8f6554b6f50def,15-16-16-17-17,1,1,960
337,f57641b711b5404f7248f126630a9e0b2e597eede22f788017e45188288effbd,112345253245453121135123454453421123231534542414252531541232345353514412524341315,3,0,3,32445,0,0,212515434253432541144325235352541143541134325433251152125244353414153522325312414,fcb5465f806af554232c96628747d2589273fe73386178bf784d0a0c7a6e45bd,15-16-16-17-17,1,1,960
338,e41fe6e0a001a6adcf47afb39636fc11d079ae59028e14bc36bfbc2fb93ab858,112343554445131522533242415421515432554232113221515344133424255315124243254451331,9,0,9,32678,0,0,544151233224313455435252114215434325133212544551434322442525113152523431311345542,5741597bb316f0dc3db5d1be7b664e61cb1e571002a1e23ce66c4b6e22f8fc75,15-16-16-17-17,1,1,960
339,176e6a471b4c173a59d2c596837a95b62527b9952952e24355f01c30ba301031,121234543431455232254321451435311252512253314343112425145132543323445125254523134,4,0,4,32844,0,0,514132524352241315213153244324451125521434531135514432443215253152543312231325451,ff4776ff59066a24c260e2a3f3c6d16d092d4702159d967f5315efba2312b56c,15-16-16-17-17,1,1,960
340,b87533af4207496c537ffe4848f1a9d9ffb4ef4b41d797310183f365a7f3f950,112343554435252131324141523455131422521324345344235211241515233233514152512423314,6,0,6,33111,0,0,512423314233514152241515233344235211521324345455131422324141523435252131112343554,5617b432eb7ed16c34fef0ea3e19e325fa69f088c9ccbe6eb4259e9c61b821cd,15-15-17-17-17,1,1,960
341,15fe4feee1d764055d988dd606bac6bcf69b46d9782181cc6293b29bdf79764c,121234345442551313331125254455343121134525234242313451514212533213152445523434512,19,0,19,33419,0,0,514323241324145132121253544255414132413352514235414315442521353533241425151532423,36f98e289225864a17f4d74ef529f45d8de334fe1449808736d564ab7f900b17,16-16-16-16-17,1,1,960
342,9e03fe1b12ca61c30767b4613e7c0bf9d79156103b7d29f2f23d2686fd44b362,112323454452521343353451122544252131511334422341212545225443531235145213123535214,4,0,4,33444,0,0,244311352434525112311225344125434513355231144113454223441152235223543451532142435,0995638109c5d33e9d4684a55781bc1e709465bb91ad956b3fe3cca89da1760b,15-16-16-16-18,1,1,960
343,c4c16cc00eff5e2c6e32fa0904ab672c97a5e95411c30f0da130d47da2448ea9,112343554435252131324141523455131422521324345344235211241515233233514142512423315,4,0,4,33576,0,0,322434511141525243452131354553141223234354152115245334445212135531312445214453512,fe67275b3e0eb77a8d0a3daca3cda386197488e089f189eb86c36ab70ee8763d,15-15-17-17-17,1,1,960
344,b960947b3764d9e73cda0516756a1295f2ee01b3521527a911b0ec3d192a3597,112323445534542123425153124322431551431525241251434312143214253254315432343242515,3,0,3,33701,0,0,531224345144512532122543415343251154415343221352151434415422313234435151251314243,de2f3119745a1db8b5eb3b53fb27d4fdf2328c3dfc57590041362b6315865da9,15-15-16-17-18,1,1,960
345,0b3b1aa7b1cdc3a10f4953d24f83596f94c3a89ac907b21742eceaa758d1d8e9,112343554435252131324141523455131422521324341344235215241515233233514142512423315,1,0,1,34215,0,0,344232511121545423254131352553121443132352154415425332225414135531314225412253514,018091d1a926675a7b63a45ce954e6c8de675ae45ff24224b63afe2eafbeaaa4,15-15-17-17-17,1,1,960
346,0a2df5da40ff332016e3d1ba9d98bdee3684cef6fd81917e3e86e751c0fcafb8,121345325515422143542514132313215254233441515245253341452131432334152254121534423,8,0,8,34262,0,0,353124452224315514415323425541512243522443131232531514145134325131455342353241251,9595139c15f94356d04d94baa4389ae6fd93ba1d51e5c344ec1a5b5e5b6213f7,16-16-16-16-17,1,1,960
347,4c393dcdc73e3d0d0596953d527215e3b4f624d1825932ad064e2b5f41cba170,112345234255343421344125153512523144124134552451232413435251321243412515521514342,9,0,9,34359,0,0,112345234255343421344125153512523144124134552451232413435251321243412515521514342,aa04e1ebe7bc007cf36eef3ea6d1c84c67b19976be92025d1c38b08ecb241ad3,14-16-17-17-17,1,1,960
348,85eebcd56fa08ab2e905986552be97bff7f6b32e4b996b7936f206789d777043,121343525235324141245451332414253251353511442513224354332515414454135123142432515,6,0,6,34625,0,0,143234551423121435545334221412525433331512254522413143214345312151242345234451512,0ddb2df1af9c96fa4c2251eb177463ba21e98f44cad33adc0d342c0f412d6186,15-16-16-17-17,1,1,960
349,ba738038a9190d97e13cf6709d51e2758cbc9cc607e5f491313ca3afaf9caacf,112323454442525331153414522431252345553434122331212545224543113314145253525131234,12,0,12,34827,0,0,412145353232141453455313122334252541155314322341252541223431415143525214511424235,e298e4316b57f9f7938940d1fe4b324c1a0070528d3bc3538f3d485ea2ba1abd,15-16-16-17-17,1,1,960
350,1975adc22103fef2ef48df5206783e44769af228da3779642fc15a67586b46d5,121234543431455232254321451435311252512243314343112425145132543323445125254523131,4,0,4,34862,0,0,351542321124235514335412425152213354241353251543321142415125433524431512213154243,67d1e9f9f060aef4d3a3e5d4035ac698e865ae09bece620ec7677fd26cb876ff,15-16-16-17-17,1,1,960
351,d8a83e4cb4c131fc4b44cefb97c5e8de7586089d1e77f52ee2e626fc29fe5f2b,121345524345232141525414323353112254412423315243355241451521433214143535532534412,2,0,2,35068,0,0,215523414424131523313242515251144353543312142421553321332415452535324241142235135,d09a7dd910796836886869130ccfd40fc726b090acb99f555b4a8abeab7ccc16,15-16-16-17-17,1,1,960
352,0c4c8d520dad64a9ad5f67e34320025ea278b1c1d726ac0c90408411719d5126,112345245255234143544231321533144152141552323423113452351523214325412435234351514,1,0,1,35227,0,0,253151424441212353135354142243415513455423132511323245124535324324541215312234551,d44d4cfb50049e17cfb32a877617cbd4e7577b7d31322072787c6cc2e879d0a0,16-16-16-16-17,1,1,960
353,90d451ffd44f40b3c10c87d3f1cab922f8077328565dffab3b9c22446749c958,112342354453531221424255133551124243312435152531154432245423311123541524345212415,5,0,5,35280,0,0,253311524413243515315152342154242351234134125341525241132515434541453212522434153,b856641a3290e5e6cfbbf9ffb53b59ebccfc7366eb2e79876c7b814dfa7e7bb2,15-16-16-17-17,1,1,960
354,afee37bba852cb6e7bb7d3288bc0a1cc4481d3386da021a930d655181b267881,112324554434515221251314345531442351523253144443152532215243413345131422124435215,1,0,1,35367,0,0,241423531132125434135541223212353541344211255515234342324455112451532423423112354,7e8bca48e7e2da1764fc5c8a46a89384cedc3feb11208a128a402421e8b675ee,15-16-16-16-18,1,1,960
355,440324845a6476cbb550cd852c77b371a3a5fd3ea455e45efba1ad6caed84b12,112334525234341512445523132351134254252145143134252351323455411521413234543212345,3,0,3,35634,0,0,254152133214331554543254121113225445145143322421435315332521451521343214355412243,b67dc10f76fc79f82cba4a39c1a3c141f2185af636fbfcf203085d527f06fd7f,16-16-16-16-17,1,1,960
356,d1271d21704db32264c2064a70e1f92480b29a4c1f4a1e51d0e6552d9ac34d2c,112343452324351524545232311234141532443235215251514343531423254352524131423415125,5,0,5,35921,0,0,112545432524531324343252511254141352445253213231314545351425234532324151425413123,e67e2e92440e33513af630df0ce9f4e4d96ba2be0f2786dd42b3252401dd3064,15-16-16-17-17,1,1,960
357,28efc3e9a7cb29d71b6c21b0567812dde3b7dca6a68ea330c85b4b562422c10f,112323445534542123425153124322431551431525241255434312143214253254315432341242515,14,0,14,35953,0,0,245433152352312441214542331421123545133545214454121325315234214121254453543415123,81e24b49d40bb7c47450812369afc5d83c2ef079f5a7be1f8760f93a459272e2,15-15-16-17-18,1,1,960
358,1912a264f878876405c9e3e29bfcddf9407232ceb6504ca73b661bac37f50f3f,121342354243535211354121235213542453542351314414153532355224141135413425432415523,1,0,1,35979,0,0,343154125451212433125343412431254521254123135535321214122445353312531542514532241,7160711f1d65e12de24bfa3f42cce9cea305a01f71cd1be7a7a0b9606381cd86,15-16-16-17-17,1,1,960
359,2d568838f37c3ab00cbc3696e469917d392cbf7813020c4e9116651c83240c67,112324435524313214435451123421215354353542141544231312133542452241435235212153543,2,0,2,36292,0,0,124253314453125142235454231245135314351524241442313125321542453534312425512241533,6d474d25ffa158d27bbde91b69bc0d7d935d9eb154f4e7df7c317dbabaf1eab5,15-16-16-17-17,1,1,960
360,1c1ca8f2101f1696cd0d52068ed40e5587cd678808fbda9ef387c24df9406c90,112345235525343411342125143415523132134134522251234453434251521243452315521512344,6,0,6,36391,0,0,441235125515232344231415432345512421423423511154123352323154514132351245514541233,b528ce1f2fecb0611b4ce5645b6e3662874289443ab1917118a7f6e855c7f2f0,16-16-16-16-17,1,1,960
361,4578229740e615f3ef3c14bc4ae5c6c67aa5994200f35118c0557dab1e05bd76,112334545234541152255141234341253251454225313523114324323455121515322443431412535,3,0,3,36453,0,0,212345415155331242434225131531544132141233525423123451513454223324452513252511344,aa20aaf3f7214636db435620c1a0b2611ee8e5f1755d204a2dd0306a41a25546,16-16-16-16-17,1,1,960
362,058fce28f5184ce7e34b92bc24226a32fd7acccd7f9f14cca9c2cad8449e2ea5,121234535425431321515124432332425154554143212211355344252513143434311225143252453,1,0,1,36493,0,0,125323154233441515154142323551221443343154522524235311315534242431415235212513434,064c44fc177d746e84a52a69d6d2fea792b705be2aac11e28b69b54f91091bb2,16-16-16-16-17,1,1,960
363,0a38e306e5bd52db0839d4986b81040abe456fa1599af491ca358bf0725b42f8,121324345235125414454151332412433251344551212513213454322514143545432123131242535,2,0,2,36494,0,0,231413552345242315535113442324545311112524453544321231423135124152434135413352524,90f2459b32ca7b5a5d871f4975031a663348405c76e6b7fc92fabf808ebdf4b5,15-16-16-17-17,1,1,960
364,ddbc946306fec4d37a33bdcad7e4432b9d419fff7eb8b6dcfd4955eabffd90fe,123142534243531425445512133211353244352414152425353421334221515154235341531144352,2,0,2,36917,0,0,312445521542123415151533422534212134315454312443212553225351144134521243421345235,996bc4cd52ae7c1d8938f052bacbee52e7e553a7584253951a00934348b1c43c,15-16-16-17-17,1,1,960
365,2cb1b16e0da0da8ce64136e1a11161e64bdf3eb7f49656fe831a8930aef834e8,121343524243515431415321253135214345354421152212134435451453322332542514543152143,1,0,1,37371,0,0,123152354231541453154432125545231341312125434541313522432513541254345213315424235,a637ce7200ab945bb4adfc9f1b59cc81d7a0e7051a6e52fcc2028d4e2fbf2738,15-16-16-17-17,1,1,960
366,3dacab1b55cb4a0eb35dfb65fd947eeec8010e2adbc3e844c665f65c0d719e2e,112324545245431312535121234453235241421543351131342452544512123224113535352254413,4,0,4,37373,0,0,252133415321554234453421125421125334533442121135251342144332551514215243215344513,360cf47745c72eea4876d8fd9fe0fc336c00029666636c17ec0fb9e38dbe020f,16-16-16-16-17,1,1,960
367,54d1ff1790ad37d1b3992e160b666f4a0cc80a6d0ae05a63991dbed6464948be,112342535525311423331544522445523131132234155341125254254453311523151443413435212,4,0,4,37405,0,0,545312142122434153441132235235354421334215514414153322553223411152441353313521544,0fc02cf5ab743b8abc49a0f6735a96b6cbfb73f4f4e77173a30c3884ab2a14c9,15-15-17-17-17,1,1,960
368,7d455806346fcdaf5d29f6c04e70d6b524e2877e00b8220650f5344d7df7e79a,112234545423411253115343422342521341534342121221153534343455112534112235255234314,7,0,7,37656,0,0,135135242354154212345241351124253541523341425413512524512325413252514134431422153,2a81576ed5daef96d4cbe5298af75de338f1fd7c0280669a775a9b8906766013,14-16-17-17-17,1,1,960
369,5406c8db03060b83cbe90971b4e8b199b263a60f4d8de7b280959b6d91de8094,112234545234511324142554132253431142451122353331455224423325511545112433525343411,5,0,5,37709,0,0,331154242154233514341224351125453341423311525553422114415512233242331455212545433,9c68bcba1bff5f3622ddd0450f2cff901dc62d3363e7148ad03f4e2da84f9991,16-16-16-16-17,1,1,960
370,eac24d851c60cdb54cccfcf0b2d7f3755e5be1e625d9bf0c04991e3c1fb67d3d,123145324253521431414132352352234541334452215521213443435453112512341524241325153,9,0,9,37871,0,0,145223534431324215225451341131454522542231354314542213252345131423515143514132452,572b0f6628b8ece9c09ef39b63e5f0ad16f9a3852702e638e705a9500f70f78c,15-16-16-17-17,1,1,960
371,91d98e519e0a7e1ac711937da0fd0312d5dd17e3bac6b3bf23e10a82fe7415a0,112344325242513143535321244121445523235415431413232515451232314544523132323154452,7,0,7,37904,0,0,535214413144135253412353524425353121351421452232441135151532344343125245223544531,8c254cd24af4f4839a071530d87c4b35d5aea652e6d70147856113b14eff8298,15-15-17-17-17,1,1,960
372,04410ddc5e819406fae515092df083606059422c6b9bbe47bbb62a979c1aa568,112323454431452125325341421322141545145523213214135532533214241251514332543252314,2,0,2,38017,0,0,545313122412145235215253413454252113321314452134432521251521334133524241523141354,8e391452571dd8c123e048d3658d05d337418b1fe6c5e88a19eca1f233b66483,15-15-16-17-18,1,1,960
373,263fe94c32bef2df66a11c7266afec4358c45284a81acddcade7432f5b45101e,112345542345123214142345351523124453454531322231514435514232531453213124231452145,2,0,2,38025,0,0,313425425322541341545123213131344552252513134414232515451212433234451152523154324,98be744f008d72eda0121eb7cb25a28a61057916d6405715cc10fa4ba920f4f5,16-16-16-16-17,1,1,960
374,8ba49a1d906bf52b618633f0156b2fb04be2fc14139f98ab27439cd9a1c5f5e2,112345235525343421342125143415523132134134552251234453434251521243412315521512344,4,0,4,38080,0,0,125433452153224134442125513335114242552443311213352544541512323314245135231351425,60772c7331319b034844fe77d2968a25a2ca229959f577b1e7598f323a73d2c6,16-16-16-16-17,1,1,960
375,811afb8730b5ca5c31acd40d66ef161e04806f393435bfc6c429912610356828,112343554435252141324141523455131422521324341344235215241515233233514152512423314,3,0,3,38211,0,0,234452531513231445445131325135145224324254351552343112451323254323515142211424533,dcd2cf2730e1634728f97ee1fae4148d77ed1eb99ad413a7794f9afdafe244ec,15-16-16-17-17,1,1,960
376,f4109d4f607014e400bc7402107a7eb4ee794c91cffde19a1dc3f53356042213,112334255454521213523114342352321451114545332431212535535243124341452523223153144,1,0,1,38608,0,0,225135144143432521245124313313454512411323255532541431421255143154543232334211455,82a6d2a6260720fb3a08073e25ce4dd420aa75c17d471905c0bfc56b757d15bb,15-16-16-17-17,1,1,960
377,825857834ba0139f8f7b67d7c7327dedcfebbf03258de0b834464c869d35227f,121343554534521213351152432153232154214455332543214125215434321435121243342315415,1,0,1,38644,0,0,355232141214145325423451152351424251422553314541314235142323514234141523513512432,4171b1cf7a3e1eff3bec5a00d27a71fff34ed0a27c2c2cd83fd26b451bfe2f8f,15-16-16-17-17,1,1,960
378,70b5c9954d510c3dddab0af4fe69ef2e17f82c4813b1018dadd8fba12bb51e80,121324354315451232523543114242415533345542213231235451532114342454132521154223145,1,0,1,38754,0,0,354314212141253524322435415445523131421135534253541241134322145215142353532411352,e4c066497e038666f9e39f0a38781847b01f625ffbe60133261bdd5e68b4e368,16-16-16-16-17,1,1,960
379,aa271c41e6872076d684a95381717eaeb2aa7dffad0a31875d79697f2b9e0180,112343452324151524545232311235141532413235215251514343531423254352524131423415125,3,0,3,38916,0,0,231215435141532324523435142454512123213243415342151243114343252532121534325454311,6936eda1dc06504f4d520e3d5babf39a30a3080238f0a4b75af69f7a83bd15b8,14-16-17-17-17,1,1,960
380,42af1a73114f630805d05ff01239fc29b35940a3b27d7a616bdccd1d0ccff417,112234354235141425354325214241525331514353412531142243423253145345532121122414553,3,0,3,39174,0,0,214133542243524151135252431124342135451135342523341415451451223312425513535214324,dbaf668eb43b37059e68bad4b2afaa225de5fb5b202fc99dafe8f692d9d9c8d8,16-16-16-16-17,1,1,960
381,178e5a36072e03b3fea27d267dd13718a80dfbf2195819e436d9fe7fd12cfa79,112344552455232141424151335553131244541453322233524411341415225225513134312245413,2,0,2,39194,0,0,114533224322454131343121552225151433231325544455243311531312442442215153514432315,81f7909691d110461e798451e2b033a778774ef62cb8b69e8c8d0fa55db5dfa6,15-16-16-17-17,1,1,960
382,860bbc3a9bac2047ac6ea0a212a8f1b7831aaab6b6bdf1413af448f85e672eb5,112345452252341345453512213341524521525133144324124531435253114534251423143435252,1,0,1,39649,0,0,552314142242315314143452253315421425424533511321521435134243551431245123513134242,56078062472717ad1a239d6ba99ba3faee304857942dfe0227ca65c9992ce48f,15-16-16-17-17,1,1,960
383,6baefeb0241307454ce8451dd39cb995ada437e5af2bc5fa9a5b12786cfcdf56,112234345254533121434151232253121544121453432543322511421415353345512423315245214,3,0,3,40085,0,0,511345432342315145451252431242413315533424211425153324223131554354542123115234543,4b108ec5f18ba84dde4923721d97b053896ccec45bf3572ce58f2c708701692f,15-16-16-17-17,1,1,960
384,0d4eb58f96dc5881fec6d3d33210b114bbf066e1761ab2675d8c59c7e058f43e,121342435432553142323415125512512344543451213314234551454121253235134514151243432,4,0,4,40233,0,0,535413142143224513434152532253253411214125354451341225121535324342541251525314143,acce2c2e8409a90f1140a97783e6c76d692f25c1ca2de6a21f00799bcf47ae8d,15-16-16-17-17,1,1,960
385,a5fc7892a50c0a9be8956132029e93574a3ef9d1a3c63f9ccab57b7428a29ddd,121342535543325141342523141415143252232451513315134254454231312124255334231514425,2,0,2,40816,0,0,313541252242351143242153541535142324123234515435412321521215434411335452354423215,c03c6827c8fed310d0065725ff2f0719437567afa4fba01e70dda79f058112bc,16-16-16-16-17,1,1,960
386,22eb1bc0675416b8b6a09791074a35b8885db8d059026150a62d2914aa83512b,121343524211435352535241423132435452543521213422114535353524241415152334244353115,4,0,4,41449,0,0,433121552352524113121243435344553212231245451514312324212435341455312124545131243,6e70b93c2be977899b8b711a440fe95ac709f306115e9dc4a8e73d58dbf19550,15-16-16-17-17,1,1,960
387,965edb6914834170e9d37586b42be4be5669894886631857a96c12e675e1ef96,121334245452421351235151432543232514214543312331142425443215153514523231325314524,2,0,2,41473,0,0,235213154145245231352452314231431452414552312523121445314523521123144235542315143,c23a97c3ef0ede02c0b2f421710e558866836f975e5d2ce0fcd70e82e58b625e,15-16-16-17-17,1,1,960
388,da232717ed327acf27cee032cc569b5c22b9c50657eb669cece81446a48b810c,112234554423451312414132525255121433535324241321315445242515331143453252551243124,6,0,6,41556,0,0,344125132313251442154223153143355241525113324431342255252414513231544521412532314,422141ca513a011caa9a471299a21a83e31f13980203a93b0654c7fa182bc44a,15-16-16-17-17,1,1,960
389,1d240707639c3feedc8aed9f1d17c1b1c0e972affe26d8d92b5b2639aaffc577,112345354435423215525141423532421431341352542124234351253514142453132125244253513,6,0,6,41856,0,0,124431525135325442544512332321235415252543134431152253352243114415324251243151543,393000f5f4de20cf1713809563b2333f7cda3287df481b1bcc46c9a0a15e37f8,15-16-16-17-17,1,1,960
390,1676e7d7a368fba6f605b5d09b668d7e0a1f0729202dddf22d97338974cdab86,112345354423412155525141423255423431341232545454135312532523141313214524244551213,2,0,2,41857,0,0,324152451311424532154432152523213414232155134413514523532245341441523213245341325,8d2694a43c4ddd5ed8d0aac7e183578b3dc2ba6b74cb405df72a35fd88619b7e,15-16-16-17-17,1,1,960
391,ded39e557774d728693ffe1346dbf803993c65bd9c8868d2cd9df371943010f1,121234553235344125514532324145315342234421531322155441551413232352142413413553214,2,0,2,42323,0,0,211324545145332124342421351432152135521543324533115442424253511253435412354211253,4bf3f0e5fc7f6846bf90ba693d95e4e0f83618d1c824fd691748d943968e306f,16-16-16-16-17,1,1,960
392,4d4cecf2fabf0fe7a5ea2bf8fee56bcdfc43911b83dffe38c09564c2bc127a57,122313445345425113512314342324455213415132352233241154134542531541223534253134425,3,0,3,42397,0,0,324251341153132254141542532252531413313425512245413125532123445535344221421215354,b23a513ead0b165db9cc7f4c65cc53f7b2edc24bb6a87731c9435519f0364f91,15-15-16-17-18,1,1,960
393,9b1652c403d0b58eb47a4f9eb2578b91655387b74c127cad832403ef4a6775f2,112343554435252141324141523455131422521324345344235211241515233233514152512423314,4,0,4,42728,0,0,315254412544312135521313544422543511351452423233141255452121354243535121115424332,70e0622e292a1c55a37449b24b0f404ee270669b55cc2331e7a0effebb15d214,15-16-16-17-17,1,1,960
394,3e831b07f87efe979e307a03b570ed95d7fde7176b79daaebad8cb3f3f3f0412,112323454442525311153414522431252345553434122331212545224543113314145253525131234,4,0,4,43237,0,0,332121545552424133341535422513242154441515322113232454225451331135354241424313215,93ac42412e3a4093bbf2cb41b6bc45dfee4dc955b99fd8413f9d87ba9c5691df,16-16-16-16-17,1,1,960
395,0c45372a9f40e3e0c4c1a6c29f64a8813d598b58247f2b176e77b4f5465c342d,121343525235324141245451332414253251353511442513224354322515414454135123142432515,8,0,8,43462,0,0,232141535315134242345452113424351352151522443521334154133525424454215231243413525,28a806a97e8541179dfd2817bcadf99073059efd1f05db21a6765bff89e3c472,15-16-16-17-17,1,1,960
396,e3dd6f0475f8eee1630c98526a0e7161ed4a83c69d0cb8ff4df66df54d26c565,121345523514543221342521341253434152441152235213434515455212314524313154132155442,9,0,9,43747,0,0,432515134541314352415242315233141524115232443324151523352453241551324431244533115,628159896f44c8edca8d2807fc469c5be98d4f0f6a41ce8aeed91da9c7776416,14-16-17-17-17,1,1,960
397,32bd5a714a47363aeea748ac1161302e6c0477c1c602755ecc342761ea05c557,112343245454323151325151442534121534441232351253452413241415335523514123315245214,2,0,2,43844,0,0,415235213524513124231315445254352314331242451543121543425151332353424151112434235,c335b207caa27a60424e5526b9ec4c618456489c97877dc9cc2fae6e7d801df5,15-16-16-17-17,1,1,960
398,b3b81f813dc7e886b8bdb8c4776a511d3d35e2293e44ce114677e17e3d3f6f53,112323454442525331153414522431252345553434122331212545224543113214145253525131234,7,0,7,43871,0,0,251353414541423231533524211424131355113252544425141352114232543355414122242515133,8c7839947c9ff1f2fdb9c89145611d26bd3188f931ac8e31065ea59886caa5e1,15-16-16-16-18,1,1,960
399,9baa025a6bebe8731a8895bf9035b0ef100d56c43603819ca2762d0f33e9d58a,121344552534251231542451313135325244423413125214535324451212453345532141252143415,2,0,2,44001,0,0,352321441424135253341254321143425235251513442533454112212513534124332154415242513,7d72397311fd705930800338397708c8a1de554e2443f0482c2b9f078a20d8b0,15-16-16-17-17,1,1,960
400,f0dc663792cd3f23ea73ad6cad0b39bf6d9d00fe0b41a3a60115cd02d5cd9802,112234545524453131433215215255323414241415332351124452432341551345152123523541324,3,0,3,44087,0,0,532154234231341452144152325345531142322415153515232443413413225121245534454523311,deebe3a56b07d31991a8828552e8213546edc1e0566fc35138d89d9bea80df38,16-16-16-16-17,1,1,960
401,9f15145e299cdc8a5401235f5ba481f645f79d1c4ce73d55b093091acd9cba78,112234354224531543334452112451323152412155433541323241235245411323141525145412235,3,0,3,44223,0,0,145322451254213451343151225215414235122535344513434512532521134451243123331145542,0b6724ba6fc88fba06ef3319a686336a94f10281d41f5a79447ef516b626be0d,15-16-16-17-17,1,1,960
402,f5aae340dc54de1dd4da2d3c88e0c5d24bdb71211882e68ad1168c9efa9ee294,112343452324351524545232311234141532443235215251514343531423254352524141423415125,4,0,4,44270,0,0,332515142521543421414252533251313452115254234243431515453125241542421313125134324,71408df0db191530205f6b2de7757baf9bec2af4a82eb03fe13b65a8afa1d72f,15-16-16-17-17,1,1,960
403,7ad954b9ae479606ad0254b6cbd20a01fedb9df5eb7c45c7d734d07593f6a989,121344325253521134344152512452114533144332251525233441331545242512415423235421315,13,0,13,44777,0,0,135225434254431513341314225551244312413355224422553131323121455532142341145432153,96dcbee2c3b9c557a8a3ac8a307f79142b86b555c8dde3f0b763875ff432b7bf,16-16-16-16-17,1,1,960
404,3e24aeb70d4d8f28969772ce941b702de077e8882faa30571fbfc406518d556a,112344532223534114345122341224453531331152445554413212132245453453511224411225353,2,0,2,45446,0,0,251514233253514142514323512142323545315442325335151424421435351123132454532245131,927152883825f4e0d3544a932bd8fde7f66aec15d29e8b81bd4a64696a053cc5,15-16-16-17-17,1,1,960
405,d0717f5cf4f3c1d333c7978ce49c50f5181fbd691570dec82e4b12ff7a74f4e7,121334254435421253225141335543312415214545312553212434141534522452123143314253521,2,0,2,45494,0,0,514343512424153135533212541215234354241515243155434122442121353332552414123341425,1b545237ddb3475c10d2931995e74dd974d4baeeb63df73b0aa4d8780fabadc8,16-16-16-16-17,1,1,960
406,d8dfc86a9fc6d2f1a834d73ca57c43eeb8b8dccf83fc58a0de6b065a34e41954,112345542235454131442121553253131254521543341344532215321415423534212134415323415,3,0,3,45963,0,0,123324155545232341433515122231545431524423513351143224412352514245151243352414352,bdf5822baf28b257b7f7d247a63d8cee0684901895ba5ec6f37e508b3a695003,15-16-16-17-17,1,1,960
407,9ab7c36c13fec850b8272122bd1bace07509f8bb4a27a514174a762de19dc4dd,123145523235321415554242331313154542534521132421435351312434215452313254145252143,2,0,2,46502,0,0,532342415345125421411532342123345125452214313123453154511254234345423251234511542,c3902b73c128a6644eaf5e363b7c9c48c30087e278b69c6ba808722cb22831a6,15-16-16-17-17,1,1,960
408,ec93da65d8adf05938063e8c09be5579163f89e818f679e2ce977deaf5626006,112344532435211245112454235235253144453431122341125354351542421244115353523532411,4,0,4,46735,0,0,315521424123235454524453131343421215542153342131345242252544113431312525454212331,cf8be8474b2704caf461c85135bfdae90bba990142f0896e0907796971526127,15-16-16-17-17,1,1,960
409,01ead5c911b8d7541b7b4a5fa0f331dd544c7ea6b630ac22bfd44b49de800e95,122344351253512434244135125415532132331124552512453413534341221453413215321251543,5,0,5,47570,0,0,415223453532354241314451225125213434143325145354541312231542134251434352422135513,772b5a183208d521135831e07bf7075b822237b7c86ac3a676a508390142b290,15-16-16-17-17,1,1,960
410,b52f6869373b6db8cdd53340dadb98cd9f79a070e39c32adc44d80b727c26d3d,123124345254351214431545223354242151522135443345412152513234415245451332132513524,1,0,1,47610,0,0,215214543134532124452343115534141232311253445543421231325154423143432551251325314,b359a226ee1e92c40918a0c1105ad027567946d2316959432175a509a94cd3c7,15-15-17-17-17,1,1,960
411,4532a49cbed882522ebece34449005862be4d41379f668d04c53fc62ded6a488,112334554135421253552243131345121425234345112521213434243534512451452323324112345,2,0,2,47670,0,0,142521533254214513431345252345213241351342421224153134115434325423132155512425314,433534e0a7ba3aa0ebd5fd9f9585633206bfca33b20b058829e2d45e183991a5,15-16-16-17-17,1,1,960
412,95e3716f24d531c3b61db1d6ce1371827129734933ab4b5cbc5f5a7cf7bb9679,112342345432453125443515312253524413521214534351132452244351531525443123314231254,3,0,3,48247,0,0,552342134421135325313454512235442131451213543345521342223311454134525421144253253,c73fbd8681744c484fd784c6b675e707c0204e9b709a9658b654e43df5750687,15-16-16-17-17,1,1,960
413,e1fdee87683fd5bccd4940b435b44e56e03140f2cc4cf7ab29e0d4634e9b5977,122345453243351254425413132411253245535414123341232541534134512152542331253125314,3,0,3,48851,0,0,251143425515231344534242153331515242142423315423315154152524433443151232315432521,29eb011423df2bc59163a997bed3c82e4412e4e240bcaa3be6a51dc980c53b18,16-16-16-16-17,1,1,960
414,2e983613ffa270bd599bf516c94a37a43240d8321e9001eec7337161e30ba705,112334255454521213523114342352321451114545332441212535535243124341452523223153144,4,0,4,48854,0,0,134253425123254145354521321521143543442521513313145252545432311211334254232415134,c0b26e3654e3cd62526b4413b6f6e2aad2ae7c351fc984a003c8138c3f64376f,16-16-16-16-17,1,1,960
415,ed3d98a59fa77a4a9c175b6b92df4aca4116ec83ef89ca3a7d2cf9f88e3c248d,112234543235151424354342512245451331512323415131545223323514145541132254454213132,7,0,7,49178,0,0,245432531253125413431342521425153324531341252124253145313514242142524135514235314,5796222c78d8fad141ce4209d002b1ea2a3c298ccebaf0f5c1e7f5af2142a7d5,16-16-16-16-17,1,1,960
416,09f752847316b43624f8b04fad5d321b261b30ab865acb0205c884458afb4ce6,121344325524124513343121245212453531355341412154415232232513154413232154541532423,5,0,5,49223,0,0,532425413441533251512431425255121343144315522115253244234314551451252334323544112,ce9ee3eda51ee887e41c4a8957c342f4828e66dc7524e9e466ca22078ae91f50,15-16-16-17-17,1,1,960
417,5171ad5d94caa8fe0eef4eebee92f6dc61c061943044b03fb0e19f42631f9840,112334255425415312352121445115424233244353521534211354323542541531252134241543123,3,0,3,49328,0,0,521534132351242154134234525345112354124545332552323411433121245215413423442355211,5b22193f84f514659e258dfd662b317f9f6967bc522f4a2825c67639fb01b4f6,16-16-16-16-17,1,1,960
418,b5942b127801718121de2bbe60f62810a8d8fef31dda17b282a8b9428af78054,112324545354423152423531421525143134141245235243155312432354211514412323231231544,3,0,3,49514,0,0,214321453321554413243415152354522314115332245532414531135245134421133545453241321,ce7a9198a360d2a20b3bed8781d00708e7c4ef23e942ad02f42fb0d8779bb60b,14-16-17-17-17,1,1,960
419,2c622ff7d44e572bb9afa38f40647a36f369bd90372903f03a4bd2ae60ad4e71,112233454513451232134342152235351441245125133453543221342124515351514324424235315,1,0,1,49816,0,0,441133252543254131432321451135354224125415433253523114321412545354542312212135345,d4e91a669d84453832a526c5697a256ae59a684e6cb2394dded2445bad87e716,16-16-16-16-17,1,1,960
420,2406449391f131ed445e939b1ef9b3ed221acebaa9112f76a2cec1109f38f3e2,112334545454232151525141423443151523351322451533454212241415335224513134315225314,2,0,2,49905,0,0,335224141414525313151343452442313152213255413122414535543431221554132324231551234,6ef653e76d873452c25e22fc0252102dce3666f7ca9e94392f6f66803e2828fe,15-16-16-17-17,1,1,960
421,85e5860406f190bb64cfed8279e93e6e441da76f7c7b8af9d86fa771dad8f3e2,121234535543531221215425143315142342354345112221413554453252314432553421144321235,1,0,1,49979,0,0,434532121122134354351425412253251413211453543544315122513242345125344235432123551,a7909ab73efb782b892054c5888189939d02fa89ccd9912373a5978bad60f988,16-16-16-16-17,1,1,960
422,7627bcd459beb5a00dfeca2beae79c866badd6321696f22740ee0051f53414cb,121234543344512321313242554452513132213155442535423114141325235524154323432341251,1,0,1,50202,0,0,135225413524153124414353212522141453135342245242435131351214352253431521311524345,d0ac7d241b9e341b672ce57ff058baf16e7f811e9446440c37279322bb8fb742,15-16-16-17-17,1,1,960
423,29890ab5bf752fdaebd986943ef2d37403e502af6a4f4474aec7e28cd1986adf,112334245353415124221144353545421123151225334413142552235351441542513432434232515,1,0,1,50413,0,0,214413532132342145354542112121523543451331254415135423345254231523125414543251321,3205276a6c5bb29121db4392a677fc4d087590df91f7b0f4784d8d99781d32b0,16-16-16-16-17,1,1,960
424,99bd7a5e7747f2911b924249d80e3559cc6b867173c3fae640a459bc98dcec4f,112324345535423142423515312253544213344211535151232454422351431514453123341135254,4,0,4,50536,0,0,325215144124512353145343512541223531353441225232151434452435112514532243231354425,b1c86c2ec51458a703f123854e6176370b51692bb19c97cbf6a6aa45ee8cabaf,15-16-16-17-17,1,1,960
425,e3b3e7e857d2ac02afe1cfe17de54631fe88257781c165aff5ced85a6d3d380d,121334245452421351235151432543232514214543312351142425443215153514523231325314524,1,0,1,50868,0,0,132524354254315312125431435431251254425433121311242543243543125354112542512325413,45eeb51ea78fee441e9f88b4d155e67c0c836f899a89a25b149a14026f14a7d1,16-16-16-16-17,1,1,960
426,35c214d7135ed5f10cafd3b7dbaf4cb11078be686283809bb613dd44021b70e4,121345245525143134453221451241453531345351212252114343132424515513532424434215123,1,0,1,51658,0,0,143525143232411455125543243541321532325344511451132324314254135553132421214253314,a65bd5e7d992d2cc27a8e05cf32e34f362e68ec639cd369c1541d9336c091eb4,15-16-16-17-17,1,1,960
427,389c38334791f8ae78a9df1eb7fe296efee71ffebc1bbb8b0d87095e8b562729,112324554455432121324151325522131435531423241243553412441215253253514142314245513,2,0,2,51800,0,0,341455312251134452132324154454512213122543534515332241524141325215213445343425521,82ca0b1dedb3d74517a9b73bc2baa3a4173d2f17804dca4a4f2da98c97d98ed5,14-16-17-17-17,1,1,960
428,e293aa37a0195576fc7433e65c37bd30fe2de53361e9905040b940d885f3f1a7,112343525345251423253414132321253441443512532522445311434532215131324254254135143,2,0,2,52676,0,0,112535424534241325245313152521245331335412452422334511353452214151523243243154135,c3fb7a22471a70ae81f31631fa59e5d3fb085ec9e49089c86dc0e01bc2207fd4,15-15-17-17-17,1,1,960
429,5ea07f03294ab0c67dd61e9fb289f0ba1cad5b69a79c67678d9cfca585719e35,121345254244532135543512321512134542325451423452213351435421213114353542231124435,7,0,7,52851,0,0,154413352443525231352314145321145524512324315241453231235241514133251452414532123,6f6cf05d574d6838f34e7011d9f7a04db69c8aea51f90f4121286d5d8793730a,16-16-16-16-17,1,1,960
430,a611c47230bf837ff359b028ce93c810d93f2568869487987a84bd25d03c91f0,112234345434531521512541432243125543455323412241415235521414353334142251125353124,3,0,3,53038,0,0,315253214452412335234345251411323452224551143533124412545231143121434525143545321,c73f0ac34567c876d5080b86694508ea911ee52e7a4e6eabcb386291157ccfe2,16-16-16-16-17,1,1,960
431,66676b3e141ed5ed545109dfd3289dd42fbf1369838d230fcfdcadc04d593126,121334425241523513353142412342234551415152234524241331133415242432351154215425343,4,0,4,53595,0,0,254433151312352145514541323122435543435521214133145452545214331421123534343254215,79ec9b5abf09d09178c64a7524c1300bcad69711adb1b9694fb87d2416e527d2,14-16-17-17-17,1,1,960
432,cc519d650c01fc5de0bdca058e1564c280870df83c5b6de743dbb624c0a22c04,112324435425415323531415432435254211312231554554343211341152543254131342123542154,2,0,2,54337,0,0,214535143141525332313424215322351454455213213133441552425243531541152324532312145,7fc84f6472d5d2c1c660b72cc9aec7de8755f6a265809700f05a69f5ba6668e3,15-16-16-17-17,1,1,960
433,abfc460a983369326e735b728bf41f32e447293b92341e7ab2f6d5a8c26d346f,112323445524131234344525211125214435443352521451413352331251524215442313252135143,2,0,2,55052,0,0,344515122451252413221313445354421312213135544135524234413231255525144321542352131,f4bf950b99e75140a9e8f2b29208618a1135ad0c56ec2456e818f59a8cfd178b,15-16-16-17-17,1,1,960
434,9153ccbaead5c76004db0096a69dbf6fc95a2417580d9f838de5f48a2914eaad,123145523235321415554242331213154542534521132421435351312434215451313254145252143,1,0,1,55276,0,0,523144135231352514144513523452312413315543242452231451314125235231451354125234341,741eaeb2d7592fb6db668e3b5bb434234c16cd3eb09fd73578772ce16fb2750a,15-16-16-17-17,1,1,960
435,3e77b6f55f3503313de6d17c0e683397d9828edab2f9dd2cff324360e822f825,123143524235321451414152532532254341154432213321215445453435112312541324241523135,4,0,4,55393,0,0,243253145431342512525214134134415352215534423342421551513531224324152345452143231,afc13c409d2e72d9c5bb08b19dc50b7887c398250fcc1cd0f9106de8984290ea,15-16-16-17-17,1,1,960
436,18c55b3bb9a4dcd6d3cd681ae350db75bf9112c289d4e25d2ae8757b0086cb10,112345254525433121543141225235121435241335541353524412421512543454212153314254312,4,0,4,55948,0,0,514413223433251541313545412421145335525323114251124433342412155135254341144332552,8083f7fd83b60a0891dc0f3f886a34f6e9f564421a8efdd3bce2ba8d6b92391a,14-16-17-17-17,1,1,960
437,bf7ece8b7456b6f621626d977d06a09cefb4086b1b2783d61b2a7f716b62ef5c,112234354423511425411453235352544131134355122241123543353225411234112543545432312,1,0,1,56001,0,0,253543114132132454213415435145432125345521243552321341321244513414153352534354221,8e97770e7e31e1ed05a732c12c0eb8bc922b4f00407d41b3386eed416c557bc4,15-16-16-17-17,1,1,960
438,bd5110f70f9334e7c058bbeb9b556b4b2dc698d02858eb5415dc159da221ca22,112345452254541313213523541344121235122434515355412241523213454441255323535134124,1,0,1,56134,0,0,242535113541214323235214541311443225523351144425143532354121254112435432454322351,3d4cde19e3af7e3ff1a5e254523453b1d46a19a2a8753806c05deb09fbd0bce8,15-16-16-17-17,1,1,960
439,eee33684b9f9a7a4973f457bd1b071fa45ecf6a5f75c5ad0e4bc9c54c53245ff,122313445345425113512314342324455213415132352233241154134542531541223531253134425,1,0,1,56234,0,0,122453531533112424411235324435251413354431252251524343324314515143325245512543132,0e52751a697f9cd29e4a24b6df0fdda77235c4eb6a311b859b4eb00d3178007c,15-16-16-16-18,1,1,960
440,bf267bc167b1284dc44f62bbb0aad3f3ae351dfa819388a6ac3c0b9477d89280,122134345531513422234253114341252513354341152415522433123434551213415234452321345,1,0,1,56249,0,0,352142435524315214133525241225443315431152532213434152511234524445213123352521441,91aa200ffff4557506d45562c819200c3e3bfdcfaf3b1ee944b5b3677e1feaa2,15-16-16-16-18,1,1,960
441,df9fcf14b9720fc39439e06135c0b4fbd5bf8006bc2adf1240e9fed88368d0bc,112343554435252131324141523455131422521324345344235211241515233233554142512423315,2,0,2,56816,0,0,321154523542433115115323245225315441341451253554212334153242451212535314433141522,f687725a69d301110f375e2124371292a31bd900b14125ae09d7d080126c7a58,15-16-16-17-17,1,1,960
442,6710214efd1cba6f5b54dbbbbb8283636545ec99b9838cac4b10bcf113c77bdb,112234435344321215434551122251523344143152532525243314253434151321415523415142253,3,0,3,57107,0,0,221535344434125312341242135345232115512543432155314423412421553134354251523413521,f2b093c31f323712e77def58db3e8bfee0f8fd9c9d2c142efc1084fe290a6547,16-16-16-16-17,1,1,960
443,3134e0ad823c46e128eb1ab3dbe5f52c364613c72b51f545412b9edcb0d9e631,112324554455432121324151325522131435531425241243553412441215233253514142314242513,3,0,3,57212,0,0,532234141244153153231545432543321254412142335153352424425431315324415523351224541,3a80b5da11bd750d49739306fb8540c5b8c3855164f6ebc5c4d6306c880551fa,14-16-16-17-18,1,1,960
444,63e4b4e359d763d65fb1d50907ca8ff448ce4a1106c3ec5e6c8bc5aaf9f52d6d,112323454524153132313445252445211235145235341323544521531312524254521413231452315,1,0,1,57228,0,0,122455134434312255152234413334541252241531524351224341213443515525112343543153422,5f640f68d59bc045a861987d95a85f2db6cf4884a539f90bf918ccba0b038bb8,15-16-16-17-17,1,1,960
445,bf08c0054153e8b41b429c7d158743910ff6d1deea1c16f7fd24d3c1fa115ee5,121324435315542423545313122342214553233251514512453341453131242434122135121435254,5,0,5,57347,0,0,145431252432552131515232341213341524124245335344125513552323414351514423431153252,78c46dcf29dfbabd2f35f098801cc06b3a664119e63ff3a2c62bff0c3720041d,15-16-16-17-17,1,1,960
446,ba65bfda5743944ed02c09f7b246df1922192a0ed8b30021ba3a279dc9f52e4e,112324354435421521552341132143535421514242315223535414341412253231153542325254143,3,0,3,57503,0,0,251241433345342512413321455342515123531424235232515144154432321425153314123254541,3e8e9895a7f5695f899f44c17c8be0311cfe3df2759a5635da43887d4f912c4c,16-16-16-16-17,1,1,960
447,e72e25699c625e9dd66d960879eea7d934e28b783d523079a89017cf99a6c135,112343524235314152241553342513242413324532511521214435354135221453421153135125344,1,0,1,57661,0,0,123532441154233154234151235535144212442321531313454522521312354255443123312525443,0e0055e4f0ffecc1d89b08cb06cc72e99f330ce965bce0e8744c3e32687e55e6,15-16-16-17-17,1,1,960
448,27523421edd466bc22c806a474bf85306cf4c8f8654a9af12ce39e563fa87eab,112345325534132452234525311153134242241423153453252141321454523545311234315243415,4,0,4,57846,0,0,132425134245334121451212354323515412413452325525243413334151245512543241154124533,c4ec780b6a2338be29ae7859dabbb23040fbf7d0278f8f9a8492ce5dae9f9315,16-16-16-16-17,1,1,960
449,db719dae14ba82382ffa16bff4e2dcc3678c7236b32522b6fbd9ec3bb65ef400,112324545525313214435451123421215354353542121544231312153542432241435235212153543,2,0,2,57903,0,0,525234314512143543234315145311542425434315252152523431143132254353424521225451313,c54bd3944beb07c2b1f42cf4c910a404ad150bb083f7cba6df37dcb0acb91812,15-16-16-17-17,1,1,960
450,1903f3992c5a39b90aaf1e8480e81b5803e12b1680216ec61d2e46e6555cb9ae,121343452245123513352421451443535221521414335433515124514232314234152143312354542,3,0,3,58312,0,0,524413325443525131132325414455141322112332554235141432544232513323254145251414253,3acceb5d7b4687f7e4ebf715e99280e93c9197a3b3c4a20015aac5f6fb7f7e74,15-16-16-17-17,1,1,960
451,43684c340569097a9028f7852a6d129dbbfc3dc2dd7b7c0e915b16ae3399be1b,112234345433451225215233414342155142554142132351342451241523513524311523125524334,5,0,5,59052,0,0,542141235223443515435532412414155232252334141351224153144355321125413523311522344,448fe601397c20862295d218224fa7710a34a5d3dde3d56314d926e046c66b82,16-16-16-16-17,1,1,960
452,68dddcdd20612044bae40f1c3f53fc5299d6ccb54e0af8179157c36ba02808f8,112343254254351413341423251521524143253435112133212545425245331514534322345112524,1,0,1,59506,0,0,113252345345241512251532341431435152342524113122313454534354221415425233254113435,b9026e13415f06f53dbd83bfc568b697b3a7ec3a941885cd6f14eb748b3360ba,16-16-16-16-17,1,1,960
453,97e76624f3a144fe015fb7ee9dd78b41706233748a1955fae85e61d32cdb43f3,112234545253451124134525231452324153323145512345112453541243321235352414521513342,3,0,3,59541,0,0,454332151532254341141435235435113425142125543353542412323241514215414352521353124,aa3d7c6c002e57536e2417b3a84dfb508fa15ae83994127bfa6c8f60ad534b9d,15-16-16-17-17,1,1,960
454,a5df34cc9ca3f0357e862de3a0c96d624dc1267c6afae7a34816dfa0456251f5,112342345324535124542251313233151524351443152535324241421415533253514231415223415,7,0,7,59601,0,0,412512353453121524535142412125431325312235445524413231141245253354523114231354142,df58951db770416eea3cf1ce4c08c225e1fec13e5ed112302a25bbdf594f5b5b,15-16-16-17-17,1,1,960
455,1744083acc093113e6b2e27f7c9624f4df6f47edd0fc016c7725960022aa975d,112324545524541213432132415541351342435452321321213454253424131145213253354135124,3,0,3,59931,0,0,243235141514152332353244251142453532435311425352524314214313525121542453435421213,38cd8818837a4ec80d1dc3487dc57411428e19d3b006bd2d0b4eabb04976d044,15-16-16-17-17,1,1,960
456,5325b0a0d3712d36b60b22092fcdf2777671ddf06904a87052815d24b1e08085,112234355324515214553414322142523541533442125221153534415321432341152253235345141,2,0,2,59960,0,0,453432152423152415215254343231314545544213231131525423525343124342125531312431254,716863c8fd189871cb630515f3f84e819fd8fd2bdc01470c85af631eaf36feff,15-16-16-17-17,1,1,960
457,dd83b58675de2113913abb25fbffb60638ca461cd041a8fcf1ea7909ea120101,121343524452311432415125323322454115344125253513534142231453241153512434244231351,3,0,3,60379,0,0,151324235425541323253131254132545412214234315345415122521253431542153143313422551,0bd2670439ea692e2d5c506d8efb2e0c12781018640aa137091d0d8faf17e629,14-16-17-17-17,1,1,960
458,3be7b41b857179464e7eeb9b3a15d7003a1c7a8af4e91644b4debeefee0a1260,112324534454313221235524143151443532322135144441132355535242411243551412524415323,3,0,3,60461,0,0,443135215525141334312235451424551213133412455554413122212353544351224543235542131,13520fd4e71774b38bff3d3a4e7f24ba2643b6982e7ec28a71edb3b597b3a109,15-16-16-16-18,1,1,960
459,7d442713345cff0e7a5eccb002a04df9f8aad2cd69f35d3f31e5ac32b2c50ba7,112324453352324415434515122544232513233151524511242334225431345341545232423413251,3,0,3,61194,0,0,325141425312523454445523132221434515443215253551434312553112244134342521214255143,788ecc308a805fb502bf19bab160e17f9b2fc2047d72f3af85319b7b3e89f32f,14-15-17-17-18,1,1,960
460,fb575b3089029f9700579874a6dec16b7c1da6034a0eef119a246f406ad377ce,112344552244513315353521244221441533355432121411335252125254134544112323433125415,2,0,2,61370,0,0,215342531145321324132142435534421521542533142311553244253414153451214253423235415,bc18f05d8ab04512bb13fea146ab46b9e01f4c4de910a011470eb4511bdd7743,16-16-16-16-17,1,1,960
461,e2695006e72efef6b976bd4c87ffb1fbe080fc8b1954d0e0f08fb40dfbff77e0,122134543345421521213243451525113434414355122551422334341355212254531243132244315,1,0,1,62175,0,0,324235115514512423542321351232355414115443252233112544151443523321534241453221135,61faf945502b0433a2561fb0a34575896299f72b90c011b57e87b9b52060349a,15-16-16-17-17,1,1,960
462,d5a542bde0b8aefa70b7b93625b8bd6600fc7220b2d7369a5755daf093606e0e,121345524345232151525414323353112254412423315243355241451521433214143535532531412,2,0,2,63161,0,0,151423352423545131353212454434115532215254413524433521231351244512124343345341215,15d9e686d6c60ada9eb190090cae8fc3741fb0e580906d8fa4bbd16c399b1824,15-16-16-17-17,1,1,960
463,056d17ad1a565b8c11204f777bb219bce7e60e8629063497ed6990320c17d621,112344253245153432244153215535234141314225513351431422421515334452321354133412545,5,0,5,63309,0,0,354223411432351524514351224121234535315544213442132153233515142253143452525412331,661111e2a872f65ca97e8aa4ffb9d41869327aeb8be92f4e68f13ea224ac6947,15-16-16-17-17,1,1,960
464,f3c147727e45be77daf497bc21279c176b7eeba2244705816721c86032881294,112234543453131254215542313324351521254313415335454221132215445441525132521443132,1,0,1,63548,0,0,454323211523131544214251533531345224445232315132445125142552133323124451351414352,1f8e851bec5ebed4185ca7a3a497c94f3a2a650e1ccf2b7c89e9b2a557785fef,16-16-16-16-17,1,1,960
465,bdb05b7edbc843e6b233b6a0c4347bd77ca4f80784dc5bb6a3b6895de1849d99,112324345343451221425253134453132542355242114231145532244525313134531425521314453,4,0,4,63583,0,0,531321244422453131314152523235214153344232551215534412141525332523415314153341425,fd74568b47fde10ac01be7f7b128eaa91af2abbe2acc9a095d9f8de9c1bc2941,15-16-16-17-17,1,1,960
466,de0e02a29f67931db20ca323b9524bf92594c3b73335672c9f98d98f28746841,112343245254351123143525241352423154424135512435112354531234421245452313523514432,3,0,3,63819,0,0,123454325454131532535312424231215454415523213221433541542541312314152245353244151,ee74e0d558151600a07fbbbf114edce9f7043ff460285aa9e204dd5664dfbbb5,15-16-16-17-17,1,1,960
467,b0f871bcb5bb3283e918257f5af96653ff96a407456cebcf84e95f6fb02b74ba,112345254545433121533141225235121435241335541353524412421512543454212153314254312,5,0,5,63916,0,0,513154322232445151133252441145232143251144253325531414451321235412323515324513524,3752df075a6dc9f3aca68b993b7ba125a4490165fdbc547d1d7adfbf1f813f46,15-16-16-17-17,1,1,960
468,7e96d0bf6572faecc0cce4b95f06aed03a72f74676e003c3f3a9a0f13d4c121f,121343524245351312454132513335254241512421435314135425452513132133245154543512243,2,0,2,63940,0,0,132445123341213552255332414241453251535124143424532511112324345314551432453141325,e28bf9382b0d59697f6d13fefa8be84e266dc7250fd002716ccbace6c1a4fc8f,15-16-16-17-17,1,1,960
469,6915fd06e6955c8dea5f3f584b6b51b4a650379256e644761b89f29acd8942f1,112343254235354141425151323254141235323525441414232315531415432353212154541423513,3,0,3,64606,0,0,352414315143153254415352312324241153211325445525241133131535442543124231434532521,e3fe9d9376f94cfdc9d33041fc55f4bc98c621e919023bb5b585ea11c0f88bc2,15-16-16-17-17,1,1,960
470,dc14f7adaa2e8919c9e08e0a60ed5944c5e5af7eaa0ff837cc53ea6b1a511ba2,122134543232153414344511522453232451141545322353212145215345314531424253425321135,4,0,4,64731,0,0,412453521143254532351312424324545312552321341121545433434131255513424215245132153,cae81f37d2e5c4bdd921a14fe3eefbee82d0699b887d03552aa9eb08e3e3a293,16-16-16-16-17,1,1,960
471,84d7cff9ee46b9302d1946c7b5cd9f1e586a47a7888198bfa2a5f548499e481e,112334245353415124221144353545423113151225334413142552235351441542513432434232515,3,0,3,64733,0,0,243345152452132431513132442424325135314554213341451325531213254125421343135214524,21f28bc60206ac0466f1a135e22998fa18eccb1fd139fc0e5bb6999dbbbf4e0b,15-16-16-17-17,1,1,960
472,a2733e46bf2dc7b7319c9e856e89375eed2a57d99b38d3409bd41b4d8a6b0c57,112343245454523131323451542532121534451342352544232311231215454245514123315434215,3,0,3,65087,0,0,435232115421523534135143422523451123312135445554411233142255341353524214241314352,ffe598293c34113fc86b062d9ac928a57f2ab582c56ebb8ea6426bf37b02185f,16-16-16-16-17,1,1,960
473,8cd8693cca7bbe5f20cc365d3b1616ae539ffa928c28961abb675c133e63ee08,123142354515434312425415231432231551353154242542213143114323425251345423341521534,1,0,1,65484,0,0,315432245245243151552131443433151225121543532543325421422514133311224354234315512,f8b3be3ec628b6e5e9b9d58f1073e33c6bea212a72dfe130581f71b9059bd020,15-16-16-17-17,1,1,960
474,6659e3f0cb591829664591f9ce55d2fd40c56d110101366cdb1d2dbcc97f1ff1,112234345254543121434151232233121544121453432543322511421415353345512423315245214,3,0,3,66038,0,0,114253435543431125225151443324145523455323241232315514341242351532514134411534352,ca8ae675266b30a0b40e16ee8cc809a863b48abdf3577ec8d69efeefdb753c27,14-16-17-17-17,1,1,960
475,5413b8844faa5724c09481142796c74ea837df5904aa0714cc9d3b0276a5b788,112343554435252141324141523455131422521324345344235215241515233233514152512423314,1,0,1,66178,0,0,311535244434212153521434325223454113135325421142152335552141432214341552345523241,c45afac7c648f856de4bd8df0e746bea1ef6e00ee5185f711506d07a171432e0,16-16-16-16-17,1,1,960
476,5da242adf926f1be172648e92976c0a72a46f93dbbc4bd8ba787d5878c70e824,112234453324515241441313225323542411541453132233152544455221313235424135114335524,2,0,2,66336,0,0,135342521124253531544212153253154243233445112451323245412415335321521354542531412,a49cf6a11660800b79bdcec5b7c885e9308da0067a9f242c8899ed9926548bca,15-16-16-17-17,1,1,960
477,d4d892ffad916fa251ea7ea6f9dc5ac464df70ae82a1e247dcc0e9d7aa8d4100,121234354423135241254141253215353442344252513511343422532512134453415321132424535,5,0,5,66910,0,0,412423535543125234213545413344212153251313442334242551425351321532154214121434325,9d7bed63b9e1ce22857bba5507b49da47aad52f797f9f8269bd031ee0bbc0ed9,15-15-17-17-17,1,1,960
478,704ccb9ab6ce4f813e8b300483867a5db263d1fcdfeb2ff26eadd62b4a4cb98e,112324545524313214435451123421215354353542121544231312153542432241435235212153543,1,0,1,67086,0,0,345512324233154512452313154345154132432321415124545233513231425124245351551432241,ac3edb37480b02c78df32e78fdc4f9532dfafb5ef08d85d01bb91640f3aa279c,16-16-16-16-17,1,1,960
479,1be9361e623109cd0a61c29e59750b5ea5f556a8cced8b988b9fb139dd47149a,123234415414515232523451123311252534252343451545412213342125354254523341135344125,1,0,1,67482,0,0,413352521252414313521143524354242115143535242512213434345421235135524342421335451,2f1c70da7dc19edb017adacc8c895a6f69a613a8782e1107757b10c9499b1fe9,15-16-16-17-17,1,1,960
480,e06c23b949b6135c56303c77a78f365b2592cd4fde7218113f3282fe0a4ef7b1,112345234525343421342125153445523132134134552251234413434251521253412315521512344,2,0,2,67768,0,0,513251344435151232124234351314132255322514514145513423432423515241345123551342432,d34e17731642ef645e80b328813f020e3b252e098c1516bb4e773779fdc648b4,16-16-16-16-17,1,1,960
481,ac18c70cfc1ef8b339b2a569ae1cbdab2271752e098e299236e8bc4dc8002b8f,123234415414515232523451123411252534252343451535412213342125354254123341135344125,3,0,3,67833,0,0,523314142414525323142253145315454223253131454124423515351542431231142354542331512,63bcf44e8aa4dd8cafa5f223e8fa6332518acc7a68372e9eecaaeced5be74287,16-16-16-16-17,1,1,960
482,ceccaa9ac473a4f3a1d379dfc4ce001bcc6999e8f8b5d611fc81a0fefbc81c6d,112342345432453125443515312253524413521214534351132452244351531525443123314235254,2,0,2,68112,0,0,411325325451232134335544121512234513124345215352113452545121243134452532223513451,9c95e733f5e16129d8ae7f9e77b14785209e1b3c00689fdb8d0b2b92bf95f769,14-16-17-17-17,1,1,960
483,f8b1ac8ec6a66bd1ac88a7c21930d72546356cc7fc00ab7b77af79aef7efe19d,112324554455432121324151325522131435531425241243553412441215233253513144314242513,1,0,1,68742,0,0,245113435213354412314325254542241313351531224432215153125434321133542542421123545,78c280d0d2f6b26cd47420887f83c103a6256597d4b8d9932500dca1b6aa2384,15-16-16-17-17,1,1,960
484,8e3ea9e90a1ffac1aa889529a3e7a9b4adb95bafac40cf1deee50261244f3165,112345452235541423545232113231414552343252114521414325153523244454121335324153541,4,0,4,69771,0,0,423534215355414232221513534315242413244131525133242451544151323512423351132325144,589ded4f48cbf6a10a3d52e495a32c351907b73c77a5df5fd0a50769677faf5e,15-16-16-17-17,1,1,960
485,33c93082bb8113096b8eb7fe4b74246e6c82f1598fb936398171313a13073067,112234535433142215152534341243141552454521231321215443515323424544313152321455324,3,0,3,69819,0,0,512344513433525241424515313512124335343412152135232441241453532355231124221153454,80e8433ecdeab0da0168fb4dfa693c164b770aaa1b09c2f47e685c942b98172c,16-16-16-16-17,1,1,960
486,30eb182486533e091f3f66333553267df2a83e8d3e116f7467268283ac56b6cd,122343451534153242215321453314145225445235113521214334153412524351524341243451532,1,0,1,71508,0,0,425513142154124353313124545254533211342215435535442121121235354533452214412351432,23ef9ee643501f26d92b9da6d1443f32e03ef37c9d9b3c7282645dd6cdf1af8b,16-16-16-16-17,1,1,960
487,29419dc0d134eef3822759e8f804583b7f6de08ae4fe1bdbd9c2c08ef284a434,123124354434525123545143212242531145211245335532352414451413252154312543325254431,2,0,2,72313,0,0,512513243323414512434532151131425534155134224421241353345352141543251432214143325,6709f3c8bd7db6370f5fde358e778b2f2f05886c643ddbe71a2461272981df75,15-15-17-17-17,1,1,960
488,6bf673a00e35f026e274ae8c853f790548e269c24c7414d834f83f9d79281add,112345234255343421344125153512523134134134552451232413435251321243412515521514342,3,0,3,72503,0,0,124315345541423213323524451514153232442331155251142433432451521153234524215542314,c9b017752fcfd3aadd165b543a06ab069a554f02385053ec572d6f317c5c44db,16-16-16-16-17,1,1,960
489,3b87c03306f270829a81510c11010206cacb9ebde2153a4b8a6a0e43102f0122,121334245345451232225543134143212553214541523353212451511434322532125414452323115,1,0,1,72645,0,0,131442325425251343335524142124313554312521534454313251511242433543135212253434115,374caf618a0fb567554d1fd3be2fb19baedfe006014007b0dd4354c194690561,15-16-16-16-18,1,1,960
490,b6e4b544774dab1ce715e3b00194882a3ed8600f9c943fbc7b70c7f5224a0395,112334452342411523115254323254343152424251135531142534531523241353112245423535411,1,0,1,73173,0,0,425353411535112243351325241351142354424231153234545132113234525542411325112554432,4dbaf89a63ecb33ae3c028f746a60f2ce2e4757f4520b741db531b505458e2f7,15-16-16-17-17,1,1,960
491,19ef5e7e74033a7e4d2779d506b7c39d27b8776f95652054a530aa6536cb278e,122345453243351254425413132411253245535414123341232541534134522152542331253125314,1,0,1,73321,0,0,142315254331424215425253311351142423435351142114242535213535421242514133524431352,09a87237397171026cb5f98a694828c3971824f67d317c35a4af362bb5cec31c,15-16-16-17-17,1,1,960
492,bad51de6fb295561ae2d740f9bdffc98107e9cc391d65d19582ae903a3419c74,112345342241435231235441352453231254322554113413123525524514133141353425534122514,2,0,2,73414,0,0,124533154545212431134154522452532131233114552412325314321445213345421325553241243,fb62a5f1ac629321e6a4803b1c005b3c97458cad0656f51486bf73021982221e,16-16-16-16-17,1,1,960
493,f7b78896159626e74f0554f7a7d32847a978ebeb58cb1ae098cc4bb7aecb1dad,121234554233144215122531345543345221454511332312255443515313424341422153234453512,1,0,1,73997,0,0,252543113544233521255142431134431552313122445425511334121424353432355214543314125,8d32d6986446eb00f928de3e8ce62783ab6bdd39872f3ef1b420390a8b0cd938,15-16-16-17-17,1,1,960
494,948e348b2565ffce35b26d969d82f8bb16ca20d8c34a056a5c187490adf3d540,112323445143542123325145124522151334453324251211453532335214241234415352451232413,1,0,1,74239,0,0,253521344133415524421435135525234413344151225512324153235153442412313552354542231,2995b7929fd4f91c9960b29124c2fe9619a7aafb7bcc467077cc5819c9cecf72,14-16-16-17-18,1,1,960
495,655a9e61912a65492bc6663cac6660e274ca42ab64b4ea1359a6cd76a7178779,112344552435212513451531234215343245334254151124125345523131424341515423543452312,2,0,2,74250,0,0,441233551325141542354524123145232135223153454413415235512424313234545312532351241,cd3bdf0cd9ef2a43b9d76362a0814b2e7ef104383fbda1a8ab0c5c3914896322,15-16-16-17-17,1,1,960
496,da082d69c62b1bc3e4d19edc972c173baebbdaab981a49788b079e6912876421,122314453431352215534543121512134543345521142311235452245421331153413224423245315,4,0,4,74269,0,0,325544132144323251132153544445351221352414132214235345213532414531225413453411325,537dcd5d20f5f004fdb59568d58abe5177b16dbc7edfb90503b2f2a876289741,15-16-16-17-17,1,1,960
497,a90b25cc9fee2e0329d180a93ce62a719f18233f58112e22ae9909fc19948624,112343524341521453445321312321254453214435315533112244432255131554143232253414125,1,0,1,74591,0,0,152543234122415533413125425535421412244351321511234352325254141431312554254532143,097630b41640d1aa113eed775de90ddcfd700b1e926bdfc625f1cff683d19de5,15-16-16-17-17,1,1,960
498,46188010fa11ee51c134bfd80ad3caec073a592373a7ac7bab85934b43e0b6b5,112343524435252141324141553455131422521324341344235215241515233233514152512423314,2,0,2,74639,0,0,534415132123532441441232351231241554354514312115343225422353514353121245512454133,afe262a344eef2b3b32b65383e20abece8697254281380b16c005cd4938ceac7,15-16-16-17-17,1,1,960
499,6a99cdc5ba58a198707df0c2351768ecf0cced629e0edd185deb7b8906395256,121345523514543221342521341253434152441152235213434515455212334524313154132155442,2,0,2,76243,0,0,214343512531241423341525342253424115122515344153434251425132531415251433344113225,b0576408596388e9bbf6e7e183c70c36376a94b5c3a2737692e658743679fcf4,15-16-16-17-17,1,1,960
500,d3d2e6a77becb48483e15572e3a66b8a9dd185b6e91b798d0de68e03217c218e,112233445242543131435152213531342524425314351313425514151224353543415122354151242,1,0,1,76700,0,0,542321531521145323443531512435112425123254453114423235254313154215435342351252144,6c3ae5691bde9d7f1774934ed3868de9239f93a47ae9e65da1dcb6a704344382,16-16-16-16-17,1,1,960
501,bffd2960ff4f78f8e1192c37dc67a303d281a440ebb2bc9406f38f1cf0aba7b2,112234453435513221342135152235544112544122335311425345523351441453452213154213534,2,0,2,77350,0,0,325544231454231123152233154134154253323155442542421315545412331231312544213543412,baab693581bb359170ac5911d62ca1fe5d7e006bc9f532683ea3752c2421c7bd,15-16-16-17-17,1,1,960
502,412297f3c1b984caa76b1abdb090887d670a9c9c973af4c72a0f249a6852429b,112342345544231125535212314423435512454513123121323454351144253342551231233154542,1,0,1,77354,0,0,215154332432455213352114453151323424324345151245531321143242535524432115513213244,e28787959891692083ad17188c91e69bbb2e6bf5ced4ad9b23dad5c73191935d,16-16-16-16-17,1,1,960
503,e8e10616559be89db18d2feee36fd2e758ebb62f069b6f0879cabf19e1939ff0,121345432332514145514532213112254354343411552455132324233425541454123231521343415,5,0,5,77636,0,0,425343112531224351314525243234314255315215443522431315143452531451132524152153432,7404a472ac3936344a053251392d115e99915646224eb51d562e4c0cc4b4dbd1,15-16-16-17-17,1,1,960
504,879c5428514a8459b5e5cbb89e1aa077c9c8e5d099f7f30658e8772908983593,112345354452531431334115225235521414514143352343252541225453143451232135123414523,5,0,5,77767,0,0,142515342531424123443532152252434351315152234423341515225113443534321521114253235,b25528f74309d5bc8c7a33b8b678d8b229d8b7de6cc2738e09e80fd8b5bcf1ff,15-16-16-17-17,1,1,960
505,099145f186def0b40d65cac75a13797b351c58723383ad7d317f91f36a0d41f3,112344552455232141424151335553131244541453322233524411341415225225513134312245453,2,0,2,77941,0,0,512234345224415153531314224255423311431345522445151233323141554344252131112533442,1f8fcf3b965470dd04859202188adf45faa5d38380350bafde4877aa43c7f7f4,15-16-16-17-17,1,1,960
506,e2ac04c7a31278a6c541b0b5490a36f68c165776c5ad56edec42f9edcc4424fa,112345542545431123451225334233254541355432121133142452424153315214513254521324415,2,0,2,78762,0,0,151344523414135235532541241522335141341521325214453352455212413343212154135423514,98bc6264cab502463d479ee2f124e54c408080a40c12ecff2ce115da743fbba1,15-16-16-17-17,1,1,960
507,a2173765edb2329babcb2f4b5874d6c04725c2f29bb41433f701e9b1d718f7b4,112344253245153432244153215535234121314225513351431422421515334452321354133412545,3,0,3,79209,0,0,422533114411345253251514423344221531155323424133154542212451335534242351325432115,e2863b1c9fb805067f2e2f3538a7d4e54ed8d116bd65019d6e92256da150e815,16-16-16-16-17,1,1,960
508,4c978971b1979a16bb214dc18ba47b6ff068d09806ad35cfac73c9bcd6cc7d8c,112344235453513221124125543253521143344132552235451412511252334425433125341215354,2,0,2,79345,0,0,315522434524431523223134515453121253412253351531314242254543131132345124141252345,e8b75ea59463389070baf11fa2cc268efce989addddecf1dcf212465784cbd51,15-16-16-17-17,1,1,960
509,3b337fb3b485c543fffeffda3f2915a2a7e3ddb7b5b8f41795e46afe08b6755b,121344352314252541245331251355423142231145425412523513533415214454212133123134425,1,0,1,80094,0,0,211245354434321152542134213321545423345232115525314321134412535213451542152523431,ff2adcc05f1cfc804eab433bc02fb7267c137d42c1494bf71c52b340559a7d97,15-16-16-17-17,1,1,960
510,8b6870cfdbc448a8f2c9b59babeb2079fbbbb923d4d6fa59ea055b939fdcad0f,121234553455332142234241531251154423543321215343115425322545311412553234534413152,2,0,2,80468,0,0,435112542125454231542343151221153543513541322311525424344225315254331214132214435,075cbb98840fc43d852094776ce1f20f25a16508e0017dcc2ccfb0f293f3c4c8,15-16-16-17-17,1,1,960
511,90727b247a6891692662e55750bb88d233b41f5b06d8785a1c96284897e574e9,121343524211435352535241423132435452543521243422114535353524241415152334244353115,4,0,4,80607,0,0,124235315253124451234141355453532124331514242412253534541312243542423131325341412,c3eccf087b16de3c4bae7705bbb0c650dca4fec90cc0c9cdabec59a0db21dc7b,14-16-17-17-17,1,1,960
512,b67f32a38a478a9b490c6397d8b05190ea5b76b2d6886db6a28fbfdccb394b1d,123145324253521431414132352352234541134452215521213443435453112512341524241325153,3,0,3,80766,0,0,152134253542451321313125245245523431123345514451512332324342115415231453531254142,5dca80fd3897988d631757da8cea5ae6cc6e1ef1f7a001a416d669b24865940c,15-16-16-17-17,1,1,960
513,cfdea6c8580e7d67602f673301e1f519888ac5fcd4f26b1c818e373bc4d067bc,112334255342553241243421155155143422425235134233145514514312523321254341534412312,2,0,2,80885,0,0,342352141355124324224114535415323425412545313543411252223531144151243253131255432,11d2012d532ecf59430c88d6f663c35089b0da575541e2bc6eefc9077b547aab,16-16-16-16-17,1,1,960
514,98b9b7ab644f3289e73dc9ec8e0c07c9fded19c0809699e1c987ca42816feca1,121334245452421351235151432543232514254543312331142425443215153514523231325314524,4,0,4,80986,0,0,524145321153224534431531245122434531345311242312452453245312315453153124214543153,16b4a07ed4338054da12c615ef655c34517afcf15791c6fb4335f94a389dc8d1,15-16-16-17-17,1,1,960
515,612fc9b83d5a56abef887f6d9b14a15ff8bd3b429735162f1b780b16c0d7cf2a,123145324243521431414132352352234541134452215521213443435453112512341524241325153,3,0,3,81760,0,0,451432125312525341232513454324415123153234415445151232213251544524143251135324512,2c7b055dcbfb88fb9f2ae8695fb958fd8dc100448a0709bb7ac2e377aeadd926,14-16-17-17-17,1,1,960
516,6104ed4f68ca8a3a40d3151482987d73ff6d14f0c58d3b78be9acd80c67079e4,112344552455232141424151335553131244541453322233524511341415223225513134312245413,6,0,6,82066,0,0,414531253543531412153243452242145531155324241321215534325454123531412325434322115,d9b3a294305c98c6cb999bf9e9afc36a6cf2f201b9588fb62624036aa2f84175,16-16-16-16-17,1,1,960
517,417131ec833746cb2416016537888e49b705f410a7e4a102177d225993c116ea,112343524435252131324141553455131422521324341344235215241515233233514142512423315,2,0,2,83109,0,0,241525433353414152511323245442353112325245341134154225554131324423231554135542431,e61395b0fbb1ebae6f2078bea28dc02182374a5ba9b7a91d01abaac47bd4fa12,15-15-17-17-17,1,1,960
518,4a44fbf53919c3453f6b911da21b3d375b71e295eaa11136e78bb1cee20bb160,112323455254413123312551442543131542145245331233145254425234311531412523321354214,4,0,4,83742,0,0,135243124212155434443131252152424351341551342525334411231213545424315523514542213,3a25967249ac361519c921a6d00f244e15911f709dd94424e8d131edb98e96b0,15-16-16-17-17,1,1,960
519,d99bfbaf814c3c390ca755553888af0ab976d6213c9569c58aa067daa4a344e8,122134543243553214454133252334224151451351422115242533245315341513522134321441325,3,0,3,84067,0,0,153423254245421135434153221321235445523512414514242313341135542235314152412354523,34df4a370c1b0d41e0341c19bd179a4bc30356a57f8617b5e10de4f88bc98627,15-16-16-17-17,1,1,960
520,3c3c460dcba1c5fad9580980b4915ef4ea54f8aa7934eae1052a7d1d7030058a,112342535524311423331544522445523131132234155341125254254453311523151443413435212,1,0,1,84273,0,0,513253412543232145425145233331145252252434113452321351121554324344311525134512534,863ea4545354d8b1ebeac3c2a5a63434115cdad6f8ee6b6b36a7b82464a3b031,15-16-16-17-17,1,1,960
521,9e8b9aeaadc9fc1c0fc51411e58ccbb71e054d57dbe0449a6badcaa3f4a9b9ac,112323445324541321435351212124234535353512214211454532451212343233425451545143123,2,0,2,84872,0,0,534514232143232154124545213233141452415235341252451413415123325342453521321324145,04bf39093896020058a6c9f219ef6a61fc85566d632f8efe3173ac73848ac00d,15-16-16-17-17,1,1,960
522,5f8e66da05ecafc5bb911a6ba330b8c7da9bc140219ff99c014c5638ea5d591e,121344352314252541245331251355423142231145425412523514533415214454512133123134425,2,0,2,86317,0,0,243315145115452323354253112352142453243235514435143221524511234532424351421331545,c74e0afafc8bf4f21ae7d37a6d04514198ca57933235edd1b17f61189590f00a,15-16-16-17-17,1,1,960
523,59d2b965324986515745c3bdc16d955c0f4b639c15a324ea3e77617c71847a84,112234354343514215442151235254521331231355442511223543353445121434112523525432114,3,0,3,86496,0,0,133421545245433121343511252215244335411552324322345154524353411534135212152124433,03c16970902e50f222d290c2f89ae5e58038fe1254b552370be9091d6bd98be4,16-16-16-16-17,1,1,960
524,391da6eca7edd98bd29c580133bb05628d4bfbefae7178fab2236bbfa102d1e4,121342435432553142323415125512512344543451223314234551454121253235134514151243432,1,0,1,87476,0,0,323142415412551342121435325532532144541453221134214553454323251215314534353241412,566aba26fb7f3c8552960ea9b5ae315facca4dbe08b89bb485badc7179024fb9,16-16-16-16-17,1,1,960
525,6482d067baf14a954d84826f2fe9bb225079a5d9b48d330a1c9be137be280a80,112345425243351152455242331234114552515432213423253511551413243324531124132524435,2,0,2,88221,0,0,523243415534152421214341532112532344343514512452321153351424253241455321425215134,8d52e0317f4f259cf98ac1ad7a70acb25aa35a92e476a5d0cfdd75a888efd852,15-16-16-17-17,1,1,960
526,2b940f468450f5c06039f2e36f9939533cd26936a9d321503fb2a1c2469d393f,121234535553124241542421353323515424412345312345312125151242453414153232234531541,1,0,1,88485,0,0,432135241521343152135425231423311455215454332143221543554132324241543513354252114,4e4924e993cf99ef5356bcbebaad6e47f737750c1ef9a8f6114bc230db0da228,16-16-16-16-17,1,1,960
527,cb9d7c3b4a02e4ab931a400746f4fd7faaec5d47770b065b73edeab8bf4d03be,112344552435212513451531234215343245234254151124125345523131424341515423543452312,2,0,2,88991,0,0,315324542534212145434151532245231431121423453243545213453152124512313254322445311,55d0785c5012bc39fb1a6d324a7ae338afda5f61a9bce93f9f9bf361bb621c6b,15-16-16-17-17,1,1,960
528,d1b1f89436cbfd74261632347386d2598d374235725a970d00deb7668ed9ae18,121342554445213123432351215115253443331412542512534432244535311254125134353144225,1,0,1,89814,0,0,531322451124553432142515342234325115541143325323251144412142553253434511455431223,6d786155ef599fe23b12f1800566c5ed89d4ca6c6e216406f48e52128abe9405,16-16-16-16-17,1,1,960
529,61ed979dc597be9c8d99f5868602125099ea11de37ef6060dc9909a90f85eea3,121234553235344125514532324145315342234421531322155441551413232352142413413253214,1,0,1,90769,0,0,345412512255143241412135352123234541532512434414525133131354425224343115341221354,75ac79bd352742778f30ffda3a16fdaaba63873a7942ebcc55e2ebf837fbbfe3,15-16-16-17-17,1,1,960
530,9b7fc195cb962b462cd9865d5213f8d49d150ad43186407a2994db38ecc04f85,112344532435311245112454235235253144453431122341125354351542421244115353523532411,2,0,2,90849,0,0,545212331531312424242455113131354252452143352353521244425543131123234545314421525,1267eef7b3e3ac15405c7884e3e9c8965ee14849e12083063ec78692ddde61f0,15-16-16-17-17,1,1,960
531,cda53f46b9a4237f1fb2d052d95764e1184c8496c380d742c038669441a79a67,112334542254511324141325534235424115452433152431152253323251441344512325523245413,1,0,1,93100,0,0,214251335453114253323544121154523143341125542515433212232451435535212314122335454,00ff6294fba1efd1ea776de98df53af1e71b6b9d9d83136c6f0a964e3f94ad5b,15-16-16-17-17,1,1,960
532,1f6ed8757f70b13386b2f8cadfa9fed8a82ed9ef8b77c506acf41fd76cc2273b,112334542254511324141325534235424115452433152431152253523251441344512325523245413,2,0,2,93609,0,0,123244155214553231243314525355212341135442132431135542522531413314153224452321413,a9a0cf1287be9805280b3a14f0365008e282e1f786b3fa4b88ae65558e982436,15-15-17-17-17,1,1,960
533,521260b7986c3442dd6ca31a36daa0e10442f3e5075e190690a139c991a1a03d,112332445134451322345231512221154543553242311325145423411323255434525231253413154,1,0,1,94285,0,0,543135142312424515442121335125453421331252144154543322234312451221345513455211233,86e02dddf0400926fa30c166ed4d6802356637bd16186f92f9de2a078b5c7c4c,15-16-16-17-17,1,1,960
534,8562b8899f6847c8a7c025acf2d4697233ae015320f14a3bd1edc767ddd7b8bf,112343554435252131324141523455131422521324341344235215241515233233514152512423314,1,0,1,94532,0,0,425514123132423551551323241321351445245415213114252334513242415252131354433545122,ea4cbadf03e50738ee7d00f0fc37290c611603487f1aa934842879d1263965a4,15-15-17-17-17,1,1,960
535,447786214e3b4e4bf2bd233c917b6c2a9da3a54afbecb8663991fa477f608f3f,112345324225443153343121255532521441141535322513134245234254531454212513321352414,1,0,1,95575,0,0,452132154225434113411354325334412251121553344533211245244523513315245432543121532,23368e32e5f30c160410ebec2a0ca80222e73d9be43f6a7cc2d99b0ba0abcce9,16-16-16-16-17,1,1,960
536,5231a9e84632b2d387b0862b78c82a7cb47d21ccb3cf876319c10dc109107bfe,112234354423511423411453235352544131134355122241123545353225411234112543545432312,1,0,1,95591,0,0,125415423535312214243455132114243253251143452351524341432531521324324515412152335,d6115907220666f900fc59fd873dac203939e0661e3434e2d3aa8ed38cdbf05c,15-16-16-17-17,1,1,960
537,897d1e6a981a5575a7f95eca6e67b909dcc22a3b9e907e4b71c816c4e3e7f196,112234345254543121434151232533121544121453432543322511421415353345512423315245214,1,0,1,95703,0,0,513253214435312254424215135112334452345425131552131442343121545131452523254543311,dbd05078014104b1693ee1549c3c33bbb4e71ea060c38c23d18615b31b85c86f,15-16-16-17-17,1,1,960
538,c0a215b0f06d43a2d959660ed686193ae610d37a812ee404bb9c93e884144283,112234345234551314345154212231421453455323421421415533323545121143312245552143132,1,0,1,96738,0,0,224351314351134452141252343543532211522141543413543521152325434415223135334415152,5562b08f8d91e3ae2226b34812493aa6ab3b81cb92e8202b903877077b51ab5f,15-16-16-17-17,1,1,960
539,37a25b540667019de66b6b6edf1d19e1b2f3d586a74ae36663bab8ec8458a8f1,121324354315451232523543114242415533345542213231235451532114342453132521154223145,1,0,1,97672,0,0,324525413535112244342543521214145335541312325132454152253451243423234151151223534,886efe859a3d2fe4b193d1acf37376eb742f0aa4f46b587efc6779d9a10f3755,15-16-16-17-17,1,1,960
540,d8501e63c70b65628e1c97385ceb828aaf37ad56d8642143cfb2eac8100bd186,123124345453431252325445123252343151411525243241313525532514431344152312134252534,3,0,3,98016,0,0,543412312151234354312544513252343151341515224515323241234425135123152443435151432,43ad7920caf1255f0abf93d49980bf8e04302fa5509eb2f793d1c4b6e5187cea,15-16-16-17-17,1,1,960
541,748a11b27f9b4113795e3ea494998fc30ee37d83e1ebbef3be9c5ff5efbf540d,121345342525143134453221451241453531345351212252114343132424515513532424434215123,2,0,2,98669,0,0,434215213535412421152334154314152524215254343353441212423131545542523131121345432,effbd2d6776ba75e2c4fbecce82176b5fd98e4e2329271f686826e00412d10c8,15-16-16-17-17,1,1,960
542,848e5d9c892b85850ebf6ca275f6cca401a520569259cd17144f04fde92abe0b,121345524345232151525414323353112254412423315243355241451521433214143535532531442,3,0,3,99774,0,0,521542143343425115421313545435314212512234351135251424244131253353425421214153534,a794e8607d79c194c0c807b549a358217833f567cfc719ba6d09f02c98c04b67,15-16-16-17-17,1,1,960
543,d01eb589c7d0e66f73e1e9606c59650b4987543a0f5c7478279c5bd91dccf73b,112345235254423511133514422454232351325415123311252354525341413231134542443521235,1,0,1,99933,0,0,525411324531325214241435351143242153425153412314232545234151432152323541352514123,437b7845f198eb2c1ba0645fca1710c7c403c3288a7bc9e18a258360d0ea647e,15-16-16-17-17,1,1,960
544,998f899c3fe4e0beea7aaf7f2bf2a70afbb751f5004c02ae32a1959064938154,112345235254423511133514422454232351345415123311252354525341413231134542443521235,2,0,2,100779,0,0,253541432453232514321454123241323515135452143412313452314125254524215341535144231,91e7a62289be83e512f5e27b9a7cc43a141a42360c7885f47c970d2deb23a3a9,16-16-16-16-17,1,1,960
545,98094041fac6bd0e861c7294b2149d3e6b99b1b7c0b12a5f0ec5bd826b18f4c5,121345425215353142434215521152544332343421215422134351533451214514132534255213443,1,0,1,101708,0,0,133254214345123541325151234142423155453512432514242353231515342254345121522431413,5518191dda5d869deb86ef49a1b1026766fc60391350856fcaaa9c1be047b429,16-16-16-16-17,1,1,960
546,c46cfdad169dd50fc8935fc0024092465f23f4b8f8d5e29a2a7623237dc088de,121324535535421142134145352225133441354245211452513324342452513413532124213214435,4,0,4,102097,0,0,234311552451513234312453412355424213142134355523251134445532321113225445534345121,110d2cb54d7c94439b77f4dc24e63dbfe365018d3e55f3604c5bb8f34e67f835,15-16-16-17-17,1,1,960
547,56e1fce598feaa10cc1fd355056cadd569103ebd9d93ca98e86a87d5cb849f6e,112234553455142213132354541245141332434321251521213445313525424344515132521453324,4,0,4,102931,0,0,122415533135543224342421513511343245325351414244135352454252131513232441451124352,bfd55fa8e0eb431d9a9b2673998feefa8417a2a5a45ad1a530bcd72ac9a6fe86,16-16-16-16-17,1,1,960
548,4d48e5c0d44031deee24bdbbf6a2342c12745b8993a645002ba0b651a2f07570,112343452324151524545232311234141532443235215251514343531423254352524141423415125,2,0,2,103612,0,0,153242354124543532243451125512123434435451221512134543435325211321514342241235413,5f481d87e64067771508a62f7a6910459330c2979b16a0732166eebd82f5ca16,15-16-16-17-17,1,1,960
549,ea52a7690e4ed28a75067b6615215e01bb1bf639192660dc48b3caa49c0e0851,112234545455341232124535321512321344454523131321412455235453114341212453243154513,2,0,2,104857,0,0,114452323233521454142353541314541522232345151541214233453235112521414235425132315,86eace8dbb74ddf473636bf69ec2f1007bfb63c1dbba74411619aa42c90812b1,15-16-16-17-17,1,1,960
550,9c84106b0b06c2f39e79bfa32b84cd593801b5ad0ac66ea2d577073d989b62fe,112234543325511324334452152152324354454115233241323415235245431443551122513132245,1,0,1,105254,0,0,125254431335112244451431352432545321313221455214543513553314214541122543224453135,ae8bd4738a40e984bde8c77befe265f00182087146c95fe37ca5b1999884f218,15-16-16-17-17,1,1,960
551,7d81adfdbd640559989252c7eefbb8bf5e003f30391575179839fce45a73bbb3,112343452324151524545232311235141532443235215251514343531423254352524141423415125,1,0,1,106258,0,0,234545211423131425115252343253141352312352544545413132432524153141423235321314524,d5a6d524b323146b4ffaddedb4f3f0ac308eada59e8fab10d2670f92dbe74e38,15-16-16-17-17,1,1,960
552,f3839bf0caeafa8f33e9b7399076777e04d46b11fbe129492b339e1f6b1dc6c0,121343554534521213351152434453232151214455332543214125215434321435121243342315415,1,0,1,109342,0,0,233525414541413253252134435434151532155332241314241523415252341521414352342345125,5d49794efb2d877a548c7ba2abdb86ef3d650888fb7356b52f62ac88a95b6dcf,15-16-16-17-17,1,1,960
553,e8a0f51d5baa104fff4149b0e12090560f5bf556162a4b88dfb14fe45a0f4803,112323455253141324543354212152215344344532211221414535521231443315143522435522131,3,0,3,109549,0,0,523154241324354521514123234235421453243535142152412353115542332352241415431235125,65321300098e6c7fcaa21f33f867e1c8b1af04d1c0d6eb439a3d0b76094d1bbe,15-15-16-17-18,1,1,960
554,867f9a9323bcfb8b830d74a9c97b5c732d8ed631814a5164dff710bb7dc3f1b6,121233445414251253435423112315514242322135414243452531552114323534342121141525334,1,0,1,109732,0,0,311424535525231314121355244514243132353415221232354451255123413142542353433112525,c7aa173825cd0f48dc99aeb372686ec14f6e5802ebe3eb42dea083b14c915fcb,14-16-17-17-17,1,1,960
555,71f86fb2026d98ae584af59a7f384e4c0d64ee02722bd6b0a355a2b1b09a581d,122334541214541352234512134513435242452123315331455124453114223525243431341352415,1,0,1,111999,0,0,421412335132425453524534113435151224215234514341242351113543542543351421254123135,4c053a7501cd03e5d4fa9c41cfd918fb7705cbf01fc56544cbea3c3376fac818,15-16-16-17-17,1,1,960
556,7959a5c29c3ea3f0e868b1da271cf48f7a45649da08a0dcbf4297056969a74de,112343452324351524545232311234141532413235215251514343531423254352524131423415125,1,0,1,112674,0,0,134515432543423152352231415141452533255231341413142523225354341534123254421345215,1ef9d1d5226ba7c195bfc15525c28efe2daa415a8dd2f4851f6afc9b38c365e1,15-16-16-17-17,1,1,960
557,4d9d6ed4eb3b4b8d50cc9ef754deeed36ad28e1b54883c75f18b65902a48c8da,112324545243141525514532312123545234454232311321415453451313254345153422235254143,1,0,1,114006,0,0,541512324421314255213434512453231214212545433354121542132145435524323151335452121,be382671ce39190737cc6a471c84602d7a0ab173df179774c02d71377d9d13c0,15-16-16-17-17,1,1,960
558,4f52d77a80f97594fc5bd1340424b6642a74a2bfe25df878e140fee9edca015e,121343554534521213351152432453232151214455332543214125215434321435121243342315415,1,0,1,114251,0,0,345342152251414325412525341314541253122335541434121235125134432241413523533252414,5018ac2fdbf9dc9eac957c67e95047e4d05a885c10759c69609bcc7cc55ebc89,15-16-16-17-17,1,1,960
559,213473b9123128fed539287388544ffeae123b5f2fdef65ad2e65ebc0a1df9db,112324534454313221235524143151443532322135145441132355535242411243551412514415323,2,0,2,114440,0,0,115254324434212551523354142131442325255123143441125233323545411542331415314413252,a915afabc048467e6c14fded66fc89035e0a9c034b323314d3436d180115507b,15-16-16-17-17,1,1,960
560,e28232da7a1f29fbcf2323ee9bd286fc94a60d8e79440f8a983e1a9e3658cf23,121234453434521235352315144421515423514423352232451531345152312143132245215243514,2,0,2,115214,0,0,231245153355132412414253253233554142514423321122314435421415325353142514542321541,cfa6654e0f8263b3e707afb5ca9007f39913280f89835666d89af3ad07f9d1bb,16-16-16-16-17,1,1,960
561,3c2e005aebec2265c838003cf6f2657652161d49df2a99bf8f83e1d3a1673f6c,112345245235524141434151352552131234241453352443232511321414523524513124315242413,2,0,2,116301,0,0,135235424144255331325314152421153523532424115251143543314342215552421331213531454,c3545032842edd7766e3621f7d53a6cbe27afe392c4b3e67c2f617f84d8ecc67,15-15-17-17-17,1,1,960
562,263568941ab217af01a0c9dfbcd44cb19fd2f0d722672dbe8866063443ac9725,112343524435252131524141523355131442121325345354234211241515233233514452542423315,1,0,1,117498,0,0,255414231343252541541312325322541154511454323432321154435543212124133545254125413,2a5fd86b9f86aaa45f5da38fb2be0731d85935f78c2f6721ab7fa75f04218aaa,15-16-16-17-17,1,1,960
563,c874234c2b19d881d30837e394fad2c4019b630ec30439a46f4969866a0d05d7,123143524245321451414152532532254341154432213321215445453435112312541324241523135,1,0,1,118449,0,0,251324354412453125531514242423215531345532214122145453544132312253421543134351425,de6642fffb03f2cd17b682eb2c8029db074a4a38c869b6af0827b8bc594cfc0d,15-15-17-17-17,1,1,960
564,901186d39fa1195ffc88e0c659cc542fdf3a33357d575650fcd2bbdd6ae85726,121345432542251343423131425134252514415435312352512144241423535254123153315544221,1,0,1,119207,0,0,521454123245334215424123135133515224412123554253541431352415341545231413314342552,ebe3ba47229e21248e8475d4366eeb0c33cadaba7d802436b5bfc6fed13cac5e,15-16-16-17-17,1,1,960
565,aa01802f77ac9375e6d470ca8aa04913c7899a2d8bdef09b39e3b0604c16a3e9,112334245353415124221144353545423123151225334413142552235351441542513432434232515,1,0,1,119494,0,0,521542134353425124512342431123415453342511543134123525255234341435231215214153352,a1fdad1eec802bab143ee6157a844bab2128c1000ccd22e5c538e8432551d4af,15-16-16-17-17,1,1,960
566,663769f81e6bd6db1d14a8308919c55e51424710d6247248f532c070325992a1,112324535452415213323525144541413352353544121441253352135251244235142413224131535,1,0,1,121253,0,0,351424153521343125342525413133515242424213315513134422445252331234131554215351244,940d5a7aae1ba00c4faf9dde80f9ce8ec726735be2fdde7bae50cb63464d7ce9,16-16-16-16-17,1,1,960
567,66c5ad3b5e6e795b4d3b39cfad59876093830d2bd8e9156d686fa6e4eaf01aa7,121234554235144235122531345543345221454511332312255441515313424341422153234453512,2,0,2,121321,0,0,434352112351422351433154521125521334212144553543311224141545232524233415352215143,8abf0cfb3c90049376a0edb9aa3a13a9f6f1118a4f3a8038e8d1e2620747e83f,15-16-16-17-17,1,1,960
568,a6185b576cd6d6fe4ee909ef6b50fba541e6378bd07f6f806d268761867d906c,112342543335121254354142512224451351552323441421415335533514122415235234241533415,3,0,3,121517,0,0,125144523435321412254323151312134545334451252151232443413452215243515134521215334,fa5ca928d10cc9ffebc6b99fff4b27a765056f5795564406d39c6ac258012fe8,16-16-16-16-17,1,1,960
569,53520fa140d7d6c3c5f4ea1da6ea121a2c0531e528592b5f1fc4597de906cdeb,121342535543325141342523141415143252232451513315134254454231312124255334233514425,2,0,2,123171,0,0,314423551455331412125251434431452325523234151131542324242513145242315543353145212,d61d8ec3ace680953212c8fc0b4b110acf59ed72c7385d1d0b116111be136b0c,16-16-16-16-17,1,1,960
570,8d18aaf97fad40cd4bfc69293fe6668b321774cf8f99b8aca9918f05233eff35,122343145345145132531154242251434321433252514425415331153532214314321425214513453,1,0,1,123830,0,0,315422314421514533453315122133242515225153143152245431334151422212431345544323251,4eea2d2a366a6d603719248964de95ab904a7460138f39fc27beb6a038418cd3,15-15-17-17-17,1,1,960
571,15f827b658375a05aedbe3ff8c9cf927eb79115af351d1d0fa14bc64b642e909,121334245233152144245251331151434523355221314433115522322545413412523435544313152,2,0,2,124466,0,0,354141225512135342142525331335544112241433551135212454411453523224354113523211434,0c57c07ed739a4fba3a41c68a1235974f4610cd24d8f2bfed81975b59d673b3e,15-16-16-16-18,1,1,960
572,1eab7dbc53d6e412b90d070fe3b6c0a85148b60c42775420ae7f2cee890164ab,121234354425135241354141253215353442344252513511343422532512134453415321132424535,1,0,1,124481,0,0,231215454425314352135424231522131345143535221552121443214543513451342132313252514,6e2c88335b83af70df0b56ed8b330b23c96a126ee26034387f5791b6c17c40d4,15-16-16-17-17,1,1,960
573,8c4182ef883a7985bb9dba958ca65913c26d4c70d5f979012b18bf46044efdfe,112344535454521123235153124432351541351434252544232311323215454241515243515442312,1,0,1,125358,0,0,412353215155243423433451251231325445254411332143125542524532134341142523325214154,7a0daa968bfb307033ff23ae8359a438d1874da736fed662766210110d293298,15-16-16-17-17,1,1,960
574,49c922f61d8970d6f2764970fdcaa5c25c95600f61c56af53e7483ae5ca3e637,112334254552421313254135321431321524134245531541513432215243145323412455345152142,1,0,1,125471,0,0,443225315113534242315421234524234135425351124154142523341352451232543511251413453,6f4be369b143d332cb47b577f2690feba042a105764cbd0e4ba8d29f01a5cac0,16-16-16-16-17,1,1,960
575,cceebe097e8f7e81074a956200b9357f7bc26d16db173c44a7e5fe9d4334bd53,112344235325531144424535321431125432313422145544253311231354512243412553155213424,1,0,1,128136,0,0,433521124512142334524124153312314552445533221231235541155241243354412312123453415,7e372be4ba9fd4f9e4dc07815f50936115184b2a15230a43bdf8391e1836a2ba,15-16-16-17-17,1,1,960
576,9d22f222e97dd186fa0c7f130c4c01d717c0fdf300c21e3c45f4b668327ecb6b,121345523514543221342521341253434152431152235213434515455212314524313154132155442,1,0,1,129591,0,0,132424531543153214423515421154212335311535422354242153215341543231153244422334115,da14398969dd6322a2b394c258c681e69cccd545b0da50cfe411c6e740e5433f,15-16-16-17-17,1,1,960
577,391c3895924257f01f08f7f614eae6214f2e4864b43309127ac8a5435cdd76b7,122343514454151233543321521321155424153245413235213145541432235312524341215434152,1,0,1,131827,0,0,514531423332145245453413125242553131151324542225144331315322454421235513534412312,68a3bfd8ceed73dbf5724a6c3e3b19855c94d5e2731b5b2199e788b7fbe1be5e,16-16-16-16-17,1,1,960
578,b3ce96ad90778c0bc1120c78eb14f4ac1e96b26f51a873e1eb110be1bdff2621,122345415335144251415523324524121534112534352353412142551212443443235521234451135,1,0,1,131862,0,0,254314531354412132531325442522541413431132255142251354145134325325543241413225514,8e16631444e86f5c7068c6735fc44a9fac594a88380fe7758ae24b9960d7f6b9,15-16-16-17-17,1,1,960
579,a43617d00a46409ee80784a2f9f168220d5f25bed4b1aa9a2f9923c6af3cf18e,112334545454232151525141423443151523351322451533454212241415235224513134315225314,1,0,1,132103,0,0,144312325542132435325151324432215541455343211313245542154423253511534432223451153,396fd7509910c5f97c8309d6c9df6234d98b8576153ffa4e2f433532c418192b,15-16-16-17-17,1,1,960
580,7ba2ce0c0fae0d4516e53f9ea0f2e7a7e534a04343c135ebbe5fb912e8ec325b,112342543255213134341415252523344521412521433343525211421154325254131345134452152,1,0,1,132419,0,0,422313451254314215311452432435235214212445335533221541553141324124534523345152143,296328777cde48ae0551dc6d943c906bd200b9de08845d17a23e352cdb47f552,15-16-16-17-17,1,1,960
581,a1d045a9267760b57633640327a56e4055c0a8ae2bc775c8aca176648b32e560,121345342224335154235542131531412534413453215452153341153224415544131522315214423,1,0,1,132772,0,0,344155312442231153351324251221553434525311423114422535233142515512235344453513142,703d122a077375aaaabc83cbecc232dc1797a9e3e90049d362e2a55faf334310,15-16-16-17-17,1,1,960
582,0630755ff47961d0ee86f050ed0f3f3e94c80e99df3ba27bbee7e8c2c9d5fa97,123124453534351214442523351313142425432451135251234341315232514241313542124545123,1,0,1,134361,0,0,423553214535142321214234553234132145151254432345321145421413532142345321352421413,893cdb946d62a8a939f47a98aad77e8c76188f6878e05837d65b1d56254492d0,14-16-17-17-17,1,1,960
583,6b7fbc8a5e22bd60b709e4a00aabeefedc5eaa52d2a70cd6b3dd141a08284d42,121342534313521452424552313535324141214435215135154423452413231352145124243231545,1,0,1,134515,0,0,541251234432314152513431245152454313241523534314142552233545421455212313324135421,2624fd0aa1a678631767506cc42e4acd0661a1010702d78561f123d9b1839ad9,16-16-16-16-17,1,1,960
584,031e25c665dc5e78e70af8aa9ed82e0308679c4c9965d872518ffb27f33af8d8,112345534453142152524523311532114532344535121215234345321453245253311424145421253,1,0,1,135655,0,0,253314142234152435415453213123234515554211324341535122321321454132145543542423351,23e80024fcf7662b29f0e671f28134f8bae409a50a938c42bb6f63249e58ffe1,16-16-16-16-17,1,1,960
585,139d4400abf68fbfb7ad1ebd20d4b7c9bf423f44e4b6552b12f13ecaef6b2d5e,112345354423312155525141423255423431341232545454135312532523141313214524244551213,1,0,1,137294,0,0,223145154431123255535242431355431412142313545454215123513531242121324534344552321,8e8de41d6bf79c5583a28a36b0ad273403caf81155926b865109299de08160cd,16-16-16-16-17,1,1,960
586,7fe8140a9e993212dd880d01d92ace36844b3fec7d1c3e62dff9ff963eaa4424,121334245415541323534225114133512524524154312352423451453112253245453131341235542,1,0,1,138712,0,0,345523142121254543253311254154234352312451435435315221411533425232145514543422131,60a7141d6f80e132b555ccf050e49c0b192e12d7c063fa903f8d9b292d6032de,16-16-16-16-17,1,1,960
587,bc34b027a08948112f141fd01bed9af739ac4cc4df4c9f0391f1fafaa1a10a9d,112334545234541152355141234341253251454225313523114324123455421515322413432412535,1,0,1,138974,0,0,321421453215513234344225513553432114153153442424155132532241345215534321431342251,027cdf338ea3606bca119b5c20e902787dd5a7f5b68ec77925959a42f9d8cd70,16-16-16-16-17,1,1,960
588,8b603b72a5a06d309468014c77bbd63eab40f077df2aeb2afee1d8809121451a,121345245525143134453221451241453531345351212252114353132424515513532424434215123,1,0,1,140092,0,0,432151432525344311451132532134254125251233144314425253243513421112325354543512243,5cac38575abc0ac0c0e87c11a4bb5d81c22f0f18d06fa46f639c7638923084c2,15-16-16-17-17,1,1,960
589,5c7337c766ee919aa9c16d6213db012fe0caad0375ce89d8e020e0a7be63e7ce,123124453534351214442523351513142425432451135251234341315232514241313542125445123,1,0,1,140378,0,0,423235154513412435135154242412435513525321143341543512351341224242513435134224351,50c4eec54683f091c206df5f9267c809eea1d18ac975809a196a50bea46a14fd,15-16-16-17-17,1,1,960
590,cb89f1742a8aca0890cbe929b8e97be99cdb34b88a65e8515a01e306b90d4325,112234545253451124134525231452324153323145512345112453541243321235352414524513342,1,0,1,140782,0,0,523541132215152343534231124135442351121435542352123451413525214251354423442213535,04992762c875ec6d213cb717d8634880c6cf1ea93597af7c3c5d4f38f87487bb,15-16-16-17-17,1,1,960
591,af06fa9b16c7059a877c8918fd1bc76f5694110618e3c50ff9df0bbdcf3d8436,112234553455142213132354541245141332434321251521213445313525424344515132521453124,1,0,1,141428,0,0,343542112321415345525243143531315224142453532454331221252154433234124515113532454,5b3464378e0760bd07b6afbd3355e662fcb4fd8001aae584aa57fdb5c7cfe21f,15-16-16-17-17,1,1,960
592,971559620883abad8818d1b51d14f73088e9639bd4efef33a88551544d7a885f,122345431454513213231421545511323254332545141545432312113232454455214123243151325,1,0,1,141549,0,0,314535421415251332232141455154142323525323144231414553323512541451453232542324115,49dcf7a82da2f3e3491cbf2b74a1a39871cc9064fd8f57d48bdc5a00fbf1d61e,16-16-16-16-17,1,1,960
593,23f1d501b560625efc678f88f2b792f9c0c4725fd49b433a8f3d5dacfec19bf1,121343524211435352535241421132435452543521213422114535353524241415152334244353115,1,0,1,141657,0,0,453521341515132423124451523213134452424253511245413132331525214532245134351314245,315929af036b1837a806af6fe0f99bd7b6cbbe3af77670f67342235f9ff42af7,16-16-16-16-17,1,1,960
594,01ebe03fce396a5705468773f233066391bfdfbab960f61ff72e1693d719dc82,121334554435252311342141532215353241533141422214525313542413125324514253153225434,1,0,1,142077,0,0,354521213542123514321532454435415123211234345243415125532354241423151352154242531,32d6c1e157f4c504dc3dbd5ff67a69b3e341136f821e41d92ef5811889458959,15-16-16-17-17,1,1,960
595,80060f060b72f7e6f70b957fd9f21e9bbc9d710be41f8b3c7a2a3aeb62d05c36,112345432235341524343252115251414332445252113321434525133525244414521353524133451,1,0,1,143162,0,0,412521433245321514533454121411232354133454522545212341224545113151345232352113245,99e13ced2b9a7c3c434618f453094822f047ace436a877b816cd4be188b2edd5,15-16-16-17-17,1,1,960
596,119ef8a352f07979ae37d38b37b4afd474aebf80bbcedd009797b2b4c92c9df3,112234553423411253515343422342521341534342121221153534343455112454112235255234314,1,0,1,143593,0,0,155124234454331125242455331113352524524241313241513243535242411412433152331124552,00ecff5c163d5c881c2fa98f55f91784ee25aeca435cb1bb98641bea2fa82b34,15-16-16-17-17,1,1,960
597,416a1fd90d2689daefa41c34119b7edda23c2d6c51a2f373830f47bd99c92e67,123142543323241455435511322454235211212514543541453232552334411341422135235153124,1,0,1,146341,0,0,514213523441312525225334451332452141514134232252541314331155244453221315123543452,34f1a948e7496df0ea5f925dc538343c26185a5fed5f18fd7991980f8ec3de00,16-16-16-16-17,1,1,960
598,d496655408b8d8326a73cad0b9aa8d473e44d1d09e0e73834f68a63f6ac19ff3,112344523234121354541354321145252143213445512535212134421535431354131252423523415,1,0,1,148164,0,0,453425321212534413144313525535212134521153442434252131253141354345534212321321545,9d22acaa18eac634d0ceaf667c313b67b80118faa950a2f67a0cea2b29522542,16-16-16-16-17,1,1,960
