member	bytes	sha256
Q10_HPC_HANDOFF_PACKAGE/HANDOFF_STATUS.md	2316	16ede5d86ff4f6a1b176ff1763b43f7d854bf779ce0182a5c8d7b4d394f5deb0
Q10_HPC_HANDOFF_PACKAGE/HANDOFF_VERIFICATION.md	1718	93e249fc4ea72872709cadb6ece04309aeac64119ccad039b47a5ae457e0f53a
Q10_HPC_HANDOFF_PACKAGE/provenance/AUTHORITATIVE_STATUS_20260803.json	4724	28fb42b4de9b8b9823e430d0d506d10b7663c889f76b8ef71c56059cfec90734
Q10_HPC_HANDOFF_PACKAGE/runs/join-status.tsv	1945	ea40024a277d6a2e1d99f88b242c1fc670da08b0c2ae393a62926c15e12020d5
Q10_HPC_HANDOFF_PACKAGE/runs/join-summary.tsv	5446	948f311a004eec0001502dbd9a2f7582e0ed59b3735e0d35535dda9de8c63900
Q10_HPC_HANDOFF_PACKAGE/runs/rep0_catalogue/catalogue.audit.log	98	68f69dfa95a45547c8bf8280f4fe8951de8a2085d554ca4c743bd1eb50f71140
Q10_HPC_HANDOFF_PACKAGE/runs/rep0_catalogue/result.json	1675	09f6543b07d76c062524d22214ad4b5e31eae1c272de6988926c655e5f9e110f
Q10_HPC_HANDOFF_PACKAGE/runs/rep0_catalogue/run.meta.json	1798	b0429fabd00fb05f6462fd88ef831003cb6ae921fc1b0a8a16dee6a72d885229
Q10_HPC_HANDOFF_PACKAGE/runs/rep0_catalogue/shard_audit.json	189	38ec233ce0e6e91f1c809dc65500d9684e7b87b149a955ac990934f2ee4ef208
Q10_HPC_HANDOFF_PACKAGE/runs/rep0_catalogue/summary.json	708	298d4c56f0dbf898c3b6a7079ca4237cb09473fff3ae66252e46ee47aae2acb3
Q10_HPC_HANDOFF_PACKAGE/runs/rep0_join/audit.json	42729	3a46aea3271bc6e3629f2490509f0a963abbfbbcb6089f853dec0ec3e64242dc
Q10_HPC_HANDOFF_PACKAGE/runs/rep0_join/audit.stderr	0	e3b0c44298fc1c149afbf4c8996fb92427ae41e4649b934ca495991b7852b855
Q10_HPC_HANDOFF_PACKAGE/runs/rep0_join/audit.stdout	42729	3a46aea3271bc6e3629f2490509f0a963abbfbbcb6089f853dec0ec3e64242dc
Q10_HPC_HANDOFF_PACKAGE/runs/rep0_join/run.meta	367	9790c61660436e69ee6c7cd2bd7c04b16106cae08ca7f32e5c0e38b84a3727bd
Q10_HPC_HANDOFF_PACKAGE/runs/rep10_catalogue/catalogue.audit.log	100	9602433e9eb1fde8b4c6ca0030f563a8ddce42741e8267b59c76d0790aabc29e
Q10_HPC_HANDOFF_PACKAGE/runs/rep10_catalogue/result.json	1683	da102f1bd3510103af4a7b46b060138c15e8e59514378a2299aca45db31fca57
Q10_HPC_HANDOFF_PACKAGE/runs/rep10_catalogue/run.meta.json	1798	35ad3115317dedc627be0007f1f01d8b019b01e2b102a4c1f9c1e0274c25ae30
Q10_HPC_HANDOFF_PACKAGE/runs/rep10_catalogue/shard_audit.json	190	776ec595688c4df585292f9a25bf7c2172d3a27e8fd9a7d70865ff7e4ea5a9db
Q10_HPC_HANDOFF_PACKAGE/runs/rep10_catalogue/summary.json	711	52abeef601f93d579a76ab02cf0ceba087ac97e1ec4bcdad20e684d4f4ea31ad
Q10_HPC_HANDOFF_PACKAGE/runs/rep10_join/audit.json	42903	88bfda6ec4d17515ae2fc68aeab806ac57e42d171f779e1c1a40d23c22a5e4bc
Q10_HPC_HANDOFF_PACKAGE/runs/rep10_join/audit.stderr	0	e3b0c44298fc1c149afbf4c8996fb92427ae41e4649b934ca495991b7852b855
Q10_HPC_HANDOFF_PACKAGE/runs/rep10_join/audit.stdout	42903	88bfda6ec4d17515ae2fc68aeab806ac57e42d171f779e1c1a40d23c22a5e4bc
Q10_HPC_HANDOFF_PACKAGE/runs/rep10_join/run.meta	370	3d5009ccd0f3ec0fef1cbe7d5c6fce0ab3f2d0f6539dce1335dda99c94d7f180
Q10_HPC_HANDOFF_PACKAGE/runs/rep11_catalogue/catalogue.audit.log	101	eb5c89b45e98771b197ed04ab3b410b7102278d3e95ac8410f4b28091c30f45c
Q10_HPC_HANDOFF_PACKAGE/runs/rep11_catalogue/result.json	1682	ac0326fb059de43602481507a44c262a6adacf40787ea2732f7e283ff30558a8
Q10_HPC_HANDOFF_PACKAGE/runs/rep11_catalogue/run.meta.json	1798	7533598f7a90291e9bb98340c3af70dff9cb0acc7be2d7ffd55093802a3ef70a
Q10_HPC_HANDOFF_PACKAGE/runs/rep11_catalogue/shard_audit.json	190	2a09b329faa56c75af87d4cbff1f5e8248812c24952e7e5649ec3d3c3ca43b92
Q10_HPC_HANDOFF_PACKAGE/runs/rep11_catalogue/summary.json	712	24ff55bc19b70384e4b6ba53e39a406a8ad07c528c6e62380bb57f53a025242e
Q10_HPC_HANDOFF_PACKAGE/runs/rep11_join/audit.json	42844	cdfd031f1d19fbdbce72f49f38fc3c650e91ec83d2236ce0077ea2e233de672f
Q10_HPC_HANDOFF_PACKAGE/runs/rep11_join/audit.stderr	0	e3b0c44298fc1c149afbf4c8996fb92427ae41e4649b934ca495991b7852b855
Q10_HPC_HANDOFF_PACKAGE/runs/rep11_join/audit.stdout	42844	cdfd031f1d19fbdbce72f49f38fc3c650e91ec83d2236ce0077ea2e233de672f
Q10_HPC_HANDOFF_PACKAGE/runs/rep11_join/run.meta	370	2fb4e3895204334acb0588312d12446e27121bbceb6fde5c3e51dd90675058ff
Q10_HPC_HANDOFF_PACKAGE/runs/rep12_catalogue/catalogue.audit.log	98	e035ebbc0357b503ef940e764e28af006690ecb22a04f901511ac664e40df811
Q10_HPC_HANDOFF_PACKAGE/runs/rep12_catalogue/result.json	1676	f70f3ebf3bfc1f0e0b8498a08438a8f7a622f090a7ab00c876b5c8e0b0b4e0b4
Q10_HPC_HANDOFF_PACKAGE/runs/rep12_catalogue/run.meta.json	1798	47c38fce26fb09c5796bad3d96ebfea3abea1cec445278e5f6e6ef5eb31c4ef0
Q10_HPC_HANDOFF_PACKAGE/runs/rep12_catalogue/shard_audit.json	189	7003ec18668ae49d38170a849018c0f76549e27c9de26e4c8065dea19025d785
Q10_HPC_HANDOFF_PACKAGE/runs/rep12_catalogue/summary.json	708	6d080a6bba073f624dec15de4cee67076bd449f5c57bcbbd537c69ece05d6019
Q10_HPC_HANDOFF_PACKAGE/runs/rep12_join/audit.json	42691	f8743f63e66d1419d84da5c69a52f229c3d8341e3c1b31edc99f0d18bedc78ad
Q10_HPC_HANDOFF_PACKAGE/runs/rep12_join/audit.stderr	0	e3b0c44298fc1c149afbf4c8996fb92427ae41e4649b934ca495991b7852b855
Q10_HPC_HANDOFF_PACKAGE/runs/rep12_join/audit.stdout	42691	f8743f63e66d1419d84da5c69a52f229c3d8341e3c1b31edc99f0d18bedc78ad
Q10_HPC_HANDOFF_PACKAGE/runs/rep12_join/run.meta	369	e372fb8806636ad6add4586cf49eb85610f4ad1464e72f1d0021e3954490f317
Q10_HPC_HANDOFF_PACKAGE/runs/rep13_catalogue/catalogue.audit.log	98	868fe876df6fd156316fdb206198645db1fc6bfdab9e3460f868e4e776833f01
Q10_HPC_HANDOFF_PACKAGE/runs/rep13_catalogue/result.json	1678	b333977e042b12ae55d75738e035f26d38c23cbc6fbcb049ad3f55d742aba0c2
Q10_HPC_HANDOFF_PACKAGE/runs/rep13_catalogue/run.meta.json	1798	c45826bd5167db76caf9168b5f52a0d9cbd40915b3e466de2790d05ef44ca432
Q10_HPC_HANDOFF_PACKAGE/runs/rep13_catalogue/shard_audit.json	189	80111bcd8ecb3fbad1190e871dc7ac3c5a686af9c4e7aace3054f1dda32695b8
Q10_HPC_HANDOFF_PACKAGE/runs/rep13_catalogue/summary.json	710	bb0ccbec69f0e8e3caea5b17e1160dd9e944880acf30b0b240d333740cd31de1
Q10_HPC_HANDOFF_PACKAGE/runs/rep13_join/audit.json	42594	267b1ead87af0a8ed9a7f3a5a57477f1133acede21520f71a43e047e7169a2c6
Q10_HPC_HANDOFF_PACKAGE/runs/rep13_join/audit.stderr	0	e3b0c44298fc1c149afbf4c8996fb92427ae41e4649b934ca495991b7852b855
Q10_HPC_HANDOFF_PACKAGE/runs/rep13_join/audit.stdout	42594	267b1ead87af0a8ed9a7f3a5a57477f1133acede21520f71a43e047e7169a2c6
Q10_HPC_HANDOFF_PACKAGE/runs/rep13_join/run.meta	369	2a3cab1c67fb3cbefdbba4e782d494beb1e96be1597fa74964dac983284824cc
Q10_HPC_HANDOFF_PACKAGE/runs/rep14_catalogue/catalogue.audit.log	102	4dd0d0186cca62fe8c47a3af88656d0869e4f6949d93a6ea080f97d3f3404812
Q10_HPC_HANDOFF_PACKAGE/runs/rep14_catalogue/result.json	1688	96939b233e7b47e6f0f94ce8e786eff7fd802efae150f96f6eb485159dde747f
Q10_HPC_HANDOFF_PACKAGE/runs/rep14_catalogue/run.meta.json	1798	46781188b45e55de73e8b8b0ea754c3ae04fef84a9c45a9d5a3b53545d3ee9fb
Q10_HPC_HANDOFF_PACKAGE/runs/rep14_catalogue/shard_audit.json	190	096d9b07452563dc5d337afd0a4862e50bed6294a9867bbb1e9597d37c483642
Q10_HPC_HANDOFF_PACKAGE/runs/rep14_catalogue/summary.json	714	156a1e9127a415e00a1cf216ba00a7f7ddf6eddaaf9a6221414436cc923edf24
Q10_HPC_HANDOFF_PACKAGE/runs/rep14_join/audit.json	42998	a38bf2db0930e030857747b8e033a7b2a29bbec888773c01a93db46285d20c39
Q10_HPC_HANDOFF_PACKAGE/runs/rep14_join/audit.stderr	0	e3b0c44298fc1c149afbf4c8996fb92427ae41e4649b934ca495991b7852b855
Q10_HPC_HANDOFF_PACKAGE/runs/rep14_join/audit.stdout	42998	a38bf2db0930e030857747b8e033a7b2a29bbec888773c01a93db46285d20c39
Q10_HPC_HANDOFF_PACKAGE/runs/rep14_join/run.meta	370	4dfe4d4536f717ae8d568f1a3dd8826cc9f99615d2ee534557b4c3b626bb739d
Q10_HPC_HANDOFF_PACKAGE/runs/rep15_catalogue/catalogue.audit.log	98	01a8a77919bf238d0b3ae43b253ee0c074840ef5b793d33036562bf05e689892
Q10_HPC_HANDOFF_PACKAGE/runs/rep15_catalogue/result.json	1677	33b8ff75d4c1b90d1e8c5dc035beaaa400617556da08bc282f08ff0108468db7
Q10_HPC_HANDOFF_PACKAGE/runs/rep15_catalogue/run.meta.json	1798	af60606f17ffdf69b57027ccab750fcd8556c4cfc11b7e6825b40593e7d7bc80
Q10_HPC_HANDOFF_PACKAGE/runs/rep15_catalogue/shard_audit.json	189	c6d3f4c091156d934020cb33e2aab8296abb2f41617f1b9bce227721111593c6
Q10_HPC_HANDOFF_PACKAGE/runs/rep15_catalogue/summary.json	709	b6bf3e62209c299391c3aa5d09245ed213f708172cb025255fd454c6e48528c3
Q10_HPC_HANDOFF_PACKAGE/runs/rep15_join/audit.json	42643	80f37f7f1ed52b9dc57d25ae5e1025bfb44c389dbe7f662f8194adb0535e2ffe
Q10_HPC_HANDOFF_PACKAGE/runs/rep15_join/audit.stderr	0	e3b0c44298fc1c149afbf4c8996fb92427ae41e4649b934ca495991b7852b855
Q10_HPC_HANDOFF_PACKAGE/runs/rep15_join/audit.stdout	42643	80f37f7f1ed52b9dc57d25ae5e1025bfb44c389dbe7f662f8194adb0535e2ffe
Q10_HPC_HANDOFF_PACKAGE/runs/rep15_join/run.meta	369	f30b7f19aced86958cc2f29f67640c4917614b3a8b09c1d2dd70696f3ed48949
Q10_HPC_HANDOFF_PACKAGE/runs/rep16_catalogue/catalogue.audit.log	97	c963c7a505b37712fe309bd7ef59aaf28124bb7b6474960affd50bac814f3caf
Q10_HPC_HANDOFF_PACKAGE/runs/rep16_catalogue/result.json	1675	b46bd25729eec99f52e4e642bb44c6135211864fca94040c22511d02167b0736
Q10_HPC_HANDOFF_PACKAGE/runs/rep16_catalogue/run.meta.json	1798	6ea43d80ce3baf7ba8b69e16b2556fde828157db9bdb57469d81d2ebfc0bb180
Q10_HPC_HANDOFF_PACKAGE/runs/rep16_catalogue/shard_audit.json	189	04b5b70a8cfcd421879acc4796a8190d2aaad93c27be026494f7196be6619e5c
Q10_HPC_HANDOFF_PACKAGE/runs/rep16_catalogue/summary.json	708	25620df2dca810ef7d0bcad5d412ad72b6cca24c080b4a7846143dfa8f0e1da7
Q10_HPC_HANDOFF_PACKAGE/runs/rep16_join/audit.json	42469	e1f1301573a79ae04d1bb51aff79d87ba1eacf253bae7e942a94ef63b3864638
Q10_HPC_HANDOFF_PACKAGE/runs/rep16_join/audit.stderr	0	e3b0c44298fc1c149afbf4c8996fb92427ae41e4649b934ca495991b7852b855
Q10_HPC_HANDOFF_PACKAGE/runs/rep16_join/audit.stdout	42469	e1f1301573a79ae04d1bb51aff79d87ba1eacf253bae7e942a94ef63b3864638
Q10_HPC_HANDOFF_PACKAGE/runs/rep16_join/run.meta	369	fd4c850d299a02a0766725d325a199cf37e64b778ead142e03b71b7c488ff8e1
Q10_HPC_HANDOFF_PACKAGE/runs/rep18_catalogue/catalogue.audit.log	100	d15b493f37ea04fd88655de9d6003be502dd90f5480eb340479d4cd49c95f37a
Q10_HPC_HANDOFF_PACKAGE/runs/rep18_catalogue/result.json	1683	e95e8702455104e461a90ea30276e1f072e0cba33ad574d2d38197ef19a0b8d0
Q10_HPC_HANDOFF_PACKAGE/runs/rep18_catalogue/run.meta.json	1798	0adec4ca5f2f2f631223bebf7d8c650a19faa299b942ad6d75a9f135980b9a8d
Q10_HPC_HANDOFF_PACKAGE/runs/rep18_catalogue/shard_audit.json	190	4efecd3630ee7a722b67a286229a9a53ef50edc98473c0736dd7bc7d3bfcdfb4
Q10_HPC_HANDOFF_PACKAGE/runs/rep18_catalogue/summary.json	711	3da83da0da59525202acb4f156bfa8ada702b511650439e0bb5b7c3695e2c4f2
Q10_HPC_HANDOFF_PACKAGE/runs/rep18_join/audit.json	42897	729ef36bed002425238dc3e075723a6d4f76a4c013f2456e399eabaf1b7e55f5
Q10_HPC_HANDOFF_PACKAGE/runs/rep18_join/audit.stderr	0	e3b0c44298fc1c149afbf4c8996fb92427ae41e4649b934ca495991b7852b855
Q10_HPC_HANDOFF_PACKAGE/runs/rep18_join/audit.stdout	42897	729ef36bed002425238dc3e075723a6d4f76a4c013f2456e399eabaf1b7e55f5
Q10_HPC_HANDOFF_PACKAGE/runs/rep18_join/run.meta	370	cf47e5393c347845cb0688610f71098c35e5e34031cf6fe3d9cafc9b261c7ee5
Q10_HPC_HANDOFF_PACKAGE/runs/rep19_catalogue/catalogue.audit.log	98	5f5db43feaf3a9542ab47a5032ae2368945e5946bddd5822ddb27c735b1f3a55
Q10_HPC_HANDOFF_PACKAGE/runs/rep19_catalogue/result.json	1677	5dd3a7aa932c7f3aa38aafdfa150ea6fb7d227d550f7f86efef002b9fe534fac
Q10_HPC_HANDOFF_PACKAGE/runs/rep19_catalogue/run.meta.json	1798	91fe38fe302725bb65fc9a089ed5fb8a94ccbaf92935d928214a2c87e4f3400e
Q10_HPC_HANDOFF_PACKAGE/runs/rep19_catalogue/shard_audit.json	189	44f0ca284bce7350d202042fba3cb0186356bffd58c044ea070dcfeb86b1787d
Q10_HPC_HANDOFF_PACKAGE/runs/rep19_catalogue/summary.json	709	c1ad49e6ee97c957b1fa29f2d5b2eeed3f4afff31f617d172f676398b991e607
Q10_HPC_HANDOFF_PACKAGE/runs/rep19_join/audit.json	42711	9eace7e52e95554ef6bd47ee019051518d32300f6641b1fee304a5cddeb8d2e7
Q10_HPC_HANDOFF_PACKAGE/runs/rep19_join/audit.stderr	0	e3b0c44298fc1c149afbf4c8996fb92427ae41e4649b934ca495991b7852b855
Q10_HPC_HANDOFF_PACKAGE/runs/rep19_join/audit.stdout	42711	9eace7e52e95554ef6bd47ee019051518d32300f6641b1fee304a5cddeb8d2e7
Q10_HPC_HANDOFF_PACKAGE/runs/rep19_join/run.meta	369	ec0ad5448deab00ff324b0e2c9931c6d19330dcb389c7d6bd82e3a1d5739d00f
Q10_HPC_HANDOFF_PACKAGE/runs/rep1_join/audit.json	43099	1f6dcf948f9e03c5207c3ac5fe2af762cfb8a5f747dc446ee65eadb9e9f0813d
Q10_HPC_HANDOFF_PACKAGE/runs/rep1_join/audit.stderr	0	e3b0c44298fc1c149afbf4c8996fb92427ae41e4649b934ca495991b7852b855
Q10_HPC_HANDOFF_PACKAGE/runs/rep1_join/audit.stdout	43099	1f6dcf948f9e03c5207c3ac5fe2af762cfb8a5f747dc446ee65eadb9e9f0813d
Q10_HPC_HANDOFF_PACKAGE/runs/rep1_join/run.meta	387	038d8ca69266d3fb2f096d91ca013345049164e0f1a506167e438cf0c50e11c5
Q10_HPC_HANDOFF_PACKAGE/runs/rep20_catalogue/catalogue.audit.log	98	8f11eb8478a87d2f13927ac201c6ee054a94521108cae2a312f85eb8aeab325d
Q10_HPC_HANDOFF_PACKAGE/runs/rep20_catalogue/result.json	1678	e7329e9c7db4983d464e405b4b8bc28c0c62851babe090cff850d613bc82f549
Q10_HPC_HANDOFF_PACKAGE/runs/rep20_catalogue/run.meta.json	1798	e2ea99112e0d2ae00f56f6ad2da07a13df53411fea6f9c703adfa7d71c2fee45
Q10_HPC_HANDOFF_PACKAGE/runs/rep20_catalogue/shard_audit.json	189	ad0ffe2f4815e88eab4fd7ba177aa8b4ca17d1cbbb037c646556ae63a079425d
Q10_HPC_HANDOFF_PACKAGE/runs/rep20_catalogue/summary.json	710	d26577386e1235b8c520320d8f84614277129da1189db996c701154331ad0af2
Q10_HPC_HANDOFF_PACKAGE/runs/rep20_join/audit.json	42587	7050b84109fda9c553c482df54d7c40df1ff8668f0970767767b727ce257bd6c
Q10_HPC_HANDOFF_PACKAGE/runs/rep20_join/audit.stderr	0	e3b0c44298fc1c149afbf4c8996fb92427ae41e4649b934ca495991b7852b855
Q10_HPC_HANDOFF_PACKAGE/runs/rep20_join/audit.stdout	42587	7050b84109fda9c553c482df54d7c40df1ff8668f0970767767b727ce257bd6c
Q10_HPC_HANDOFF_PACKAGE/runs/rep20_join/run.meta	369	24a40d0748d64fa2590ca176c41328941214963da8d0ea5c4145740952260fc1
Q10_HPC_HANDOFF_PACKAGE/runs/rep21_catalogue/catalogue.audit.log	101	741be9d86192ab677ea65b6501d4f0ce2362556f27392d9909e7368126ea5916
Q10_HPC_HANDOFF_PACKAGE/runs/rep21_catalogue/result.json	1685	3241a4379a73cf839b7ef9c527ccafb2d72e334d00104acb05bf87544fbff743
Q10_HPC_HANDOFF_PACKAGE/runs/rep21_catalogue/run.meta.json	1798	202f8aa119f5813c78372c1987418ae42e4e7ad06374edaac07f011ad1bd3301
Q10_HPC_HANDOFF_PACKAGE/runs/rep21_catalogue/shard_audit.json	190	2a5d02ad299ecdd8e64cefe4cfd9b0910f6d402ddda337663118ad509f3e5f45
Q10_HPC_HANDOFF_PACKAGE/runs/rep21_catalogue/summary.json	712	c9ccdd1a5ca14f105c384d8f5b505547d9c7791471bf720ccb6c7ad304708029
Q10_HPC_HANDOFF_PACKAGE/runs/rep21_join/audit.json	42839	c32f62f417df1ba0a85c2ad0d0ff05a3a3684ea2a1ddf2532423e35fc854355e
Q10_HPC_HANDOFF_PACKAGE/runs/rep21_join/audit.stderr	0	e3b0c44298fc1c149afbf4c8996fb92427ae41e4649b934ca495991b7852b855
Q10_HPC_HANDOFF_PACKAGE/runs/rep21_join/audit.stdout	42839	c32f62f417df1ba0a85c2ad0d0ff05a3a3684ea2a1ddf2532423e35fc854355e
Q10_HPC_HANDOFF_PACKAGE/runs/rep21_join/run.meta	370	19573f5eb2acc84de38bf549a6e75666509ba54d820ecf8750dcd11858d1a2d8
Q10_HPC_HANDOFF_PACKAGE/runs/rep22_catalogue/catalogue.audit.log	101	ef518a5ee46528e8a64bc338e3635a38ee36a0a9a7bf19205cc4ae7952933f42
Q10_HPC_HANDOFF_PACKAGE/runs/rep22_catalogue/result.json	1685	232cc345b96f3cefa4326867a89442737ebeb722c93f22749ca728abcbc322fe
Q10_HPC_HANDOFF_PACKAGE/runs/rep22_catalogue/run.meta.json	1798	65c9e3f37643bed896257aed1b69b1cd4d3ed8bf4cb9cfb353858bf9f01466d7
Q10_HPC_HANDOFF_PACKAGE/runs/rep22_catalogue/shard_audit.json	190	886c6317419193d3a9d10e4d2cea9a13be5a37b325d49ad98ef3fb83853a4a32
Q10_HPC_HANDOFF_PACKAGE/runs/rep22_catalogue/summary.json	712	9a43a42d0d8d8aa6cf6f1b49eda30620cc33196a4f8651753e80fab5a416711e
Q10_HPC_HANDOFF_PACKAGE/runs/rep22_join/audit.json	42826	c2abd5aa20d7b4cccc2c5798c24de70b5d69c357085425a0ed72ee96620c64c5
Q10_HPC_HANDOFF_PACKAGE/runs/rep22_join/audit.stderr	0	e3b0c44298fc1c149afbf4c8996fb92427ae41e4649b934ca495991b7852b855
Q10_HPC_HANDOFF_PACKAGE/runs/rep22_join/audit.stdout	42826	c2abd5aa20d7b4cccc2c5798c24de70b5d69c357085425a0ed72ee96620c64c5
Q10_HPC_HANDOFF_PACKAGE/runs/rep22_join/run.meta	370	28e8db73ce70ec7a506015d3b28d4691e555af2c2e0f060b34d558cad8137812
Q10_HPC_HANDOFF_PACKAGE/runs/rep23_catalogue/catalogue.audit.log	98	7dffba4d74bfa9a9e068f8c0191ee41889f2e059ecd0971c0e32577cec1fc337
Q10_HPC_HANDOFF_PACKAGE/runs/rep23_catalogue/result.json	1677	104fa765d7e27fa9b136ad5cb89f7e14207ff8da0405853368799a80e9bca6ef
Q10_HPC_HANDOFF_PACKAGE/runs/rep23_catalogue/run.meta.json	1798	6760c24c3d78d909d6c12e682861fbf4f73843f363974b3353e661cc5031aad2
Q10_HPC_HANDOFF_PACKAGE/runs/rep23_catalogue/shard_audit.json	189	94624a821d7da56b1a3ed0c5275b4e630056829c6757bb2ce12d13b728cb4c63
Q10_HPC_HANDOFF_PACKAGE/runs/rep23_catalogue/summary.json	709	05679293a7dbfb45a32d5c6c7994c75ea4941ac73b2ae5e090659d282ba312b9
Q10_HPC_HANDOFF_PACKAGE/runs/rep23_join/audit.json	42735	306c44d8c64a45ae24f7395520c66e9d37d6f559d3003b56b5bae215eb7ea8a2
Q10_HPC_HANDOFF_PACKAGE/runs/rep23_join/audit.stderr	0	e3b0c44298fc1c149afbf4c8996fb92427ae41e4649b934ca495991b7852b855
Q10_HPC_HANDOFF_PACKAGE/runs/rep23_join/audit.stdout	42735	306c44d8c64a45ae24f7395520c66e9d37d6f559d3003b56b5bae215eb7ea8a2
Q10_HPC_HANDOFF_PACKAGE/runs/rep23_join/run.meta	369	5acd39138b8b83cc46a2e3dd59563fd9810783889176c026555d5d1083af161e
Q10_HPC_HANDOFF_PACKAGE/runs/rep24_catalogue/catalogue.audit.log	100	16c7d3cf8180fdf721f08a5c9f989410bf261ae17d4181300482217b12325bfb
Q10_HPC_HANDOFF_PACKAGE/runs/rep24_catalogue/result.json	1683	5e03b2f7decb9525dc4695d1e9edbe1f3047b37deb58bb61064633810d074ef4
Q10_HPC_HANDOFF_PACKAGE/runs/rep24_catalogue/run.meta.json	1798	842eb9af327ea6096e274d3c668ddbfcde1c43d657c8fecd6ca9c33ed99ca0ab
Q10_HPC_HANDOFF_PACKAGE/runs/rep24_catalogue/shard_audit.json	190	b633bda072407eb5cd79422e6c5c9f21f60dea6a4b5aebc1c0232a8cd8c421ad
Q10_HPC_HANDOFF_PACKAGE/runs/rep24_catalogue/summary.json	711	3a6eef813790484e4b5a88c1b053b754c3418df024fe4d59cfa0683d499ebb30
Q10_HPC_HANDOFF_PACKAGE/runs/rep24_join/audit.json	42866	7b968a31d6ec71833ddcc0964d4ad7463573d6702d395ecdd4e2bae0e1427aff
Q10_HPC_HANDOFF_PACKAGE/runs/rep24_join/audit.stderr	0	e3b0c44298fc1c149afbf4c8996fb92427ae41e4649b934ca495991b7852b855
Q10_HPC_HANDOFF_PACKAGE/runs/rep24_join/audit.stdout	42866	7b968a31d6ec71833ddcc0964d4ad7463573d6702d395ecdd4e2bae0e1427aff
Q10_HPC_HANDOFF_PACKAGE/runs/rep24_join/run.meta	370	3c204b0da3265773e6fcb697e77e81ffdf9db702576698bf2fd88b72df876865
Q10_HPC_HANDOFF_PACKAGE/runs/rep25_catalogue/catalogue.audit.log	98	fb672aa19198e24f8090ec4e23a14291eed48db5279b7b5ad2e7b498cc654eff
Q10_HPC_HANDOFF_PACKAGE/runs/rep25_catalogue/result.json	1676	29c6668aef778316af9cfb4ecdc7a3db503f13826422c341b45bc5bb2e2ed10a
Q10_HPC_HANDOFF_PACKAGE/runs/rep25_catalogue/run.meta.json	1798	e6b6a34a22ffc196724f7c652f11135b500105bcdb3aa9d89a8f34f618c94232
Q10_HPC_HANDOFF_PACKAGE/runs/rep25_catalogue/shard_audit.json	189	a04647975e0877c9ecc797805d375d03b2607a896dd4684cd2be268270f3086b
Q10_HPC_HANDOFF_PACKAGE/runs/rep25_catalogue/summary.json	708	63893e7283bd0bd130d00b32b85c34f486feaa0f3c5f1ecd17aba6582d417430
Q10_HPC_HANDOFF_PACKAGE/runs/rep25_join/audit.json	42686	b3a3b399c867b8e17ee50313005a02378648bf203517cce7363b9470585ee4ee
Q10_HPC_HANDOFF_PACKAGE/runs/rep25_join/audit.stderr	0	e3b0c44298fc1c149afbf4c8996fb92427ae41e4649b934ca495991b7852b855
Q10_HPC_HANDOFF_PACKAGE/runs/rep25_join/audit.stdout	42686	b3a3b399c867b8e17ee50313005a02378648bf203517cce7363b9470585ee4ee
Q10_HPC_HANDOFF_PACKAGE/runs/rep25_join/run.meta	369	83a276272f65786a9a69ac59f5289372fc7372025c498b09fdfced99358e2f6a
Q10_HPC_HANDOFF_PACKAGE/runs/rep26_catalogue/catalogue.audit.log	98	73ebdc71750be887ef24aad083b417ecfd3f6a4f6bd8b3b949857bb3b0a0fa57
Q10_HPC_HANDOFF_PACKAGE/runs/rep26_catalogue/result.json	1676	15fccb57ff62a9d5fc68379c91d480974cd85e1d2157773f4cea57c216d24cce
Q10_HPC_HANDOFF_PACKAGE/runs/rep26_catalogue/run.meta.json	1798	3bd3c843ebb6f27e4859ab9e1917c031e358faa5462f6c984435164dc02226f3
Q10_HPC_HANDOFF_PACKAGE/runs/rep26_catalogue/shard_audit.json	189	c10627a28703b2ac600bc3c513eeb1c89d18d902a94f714f9ab0aadcd644a582
Q10_HPC_HANDOFF_PACKAGE/runs/rep26_catalogue/summary.json	708	d124cacb2efb34c521d4b1d2d388579f569f9707adf16c533408029c5323874b
Q10_HPC_HANDOFF_PACKAGE/runs/rep26_join/audit.json	42529	014a2b3672d370fbd64fd2c39655d1b3a57e5e3c3ccb6e290dbb4ec293ee3d71
Q10_HPC_HANDOFF_PACKAGE/runs/rep26_join/audit.stderr	0	e3b0c44298fc1c149afbf4c8996fb92427ae41e4649b934ca495991b7852b855
Q10_HPC_HANDOFF_PACKAGE/runs/rep26_join/audit.stdout	42529	014a2b3672d370fbd64fd2c39655d1b3a57e5e3c3ccb6e290dbb4ec293ee3d71
Q10_HPC_HANDOFF_PACKAGE/runs/rep26_join/run.meta	369	93eb2dbbf71929e7c7a94d17f782320f9c2ae134a24e686860ed76bda244cfea
Q10_HPC_HANDOFF_PACKAGE/runs/rep27_catalogue/catalogue.audit.log	98	285db5d8a9510d1b5268eb2c1f8da6795a6ae5852805c06675692222242aba64
Q10_HPC_HANDOFF_PACKAGE/runs/rep27_catalogue/result.json	1677	ab55c404f48f203ae3d8ad6466f749ce745a573b26fa0daecb4a8adb8d9dfad0
Q10_HPC_HANDOFF_PACKAGE/runs/rep27_catalogue/run.meta.json	1798	861b6638e88e788d2bf026cfd09f13f250f58d6e16575d8514db02c738ca474a
Q10_HPC_HANDOFF_PACKAGE/runs/rep27_catalogue/shard_audit.json	189	7cf7e488d05841aca109d137ccbf7c1ba4a9332e1e4412c99b3ebdb370a183db
Q10_HPC_HANDOFF_PACKAGE/runs/rep27_catalogue/summary.json	709	ad4067f81d76773464d8d5900dcc2d04d1116f5d6d12966d3aa4bca25982b34b
Q10_HPC_HANDOFF_PACKAGE/runs/rep27_join/audit.json	42565	52a7db41c059c091ef44f86da3be14dab6da524a20cde9e57021e717a0856523
Q10_HPC_HANDOFF_PACKAGE/runs/rep27_join/audit.stderr	0	e3b0c44298fc1c149afbf4c8996fb92427ae41e4649b934ca495991b7852b855
Q10_HPC_HANDOFF_PACKAGE/runs/rep27_join/audit.stdout	42565	52a7db41c059c091ef44f86da3be14dab6da524a20cde9e57021e717a0856523
Q10_HPC_HANDOFF_PACKAGE/runs/rep27_join/run.meta	369	13b48f03980a5e3ff49122ec264a339df5bb3d485e54e381426eef7f7b5e7fc3
Q10_HPC_HANDOFF_PACKAGE/runs/rep28_catalogue/catalogue.audit.log	98	4ae31403d0e27f751d66b01e653af576e194a3974652fb48c499a48d238a8c18
Q10_HPC_HANDOFF_PACKAGE/runs/rep28_catalogue/result.json	1678	0cf94628c5aec3b58850ee031aef80f2d5ea49c74cd51092a2b39e6bbb3e664e
Q10_HPC_HANDOFF_PACKAGE/runs/rep28_catalogue/run.meta.json	1798	aba8176b6579c9d11103895920878d695e9465f933be0f04522439956ee907b0
Q10_HPC_HANDOFF_PACKAGE/runs/rep28_catalogue/shard_audit.json	189	1739b31905a0fb6604e700eb09b1f00676a6671f031d33b491af2d0bc9b8bbad
Q10_HPC_HANDOFF_PACKAGE/runs/rep28_catalogue/summary.json	710	e5a6d60dd69713aa6f65fe1b7d240192948ed9cc25470c08f9e84d1c6c56b40b
Q10_HPC_HANDOFF_PACKAGE/runs/rep28_join/audit.json	42580	fe49d6950ac7ff82a91d6939d8a7283e96500636e86119dc2aaa6246d43c3bd2
Q10_HPC_HANDOFF_PACKAGE/runs/rep28_join/audit.stderr	0	e3b0c44298fc1c149afbf4c8996fb92427ae41e4649b934ca495991b7852b855
Q10_HPC_HANDOFF_PACKAGE/runs/rep28_join/audit.stdout	42580	fe49d6950ac7ff82a91d6939d8a7283e96500636e86119dc2aaa6246d43c3bd2
Q10_HPC_HANDOFF_PACKAGE/runs/rep28_join/run.meta	369	febc42a649036c15bf20da2d7389203b482b71909b2defbae0a58073d26c66ec
Q10_HPC_HANDOFF_PACKAGE/runs/rep29_catalogue/catalogue.audit.log	98	3ffd92f62a38db65edd1c4609133092af8a3bb7e4add9360dcf72801e6b5892f
Q10_HPC_HANDOFF_PACKAGE/runs/rep29_catalogue/result.json	1677	132ed2c79422b028a27b687fc420f8e4a8e9762ff866b4560b23accf7a67dfb6
Q10_HPC_HANDOFF_PACKAGE/runs/rep29_catalogue/run.meta.json	1798	519bb4720180d40955bfcd20186a0e1d777eb24984ecb568f50b4e8400862c86
Q10_HPC_HANDOFF_PACKAGE/runs/rep29_catalogue/shard_audit.json	189	6415ce8bdc49de709dc3f257f261ce3f66366bdcfd7b2d69a064bcd4998f9d54
Q10_HPC_HANDOFF_PACKAGE/runs/rep29_catalogue/summary.json	709	9deaa4d9c840816aa7865b9bb76dcdc8186dfef27b5909b0e22067b7632cc1a2
Q10_HPC_HANDOFF_PACKAGE/runs/rep29_join/audit.json	42701	5f41128a043ccdc1927886cd68da60cc29ae0851a21bf8ef636cdbc77afd2500
Q10_HPC_HANDOFF_PACKAGE/runs/rep29_join/audit.stderr	0	e3b0c44298fc1c149afbf4c8996fb92427ae41e4649b934ca495991b7852b855
Q10_HPC_HANDOFF_PACKAGE/runs/rep29_join/audit.stdout	42701	5f41128a043ccdc1927886cd68da60cc29ae0851a21bf8ef636cdbc77afd2500
Q10_HPC_HANDOFF_PACKAGE/runs/rep29_join/run.meta	369	62f3286fb52e2d5e1e6dc2d9ab30e70ceaf0593b40fcd4e1694f16e0fb2914db
Q10_HPC_HANDOFF_PACKAGE/runs/rep2_catalogue/catalogue.audit.log	98	411c900a15ec104bfc552ad6fca6962f2e082857bfb6b0a79e5f484db8ed2aed
Q10_HPC_HANDOFF_PACKAGE/runs/rep2_catalogue/result.json	1675	71bca0f1829ad0c637d722cb75c292adbca0b0e98ea82e5b63f0dbef92f8bcb1
Q10_HPC_HANDOFF_PACKAGE/runs/rep2_catalogue/run.meta.json	1798	d82898c21528d1fcdf0e8e97cdf0700a02af4e64a5eceb8820d89d9495a298db
Q10_HPC_HANDOFF_PACKAGE/runs/rep2_catalogue/shard_audit.json	189	b5aeffb4399f9b87a0dc181f0eb47e2784e3b9a3312da61d96a7157a8e222f3c
Q10_HPC_HANDOFF_PACKAGE/runs/rep2_catalogue/summary.json	708	96e72cd85eb9dff0666270909a83aa6f1f381fec8b5e7c7cd660c6aa8ec5aa10
Q10_HPC_HANDOFF_PACKAGE/runs/rep2_join/audit.json	42722	75d3d21c66b0e5a256d7d4f7cf3c3c1522f05b8bd56cc149a990c4e599cdf2d4
Q10_HPC_HANDOFF_PACKAGE/runs/rep2_join/audit.stderr	0	e3b0c44298fc1c149afbf4c8996fb92427ae41e4649b934ca495991b7852b855
Q10_HPC_HANDOFF_PACKAGE/runs/rep2_join/audit.stdout	42722	75d3d21c66b0e5a256d7d4f7cf3c3c1522f05b8bd56cc149a990c4e599cdf2d4
Q10_HPC_HANDOFF_PACKAGE/runs/rep2_join/run.meta	367	f83f86084d36c353851ea3ecaa2fa9c1dbadb40540423857b4646b173f00fbbe
Q10_HPC_HANDOFF_PACKAGE/runs/rep30_catalogue/catalogue.audit.log	98	5af8af25743580a789625d4afa7d2f2143ed88db5f31cc00752885ffeec93b38
Q10_HPC_HANDOFF_PACKAGE/runs/rep30_catalogue/result.json	1677	d2a0adf187a8af37901da738ff7647a6e8e595d8fdda4f9accba3fb530c4beb4
Q10_HPC_HANDOFF_PACKAGE/runs/rep30_catalogue/run.meta.json	1798	c808c9b2290283a1defdf7959a7dc78effdd6ac3e66a1b0a9f92328580728d26
Q10_HPC_HANDOFF_PACKAGE/runs/rep30_catalogue/shard_audit.json	189	09c7e04815b8aacb42bcb0653e74e319d44fe09ef64dce3676eceb188b5a71f0
Q10_HPC_HANDOFF_PACKAGE/runs/rep30_catalogue/summary.json	709	bf4afbc4bc44856cbe65ca5a322c3f4ef38a37e38c0f179a303c360d10ff6c91
Q10_HPC_HANDOFF_PACKAGE/runs/rep30_join/audit.json	42703	7905dd54a3a4ebcf573500de0c6e370ee72ab3a2eb5b026553e9beaad1116ce1
Q10_HPC_HANDOFF_PACKAGE/runs/rep30_join/audit.stderr	0	e3b0c44298fc1c149afbf4c8996fb92427ae41e4649b934ca495991b7852b855
Q10_HPC_HANDOFF_PACKAGE/runs/rep30_join/audit.stdout	42703	7905dd54a3a4ebcf573500de0c6e370ee72ab3a2eb5b026553e9beaad1116ce1
Q10_HPC_HANDOFF_PACKAGE/runs/rep30_join/run.meta	369	1a73c14c7e4868f6cd9b885ccecf50a6dd4a4771720ba9a57ff0d8b281ad19bc
Q10_HPC_HANDOFF_PACKAGE/runs/rep31_catalogue/catalogue.audit.log	100	8ccc2fa77de3376fed30b3e262bd7ba4c69b2961a44d3ea27d8c6330c7d7560c
Q10_HPC_HANDOFF_PACKAGE/runs/rep31_catalogue/result.json	1684	193d2ca731bc0efc270b7340235d369cf7bf352013f956a5f68279a22408ee74
Q10_HPC_HANDOFF_PACKAGE/runs/rep31_catalogue/run.meta.json	1798	bf664e23264251a34ddc0ea5170d548682cc4b2d83cb92cfc409aab0cb9d29ea
Q10_HPC_HANDOFF_PACKAGE/runs/rep31_catalogue/shard_audit.json	190	4b9dc20c71f357d9717f16271dcff1583ec2d34d1eef696c929c2e8bbc71c976
Q10_HPC_HANDOFF_PACKAGE/runs/rep31_catalogue/summary.json	712	c3956ce6140f8c8961cd6cb38cbc2768b7473911522f5a00fca98d00648f2ac9
Q10_HPC_HANDOFF_PACKAGE/runs/rep31_join/audit.json	42716	2026d35531ee45004c41a02230ce41a1dda53ca793189e0ad4d92a4856c303ae
Q10_HPC_HANDOFF_PACKAGE/runs/rep31_join/audit.stderr	0	e3b0c44298fc1c149afbf4c8996fb92427ae41e4649b934ca495991b7852b855
Q10_HPC_HANDOFF_PACKAGE/runs/rep31_join/audit.stdout	42716	2026d35531ee45004c41a02230ce41a1dda53ca793189e0ad4d92a4856c303ae
Q10_HPC_HANDOFF_PACKAGE/runs/rep31_join/run.meta	370	889cbf7d960c918b2c823d00b012d81356150effe4568d88fda92330b17400ae
Q10_HPC_HANDOFF_PACKAGE/runs/rep32_catalogue/catalogue.audit.log	101	8403c3cd184069957acd104ce12b771f299e22da4a30cdd5cca05ba00cb2313d
Q10_HPC_HANDOFF_PACKAGE/runs/rep32_catalogue/result.json	1685	761caaeda166e0426434586f11495c3e5bc7839d80878a5f2cc729836a2b147b
Q10_HPC_HANDOFF_PACKAGE/runs/rep32_catalogue/run.meta.json	1798	f4c17b3a7d9a0d281635519cf9957d89525ecce8a3cb61a94914ab08fa19896e
Q10_HPC_HANDOFF_PACKAGE/runs/rep32_catalogue/shard_audit.json	190	b93e3def97aad8bdab1f55648d0efc40619c0d8d4ac8dffdcdc4392a5b20e98f
Q10_HPC_HANDOFF_PACKAGE/runs/rep32_catalogue/summary.json	712	ddd6d8e428a226097d30ca370361ffdafb5ad9ee2a789d47238501ecbe73db03
Q10_HPC_HANDOFF_PACKAGE/runs/rep32_join/audit.json	42947	b1e6bcecaf1f51dfcd7b68d8f4afab0ef7c1a68721720c428d879ae588dc47bb
Q10_HPC_HANDOFF_PACKAGE/runs/rep32_join/audit.stderr	0	e3b0c44298fc1c149afbf4c8996fb92427ae41e4649b934ca495991b7852b855
Q10_HPC_HANDOFF_PACKAGE/runs/rep32_join/audit.stdout	42947	b1e6bcecaf1f51dfcd7b68d8f4afab0ef7c1a68721720c428d879ae588dc47bb
Q10_HPC_HANDOFF_PACKAGE/runs/rep32_join/run.meta	370	daff11bd2d6b1bb83d5182413d2cdfdd6cc964d5b011eb7cc4ea1e4c9e43eea3
Q10_HPC_HANDOFF_PACKAGE/runs/rep33_catalogue/catalogue.audit.log	98	0cb25f33317c880ec69f7f5aaa7a2da8e6a9fcfb55b7ba7a9bb760b69652debb
Q10_HPC_HANDOFF_PACKAGE/runs/rep33_catalogue/result.json	1676	e1288d91d51b288db879496af7fce442acd31594b6e5bbb80f3f7813ba21cd92
Q10_HPC_HANDOFF_PACKAGE/runs/rep33_catalogue/run.meta.json	1798	2768bac4db540451c308b7a661a03b459912e3e83acbaa35464eec4963a0cf6f
Q10_HPC_HANDOFF_PACKAGE/runs/rep33_catalogue/shard_audit.json	189	56c56be3380a213714b65f1f9ed0baa01df43eefdf766d924882772a5d1dbb7a
Q10_HPC_HANDOFF_PACKAGE/runs/rep33_catalogue/summary.json	708	885ff6c090c8f100d566a46df58884d409bf9f2ddcf32d058b2544c996033b10
Q10_HPC_HANDOFF_PACKAGE/runs/rep33_join/audit.json	42594	b66e00a7d6f6928cda31714c3cdb81e72ac46bd70bea0589295892681390c1d2
Q10_HPC_HANDOFF_PACKAGE/runs/rep33_join/audit.stderr	0	e3b0c44298fc1c149afbf4c8996fb92427ae41e4649b934ca495991b7852b855
Q10_HPC_HANDOFF_PACKAGE/runs/rep33_join/audit.stdout	42594	b66e00a7d6f6928cda31714c3cdb81e72ac46bd70bea0589295892681390c1d2
Q10_HPC_HANDOFF_PACKAGE/runs/rep33_join/run.meta	369	4640a656858ca21c74b4bed82bb92593c260cbf6a57d4e69d1948e19bca7a389
Q10_HPC_HANDOFF_PACKAGE/runs/rep34_catalogue/catalogue.audit.log	100	d5840c6cec9948abe4e5bed88fd69a81bbe346154311c1a1dde822147fc73800
Q10_HPC_HANDOFF_PACKAGE/runs/rep34_catalogue/result.json	1683	2c1b6bd4c538bd17024d0feca0e57a510478cbed7e484c550d909abab57fdd30
Q10_HPC_HANDOFF_PACKAGE/runs/rep34_catalogue/run.meta.json	1798	cf51211cc32f2b93cc190ff41e1e55e2e6e31600d89fcb987b5ea47b21881221
Q10_HPC_HANDOFF_PACKAGE/runs/rep34_catalogue/shard_audit.json	190	3c45b3ef20fc213bcafe1e5b7705d31fca9da3e889865b085c940741be2f1849
Q10_HPC_HANDOFF_PACKAGE/runs/rep34_catalogue/summary.json	711	a8f12db0885f22d4f610bbf42afac12ac63aa99cd533bd1ddd1db18fe28e29e9
Q10_HPC_HANDOFF_PACKAGE/runs/rep34_join/audit.json	42909	f14eceebc9607c6210a9ac79bb37bbc899640ecfcaaba14a76e7291f4c76bd2a
Q10_HPC_HANDOFF_PACKAGE/runs/rep34_join/audit.stderr	0	e3b0c44298fc1c149afbf4c8996fb92427ae41e4649b934ca495991b7852b855
Q10_HPC_HANDOFF_PACKAGE/runs/rep34_join/audit.stdout	42909	f14eceebc9607c6210a9ac79bb37bbc899640ecfcaaba14a76e7291f4c76bd2a
Q10_HPC_HANDOFF_PACKAGE/runs/rep34_join/run.meta	370	b32986c7b7eb3ecd1f0538c0c6a02db313e8579453667c0994dcbbac6876373b
Q10_HPC_HANDOFF_PACKAGE/runs/rep35_catalogue/catalogue.audit.log	100	1fccf67559c76080a5257c3419e83c5896fe5aa8e49996bb23e758e84a770132
Q10_HPC_HANDOFF_PACKAGE/runs/rep35_catalogue/result.json	1684	9c552eb3429fb4de379c656352fa7d3c3dfae3c8569fea5ad0155434b78a55a5
Q10_HPC_HANDOFF_PACKAGE/runs/rep35_catalogue/run.meta.json	1798	4799d683dbd81c58083ab10836ec0c1ffa2b37f9ccf0da05f83b9d6a308015e4
Q10_HPC_HANDOFF_PACKAGE/runs/rep35_catalogue/shard_audit.json	190	2a446eb1b930c39c8316fe7715e2939b34f1bda80a7dfd9cfdc11f2099d3641d
Q10_HPC_HANDOFF_PACKAGE/runs/rep35_catalogue/summary.json	712	d128d94b41ec5e3b4e59bca137c1b6c084f96f4cd2f2e59ef760f3186e1e9569
Q10_HPC_HANDOFF_PACKAGE/runs/rep35_join/audit.json	42873	d028c8fa0cc90386a3b736cea5834d21d5af50c06839065c6dff6b29ad289384
Q10_HPC_HANDOFF_PACKAGE/runs/rep35_join/audit.stderr	0	e3b0c44298fc1c149afbf4c8996fb92427ae41e4649b934ca495991b7852b855
Q10_HPC_HANDOFF_PACKAGE/runs/rep35_join/audit.stdout	42873	d028c8fa0cc90386a3b736cea5834d21d5af50c06839065c6dff6b29ad289384
Q10_HPC_HANDOFF_PACKAGE/runs/rep35_join/run.meta	370	b78fdc1cac26a8564cbf9c8d31592f7355f201dbba23b037e4aca1eca6b78f96
Q10_HPC_HANDOFF_PACKAGE/runs/rep36_catalogue/catalogue.audit.log	101	c9b721a5982f3e9252a5108ac0bf642cfef1e5b6ade400997cee78f322ad1f71
Q10_HPC_HANDOFF_PACKAGE/runs/rep36_catalogue/result.json	1684	206b38291600cd2754d5e5db373053fff3ec4818cb0033162104117a43fdfc27
Q10_HPC_HANDOFF_PACKAGE/runs/rep36_catalogue/run.meta.json	1798	69d3aef86c896fdd0d4f1000a0361647e311ebde56958fe22c201d43a1979e07
Q10_HPC_HANDOFF_PACKAGE/runs/rep36_catalogue/shard_audit.json	190	77439bd0e032b5a406374691f35175a82d19445012aa9d3731e0acbe26db6c2a
Q10_HPC_HANDOFF_PACKAGE/runs/rep36_catalogue/summary.json	712	746ecc2b7100e484a8a7b9019ad7819443e94649cbe0018dfddda5eb1f01fcd9
Q10_HPC_HANDOFF_PACKAGE/runs/rep36_join/audit.json	42952	79c0869de5264f7f4ef0dfbdf96f4b16b164e15b4f7a57142cc44690bd0fc539
Q10_HPC_HANDOFF_PACKAGE/runs/rep36_join/audit.stderr	0	e3b0c44298fc1c149afbf4c8996fb92427ae41e4649b934ca495991b7852b855
Q10_HPC_HANDOFF_PACKAGE/runs/rep36_join/audit.stdout	42952	79c0869de5264f7f4ef0dfbdf96f4b16b164e15b4f7a57142cc44690bd0fc539
Q10_HPC_HANDOFF_PACKAGE/runs/rep36_join/run.meta	370	dc2b99ac088aab9ff2fa4bba9ed2ef5331361bc3c8412a77533c3492e20e73c7
Q10_HPC_HANDOFF_PACKAGE/runs/rep37_catalogue/catalogue.audit.log	98	5e7f6c3c56d41044977b2c544e969a625c50bda9e321f749a97a4aa437a07010
Q10_HPC_HANDOFF_PACKAGE/runs/rep37_catalogue/result.json	1671	04bc9061a44b0b0d38d6518e08a27c27def9fa017ecc9930e2bb1fe55c231ad3
Q10_HPC_HANDOFF_PACKAGE/runs/rep37_catalogue/run.meta.json	1798	4eeae4e8e1f1bd22b18fecb84ac04c9c71d1f05e4376ef8df6141f49eb478726
Q10_HPC_HANDOFF_PACKAGE/runs/rep37_catalogue/shard_audit.json	189	26209ba841e4669c54e046d6fcfd8d0b72d7b2ab149fc9f67f48e785a81059cf
Q10_HPC_HANDOFF_PACKAGE/runs/rep37_catalogue/summary.json	703	69859b0a64bcde55774578d26a44093eefe41cf9d1d7892fc8765f1c7afecd5a
Q10_HPC_HANDOFF_PACKAGE/runs/rep37_join/audit.json	42559	b31b6069188c0151eeda65aced7257d394fc72bb197321eb1720425614c85819
Q10_HPC_HANDOFF_PACKAGE/runs/rep37_join/audit.stderr	0	e3b0c44298fc1c149afbf4c8996fb92427ae41e4649b934ca495991b7852b855
Q10_HPC_HANDOFF_PACKAGE/runs/rep37_join/audit.stdout	42559	b31b6069188c0151eeda65aced7257d394fc72bb197321eb1720425614c85819
Q10_HPC_HANDOFF_PACKAGE/runs/rep37_join/run.meta	369	0a67a623500e354ce7a773e06e22ca7b93cd68ea842a8ef774bb1ffac3dd4dad
Q10_HPC_HANDOFF_PACKAGE/runs/rep38_catalogue/catalogue.audit.log	98	10baf3c34e8fbf37c3b4c439e917193c4416b45130117437231d66c6dcf2521c
Q10_HPC_HANDOFF_PACKAGE/runs/rep38_catalogue/result.json	1678	081d578258906ccd4f8351feb24ac02e5bd24a4f7f11e6e9f87e1118a953ca1c
Q10_HPC_HANDOFF_PACKAGE/runs/rep38_catalogue/run.meta.json	1798	3aba339bacdaba4297ddd8b1c09dce311dc7eb09d3f158eedcc6cccfc007aa8d
Q10_HPC_HANDOFF_PACKAGE/runs/rep38_catalogue/shard_audit.json	189	8cc938b9e5b5070f37fcbc7c3f545a83ee5ccfb2481fc7d7969016973db0e01b
Q10_HPC_HANDOFF_PACKAGE/runs/rep38_catalogue/summary.json	710	e7335c8167155d1cab47325d8182775b91d2d0467a0eda17853115b36a4ea1dd
Q10_HPC_HANDOFF_PACKAGE/runs/rep38_join/audit.json	42541	ec16c6a02d8e4f08072a3a746e52273e93224f3c5b53139191c7c36ed1830628
Q10_HPC_HANDOFF_PACKAGE/runs/rep38_join/audit.stderr	0	e3b0c44298fc1c149afbf4c8996fb92427ae41e4649b934ca495991b7852b855
Q10_HPC_HANDOFF_PACKAGE/runs/rep38_join/audit.stdout	42541	ec16c6a02d8e4f08072a3a746e52273e93224f3c5b53139191c7c36ed1830628
Q10_HPC_HANDOFF_PACKAGE/runs/rep38_join/run.meta	369	e531d300d6a21cb70842ba3b85f8c350be0fa48528f11df658df6a31b8c70218
Q10_HPC_HANDOFF_PACKAGE/runs/rep39_catalogue/catalogue.audit.log	98	1904ef4df121ead21a1926e51cba558843dfe9133579260a6722c5674c1308e7
Q10_HPC_HANDOFF_PACKAGE/runs/rep39_catalogue/result.json	1676	93d162730d7195bba1869bc700d63898a10ef83539ed2fe7be4a0c204f32875d
Q10_HPC_HANDOFF_PACKAGE/runs/rep39_catalogue/run.meta.json	1798	e7a7ce089bec38f772b35939be6fe765d9dd6fbf54044d78ad050eadda21abd2
Q10_HPC_HANDOFF_PACKAGE/runs/rep39_catalogue/shard_audit.json	189	e64cfd4e43f39d291db0c5ef6c5c7c807abe794f0242c13897ba9a86c5a33f2d
Q10_HPC_HANDOFF_PACKAGE/runs/rep39_catalogue/summary.json	709	b51ad4d47037391071b91a5cbed0208d334f5451b722e047dab811b739f5f89e
Q10_HPC_HANDOFF_PACKAGE/runs/rep39_join/audit.json	42654	87f7f50561038da001c694253f0c5d8b044dab8ff8037e3087894da3084f8d91
Q10_HPC_HANDOFF_PACKAGE/runs/rep39_join/audit.stderr	0	e3b0c44298fc1c149afbf4c8996fb92427ae41e4649b934ca495991b7852b855
Q10_HPC_HANDOFF_PACKAGE/runs/rep39_join/audit.stdout	42654	87f7f50561038da001c694253f0c5d8b044dab8ff8037e3087894da3084f8d91
Q10_HPC_HANDOFF_PACKAGE/runs/rep39_join/run.meta	369	b35355012e2489449dcc1bcd498a0af9267c9b71b386d7089fff83f62c122ece
Q10_HPC_HANDOFF_PACKAGE/runs/rep3_catalogue/catalogue.audit.log	98	8c00409947cc6d8bb4f8002fe933acac91197dc5feb925d49cf401c551112e72
Q10_HPC_HANDOFF_PACKAGE/runs/rep3_catalogue/result.json	1675	90fa6aba8746918a5d5f8073bbaaf0f72f2b3675c6a0800b39d96b63b51e848f
Q10_HPC_HANDOFF_PACKAGE/runs/rep3_catalogue/run.meta.json	1798	98e956a1fd77d5bc80ca07591c2dfa073e92219c62059b574c91357e2c7a8dc1
Q10_HPC_HANDOFF_PACKAGE/runs/rep3_catalogue/shard_audit.json	189	9b44d296453d5da438726c0d28926de33e96bb890705fe9fce9542c39eb9694f
Q10_HPC_HANDOFF_PACKAGE/runs/rep3_catalogue/summary.json	708	07b2e3e2031c66b06c1879ad45c130d7bb4ae31a4256ff92df5c0ca5b7a452bf
Q10_HPC_HANDOFF_PACKAGE/runs/rep3_join/audit.json	42688	bc05da345537843e7ecc68e08c2082541e133cfe5422a1bc1b58e1b8eb184e1a
Q10_HPC_HANDOFF_PACKAGE/runs/rep3_join/audit.stderr	0	e3b0c44298fc1c149afbf4c8996fb92427ae41e4649b934ca495991b7852b855
Q10_HPC_HANDOFF_PACKAGE/runs/rep3_join/audit.stdout	42688	bc05da345537843e7ecc68e08c2082541e133cfe5422a1bc1b58e1b8eb184e1a
Q10_HPC_HANDOFF_PACKAGE/runs/rep3_join/run.meta	367	2d97b8db06b1f09444e12867003eacbd8314944f64cc1edae471e5a5df24b8c0
Q10_HPC_HANDOFF_PACKAGE/runs/rep40_catalogue/catalogue.audit.log	98	cb99cfa1aa5a19da6d77207b519573f2a6ec7e60548235f3b4b6d5c62ae449d0
Q10_HPC_HANDOFF_PACKAGE/runs/rep40_catalogue/result.json	1677	aa0c06b7eaac89758d758bff0a06b5be21a2ef83ba23e6b620097e26fb5100c1
Q10_HPC_HANDOFF_PACKAGE/runs/rep40_catalogue/run.meta.json	1798	60a4d046188918dd19a01312ed66aefb07f1d950fbf67c05eb7c89727b029838
Q10_HPC_HANDOFF_PACKAGE/runs/rep40_catalogue/shard_audit.json	189	99f5229b2711d9c6aee9646101e05b996b2d56c721b496578017f28f32fa8a63
Q10_HPC_HANDOFF_PACKAGE/runs/rep40_catalogue/summary.json	710	ec1aed57c51c0e65642436f59bc1aaf6372c1f263ee50c84cbcc46d2032af131
Q10_HPC_HANDOFF_PACKAGE/runs/rep40_join/audit.json	42569	4159e9182a77ae53e569e74145849793c89de280210e9e948dc2d692f33950b8
Q10_HPC_HANDOFF_PACKAGE/runs/rep40_join/audit.stderr	0	e3b0c44298fc1c149afbf4c8996fb92427ae41e4649b934ca495991b7852b855
Q10_HPC_HANDOFF_PACKAGE/runs/rep40_join/audit.stdout	42569	4159e9182a77ae53e569e74145849793c89de280210e9e948dc2d692f33950b8
Q10_HPC_HANDOFF_PACKAGE/runs/rep40_join/run.meta	369	2eb4f8b3e8b198505a2d2ca4a318e1254c69bae92198a96aa2259c0a9dd3ac06
Q10_HPC_HANDOFF_PACKAGE/runs/rep41_catalogue/catalogue.audit.log	98	194591eeef6eb11029a018e2a358b9896c8df677ee04d92b7660676108362c5d
Q10_HPC_HANDOFF_PACKAGE/runs/rep41_catalogue/result.json	1676	b06cad0c79c9daf85d027941fd4db79689cd5760657e2b7b34d2f5f91a782f0d
Q10_HPC_HANDOFF_PACKAGE/runs/rep41_catalogue/run.meta.json	1798	4d64c782d622fd3babae4e2238e91a19aba71080ee933f1928a8870cb1b495c0
Q10_HPC_HANDOFF_PACKAGE/runs/rep41_catalogue/shard_audit.json	189	d620a517df4848b633a8bdbc3e512dcae4a47134c49c714767b68acdf9f30907
Q10_HPC_HANDOFF_PACKAGE/runs/rep41_catalogue/summary.json	709	8dbe7241ccafae5e605005eb42c65cf8b224bb8695589ed4ef46244219a4818d
Q10_HPC_HANDOFF_PACKAGE/runs/rep41_join/audit.json	42737	657ef00bdcbd8b0203db581b8a82268959ed3d5f8662dd1d68144fbe9b0a08d7
Q10_HPC_HANDOFF_PACKAGE/runs/rep41_join/audit.stderr	0	e3b0c44298fc1c149afbf4c8996fb92427ae41e4649b934ca495991b7852b855
Q10_HPC_HANDOFF_PACKAGE/runs/rep41_join/audit.stdout	42737	657ef00bdcbd8b0203db581b8a82268959ed3d5f8662dd1d68144fbe9b0a08d7
Q10_HPC_HANDOFF_PACKAGE/runs/rep41_join/run.meta	369	2a7e4c26854ae2baad9d2f846b6e330c08e3962942932cffdb69122e365f5e74
Q10_HPC_HANDOFF_PACKAGE/runs/rep42_catalogue/catalogue.audit.log	102	27ebcea93d386e1e73d3fbe4068d9a9183ef4695968f1b4efd68eefbd8873e31
Q10_HPC_HANDOFF_PACKAGE/runs/rep42_catalogue/result.json	1687	dece909e34d16d58e65671436937d2c587da3261f4de3d839b45d704f89d43bf
Q10_HPC_HANDOFF_PACKAGE/runs/rep42_catalogue/run.meta.json	1798	b249bed57fc72bb07d6dc953b2f6bea315063818669560deaa24219dd91645a1
Q10_HPC_HANDOFF_PACKAGE/runs/rep42_catalogue/shard_audit.json	190	026189746831f60be798c32e212a3dad791ee4ee548e3300375a75de5222d88a
Q10_HPC_HANDOFF_PACKAGE/runs/rep42_catalogue/summary.json	714	808b70197febb5ecd6d81a41d5a903c9838bc2fc1f0ce593e3bf7d902491cfe6
Q10_HPC_HANDOFF_PACKAGE/runs/rep42_join/audit.json	42884	9ba4334b67587e610da039c7b417c08f39a5c9f620535bbed43be82243b7641d
Q10_HPC_HANDOFF_PACKAGE/runs/rep42_join/audit.stderr	0	e3b0c44298fc1c149afbf4c8996fb92427ae41e4649b934ca495991b7852b855
Q10_HPC_HANDOFF_PACKAGE/runs/rep42_join/audit.stdout	42884	9ba4334b67587e610da039c7b417c08f39a5c9f620535bbed43be82243b7641d
Q10_HPC_HANDOFF_PACKAGE/runs/rep42_join/run.meta	370	3f6f0f8bef81a03a78c99a8b090a1c82bb6064c0465c08d1ff52dfd2c08fae63
Q10_HPC_HANDOFF_PACKAGE/runs/rep43_catalogue/catalogue.audit.log	98	fc5edf931b24bd800ae1f91581987b6a6c9a2a0393c956b17b5f729c3a66fd37
Q10_HPC_HANDOFF_PACKAGE/runs/rep43_catalogue/result.json	1676	4bb336537cada0cc644f986a9420bac2669df65e0c32bf162787045f1059d1b9
Q10_HPC_HANDOFF_PACKAGE/runs/rep43_catalogue/run.meta.json	1798	d7b71b56ec11d2f93443296cb0b59dfd8c757396913ddb663df920fefc069741
Q10_HPC_HANDOFF_PACKAGE/runs/rep43_catalogue/shard_audit.json	189	128d2147d95a5d50293878d60278b369902b5f09a3ba4f8eb9c252f31b8595c6
Q10_HPC_HANDOFF_PACKAGE/runs/rep43_catalogue/summary.json	709	72cfb41734b07e8be5b8006e33a8d8af0d23d6fbce40ca0a947e10b8da45fc8e
Q10_HPC_HANDOFF_PACKAGE/runs/rep43_join/audit.json	42652	8e30bae1c9df4e641fe885e1c919e59fc51ce18b61476de3e70ecd6a3904a667
Q10_HPC_HANDOFF_PACKAGE/runs/rep43_join/audit.stderr	0	e3b0c44298fc1c149afbf4c8996fb92427ae41e4649b934ca495991b7852b855
Q10_HPC_HANDOFF_PACKAGE/runs/rep43_join/audit.stdout	42652	8e30bae1c9df4e641fe885e1c919e59fc51ce18b61476de3e70ecd6a3904a667
Q10_HPC_HANDOFF_PACKAGE/runs/rep43_join/run.meta	369	a5d66cf0be89d1ba1ee617085a676f646b9a124ca2a4c8508151749ff09e8aa8
Q10_HPC_HANDOFF_PACKAGE/runs/rep44_catalogue/catalogue.audit.log	98	4b60398d57a9eff618540e53fc055b2c33737d9c42ce545cb4b199a3a4a4eb25
Q10_HPC_HANDOFF_PACKAGE/runs/rep44_catalogue/result.json	1676	50740099f407afd5c2e46d0dd70dad7a34319cd382b4f1ece0f6603b3ccd4b70
Q10_HPC_HANDOFF_PACKAGE/runs/rep44_catalogue/run.meta.json	1798	ce3a16141e078370e623a497d9d4f8f0e13becf85f1da4b32459851ec22ac628
Q10_HPC_HANDOFF_PACKAGE/runs/rep44_catalogue/shard_audit.json	189	2cb6604fd2e3291b5ccd3bb9a7ce946d70533d6690d9b49013163f31ca28d914
Q10_HPC_HANDOFF_PACKAGE/runs/rep44_catalogue/summary.json	709	552e041250748eafdfc3cb9ff62b97531522c5c818b6d234654dac9413c41733
Q10_HPC_HANDOFF_PACKAGE/runs/rep44_join/audit.json	42588	93633eb31edd2cbf21e03e23206dc42d7d4067bc73a8bc226b71e9e76509a095
Q10_HPC_HANDOFF_PACKAGE/runs/rep44_join/audit.stderr	0	e3b0c44298fc1c149afbf4c8996fb92427ae41e4649b934ca495991b7852b855
Q10_HPC_HANDOFF_PACKAGE/runs/rep44_join/audit.stdout	42588	93633eb31edd2cbf21e03e23206dc42d7d4067bc73a8bc226b71e9e76509a095
Q10_HPC_HANDOFF_PACKAGE/runs/rep44_join/run.meta	369	76b0f65eb4c4a611210110f8805873064ab74d4ce876e465d029941e4e96d9b7
Q10_HPC_HANDOFF_PACKAGE/runs/rep45_catalogue/catalogue.audit.log	98	891bc13b88ccfd140e7a1458789f902b4570634aadc09d4d08a4108a1be3e170
Q10_HPC_HANDOFF_PACKAGE/runs/rep45_catalogue/result.json	1676	2b2ed014cc61ea72378a588c4119993b44d786186f3d614a76650dd423897b84
Q10_HPC_HANDOFF_PACKAGE/runs/rep45_catalogue/run.meta.json	1798	2c7ed63ef9fba3820c03e977c8f4940b2b1e7cfa74e7ae2849ea8a15591aee87
Q10_HPC_HANDOFF_PACKAGE/runs/rep45_catalogue/shard_audit.json	189	82c9aae5a66f67a3e10f729ff03d7c39e88dc078076d9dd5d58c1e3ff893d6d0
Q10_HPC_HANDOFF_PACKAGE/runs/rep45_catalogue/summary.json	709	e8ebb4787a4a467ab44d9fbf0b3ed38361ef2e6f5429cd1022acbf8474583b10
Q10_HPC_HANDOFF_PACKAGE/runs/rep45_join/audit.json	42663	6bed07920f02bd2d29287a453617489845930fb86e8d757f5dac1d92e0d20a11
Q10_HPC_HANDOFF_PACKAGE/runs/rep45_join/audit.stderr	0	e3b0c44298fc1c149afbf4c8996fb92427ae41e4649b934ca495991b7852b855
Q10_HPC_HANDOFF_PACKAGE/runs/rep45_join/audit.stdout	42663	6bed07920f02bd2d29287a453617489845930fb86e8d757f5dac1d92e0d20a11
Q10_HPC_HANDOFF_PACKAGE/runs/rep45_join/run.meta	369	ca7148271480b77521039239668fa35190ec4414343570c11b794fd8664a2d52
Q10_HPC_HANDOFF_PACKAGE/runs/rep46_catalogue/catalogue.audit.log	101	bbfe6efbbe3780575927dcd4706d26d58c36d4d9e2cf0f73465f0a297c5fbc13
Q10_HPC_HANDOFF_PACKAGE/runs/rep46_catalogue/result.json	1683	d0c1c08d0662454bd60b040e961bd6c1f005a72160d4ab9eb72ae836a9d4cbd0
Q10_HPC_HANDOFF_PACKAGE/runs/rep46_catalogue/run.meta.json	1798	ad17e5fd72803314c38c5618ccbb7474cd7f0bfde3cff4c13ff23842ed3c9c61
Q10_HPC_HANDOFF_PACKAGE/runs/rep46_catalogue/shard_audit.json	190	6735408425385e04c18faf53b5babd5384954d63cb1ca2b56fca49b9a972cbd8
Q10_HPC_HANDOFF_PACKAGE/runs/rep46_catalogue/summary.json	711	19d6514992b248310fb3e1aac47191d4f0840027affcedd36bf66fdc4b92dad1
Q10_HPC_HANDOFF_PACKAGE/runs/rep46_join/audit.json	42912	afe61f202f9e909d5389d39e6fde2a7a9786564fe47e61a67fafe959d432f1db
Q10_HPC_HANDOFF_PACKAGE/runs/rep46_join/audit.stderr	0	e3b0c44298fc1c149afbf4c8996fb92427ae41e4649b934ca495991b7852b855
Q10_HPC_HANDOFF_PACKAGE/runs/rep46_join/audit.stdout	42912	afe61f202f9e909d5389d39e6fde2a7a9786564fe47e61a67fafe959d432f1db
Q10_HPC_HANDOFF_PACKAGE/runs/rep46_join/run.meta	370	5259ab4a1b3e2b903524e8c5640edae738bb270d83e0295b3f65e1a60b6c54f1
Q10_HPC_HANDOFF_PACKAGE/runs/rep47_catalogue/catalogue.audit.log	98	f5ed62c837455cb470f068196024948ce417386bd7deadef7cb0592871415d65
Q10_HPC_HANDOFF_PACKAGE/runs/rep47_catalogue/result.json	1676	a668c4b9c26501f7d286298dd4b70eaf0c530f85d0851c3f9d4735b446530355
Q10_HPC_HANDOFF_PACKAGE/runs/rep47_catalogue/run.meta.json	1798	5c06d4bfd278fa5da386de16e6a9506bcf4e1bca6633ccea2f536d0cc76c8c2a
Q10_HPC_HANDOFF_PACKAGE/runs/rep47_catalogue/shard_audit.json	189	f6fc514d92ffd8287a7f8db74c313b53850e7cd36b506578349539104d0aabf5
Q10_HPC_HANDOFF_PACKAGE/runs/rep47_catalogue/summary.json	709	2a5fb118545a48d52511ed28b27d0d4880c6b4a8fb3ae589ea9acc440ed281f6
Q10_HPC_HANDOFF_PACKAGE/runs/rep47_join/audit.json	42663	271b041fc63f5ccff68fa39d5ff37fba289312cf8000aaed7ef1175cd2348eb5
Q10_HPC_HANDOFF_PACKAGE/runs/rep47_join/audit.stderr	0	e3b0c44298fc1c149afbf4c8996fb92427ae41e4649b934ca495991b7852b855
Q10_HPC_HANDOFF_PACKAGE/runs/rep47_join/audit.stdout	42663	271b041fc63f5ccff68fa39d5ff37fba289312cf8000aaed7ef1175cd2348eb5
Q10_HPC_HANDOFF_PACKAGE/runs/rep47_join/run.meta	369	29cca45dbb4207a0925496e75f5ea2fb45912ff95f0a98d6b5a2de53b2316d07
Q10_HPC_HANDOFF_PACKAGE/runs/rep48_catalogue/catalogue.audit.log	98	467e0415d31992a7f7565e1a757352e1f13153c6f4f92f72f22805e600f760b1
Q10_HPC_HANDOFF_PACKAGE/runs/rep48_catalogue/result.json	1676	8220f66ca55819b69131ae7a17f4d8548055bc4b255ded9688ce690ded7127b5
Q10_HPC_HANDOFF_PACKAGE/runs/rep48_catalogue/run.meta.json	1798	cf38bc7b329e27bd357ea59bc6a87f6730f71d234997269ecc413f97263f2bc7
Q10_HPC_HANDOFF_PACKAGE/runs/rep48_catalogue/shard_audit.json	189	0ee918e6739b87ff7b3fdcf1a103cd354d852f47c4d9e1464b289a0228e2e702
Q10_HPC_HANDOFF_PACKAGE/runs/rep48_catalogue/summary.json	709	85e314d067cbee9e7fbccbc9a3e63aa11995b23a6ecdbc037fd93d860f1865c4
Q10_HPC_HANDOFF_PACKAGE/runs/rep48_join/audit.json	42678	265a8a2fb3ce7c19edfb1a36a0676422ad3fed011520711c1b0076554b4ae329
Q10_HPC_HANDOFF_PACKAGE/runs/rep48_join/audit.stderr	0	e3b0c44298fc1c149afbf4c8996fb92427ae41e4649b934ca495991b7852b855
Q10_HPC_HANDOFF_PACKAGE/runs/rep48_join/audit.stdout	42678	265a8a2fb3ce7c19edfb1a36a0676422ad3fed011520711c1b0076554b4ae329
Q10_HPC_HANDOFF_PACKAGE/runs/rep48_join/run.meta	369	ba4c80962c8506b244ffa98647a9584245626ba3231002e49b08976d6d26c085
Q10_HPC_HANDOFF_PACKAGE/runs/rep49_catalogue/catalogue.audit.log	102	af1d368ca2e4fbb2ad4c1385bdc83b47c9e40707673e253b3052f038a4257fa4
Q10_HPC_HANDOFF_PACKAGE/runs/rep49_catalogue/result.json	1686	852e7a80431cb27f2fc3fdffb0870e5fe890d95bd0fb2ad5d1e9934d097a4b85
Q10_HPC_HANDOFF_PACKAGE/runs/rep49_catalogue/run.meta.json	1798	e9a902c4ae3f1ab7e19f9571a6b820972e28ae4814c21aae922562a9e60b443b
Q10_HPC_HANDOFF_PACKAGE/runs/rep49_catalogue/shard_audit.json	190	249dadb371dfb2e495c13e5cd01d6e777de85b155d6a8b533aae570f752ad8f4
Q10_HPC_HANDOFF_PACKAGE/runs/rep49_catalogue/summary.json	714	7181de29f5310d218642b32218d0878292ef2398a745cc2d9918ec968ad9452b
Q10_HPC_HANDOFF_PACKAGE/runs/rep49_join/audit.json	42995	8b9f110caeba2906a1dce7bd3bb4e799989412da63aba9eeb7ee622426c1297b
Q10_HPC_HANDOFF_PACKAGE/runs/rep49_join/audit.stderr	0	e3b0c44298fc1c149afbf4c8996fb92427ae41e4649b934ca495991b7852b855
Q10_HPC_HANDOFF_PACKAGE/runs/rep49_join/audit.stdout	42995	8b9f110caeba2906a1dce7bd3bb4e799989412da63aba9eeb7ee622426c1297b
Q10_HPC_HANDOFF_PACKAGE/runs/rep49_join/run.meta	370	341a70a000113265c05c135bb22826c57486fd3461303e74cfb1122e6a6dff6c
Q10_HPC_HANDOFF_PACKAGE/runs/rep4_catalogue/catalogue.audit.log	100	e27262469ad5635a2f043a4f64b7e2ed8bc6ed5e5852985bc94cd73b4376771e
Q10_HPC_HANDOFF_PACKAGE/runs/rep4_catalogue/result.json	1682	b3685afb725def88a005dff4c91f76b53c3d61580e5ba84e0b1bf8e4aaddd27d
Q10_HPC_HANDOFF_PACKAGE/runs/rep4_catalogue/run.meta.json	1798	f26aa91d02dfdb0946a03450af5034b56866e144bfa707473adfba083d00c375
Q10_HPC_HANDOFF_PACKAGE/runs/rep4_catalogue/shard_audit.json	190	ba86629a4501314147008993654484c8eb3b764f4b16f760f6c310fcc908d3a2
Q10_HPC_HANDOFF_PACKAGE/runs/rep4_catalogue/summary.json	710	90211094cf3e13839be8b1cc94143ec6bab3bfc23f447f8bf6323e6fe6f53ca2
Q10_HPC_HANDOFF_PACKAGE/runs/rep4_join/audit.json	42809	d433ae54a9c777be51acd72daa28de9a77943a394ca6a41512a16d03c271cabd
Q10_HPC_HANDOFF_PACKAGE/runs/rep4_join/audit.stderr	0	e3b0c44298fc1c149afbf4c8996fb92427ae41e4649b934ca495991b7852b855
Q10_HPC_HANDOFF_PACKAGE/runs/rep4_join/audit.stdout	42809	d433ae54a9c777be51acd72daa28de9a77943a394ca6a41512a16d03c271cabd
Q10_HPC_HANDOFF_PACKAGE/runs/rep4_join/run.meta	368	a66a8b410137b34d9eabdb8682c72a4fb231abef7df25e8e539548e6281d11a0
Q10_HPC_HANDOFF_PACKAGE/runs/rep50_catalogue/catalogue.audit.log	99	1c7bfef28a7ccbb13d5a98db857f008c01da1f4dfb9113e4850b7f28a2759ef6
Q10_HPC_HANDOFF_PACKAGE/runs/rep50_catalogue/result.json	1678	a1b7236542b7999255ab9ed1a16ffbb34fa22c00eaacb882bc8bbb7c76b6fa1f
Q10_HPC_HANDOFF_PACKAGE/runs/rep50_catalogue/run.meta.json	1798	96a0c127e509fbd3e2cd29c0ebeee6f9aa6f24a62351a66fb69eea307f652e10
Q10_HPC_HANDOFF_PACKAGE/runs/rep50_catalogue/shard_audit.json	189	5f0d3a832e70bc3a6878f16886f928fc1d849dd65885d232a090449e0d30a18a
Q10_HPC_HANDOFF_PACKAGE/runs/rep50_catalogue/summary.json	710	63c168757a88e4ed11136cb96fc26c0a757dbdf2cbe277c0d3951c4685a0c6fa
Q10_HPC_HANDOFF_PACKAGE/runs/rep50_join/audit.json	42682	6ebc2c97403b875d58144fddd814e949659432f71fb1c48352f1c989525ba538
Q10_HPC_HANDOFF_PACKAGE/runs/rep50_join/audit.stderr	0	e3b0c44298fc1c149afbf4c8996fb92427ae41e4649b934ca495991b7852b855
Q10_HPC_HANDOFF_PACKAGE/runs/rep50_join/audit.stdout	42682	6ebc2c97403b875d58144fddd814e949659432f71fb1c48352f1c989525ba538
Q10_HPC_HANDOFF_PACKAGE/runs/rep50_join/run.meta	369	6aefba606ae1e0542a543a8ec823d77ba938f6d271f87e2d120afb8dcc594ab0
Q10_HPC_HANDOFF_PACKAGE/runs/rep51_catalogue/catalogue.audit.log	98	af41968a69a9296533a1f921ad58503169a6cbb72696fa7c820eb7b1ac0c3b96
Q10_HPC_HANDOFF_PACKAGE/runs/rep51_catalogue/result.json	1675	3b6163dc4d598f68927908df81fef642160a5162dc5a24f69e4ec15c3b8451fc
Q10_HPC_HANDOFF_PACKAGE/runs/rep51_catalogue/run.meta.json	1798	23ef6d19a03ce4f411556557788c07a764f6a9018e54c66a3f70bff1aaca33a3
Q10_HPC_HANDOFF_PACKAGE/runs/rep51_catalogue/shard_audit.json	189	3ef73fee846bfc3be37763330eaf1234d6d9045085666b074f75074a60b48085
Q10_HPC_HANDOFF_PACKAGE/runs/rep51_catalogue/summary.json	709	6084f39eda81af2ca52808bbc5cdc72258898d56915a24071c7e1905e52e6a84
Q10_HPC_HANDOFF_PACKAGE/runs/rep51_join/audit.json	42681	448438b891d793f2a938955a1c5f56ae83961d7ec0d7b60c157d18de78a48638
Q10_HPC_HANDOFF_PACKAGE/runs/rep51_join/audit.stderr	0	e3b0c44298fc1c149afbf4c8996fb92427ae41e4649b934ca495991b7852b855
Q10_HPC_HANDOFF_PACKAGE/runs/rep51_join/audit.stdout	42681	448438b891d793f2a938955a1c5f56ae83961d7ec0d7b60c157d18de78a48638
Q10_HPC_HANDOFF_PACKAGE/runs/rep51_join/run.meta	369	4f442829f25639ef0f21a18c794ad46ac2af3741c26cf7fbfc2002484a2e7330
Q10_HPC_HANDOFF_PACKAGE/runs/rep52_catalogue/catalogue.audit.log	98	9c3c8afe00682dcf7affe5c229413421f46dd2e56309ac09c4f8f19a7bd7d45a
Q10_HPC_HANDOFF_PACKAGE/runs/rep52_catalogue/result.json	1677	970bed2811e3281878385aedc0ad47e5479301df12177124c8ace11982a25d3c
Q10_HPC_HANDOFF_PACKAGE/runs/rep52_catalogue/run.meta.json	1798	10a6417fc39a6a8367cab820d69dcfc95bf52f90cf27840044ff321e3b0b63b1
Q10_HPC_HANDOFF_PACKAGE/runs/rep52_catalogue/shard_audit.json	189	3de2ad5816e5fa1063ce03ead3cffdea379215f2cfef61d518b753d7a34fdeee
Q10_HPC_HANDOFF_PACKAGE/runs/rep52_catalogue/summary.json	710	0127aa2b3773117cdcd9e20d3be6db3d70708d10435daf584f8a342a8c0b2012
Q10_HPC_HANDOFF_PACKAGE/runs/rep52_join/audit.json	42565	8d403b93917710409c3898bd657a74b280ca3af3643abe35bcd975680b65e959
Q10_HPC_HANDOFF_PACKAGE/runs/rep52_join/audit.stderr	0	e3b0c44298fc1c149afbf4c8996fb92427ae41e4649b934ca495991b7852b855
Q10_HPC_HANDOFF_PACKAGE/runs/rep52_join/audit.stdout	42565	8d403b93917710409c3898bd657a74b280ca3af3643abe35bcd975680b65e959
Q10_HPC_HANDOFF_PACKAGE/runs/rep52_join/run.meta	369	181bcef47bdd3c1b01324b4151cdaac9e0f3bc05bb8ed8546300e66a63732c3a
Q10_HPC_HANDOFF_PACKAGE/runs/rep54_catalogue/catalogue.audit.log	98	c277f163873f16f0beb8c00c9f1e80d115ef3c0552e64870a9e6ef6d46faf9cd
Q10_HPC_HANDOFF_PACKAGE/runs/rep54_catalogue/result.json	1674	2cf2d097eee19c9581383b62b6dadd71b8b90334a11c9b6810d281d9e5c7a118
Q10_HPC_HANDOFF_PACKAGE/runs/rep54_catalogue/run.meta.json	1798	e8c41b8ab74d90f4626f857388fe286bb68d89e85e7fb7e64d67ee97720512d3
Q10_HPC_HANDOFF_PACKAGE/runs/rep54_catalogue/shard_audit.json	189	434d46ca9fc6b7ab823d3d2e011c0bc28268a2e14aa82b539b3157fcd2799b75
Q10_HPC_HANDOFF_PACKAGE/runs/rep54_catalogue/summary.json	708	4456585c8430d48f8dd18edea20993a5fcfad76dd712dc75d71a22df49bbc64c
Q10_HPC_HANDOFF_PACKAGE/runs/rep54_join/audit.json	42668	1364a60f8629f39afc630802e907e5f4fb73fbe32e85b9b7b6884b1e674843fc
Q10_HPC_HANDOFF_PACKAGE/runs/rep54_join/audit.stderr	0	e3b0c44298fc1c149afbf4c8996fb92427ae41e4649b934ca495991b7852b855
Q10_HPC_HANDOFF_PACKAGE/runs/rep54_join/audit.stdout	42668	1364a60f8629f39afc630802e907e5f4fb73fbe32e85b9b7b6884b1e674843fc
Q10_HPC_HANDOFF_PACKAGE/runs/rep54_join/run.meta	369	5c41b2fd3169cba8079de264dcbe895a3b851fc30ea749965db2a5ed33c53e1e
Q10_HPC_HANDOFF_PACKAGE/runs/rep55_catalogue/catalogue.audit.log	98	85466097fd591eec2ee2e03d93ec6b1acb5d30f4d15c02521ea364bae615cd17
Q10_HPC_HANDOFF_PACKAGE/runs/rep55_catalogue/result.json	1676	4ef5b1ff899b05dc0bb555f7e13d0f59e523c3694322dbe8c024085dfcf26ff6
Q10_HPC_HANDOFF_PACKAGE/runs/rep55_catalogue/run.meta.json	1798	d3470421c07df69779cac501563bddd407aff2813dfaf84696c0f1a2e9a2e2cd
Q10_HPC_HANDOFF_PACKAGE/runs/rep55_catalogue/shard_audit.json	189	dde003dba42de43df4eda87a52da204607f3b1be24806eac3763f1979e85372f
Q10_HPC_HANDOFF_PACKAGE/runs/rep55_catalogue/summary.json	709	9b0c4f58cac5ea7e33980c011f43e13f0652be21289c4cef6e95c7b75a9bdcbc
Q10_HPC_HANDOFF_PACKAGE/runs/rep55_join/audit.json	42686	ba0b468390622607fe6f149fc3ea4f8a5b86e37d8f2db17bef95f73257a73878
Q10_HPC_HANDOFF_PACKAGE/runs/rep55_join/audit.stderr	0	e3b0c44298fc1c149afbf4c8996fb92427ae41e4649b934ca495991b7852b855
Q10_HPC_HANDOFF_PACKAGE/runs/rep55_join/audit.stdout	42686	ba0b468390622607fe6f149fc3ea4f8a5b86e37d8f2db17bef95f73257a73878
Q10_HPC_HANDOFF_PACKAGE/runs/rep55_join/run.meta	369	043dc816f512938b991adfbb9cabc14c63fca62d631e574d4a60fae349d7d58d
Q10_HPC_HANDOFF_PACKAGE/runs/rep56_catalogue/catalogue.audit.log	97	eee5feda6fb6ab2393e4661a9b9a54e0bae973862163e77f198b6e0c4ea43ab6
Q10_HPC_HANDOFF_PACKAGE/runs/rep56_catalogue/result.json	1675	67fb7a7d8da04c02716a3554bd62cab1605d33e90246a5c8bf078285d3cb23a7
Q10_HPC_HANDOFF_PACKAGE/runs/rep56_catalogue/run.meta.json	1798	f512fa74b7c5da6f91fc7bfd1056909d1ca68b8cd5fab98461fd27f525686965
Q10_HPC_HANDOFF_PACKAGE/runs/rep56_catalogue/shard_audit.json	189	35fc1dff41a9d502b5fbe693b3381968a5a9c21128576c5c7e0311937d752a94
Q10_HPC_HANDOFF_PACKAGE/runs/rep56_catalogue/summary.json	708	4d7b6442e6c758dad658ed2733c1f508d270c7a62410dc1d46cc0324f5fba1da
Q10_HPC_HANDOFF_PACKAGE/runs/rep56_join/audit.json	42477	488f70d4637dc6fb5a56a6092d62a62829f009162b4fee856343d97e28bfbda0
Q10_HPC_HANDOFF_PACKAGE/runs/rep56_join/audit.stderr	0	e3b0c44298fc1c149afbf4c8996fb92427ae41e4649b934ca495991b7852b855
Q10_HPC_HANDOFF_PACKAGE/runs/rep56_join/audit.stdout	42477	488f70d4637dc6fb5a56a6092d62a62829f009162b4fee856343d97e28bfbda0
Q10_HPC_HANDOFF_PACKAGE/runs/rep56_join/run.meta	369	3330970cef24c7c60a11c7169798696771b8353ffea3e3fee475b79b7cb61c36
Q10_HPC_HANDOFF_PACKAGE/runs/rep57_catalogue/catalogue.audit.log	101	569e7868d5809dfe783aebd81247b68075c0d626f819a6ee09bd4052db7f6a2b
Q10_HPC_HANDOFF_PACKAGE/runs/rep57_catalogue/result.json	1684	701b08e991fc442866f79f03786d2ce020e9ebb4e2ecf01d21b3b2d38bee7507
Q10_HPC_HANDOFF_PACKAGE/runs/rep57_catalogue/run.meta.json	1798	b609e8f817ec4cf7a3771cf656c67f78da285a330193ffe5702b433caa5fe207
Q10_HPC_HANDOFF_PACKAGE/runs/rep57_catalogue/shard_audit.json	190	8f6859e3a441f60126fe5f55cdcf91998ec17edeadda6452e4a07bbe55930752
Q10_HPC_HANDOFF_PACKAGE/runs/rep57_catalogue/summary.json	712	8ff72c92a80a8d4753c34e411c48e3be300d9c31ee921d5ea07e911bebe99618
Q10_HPC_HANDOFF_PACKAGE/runs/rep57_join/audit.json	42875	3d42ed15bc984b38858d132f4205f31dcb98260029e0077e1e6313221ee27bcc
Q10_HPC_HANDOFF_PACKAGE/runs/rep57_join/audit.stderr	0	e3b0c44298fc1c149afbf4c8996fb92427ae41e4649b934ca495991b7852b855
Q10_HPC_HANDOFF_PACKAGE/runs/rep57_join/audit.stdout	42875	3d42ed15bc984b38858d132f4205f31dcb98260029e0077e1e6313221ee27bcc
Q10_HPC_HANDOFF_PACKAGE/runs/rep57_join/run.meta	370	08ac7e054fa03c47b7d27a447328b81753e9fa3424053d4dd380cdb2fcfb5b43
Q10_HPC_HANDOFF_PACKAGE/runs/rep58_catalogue/catalogue.audit.log	98	29ac9ebeae62f88709386a15ce83f97349ec57f3c2f3944d793dab4bb5ac4bc9
Q10_HPC_HANDOFF_PACKAGE/runs/rep58_catalogue/result.json	1670	58f14c5ab49cfdf810367f00f6d946219ac5ac28cf05873d4369fb518d3a5eea
Q10_HPC_HANDOFF_PACKAGE/runs/rep58_catalogue/run.meta.json	1798	f83309ccc417e56f0fc40851f61ad60da6b266990800cea770c21c07029abc44
Q10_HPC_HANDOFF_PACKAGE/runs/rep58_catalogue/shard_audit.json	189	3ea687a8637b9c01c2d0fa95144e5c535ed7a420c1fc2a8f71bace5a977ae9af
Q10_HPC_HANDOFF_PACKAGE/runs/rep58_catalogue/summary.json	703	3c6a6543c50ec597156e71b67ba3b8cb15ff8750b712be424a452cc9908c734a
Q10_HPC_HANDOFF_PACKAGE/runs/rep58_join/audit.json	42623	0b48fceb996cedf8d6d06b82241c379324ee9022bbd41e74ae58ad72c989efcf
Q10_HPC_HANDOFF_PACKAGE/runs/rep58_join/audit.stderr	0	e3b0c44298fc1c149afbf4c8996fb92427ae41e4649b934ca495991b7852b855
Q10_HPC_HANDOFF_PACKAGE/runs/rep58_join/audit.stdout	42623	0b48fceb996cedf8d6d06b82241c379324ee9022bbd41e74ae58ad72c989efcf
Q10_HPC_HANDOFF_PACKAGE/runs/rep58_join/run.meta	369	05ae9420f63dce7c6f9f2ece9419e1ae93e683b588892e170c95e7c3324c1d04
Q10_HPC_HANDOFF_PACKAGE/runs/rep59_catalogue/catalogue.audit.log	102	b7a7b42d5aa634f47d0e1d0332034ea7a6a6aaac18940a382515247af90e5300
Q10_HPC_HANDOFF_PACKAGE/runs/rep59_catalogue/result.json	1688	2074250baed9a09076a3005d9218db7fd7bc3296ac01fe1caa37dc9d2b19e52f
Q10_HPC_HANDOFF_PACKAGE/runs/rep59_catalogue/run.meta.json	1798	c6af59f3bd5acd96619e02ce0313891c430efa43b81fabcfe4535a268ddf92b6
Q10_HPC_HANDOFF_PACKAGE/runs/rep59_catalogue/shard_audit.json	190	7274aba0fb8a1aa0aa75ed57d553f201197e1fa32c0ce1c54f2341ac2f15cf1c
Q10_HPC_HANDOFF_PACKAGE/runs/rep59_catalogue/summary.json	715	f4ca64a2a267dd814fc8961e50d32f5e4a424847df9597a6158df9c2a2018932
Q10_HPC_HANDOFF_PACKAGE/runs/rep59_join/audit.json	42913	d14381fc40782e0ca23e4e9f873d5b6279a7add931c06acb7837aae8962a922f
Q10_HPC_HANDOFF_PACKAGE/runs/rep59_join/audit.stderr	0	e3b0c44298fc1c149afbf4c8996fb92427ae41e4649b934ca495991b7852b855
Q10_HPC_HANDOFF_PACKAGE/runs/rep59_join/audit.stdout	42913	d14381fc40782e0ca23e4e9f873d5b6279a7add931c06acb7837aae8962a922f
Q10_HPC_HANDOFF_PACKAGE/runs/rep59_join/run.meta	370	2a5df06e9cfd159cf1f5b82ec4c74bcd47ea2063f79eed435f40df770f010959
Q10_HPC_HANDOFF_PACKAGE/runs/rep5_catalogue/catalogue.audit.log	98	9469f2510381f12b630a403f2c48e1cb167000750e76703ed14452580b94b0ce
Q10_HPC_HANDOFF_PACKAGE/runs/rep5_catalogue/result.json	1677	59316e9753054a946ae3b152898212333db328f04b9d2326230b3fbb7434ca71
Q10_HPC_HANDOFF_PACKAGE/runs/rep5_catalogue/run.meta.json	1798	77722751d30662080c67396b7d5bd500cae64e5467bbf474fd2851a7a8eb5acf
Q10_HPC_HANDOFF_PACKAGE/runs/rep5_catalogue/shard_audit.json	189	d68c70be7bc9eeff061e9a86932370cf84dd0df0e5d04747ccbd3637d8cb46c1
Q10_HPC_HANDOFF_PACKAGE/runs/rep5_catalogue/summary.json	709	df71aed03d1177339a612f098a698cf4ca087026dc64c1fecba09943e032e080
Q10_HPC_HANDOFF_PACKAGE/runs/rep5_join/audit.json	42667	558c6fcebc84a81946c075a012aed089dd9e89d8f93549c69e58e75c2158891a
Q10_HPC_HANDOFF_PACKAGE/runs/rep5_join/audit.stderr	0	e3b0c44298fc1c149afbf4c8996fb92427ae41e4649b934ca495991b7852b855
Q10_HPC_HANDOFF_PACKAGE/runs/rep5_join/audit.stdout	42667	558c6fcebc84a81946c075a012aed089dd9e89d8f93549c69e58e75c2158891a
Q10_HPC_HANDOFF_PACKAGE/runs/rep5_join/run.meta	367	b95be2b077d2d892d933b16b71641b25a5d712689c62ead92b83213398916ca3
Q10_HPC_HANDOFF_PACKAGE/runs/rep60_catalogue/catalogue.audit.log	98	80b80050d6abb14e873a55facfd572e7e59289d62c29d73e082cc0b76b97776a
Q10_HPC_HANDOFF_PACKAGE/runs/rep60_catalogue/result.json	1669	014215c39f614d03df9acfd327db6f7a67820780a0000744381e6d61bd6b9754
Q10_HPC_HANDOFF_PACKAGE/runs/rep60_catalogue/run.meta.json	1798	adc0b1414f25c8aa250f7d843747bafd51108c9025d17a4fdf159127a85a9544
Q10_HPC_HANDOFF_PACKAGE/runs/rep60_catalogue/shard_audit.json	189	ef9bc6f54046f9366002d95d67d39bd0b720f0cda6523d379c88bb3ec13b8d6f
Q10_HPC_HANDOFF_PACKAGE/runs/rep60_catalogue/summary.json	702	ef99ac693193e4c9c74969449345e0f20ae99ed452c272032eeee5b2c3fb05e5
Q10_HPC_HANDOFF_PACKAGE/runs/rep60_join/audit.json	42602	ce01ec592627f2443e9ba39e52e6a02160bb9c4bfc57db8d1fe28ef244ac367a
Q10_HPC_HANDOFF_PACKAGE/runs/rep60_join/audit.stderr	0	e3b0c44298fc1c149afbf4c8996fb92427ae41e4649b934ca495991b7852b855
Q10_HPC_HANDOFF_PACKAGE/runs/rep60_join/audit.stdout	42602	ce01ec592627f2443e9ba39e52e6a02160bb9c4bfc57db8d1fe28ef244ac367a
Q10_HPC_HANDOFF_PACKAGE/runs/rep60_join/run.meta	369	4ad4f4bf77787ced804bc7fd2ea09da1256132adb11b2315db79f9f263ffa7ea
Q10_HPC_HANDOFF_PACKAGE/runs/rep61_catalogue/catalogue.audit.log	98	bd3979a0c2180614bb7682a1e1170eee42e2a79c05af9897ef680a35be4a1dbb
Q10_HPC_HANDOFF_PACKAGE/runs/rep61_catalogue/result.json	1675	4dbc84648649d0e2ccc9da2d7765a6e3b50f3402bf91890d8fabcee2e97bf4e0
Q10_HPC_HANDOFF_PACKAGE/runs/rep61_catalogue/run.meta.json	1798	58f497b25c11015a2833c558b53dda16d8ec636d2377076a3bb5c01a0182720e
Q10_HPC_HANDOFF_PACKAGE/runs/rep61_catalogue/shard_audit.json	189	e124b247f2b5545af4b0a290293e23c4d941a21c1b4833d6fb118e00985c6e9e
Q10_HPC_HANDOFF_PACKAGE/runs/rep61_catalogue/summary.json	709	9a767da378d1c5c9efcc8080603ca64c8e807de4d6bd5f6d9409626f40e9c520
Q10_HPC_HANDOFF_PACKAGE/runs/rep61_join/audit.json	42679	8c19d0f714710dcc43badc7fe50f4803d2314a2154dadd494048fb165cba509e
Q10_HPC_HANDOFF_PACKAGE/runs/rep61_join/audit.stderr	0	e3b0c44298fc1c149afbf4c8996fb92427ae41e4649b934ca495991b7852b855
Q10_HPC_HANDOFF_PACKAGE/runs/rep61_join/audit.stdout	42679	8c19d0f714710dcc43badc7fe50f4803d2314a2154dadd494048fb165cba509e
Q10_HPC_HANDOFF_PACKAGE/runs/rep61_join/run.meta	369	5fc92b480ff427d55ac15e4ea609423d64acb4caf38060d3b779300bee76d0c3
Q10_HPC_HANDOFF_PACKAGE/runs/rep62_catalogue/catalogue.audit.log	97	221cce42405e8b0c7acb37839b4dc97fae46429588bed33d1670bb16a2c16e70
Q10_HPC_HANDOFF_PACKAGE/runs/rep62_catalogue/result.json	1675	3f736417a68573d1e6697d18cbb24ecac9218c9433b1cd7bc8aea7a8d62a75ae
Q10_HPC_HANDOFF_PACKAGE/runs/rep62_catalogue/run.meta.json	1798	26cf9583ab2ce5dd2abcbcdaf4f18e67aff024f372795efa340027835fc68652
Q10_HPC_HANDOFF_PACKAGE/runs/rep62_catalogue/shard_audit.json	189	59267492bd87764e50501d48d3c3fc6ed24bd334e7e0dba610ef56b1f24c75ee
Q10_HPC_HANDOFF_PACKAGE/runs/rep62_catalogue/summary.json	709	8588b02c47ecbed8d00407caeadce0dab4e9e675d794139a5999dc0bbbaf30eb
Q10_HPC_HANDOFF_PACKAGE/runs/rep62_join/audit.json	42577	c6bc530325163c2291b54ed7cd6beee1e918ee97a4c4c3022c273e216eb6a369
Q10_HPC_HANDOFF_PACKAGE/runs/rep62_join/audit.stderr	0	e3b0c44298fc1c149afbf4c8996fb92427ae41e4649b934ca495991b7852b855
Q10_HPC_HANDOFF_PACKAGE/runs/rep62_join/audit.stdout	42577	c6bc530325163c2291b54ed7cd6beee1e918ee97a4c4c3022c273e216eb6a369
Q10_HPC_HANDOFF_PACKAGE/runs/rep62_join/run.meta	369	19e65c0b9ff5ab3e13c2f00973c48102a1f2dab147bec473d9564060e450feee
Q10_HPC_HANDOFF_PACKAGE/runs/rep63_catalogue/catalogue.audit.log	98	e222d59fd5e4f02f278d849dee4100f2dbd81e6f658fab393ad8509825daf15c
Q10_HPC_HANDOFF_PACKAGE/runs/rep63_catalogue/result.json	1676	57b7c60b6df81d19d276e1278d1d18e1cef58100d00d602a936dc3f444a31799
Q10_HPC_HANDOFF_PACKAGE/runs/rep63_catalogue/run.meta.json	1798	734ecc6eb92a590f8fd879b906e0d47c7e434c38671143820b3ceabb3ea729cd
Q10_HPC_HANDOFF_PACKAGE/runs/rep63_catalogue/shard_audit.json	189	cc41367491e8df8482dac58f8db039fea3bd72413290073944d5897dbb092f72
Q10_HPC_HANDOFF_PACKAGE/runs/rep63_catalogue/summary.json	709	fa68738db97bff879208442a0fa1f2748f418610929b28063555a6c4940725d8
Q10_HPC_HANDOFF_PACKAGE/runs/rep63_join/audit.json	42672	f579b199dce14d923d0ad147ac91b011084b1657505f289bf9481c67144bfd44
Q10_HPC_HANDOFF_PACKAGE/runs/rep63_join/audit.stderr	0	e3b0c44298fc1c149afbf4c8996fb92427ae41e4649b934ca495991b7852b855
Q10_HPC_HANDOFF_PACKAGE/runs/rep63_join/audit.stdout	42672	f579b199dce14d923d0ad147ac91b011084b1657505f289bf9481c67144bfd44
Q10_HPC_HANDOFF_PACKAGE/runs/rep63_join/run.meta	369	413d498fdb75482babcad90c1f11e1b2a13b17275ba8c071f5531ec761999712
Q10_HPC_HANDOFF_PACKAGE/runs/rep64_catalogue/catalogue.audit.log	98	0371b09871df170bdfd4652653c286bc611476f46c4aab37dd84c3f456e5a750
Q10_HPC_HANDOFF_PACKAGE/runs/rep64_catalogue/result.json	1676	2e13f188bd89a81c38edb70b4b2066e08380527e95ddbdf6ba79b94bb643aa9d
Q10_HPC_HANDOFF_PACKAGE/runs/rep64_catalogue/run.meta.json	1798	dbaf08ad613ef412a12b3381fba7591a69be6851db8df322b2e7f550d1ad1bed
Q10_HPC_HANDOFF_PACKAGE/runs/rep64_catalogue/shard_audit.json	189	3206a8877bbefe91bbde810ce910f2b584882b67c20776ec310e9025a07acd4f
Q10_HPC_HANDOFF_PACKAGE/runs/rep64_catalogue/summary.json	709	36086eb4c2ed5d68419b1afcc1d36605bdc523b28028c0e57c8a317ce3c7871f
Q10_HPC_HANDOFF_PACKAGE/runs/rep64_join/audit.json	42682	9bebedffcb9627a72f6359468c80b0852c0810f075575e13b28c340f8852288c
Q10_HPC_HANDOFF_PACKAGE/runs/rep64_join/audit.stderr	0	e3b0c44298fc1c149afbf4c8996fb92427ae41e4649b934ca495991b7852b855
Q10_HPC_HANDOFF_PACKAGE/runs/rep64_join/audit.stdout	42682	9bebedffcb9627a72f6359468c80b0852c0810f075575e13b28c340f8852288c
Q10_HPC_HANDOFF_PACKAGE/runs/rep64_join/run.meta	369	a2a3b6a5285f7ca3c4c519dfe8e3591c4117b8e996b0d02f07ac8fadfb4e21bf
Q10_HPC_HANDOFF_PACKAGE/runs/rep65_catalogue/catalogue.audit.log	98	ba3c0931951fa9f60b3dbda0378ecb282865aec85923fbaace73eef66c99426e
Q10_HPC_HANDOFF_PACKAGE/runs/rep65_catalogue/result.json	1675	ffa998fa357b18932c2251f4eeb5f71e81c886a07e61957aa2d7fb2659a743b9
Q10_HPC_HANDOFF_PACKAGE/runs/rep65_catalogue/run.meta.json	1798	1a6a02784b39715a1eebdb94ae896420da20703cff482c4af92689a6dc4e2a58
Q10_HPC_HANDOFF_PACKAGE/runs/rep65_catalogue/shard_audit.json	189	7ceb7651a1ea023e3d203703f3265bee9d51bdfa19da5ddfb4e6a9d85d681adb
Q10_HPC_HANDOFF_PACKAGE/runs/rep65_catalogue/summary.json	708	1f88597a75757920574ba6d310d7e0c88b9a740c7994c9e53c8a9e3918a04f50
Q10_HPC_HANDOFF_PACKAGE/runs/rep65_join/audit.json	42711	0727fed8f0bada943cca06b86ca63d9a63e15be81f2548d945fc4b8f7eb8d6c4
Q10_HPC_HANDOFF_PACKAGE/runs/rep65_join/audit.stderr	0	e3b0c44298fc1c149afbf4c8996fb92427ae41e4649b934ca495991b7852b855
Q10_HPC_HANDOFF_PACKAGE/runs/rep65_join/audit.stdout	42711	0727fed8f0bada943cca06b86ca63d9a63e15be81f2548d945fc4b8f7eb8d6c4
Q10_HPC_HANDOFF_PACKAGE/runs/rep65_join/run.meta	369	1dedeb1bb579b13a4c973a17b646473a3fc494f03f009c639832175cfb48b68e
Q10_HPC_HANDOFF_PACKAGE/runs/rep66_catalogue/catalogue.audit.log	98	c8e093c7769c955ce8bf169edd59d70a156aff010dc268d91fa44dd0e5e0c6a4
Q10_HPC_HANDOFF_PACKAGE/runs/rep66_catalogue/result.json	1676	649fd8a68bef63cc147d7d3a02fd5210163aafedd66485de600d492224352df6
Q10_HPC_HANDOFF_PACKAGE/runs/rep66_catalogue/run.meta.json	1798	d7a0a74451222654bfd162f282d81ee9e9b9a93aa9122ad0db1e46ec7db67909
Q10_HPC_HANDOFF_PACKAGE/runs/rep66_catalogue/shard_audit.json	189	509c8a9d885d55893e20ad22a35a0f39ec63151dcb9200c51896a56596e70542
Q10_HPC_HANDOFF_PACKAGE/runs/rep66_catalogue/summary.json	709	063b7d4d07e57018cf7607b5a7083577f40efe3434639c95c286262fa0bb3742
Q10_HPC_HANDOFF_PACKAGE/runs/rep66_join/audit.json	42687	70d27a1cecf9697cb54ddc4faa2bf3c46ce3323130088a88b2e8a424e04c5fc6
Q10_HPC_HANDOFF_PACKAGE/runs/rep66_join/audit.stderr	0	e3b0c44298fc1c149afbf4c8996fb92427ae41e4649b934ca495991b7852b855
Q10_HPC_HANDOFF_PACKAGE/runs/rep66_join/audit.stdout	42687	70d27a1cecf9697cb54ddc4faa2bf3c46ce3323130088a88b2e8a424e04c5fc6
Q10_HPC_HANDOFF_PACKAGE/runs/rep66_join/run.meta	369	acfa65415529666d7214b2d1d45a1d568d49abd7862c125b536f7fe53c63d1d5
Q10_HPC_HANDOFF_PACKAGE/runs/rep67_catalogue/catalogue.audit.log	98	b4981c2a1087135afb25be544a04e50e02b91c5d84e7f8d16e3cc68149421b28
Q10_HPC_HANDOFF_PACKAGE/runs/rep67_catalogue/result.json	1676	ff369afa3f5ac9e6253e6ae50590098d22cc7a894e361aee75ca6de0be6d73ed
Q10_HPC_HANDOFF_PACKAGE/runs/rep67_catalogue/run.meta.json	1798	0c7ce4f4d5007cbb7f519e11ba82dc7ba8ba0cf24db38e97b4fea4b9720116fc
Q10_HPC_HANDOFF_PACKAGE/runs/rep67_catalogue/shard_audit.json	189	8cc6ac98504d8aa5ee8f0b5d0362bce48fa64af14517781aaa706c788077d52d
Q10_HPC_HANDOFF_PACKAGE/runs/rep67_catalogue/summary.json	709	815a2ca38951c86a4f20222fa94cb32c9c056bfdd12f6285b33b79ccd6c522ec
Q10_HPC_HANDOFF_PACKAGE/runs/rep67_join/audit.json	42607	1960360a6df9e4d6f2595e20be0627f4861dd0bdaf1fbcd4da899e941ca8f246
Q10_HPC_HANDOFF_PACKAGE/runs/rep67_join/audit.stderr	0	e3b0c44298fc1c149afbf4c8996fb92427ae41e4649b934ca495991b7852b855
Q10_HPC_HANDOFF_PACKAGE/runs/rep67_join/audit.stdout	42607	1960360a6df9e4d6f2595e20be0627f4861dd0bdaf1fbcd4da899e941ca8f246
Q10_HPC_HANDOFF_PACKAGE/runs/rep67_join/run.meta	369	5f91da9f10ffa3705828c9659fbd5935ab80c99f658ab493c08f050669cd50f8
Q10_HPC_HANDOFF_PACKAGE/runs/rep68_catalogue/catalogue.audit.log	97	c842643be838304e8f95bbd0f25cfefe09a081e26bebce8083d38e97f7b6c1de
Q10_HPC_HANDOFF_PACKAGE/runs/rep68_catalogue/result.json	1668	4b2aecb56b44c7ad3b3952207e4e2bedaa29100b0924da55e7be86f713cd9eef
Q10_HPC_HANDOFF_PACKAGE/runs/rep68_catalogue/run.meta.json	1798	3ce5a066013eadb59a4d4eaf4a4c1d4abfde505c8c1b15d5725abbed53917218
Q10_HPC_HANDOFF_PACKAGE/runs/rep68_catalogue/shard_audit.json	189	dd72ba4f7ee5a6368e96b8597026ba0c64858494f685ecfbcac6ecd2ad55aee8
Q10_HPC_HANDOFF_PACKAGE/runs/rep68_catalogue/summary.json	702	736f0d3533bc433a7461ca849a591c86ad11dca256ddd09aa803c263a89d436d
Q10_HPC_HANDOFF_PACKAGE/runs/rep68_join/audit.json	42628	2f70d5e40ec31d6a697e5f14172f94a6816742efb1015bc348643b79538838a2
Q10_HPC_HANDOFF_PACKAGE/runs/rep68_join/audit.stderr	0	e3b0c44298fc1c149afbf4c8996fb92427ae41e4649b934ca495991b7852b855
Q10_HPC_HANDOFF_PACKAGE/runs/rep68_join/audit.stdout	42628	2f70d5e40ec31d6a697e5f14172f94a6816742efb1015bc348643b79538838a2
Q10_HPC_HANDOFF_PACKAGE/runs/rep68_join/run.meta	369	56bffe076aea2fdffb76f38a2f07c50dc8985062594a259cc2e253a5f772ea07
Q10_HPC_HANDOFF_PACKAGE/runs/rep69_catalogue/catalogue.audit.log	98	319afaee36007ed9741842054eaf40b85107f9ada7529f4d8f3580c802e47fb8
Q10_HPC_HANDOFF_PACKAGE/runs/rep69_catalogue/result.json	1677	6ed752b49c675cae86b6b31da80543e7bd55ebc81d7a4a63928daf04c2bc3745
Q10_HPC_HANDOFF_PACKAGE/runs/rep69_catalogue/run.meta.json	1798	a60aeb8d80511f6d158664719dee75638178f0b955740408ca4099780ee65a36
Q10_HPC_HANDOFF_PACKAGE/runs/rep69_catalogue/shard_audit.json	189	9a85ac122b2ed0aeb80763352946af818398a34967ed82cf79210583aaea49e1
Q10_HPC_HANDOFF_PACKAGE/runs/rep69_catalogue/summary.json	709	07059cda902f61bf61f3a8879ac09b27362279e86d9ba145a4aaf54e96a1f2f8
Q10_HPC_HANDOFF_PACKAGE/runs/rep69_join/audit.json	42677	c64e1d9e257cc072995de90611a4d53111a089e8255d4905f68031294d6db5ae
Q10_HPC_HANDOFF_PACKAGE/runs/rep69_join/audit.stderr	0	e3b0c44298fc1c149afbf4c8996fb92427ae41e4649b934ca495991b7852b855
Q10_HPC_HANDOFF_PACKAGE/runs/rep69_join/audit.stdout	42677	c64e1d9e257cc072995de90611a4d53111a089e8255d4905f68031294d6db5ae
Q10_HPC_HANDOFF_PACKAGE/runs/rep69_join/run.meta	369	b100f92846b2aab4dbcd3d7b1fa135e184f8518fe07277a7e4e40e312c708fda
Q10_HPC_HANDOFF_PACKAGE/runs/rep6_catalogue/catalogue.audit.log	101	4027dec513e4c1ecb0e547bbddfc6c5b248c11a82a03ee35ddb1be7aad6aff97
Q10_HPC_HANDOFF_PACKAGE/runs/rep6_catalogue/result.json	1682	2ced0c57e28f26631220ef69732d3f83415c58e3f9367a78ab3402a044488dd2
Q10_HPC_HANDOFF_PACKAGE/runs/rep6_catalogue/run.meta.json	1798	80680adabaa7be6b914ccba24a2413d1963d6dfb19640575d70f8974752b1ec0
Q10_HPC_HANDOFF_PACKAGE/runs/rep6_catalogue/shard_audit.json	190	95342e6ce0695f01f76c66c06b87ad6154b763be9b4010eb3c168da358ddcc90
Q10_HPC_HANDOFF_PACKAGE/runs/rep6_catalogue/summary.json	709	4919583307065169f934828af6cee9a39279e39af1dd5761e0fd010a6da0e948
Q10_HPC_HANDOFF_PACKAGE/runs/rep6_join/audit.json	42805	ac23d412c54e985a45bce91cca18181a3301310f25a5e675878ae2d18bbf8268
Q10_HPC_HANDOFF_PACKAGE/runs/rep6_join/audit.stderr	0	e3b0c44298fc1c149afbf4c8996fb92427ae41e4649b934ca495991b7852b855
Q10_HPC_HANDOFF_PACKAGE/runs/rep6_join/audit.stdout	42805	ac23d412c54e985a45bce91cca18181a3301310f25a5e675878ae2d18bbf8268
Q10_HPC_HANDOFF_PACKAGE/runs/rep6_join/run.meta	368	cadae7445ea3746f361da38ea694bb53486daf5ccbf1075c52b3218f6bc4d15f
Q10_HPC_HANDOFF_PACKAGE/runs/rep70_catalogue/catalogue.audit.log	98	79027910d53776b0db4e322ab50f2c78b26cb446d82606d2a8bd8868e82e6ed0
Q10_HPC_HANDOFF_PACKAGE/runs/rep70_catalogue/result.json	1678	340154f5b87d8c1569c0eba6556c00ca7ffd7b3cd5582f26dce190de4f6b820d
Q10_HPC_HANDOFF_PACKAGE/runs/rep70_catalogue/run.meta.json	1798	b192c9bd71eebcf252f39268fd835ce92b43e4bd5debfda4af7e4f3b05fc0723
Q10_HPC_HANDOFF_PACKAGE/runs/rep70_catalogue/shard_audit.json	189	d6f0ed8fc1302b4de1d57e43271eb7027f8f70274e84895dc3db3d2cff5fb626
Q10_HPC_HANDOFF_PACKAGE/runs/rep70_catalogue/summary.json	710	a7777cfcf22a52f692df526ce5fc30d037ff38a6f9694836030b2cc8a5acf5ce
Q10_HPC_HANDOFF_PACKAGE/runs/rep70_join/audit.json	42575	5d003e827f63fecaf8bc3d01b6c4e5af989402eff89cd99581cda2b93f0b6a40
Q10_HPC_HANDOFF_PACKAGE/runs/rep70_join/audit.stderr	0	e3b0c44298fc1c149afbf4c8996fb92427ae41e4649b934ca495991b7852b855
Q10_HPC_HANDOFF_PACKAGE/runs/rep70_join/audit.stdout	42575	5d003e827f63fecaf8bc3d01b6c4e5af989402eff89cd99581cda2b93f0b6a40
Q10_HPC_HANDOFF_PACKAGE/runs/rep70_join/run.meta	369	9e2f4e1bf09a1fa63df05777403f2a9c69f13cf3090628e83f8d668bc92fe165
Q10_HPC_HANDOFF_PACKAGE/runs/rep71_catalogue/catalogue.audit.log	98	8bdcd803e737b86bb3b563cb831f5ac145330579fa521510cf3f80fc4a68f9b9
Q10_HPC_HANDOFF_PACKAGE/runs/rep71_catalogue/result.json	1678	6a3b38235d6585a27ad6ca24f8d56582ece1e2595dc833f60977b1b05a48937a
Q10_HPC_HANDOFF_PACKAGE/runs/rep71_catalogue/run.meta.json	1798	571b2f8f1d6de53dfbb81aa0d248ac43d2d6a7ce70975dd5b627e406ea2e6d86
Q10_HPC_HANDOFF_PACKAGE/runs/rep71_catalogue/shard_audit.json	189	c20a5248828c9476e689e3a8dc2ea0c163175f69e6ad07ea7a92b5cbb4621ca8
Q10_HPC_HANDOFF_PACKAGE/runs/rep71_catalogue/summary.json	710	a05589f52061b671aaf5c074df6902d52c1d82f885f31fdb140910a2ed2111da
Q10_HPC_HANDOFF_PACKAGE/runs/rep71_join/audit.json	42691	8129d93427c694d457670b1b69e081fdda72b6482e1da28e3f43f8f8621ea19c
Q10_HPC_HANDOFF_PACKAGE/runs/rep71_join/audit.stderr	0	e3b0c44298fc1c149afbf4c8996fb92427ae41e4649b934ca495991b7852b855
Q10_HPC_HANDOFF_PACKAGE/runs/rep71_join/audit.stdout	42691	8129d93427c694d457670b1b69e081fdda72b6482e1da28e3f43f8f8621ea19c
Q10_HPC_HANDOFF_PACKAGE/runs/rep71_join/run.meta	369	140481836ed609fbe7916d480d10a6a305c2a83737b17ec85d7fd3ebf7c26ddb
Q10_HPC_HANDOFF_PACKAGE/runs/rep72_catalogue/catalogue.audit.log	98	68a8c1ba3497de61832139f34c7b37985a5e0019f8e48577f8de992a50208398
Q10_HPC_HANDOFF_PACKAGE/runs/rep72_catalogue/result.json	1678	a08b4deebdea506fdd546b09fda47fd730dd1ac8c65e75d5524a0c549234bfc0
Q10_HPC_HANDOFF_PACKAGE/runs/rep72_catalogue/run.meta.json	1798	a6db95ca6a0bb150bd993cf22f03cd41b11d635de7c24ab13cce48e69bd4939d
Q10_HPC_HANDOFF_PACKAGE/runs/rep72_catalogue/shard_audit.json	189	34964f436ccde02734fc5d5a5b0a2cb403a06012582075aa55f1bef3b478b6f4
Q10_HPC_HANDOFF_PACKAGE/runs/rep72_catalogue/summary.json	710	f11980bc15c3a4b1857d3373f8e0cb7aa277678be9e1c0db6acb1117c9fce5eb
Q10_HPC_HANDOFF_PACKAGE/runs/rep72_join/audit.json	42633	af8bca8f94d22cccdd83beac058818a98cd0290f4d177a455b216d14b336290e
Q10_HPC_HANDOFF_PACKAGE/runs/rep72_join/audit.stderr	0	e3b0c44298fc1c149afbf4c8996fb92427ae41e4649b934ca495991b7852b855
Q10_HPC_HANDOFF_PACKAGE/runs/rep72_join/audit.stdout	42633	af8bca8f94d22cccdd83beac058818a98cd0290f4d177a455b216d14b336290e
Q10_HPC_HANDOFF_PACKAGE/runs/rep72_join/run.meta	369	5ef02acdb4c6af08431287c5184649e466a07a144ca5119c9755d32f8f0be975
Q10_HPC_HANDOFF_PACKAGE/runs/rep73_catalogue/catalogue.audit.log	98	d1560fc56d26fca93414ebff5761599af4a87e281bb802440162eda1949711aa
Q10_HPC_HANDOFF_PACKAGE/runs/rep73_catalogue/result.json	1677	0f14e4396eb5b1743f0372ff354e77dc26b84687c73a76c29fa45c045c338db1
Q10_HPC_HANDOFF_PACKAGE/runs/rep73_catalogue/run.meta.json	1798	4a2628d4f6d197c004cb7ad680a2ed07b9bda2e569fd91a419a5a0fa0b883155
Q10_HPC_HANDOFF_PACKAGE/runs/rep73_catalogue/shard_audit.json	189	8f1decf47f66718dd388fcbd7547264b8c90ae361d45bb68cb5ed302012b2f30
Q10_HPC_HANDOFF_PACKAGE/runs/rep73_catalogue/summary.json	709	b1daff8aa06c5f5510586b2fa9eb0fd7616eebd0ef80e154811fc00478496b94
Q10_HPC_HANDOFF_PACKAGE/runs/rep73_join/audit.json	42657	c34ea850b3940bf2f5f12a9b8b73c09d57925b56b9da20a4c1b4bd979f0d7b16
Q10_HPC_HANDOFF_PACKAGE/runs/rep73_join/audit.stderr	0	e3b0c44298fc1c149afbf4c8996fb92427ae41e4649b934ca495991b7852b855
Q10_HPC_HANDOFF_PACKAGE/runs/rep73_join/audit.stdout	42657	c34ea850b3940bf2f5f12a9b8b73c09d57925b56b9da20a4c1b4bd979f0d7b16
Q10_HPC_HANDOFF_PACKAGE/runs/rep73_join/run.meta	369	a4eba767389e10919ec033570bb5034a64fd2b76d98416a9fe247859c1cee374
Q10_HPC_HANDOFF_PACKAGE/runs/rep74_catalogue/catalogue.audit.log	98	88513879474510477bae9ce7c1396b3dbfae187eab57622e24de1b914468b091
Q10_HPC_HANDOFF_PACKAGE/runs/rep74_catalogue/result.json	1674	06165e054834de1baca9c7ed00a402d74823928b9726449901eb13c744ad23f7
Q10_HPC_HANDOFF_PACKAGE/runs/rep74_catalogue/run.meta.json	1798	75ec91eee2e1514bcd30610a18cdb1f4c7f599997343827daef5f26d92519db4
Q10_HPC_HANDOFF_PACKAGE/runs/rep74_catalogue/shard_audit.json	189	c36ec3dfa51ed3d54af6fdb33310adbff5843378c6e31fd777245bfbe197a016
Q10_HPC_HANDOFF_PACKAGE/runs/rep74_catalogue/summary.json	709	0635668799827594aecaa21afdad7bc5cb3be9a47dae9d643561f8e80a4a93ac
Q10_HPC_HANDOFF_PACKAGE/runs/rep74_join/audit.json	42649	beabe37692fbf736b11b3cf81ab28fc50395ed884c52294dcd12a76823d02f73
Q10_HPC_HANDOFF_PACKAGE/runs/rep74_join/audit.stderr	0	e3b0c44298fc1c149afbf4c8996fb92427ae41e4649b934ca495991b7852b855
Q10_HPC_HANDOFF_PACKAGE/runs/rep74_join/audit.stdout	42649	beabe37692fbf736b11b3cf81ab28fc50395ed884c52294dcd12a76823d02f73
Q10_HPC_HANDOFF_PACKAGE/runs/rep74_join/run.meta	369	41e3ea96cc5fe383093d555e3d4b3c081d85ef7aca19db932257cceefac1a27b
Q10_HPC_HANDOFF_PACKAGE/runs/rep75_catalogue/catalogue.audit.log	98	07f8c20bef0cb6a6d0844ac60461a4ab4dbb81372d3b669226feb8d4693e3396
Q10_HPC_HANDOFF_PACKAGE/runs/rep75_catalogue/result.json	1670	4b27ee792082424ec4bee1182fffbec2e650ffea0ab694ad631fd42554b4f14b
Q10_HPC_HANDOFF_PACKAGE/runs/rep75_catalogue/run.meta.json	1798	fdb18e4402934ef266c567d71a8edeb349dd51735616a657582082daa6b8971f
Q10_HPC_HANDOFF_PACKAGE/runs/rep75_catalogue/shard_audit.json	189	acbf592f8c86e34fbd4fd024ab42b01d4f94653c0b6c9c0464b634febd9ad1d2
Q10_HPC_HANDOFF_PACKAGE/runs/rep75_catalogue/summary.json	702	cd56508ce2f6998c8843e0831a35ab66d0f84e576a79bdcd5b1f0feb75eefebf
Q10_HPC_HANDOFF_PACKAGE/runs/rep75_join/audit.json	42661	0f811ffd308f23fa55b0f07f2e47278e6a91c82d0f9e02f652c4d3240ffe61cf
Q10_HPC_HANDOFF_PACKAGE/runs/rep75_join/audit.stderr	0	e3b0c44298fc1c149afbf4c8996fb92427ae41e4649b934ca495991b7852b855
Q10_HPC_HANDOFF_PACKAGE/runs/rep75_join/audit.stdout	42661	0f811ffd308f23fa55b0f07f2e47278e6a91c82d0f9e02f652c4d3240ffe61cf
Q10_HPC_HANDOFF_PACKAGE/runs/rep75_join/run.meta	369	17a0bb2a4d915d8e20cf46e1acadd617893d66792448d1b792dfae3363da483c
Q10_HPC_HANDOFF_PACKAGE/runs/rep77_catalogue/catalogue.audit.log	100	004a3f8a282e25a638a66064bca456128c415196d43ca1746e24f4535a7a49d4
Q10_HPC_HANDOFF_PACKAGE/runs/rep77_catalogue/result.json	1682	7c63f16e3f2d4e25e47ac53f1d8478b749c464522f48e563b53de07042f06603
Q10_HPC_HANDOFF_PACKAGE/runs/rep77_catalogue/run.meta.json	1798	b2b93454d779bf5ccf77731efff3c0a02ae20651ba0aa14cca12af81ae23c899
Q10_HPC_HANDOFF_PACKAGE/runs/rep77_catalogue/shard_audit.json	190	c2ac2abef40ba29f0c69a9cb8186f54cc70ab76ba456f5f17f60a65d4afe5e62
Q10_HPC_HANDOFF_PACKAGE/runs/rep77_catalogue/summary.json	711	6b31d3d6405ab0975973220dd5d594eacab8d039bceb487f0e16271194ccc3fe
Q10_HPC_HANDOFF_PACKAGE/runs/rep77_join/audit.json	42803	01561f11d57f00524740e9829ac44ec016fe4c37e9623ac643550d1672e3f44d
Q10_HPC_HANDOFF_PACKAGE/runs/rep77_join/audit.stderr	0	e3b0c44298fc1c149afbf4c8996fb92427ae41e4649b934ca495991b7852b855
Q10_HPC_HANDOFF_PACKAGE/runs/rep77_join/audit.stdout	42803	01561f11d57f00524740e9829ac44ec016fe4c37e9623ac643550d1672e3f44d
Q10_HPC_HANDOFF_PACKAGE/runs/rep77_join/run.meta	370	96493bcab6f06109fc586110dc50a4d703fab2dfa84389f9be241925b2272fa9
Q10_HPC_HANDOFF_PACKAGE/runs/rep78_catalogue/catalogue.audit.log	98	5f8275faf6e1f91598124c62786fd8d4daf00f2526821e6b0252b5eade34b1d9
Q10_HPC_HANDOFF_PACKAGE/runs/rep78_catalogue/result.json	1677	0f7f73354224684a35253a08d6a839b4cd8c4f39e80cc1530a3151f078229632
Q10_HPC_HANDOFF_PACKAGE/runs/rep78_catalogue/run.meta.json	1798	c494a178d9ba83a82e0e66289439105492a47cf972b2da37159e6ce8c5c6cbf1
Q10_HPC_HANDOFF_PACKAGE/runs/rep78_catalogue/shard_audit.json	189	6fdf583c36570b519639c93cc791195fd54f4174f0ad520f8209ba1f638f9f01
Q10_HPC_HANDOFF_PACKAGE/runs/rep78_catalogue/summary.json	709	2b7a23878d181a587f9d43fb26bfac826ca851927f01ba7f4e0ddd0006be0bcf
Q10_HPC_HANDOFF_PACKAGE/runs/rep78_join/audit.json	42701	503a505f5933fc113e757fd095c1a8506b3993bf57e143efd931534d6ecabd54
Q10_HPC_HANDOFF_PACKAGE/runs/rep78_join/audit.stderr	0	e3b0c44298fc1c149afbf4c8996fb92427ae41e4649b934ca495991b7852b855
Q10_HPC_HANDOFF_PACKAGE/runs/rep78_join/audit.stdout	42701	503a505f5933fc113e757fd095c1a8506b3993bf57e143efd931534d6ecabd54
Q10_HPC_HANDOFF_PACKAGE/runs/rep78_join/run.meta	369	62e457e4e75ae704ebb28d06a8dc09f2e185845d02ca7f4528d6ce10a29e5ebd
Q10_HPC_HANDOFF_PACKAGE/runs/rep79_catalogue/catalogue.audit.log	98	e53be09832b24f213a0fba7637a1878e36b0c1cc75ce66c0d327632cc5a0e833
Q10_HPC_HANDOFF_PACKAGE/runs/rep79_catalogue/result.json	1678	6d73ee3b1aeed469046d947717c317b355edf69b8f17e728243c4fb6305bd9de
Q10_HPC_HANDOFF_PACKAGE/runs/rep79_catalogue/run.meta.json	1798	360388e1283119020ed8dbe13698eadd66632ae0d382b37304b336b8d64b2479
Q10_HPC_HANDOFF_PACKAGE/runs/rep79_catalogue/shard_audit.json	189	0707238418bb2ac29cc392dabdc1eb85964636363317f74591795cd7f1f30187
Q10_HPC_HANDOFF_PACKAGE/runs/rep79_catalogue/summary.json	710	beb8345343726e28a8a179e060e69c0958c76ba7df64ff46ee1c8cc8211fa1b0
Q10_HPC_HANDOFF_PACKAGE/runs/rep79_join/audit.json	42646	28a24f647ad6fbf2001674f3b596b8aa928a8cad9fe2c3787f0c05093885f021
Q10_HPC_HANDOFF_PACKAGE/runs/rep79_join/audit.stderr	0	e3b0c44298fc1c149afbf4c8996fb92427ae41e4649b934ca495991b7852b855
Q10_HPC_HANDOFF_PACKAGE/runs/rep79_join/audit.stdout	42646	28a24f647ad6fbf2001674f3b596b8aa928a8cad9fe2c3787f0c05093885f021
Q10_HPC_HANDOFF_PACKAGE/runs/rep79_join/run.meta	369	4c92e7da220cfa1eca533a5b06dbdfde08a3db01d2100ad8d4dad3210920dfdb
Q10_HPC_HANDOFF_PACKAGE/runs/rep7_catalogue/catalogue.audit.log	101	7f8e62caf748beb65776d80568201506da50dcdc6d7895118fa59521c18200fa
Q10_HPC_HANDOFF_PACKAGE/runs/rep7_catalogue/result.json	1683	a0e552dcc07c08d0359f844a0a3c2e564d6a94ee99e85a8288a033384041f440
Q10_HPC_HANDOFF_PACKAGE/runs/rep7_catalogue/run.meta.json	1798	3f8d46623cc37aabd12e0255aaacd37158cfc38336895d76fa2252cedf5c561c
Q10_HPC_HANDOFF_PACKAGE/runs/rep7_catalogue/shard_audit.json	190	76954f9d014ff279e7d1a6ef9a32de5fe46f9514a4daf8987e102801cbcee8ec
Q10_HPC_HANDOFF_PACKAGE/runs/rep7_catalogue/summary.json	711	b293afe8276cae18b4012d7c8e4a6d801e04e4b6ed3be2748d1108cf0f3635f3
Q10_HPC_HANDOFF_PACKAGE/runs/rep7_join/audit.json	42913	7f313bfc2601021a61bb81b9755a030705387b252f6fd14118fe3106bc3f4383
Q10_HPC_HANDOFF_PACKAGE/runs/rep7_join/audit.stderr	0	e3b0c44298fc1c149afbf4c8996fb92427ae41e4649b934ca495991b7852b855
Q10_HPC_HANDOFF_PACKAGE/runs/rep7_join/audit.stdout	42913	7f313bfc2601021a61bb81b9755a030705387b252f6fd14118fe3106bc3f4383
Q10_HPC_HANDOFF_PACKAGE/runs/rep7_join/run.meta	368	09aafd8176f9a18c3605988602473b90e56b49e3651f181ad3c70decdf89d07a
Q10_HPC_HANDOFF_PACKAGE/runs/rep80_catalogue/catalogue.audit.log	98	1888b0420c1e8542e08197b70d31be07df2078687fea52cfa17cafdb68c5a029
Q10_HPC_HANDOFF_PACKAGE/runs/rep80_catalogue/result.json	1675	aa47a7175a895953f3a17c576c505f4d5386be2597e4a084fdbca6d5397b2f5d
Q10_HPC_HANDOFF_PACKAGE/runs/rep80_catalogue/run.meta.json	1798	4ca69bc4606851423c1ea2a587ae0a0061c0686e9c9c13d9248d3e8337185213
Q10_HPC_HANDOFF_PACKAGE/runs/rep80_catalogue/shard_audit.json	189	78278b7defae801162d37d9196e83dda3830cb1e9bcbbac4f76aff6fa7ccad1b
Q10_HPC_HANDOFF_PACKAGE/runs/rep80_catalogue/summary.json	708	75239dc4c3677dfd45fa6a3266e8f1f9ea25e8978b4df67c244668eb395e4e13
Q10_HPC_HANDOFF_PACKAGE/runs/rep80_join/audit.json	42653	79c2fec462203c5e13258d2c760a85743b3a976a40220884400fdff1dd9e5eec
Q10_HPC_HANDOFF_PACKAGE/runs/rep80_join/audit.stderr	0	e3b0c44298fc1c149afbf4c8996fb92427ae41e4649b934ca495991b7852b855
Q10_HPC_HANDOFF_PACKAGE/runs/rep80_join/audit.stdout	42653	79c2fec462203c5e13258d2c760a85743b3a976a40220884400fdff1dd9e5eec
Q10_HPC_HANDOFF_PACKAGE/runs/rep80_join/run.meta	369	6269eb878367478a8551edaf733190d88442866f4e8c94ac25a047b4b49e2719
Q10_HPC_HANDOFF_PACKAGE/runs/rep81_catalogue/catalogue.audit.log	101	0163273b6da9b155a4d693d17ddd135e761a83ef7af2b9a9af3570349ed1d3a6
Q10_HPC_HANDOFF_PACKAGE/runs/rep81_catalogue/result.json	1685	95c63e8c100908fcf690a1b04af030b2a9245d894b17236bcde4c8a0d971de31
Q10_HPC_HANDOFF_PACKAGE/runs/rep81_catalogue/run.meta.json	1798	3efde1ba1a959ba7f4e021c577670ef2410e424d12578b05f1ff3f439ba73184
Q10_HPC_HANDOFF_PACKAGE/runs/rep81_catalogue/shard_audit.json	190	9e41cef09030327d1777314d19c30781d667f27dab607192b4ab1f5ecad48b83
Q10_HPC_HANDOFF_PACKAGE/runs/rep81_catalogue/summary.json	712	9a5d70abcf14527b2bd11597cac7cf6d1b547b6b844a3bd5a069391c95e40588
Q10_HPC_HANDOFF_PACKAGE/runs/rep81_join/audit.json	42980	39768551db791c20541012956f644e1982e34a512460ef283c5543bdc7137b16
Q10_HPC_HANDOFF_PACKAGE/runs/rep81_join/audit.stderr	0	e3b0c44298fc1c149afbf4c8996fb92427ae41e4649b934ca495991b7852b855
Q10_HPC_HANDOFF_PACKAGE/runs/rep81_join/audit.stdout	42980	39768551db791c20541012956f644e1982e34a512460ef283c5543bdc7137b16
Q10_HPC_HANDOFF_PACKAGE/runs/rep81_join/run.meta	370	2f7144ebb2a60a24a6f734a6389fa6c5e08808657a59444baee6f79ff2b8f8c2
Q10_HPC_HANDOFF_PACKAGE/runs/rep82_catalogue/catalogue.audit.log	98	54331b4ddeed4fb6a315c5b937d182c44a965345822c45b0113850b2d199163a
Q10_HPC_HANDOFF_PACKAGE/runs/rep82_catalogue/result.json	1677	364b6cddb4c5e6102cfa0810c060d26da5939503fdeba93da7ff3529decf8883
Q10_HPC_HANDOFF_PACKAGE/runs/rep82_catalogue/run.meta.json	1798	6e9c0449f9812fad53ca264cc8996d49f06a8f59126eae7d3c8c298314ebad6f
Q10_HPC_HANDOFF_PACKAGE/runs/rep82_catalogue/shard_audit.json	189	eee6c99787bb8dc1202533b3341949eedf6f2de6d35fe3b9ca20b1fb27192f7f
Q10_HPC_HANDOFF_PACKAGE/runs/rep82_catalogue/summary.json	710	6bb04b434a3e7d8cc3bb2eee0c85130ea12baacdad52e026d01fbe94be41fe7a
Q10_HPC_HANDOFF_PACKAGE/runs/rep82_join/audit.json	42793	66fe04056969b9bb10a486cd548638f297473a8c235bd7d162d934b545ed18e2
Q10_HPC_HANDOFF_PACKAGE/runs/rep82_join/audit.stderr	0	e3b0c44298fc1c149afbf4c8996fb92427ae41e4649b934ca495991b7852b855
Q10_HPC_HANDOFF_PACKAGE/runs/rep82_join/audit.stdout	42793	66fe04056969b9bb10a486cd548638f297473a8c235bd7d162d934b545ed18e2
Q10_HPC_HANDOFF_PACKAGE/runs/rep82_join/run.meta	369	38d72a3dd8ebd278a3c63f211d97a08ae8e95e5a670ddd4235d53e8cba9d5230
Q10_HPC_HANDOFF_PACKAGE/runs/rep83_catalogue/catalogue.audit.log	98	4cb0010a8c0d384401b8f506fb389dd13588fae7bdb98a4c1851ca7624ca1ddb
Q10_HPC_HANDOFF_PACKAGE/runs/rep83_catalogue/result.json	1678	bb027999d1103e5f27f8b08ef12ee34746d9567b34c34d4f6704136e6324b956
Q10_HPC_HANDOFF_PACKAGE/runs/rep83_catalogue/run.meta.json	1798	a95add632f639a0e380b2cef49519836abfd42afe9201d7c2fd7c8a8bf20db60
Q10_HPC_HANDOFF_PACKAGE/runs/rep83_catalogue/shard_audit.json	189	7bd36e0ff73405d8b760a2877c0006bd3dee2869736a0917f7d04a5681d16407
Q10_HPC_HANDOFF_PACKAGE/runs/rep83_catalogue/summary.json	710	2ea238b252b0a9097e045c4ef322342639f0b84f11a362530b790654a805fb82
Q10_HPC_HANDOFF_PACKAGE/runs/rep83_join/audit.json	42564	f4d5a7854e6a67efb10a17ca4fd67a72d9130ebbc424c573ee372f482a2521fc
Q10_HPC_HANDOFF_PACKAGE/runs/rep83_join/audit.stderr	0	e3b0c44298fc1c149afbf4c8996fb92427ae41e4649b934ca495991b7852b855
Q10_HPC_HANDOFF_PACKAGE/runs/rep83_join/audit.stdout	42564	f4d5a7854e6a67efb10a17ca4fd67a72d9130ebbc424c573ee372f482a2521fc
Q10_HPC_HANDOFF_PACKAGE/runs/rep83_join/run.meta	369	e15f46ec9bf0eed554c26fc0ae570a236ad1692f86d05cc07a5d5e87c8d12b1f
Q10_HPC_HANDOFF_PACKAGE/runs/rep84_catalogue/catalogue.audit.log	98	5945496b9f45f42715c49411e22fa16c75bb01ec2b52d4230095c69493191cbb
Q10_HPC_HANDOFF_PACKAGE/runs/rep84_catalogue/result.json	1676	89c3cd6022a9136765329dfefe67c74f62ff75bc27c36c74413de0fed96ac178
Q10_HPC_HANDOFF_PACKAGE/runs/rep84_catalogue/run.meta.json	1798	5a37839469f26485e0f9dffef8e36b519073b842cc12e5f6cb43e6a7ef811c61
Q10_HPC_HANDOFF_PACKAGE/runs/rep84_catalogue/shard_audit.json	189	cdefe32447aeb43894c08a98cec30cd0346bb7a04970f2e2b00abc7f8ed449ee
Q10_HPC_HANDOFF_PACKAGE/runs/rep84_catalogue/summary.json	709	c7d2b6305d55a6450f4ccc4d0273a504418124441f5065e5ccc5ff300f7e0083
Q10_HPC_HANDOFF_PACKAGE/runs/rep84_join/audit.json	42697	0b7ab6434fc9668880830c9dc0b13e52da5206a142505fc4a08f7bf50bc13058
Q10_HPC_HANDOFF_PACKAGE/runs/rep84_join/audit.stderr	0	e3b0c44298fc1c149afbf4c8996fb92427ae41e4649b934ca495991b7852b855
Q10_HPC_HANDOFF_PACKAGE/runs/rep84_join/audit.stdout	42697	0b7ab6434fc9668880830c9dc0b13e52da5206a142505fc4a08f7bf50bc13058
Q10_HPC_HANDOFF_PACKAGE/runs/rep84_join/run.meta	369	89be2dffe18f86f366684b2694d3f5aa5d419b787d2a4fdd795666c9c17ebca2
Q10_HPC_HANDOFF_PACKAGE/runs/rep85_catalogue/catalogue.audit.log	98	7dde17b038a79ab99ea823e1e2e17d24034d77c9fbe194d56ba9525981fad9ab
Q10_HPC_HANDOFF_PACKAGE/runs/rep85_catalogue/result.json	1677	ff36d39801c97fab9b4c82c216303865f9c5dca8821340ca6515c6039997c881
Q10_HPC_HANDOFF_PACKAGE/runs/rep85_catalogue/run.meta.json	1798	1dd6faa9414726776de0901cb028593845349e8a9edcc87e9fd3e2b76df00bd8
Q10_HPC_HANDOFF_PACKAGE/runs/rep85_catalogue/shard_audit.json	189	4e79586a794a767ed834bdf9613fd43ccef786a47116fb346fa25882337e3a4a
Q10_HPC_HANDOFF_PACKAGE/runs/rep85_catalogue/summary.json	710	29752767a0315e4da2414e24ab9e5b5776ab1f52f434a1413fd3c37b05641e79
Q10_HPC_HANDOFF_PACKAGE/runs/rep85_join/audit.json	42531	bba3c28c6aefbb7cacad224216683a0d334dfaada26d6e5ed6b27209992c75b4
Q10_HPC_HANDOFF_PACKAGE/runs/rep85_join/audit.stderr	0	e3b0c44298fc1c149afbf4c8996fb92427ae41e4649b934ca495991b7852b855
Q10_HPC_HANDOFF_PACKAGE/runs/rep85_join/audit.stdout	42531	bba3c28c6aefbb7cacad224216683a0d334dfaada26d6e5ed6b27209992c75b4
Q10_HPC_HANDOFF_PACKAGE/runs/rep85_join/run.meta	369	5bfbb463392f349c2b300e6af006527242feff861387fcc99aded208fe5da437
Q10_HPC_HANDOFF_PACKAGE/runs/rep86_catalogue/catalogue.audit.log	98	3d5296442feebf7c0ba4a2054c9c7220b971d30256c62d96a67e38957e132942
Q10_HPC_HANDOFF_PACKAGE/runs/rep86_catalogue/result.json	1677	dc001881865d373eb0712b2542b5b8341e4f3094a13c1bf037b0629a4558681a
Q10_HPC_HANDOFF_PACKAGE/runs/rep86_catalogue/run.meta.json	1798	24c131a72165a2920385e4b2fac2796e00c8e4f3abe24d259edd8bf80e0b0d6f
Q10_HPC_HANDOFF_PACKAGE/runs/rep86_catalogue/shard_audit.json	189	aa23e649c87a0d2b1f09ab96772860d2151192b1e7700dcb5fd0bc92e94b33d3
Q10_HPC_HANDOFF_PACKAGE/runs/rep86_catalogue/summary.json	710	77887617e84273b1c929441609a73f6983c8e8220176609a440c61b5ac270a84
Q10_HPC_HANDOFF_PACKAGE/runs/rep86_join/audit.json	42528	34c9f115c3dba57345d34ed266ac3b29ce49bfc1b6f57f349ae1e0359cd18681
Q10_HPC_HANDOFF_PACKAGE/runs/rep86_join/audit.stderr	0	e3b0c44298fc1c149afbf4c8996fb92427ae41e4649b934ca495991b7852b855
Q10_HPC_HANDOFF_PACKAGE/runs/rep86_join/audit.stdout	42528	34c9f115c3dba57345d34ed266ac3b29ce49bfc1b6f57f349ae1e0359cd18681
Q10_HPC_HANDOFF_PACKAGE/runs/rep86_join/run.meta	369	7fc6c2a43053d52abe95f7704103b064c33d260d5e32140e4006a6b0afdd26de
Q10_HPC_HANDOFF_PACKAGE/runs/rep87_catalogue/catalogue.audit.log	98	4d48ed533772730cd3874c96ce72e45c3d4dd52b990d112c7d81e3986578dd9b
Q10_HPC_HANDOFF_PACKAGE/runs/rep87_catalogue/result.json	1676	e86f246627295c8c9196c80cbf8796ca81067e9dba2e288e367ae7d503fea139
Q10_HPC_HANDOFF_PACKAGE/runs/rep87_catalogue/run.meta.json	1798	60d7fa6e31810991770fa0cee4a091688866d36ebc7a7d8e43b23d811b4ec838
Q10_HPC_HANDOFF_PACKAGE/runs/rep87_catalogue/shard_audit.json	189	25273a1af7ccc5f40a9a868ed452d9f025d7e0841a907df882135695f10ceda9
Q10_HPC_HANDOFF_PACKAGE/runs/rep87_catalogue/summary.json	709	067cf04b2565b253dfe884e6fff6ec2af16f9a2dbef35fb604473d98d00d11b8
Q10_HPC_HANDOFF_PACKAGE/runs/rep87_join/audit.json	42710	36e1b61715bea2427afa537a8925c64a9d75034a0cf7f8f74c143da6e423dd05
Q10_HPC_HANDOFF_PACKAGE/runs/rep87_join/audit.stderr	0	e3b0c44298fc1c149afbf4c8996fb92427ae41e4649b934ca495991b7852b855
Q10_HPC_HANDOFF_PACKAGE/runs/rep87_join/audit.stdout	42710	36e1b61715bea2427afa537a8925c64a9d75034a0cf7f8f74c143da6e423dd05
Q10_HPC_HANDOFF_PACKAGE/runs/rep87_join/run.meta	369	48ceb3eae0b0b97b86bd6b3e46c3c775d2a31190200f683d65b0329f5478db1f
Q10_HPC_HANDOFF_PACKAGE/runs/rep8_catalogue/catalogue.audit.log	98	803644035e44b08b6da19bf37948857a234b39970b75a378549381fa58930762
Q10_HPC_HANDOFF_PACKAGE/runs/rep8_catalogue/result.json	1676	9516f959b1b14f58f60b35f4af0bfc3781a41a122edd3fe588b8f6aeb4804548
Q10_HPC_HANDOFF_PACKAGE/runs/rep8_catalogue/run.meta.json	1798	4d8ec0ab518893b9a6f18dc822e39c4f047dd1667a851520495fc8f9e154448d
Q10_HPC_HANDOFF_PACKAGE/runs/rep8_catalogue/shard_audit.json	189	afc772f4d6b35972e733585a412747590c00d2e077a8d9cdd41858daf4518d9e
Q10_HPC_HANDOFF_PACKAGE/runs/rep8_catalogue/summary.json	708	d2e3a355cc0afe9366ed923bf5586a59529fbfa153562cc2b99a383e4aa9e33d
Q10_HPC_HANDOFF_PACKAGE/runs/rep8_join/audit.json	42675	35f53912642e3ff9717f83126c344ffe189e41f3c38fd22c43e5ca2ffc4a203c
Q10_HPC_HANDOFF_PACKAGE/runs/rep8_join/audit.stderr	0	e3b0c44298fc1c149afbf4c8996fb92427ae41e4649b934ca495991b7852b855
Q10_HPC_HANDOFF_PACKAGE/runs/rep8_join/audit.stdout	42675	35f53912642e3ff9717f83126c344ffe189e41f3c38fd22c43e5ca2ffc4a203c
Q10_HPC_HANDOFF_PACKAGE/runs/rep8_join/run.meta	367	e848430ebc7e0fbd6a9211fe39407ba0f488b15f4874a8458eb3618306e2fdc7
Q10_HPC_HANDOFF_PACKAGE/runs/rep9_catalogue/catalogue.audit.log	102	5c27eb5d92e4d33a8180bc6365416f5488215e422b68f9760e1941f5d3fcfccc
Q10_HPC_HANDOFF_PACKAGE/runs/rep9_catalogue/result.json	1687	dab8582df75796c9b3427d65d2c2f29bbc788585da1e56cfb8f664457a21e45b
Q10_HPC_HANDOFF_PACKAGE/runs/rep9_catalogue/run.meta.json	1798	42fa03ca001c2d760ba41581c4431f715259b3e62d446f7ae64c1136001ea64f
Q10_HPC_HANDOFF_PACKAGE/runs/rep9_catalogue/shard_audit.json	190	f531454e10efa55a54d2c03caca70e82c347a9a929bebbd84719a447eec6b6a2
Q10_HPC_HANDOFF_PACKAGE/runs/rep9_catalogue/summary.json	713	671659814153cd95312753dded35b11fb818d58c9167007db10114b0b83f2db1
Q10_HPC_HANDOFF_PACKAGE/runs/rep9_join/audit.json	42955	a154e8dfffa886913e8a9dc99faf69076f33f8303b33b2203757405dbe5fa518
Q10_HPC_HANDOFF_PACKAGE/runs/rep9_join/audit.stderr	0	e3b0c44298fc1c149afbf4c8996fb92427ae41e4649b934ca495991b7852b855
Q10_HPC_HANDOFF_PACKAGE/runs/rep9_join/audit.stdout	42955	a154e8dfffa886913e8a9dc99faf69076f33f8303b33b2203757405dbe5fa518
Q10_HPC_HANDOFF_PACKAGE/runs/rep9_join/run.meta	368	cb4e360cff411b279f6881946ec91b566347c12c57d9a7803f1584dc8ea23e36
Q10_HPC_HANDOFF_PACKAGE/work/math_agent/nonextendible_structure/audit_cap_catalogue.py	8571	3749ab11a87f5f8dd6a9d85b1d68b98118a2fdbf8e2c1a521dce5908d187aef1
Q10_HPC_HANDOFF_PACKAGE/work/math_agent/nonextendible_structure/audit_exhausted_representatives.py	8928	c8554232a79b0466a7f17a590cd8a64e03eebff0b54532476a5262dabf874520
Q10_HPC_HANDOFF_PACKAGE/work/math_agent/nonextendible_structure/audit_join_shards.py	12044	b5f575ee5055a8a05ed5e6f6f939b77b8718a697770d01e16943e95d5ae34620
Q10_HPC_HANDOFF_PACKAGE/work/math_agent/nonextendible_structure/audit_rep53_result.py	10124	2406ccead4a2ec9610769b0a34848f56bc15e1fea17f46bdf2fcfe4121751ba5
Q10_HPC_HANDOFF_PACKAGE/work/math_agent/nonextendible_structure/rep17_join_shards/audit.json	43001	1a1e53961999d341f77124f0bb6004bb497c52f49a742f93b9da549516aa451b
Q10_HPC_HANDOFF_PACKAGE/work/math_agent/nonextendible_structure/rep17_join_shards/audit.stdout	43001	1a1e53961999d341f77124f0bb6004bb497c52f49a742f93b9da549516aa451b
Q10_HPC_HANDOFF_PACKAGE/work/math_agent/nonextendible_structure/rep17_join_shards/audit.time	777	43caac6f79242e391a1565aa1a0d1b4eb9742fd7870ae180eb2d75d4b739be94
Q10_HPC_HANDOFF_PACKAGE/work/math_agent/nonextendible_structure/rep17_join_shards/run.meta	535	d683efb84502d511d4b006bb21d16cc246f28739600f88f6674aeecad27a78c6
Q10_HPC_HANDOFF_PACKAGE/work/math_agent/nonextendible_structure/rep17_result_meta.json	3074	b395ad69fd70de46989472e096fd71a98cfba55d1c202bd6c8609211618412e4
Q10_HPC_HANDOFF_PACKAGE/work/math_agent/nonextendible_structure/rep53_capset_join.out	0	e3b0c44298fc1c149afbf4c8996fb92427ae41e4649b934ca495991b7852b855
Q10_HPC_HANDOFF_PACKAGE/work/math_agent/nonextendible_structure/rep53_capset_join.time	813	edbcb43bea8e7d1533664be8e9d9cda3bee44e63d36792820222d07066f3d5ed
Q10_HPC_HANDOFF_PACKAGE/work/math_agent/nonextendible_structure/rep53_result_audit.json	1466	f0c4fd33aafad7ab8ef04efd26cc5a319f1e388cec40bab8940e8bc7d3f03b51
Q10_HPC_HANDOFF_PACKAGE/work/math_agent/nonextendible_structure/rep53_result_audit.stdout	1466	f0c4fd33aafad7ab8ef04efd26cc5a319f1e388cec40bab8940e8bc7d3f03b51
Q10_HPC_HANDOFF_PACKAGE/work/math_agent/nonextendible_structure/rep53_result_audit.time	777	ca82bafe0abb9466e5324f19c68beca7850849048fd97b11995fce6c7f2ecfbd
Q10_HPC_HANDOFF_PACKAGE/work/math_agent/nonextendible_structure/rep76_completion_blockers.out	534	7e4dbade1302b3a93a3c40fb6f4400a60f95b485616dbf464c11478a3571fef5
Q10_HPC_HANDOFF_PACKAGE/work/math_agent/nonextendible_structure/rep76_join_shards/audit.json	42693	a0a2e04c66881927f7c28ca079a404594c82f5a8fb5ac758eb4c215d2ef645a5
Q10_HPC_HANDOFF_PACKAGE/work/math_agent/nonextendible_structure/rep76_join_shards/audit.stdout	42693	a0a2e04c66881927f7c28ca079a404594c82f5a8fb5ac758eb4c215d2ef645a5
Q10_HPC_HANDOFF_PACKAGE/work/math_agent/nonextendible_structure/rep76_join_shards/run.meta	534	389961bb4ae0c9b4dbe6345e6c1cd50e14b247ebbd4a7ab60c250d494976851a
Q10_HPC_HANDOFF_PACKAGE/work/math_agent/nonextendible_structure/rep76_result_meta.json	3718	6245bb355cd963c8c33c6421a950596540c1fb08424f99a67d6bbe795e32c37d
Q10_HPC_HANDOFF_PACKAGE/work/math_agent/nonextendible_structure/rep88_completion_blockers.out	535	d7e318ce11fea60f3566796af84958113a3578b610d7a0039aae8b3e622ca22c
Q10_HPC_HANDOFF_PACKAGE/work/math_agent/nonextendible_structure/rep88_join_shards/audit.json	42670	833d6380c9d1620b800cadfb8c6388be4dbbbada721677e1f38e6997840c2b61
Q10_HPC_HANDOFF_PACKAGE/work/math_agent/nonextendible_structure/rep88_join_shards/audit.stdout	42670	833d6380c9d1620b800cadfb8c6388be4dbbbada721677e1f38e6997840c2b61
Q10_HPC_HANDOFF_PACKAGE/work/math_agent/nonextendible_structure/rep88_join_shards/run.meta	541	f7065a77cd3a1a5f3df1e878bea1f55953caadabd6309e1c2a513e37d812c65b
Q10_HPC_HANDOFF_PACKAGE/work/math_agent/nonextendible_structure/rep88_result_meta.json	3907	80e4e80ec612d635f797a85a9b184449181d566ad8b7c280d9260b7a91d03079
Q10_HPC_HANDOFF_PACKAGE/work/package/Q10_ULTRA_RESEARCH_LEAN_20260802/data/caps22_d4.hex	2848	234108ff1e1922c5385eb7714c799a677d10913396427ec17e7aa8e411621e40
Q10_HPC_HANDOFF_PACKAGE/work/solver_agent/audit_cap20_shards.py	3710	4413354a44f069c5fa20a595e9606d806730c9b25c00223692c83076afb0767d
Q10_HPC_HANDOFF_PACKAGE/work/solver_agent/cap20_rep17_all_masks_v4.hex	32073088	d6e04b6b027de103703ea903c191233dbaa0764df9fafb206d669aec3145dcc3
Q10_HPC_HANDOFF_PACKAGE/work/solver_agent/cap20_rep17_v4_shards.audit.json	190	315ee46096de786c82da0cab13cd4b36ec518550b5f5e4b880069b5d9613271a
Q10_HPC_HANDOFF_PACKAGE/work/solver_agent/cap20_rep17_v4_shards.log	606441	64b8994beef00efc9c894fad0a85f54c5d257be3e4b0163b8c2d5dbfef24250a
Q10_HPC_HANDOFF_PACKAGE/work/solver_agent/cap20_rep17_v4_shards.summary.json	672	28c56a4796ce97413649f7d49410dce7dc31d08f0a007e830134e9fbb386a75e
Q10_HPC_HANDOFF_PACKAGE/work/solver_agent/cap20_rep1_runner_v1/catalogue.audit.log	102	7224321fa99f42c4e68aa87ff97721072630598d5dbe2ce0904a15560cdc564f
Q10_HPC_HANDOFF_PACKAGE/work/solver_agent/cap20_rep1_runner_v1/result.json	1746	97d09b7dbeaa1e1fb5af43eecebd55320244863006e31a7bceabe5166a6ae076
Q10_HPC_HANDOFF_PACKAGE/work/solver_agent/cap20_rep1_runner_v1/run.meta.json	2100	84ad3eb6acea69a56c463fcd42692ccfc08bdb70a6e44b5043d439d46d5e5778
Q10_HPC_HANDOFF_PACKAGE/work/solver_agent/cap20_rep1_runner_v1/shard_audit.json	190	34c163e5e9dc81339a62cb8ca81a87eae8ad6ef8c8e8849a640ca44b04222e7e
Q10_HPC_HANDOFF_PACKAGE/work/solver_agent/cap20_rep1_runner_v1/summary.json	773	7d08f4c435a2ab49da72454d4a63f3b8cac3671263bec0fb5147b2498f84f3ae
Q10_HPC_HANDOFF_PACKAGE/work/solver_agent/cap20_rep53_all_masks_v4.hex	9266880	54ef39928a170625452cf843def3d86d0e242478405a4097236e5c6b3e150f34
Q10_HPC_HANDOFF_PACKAGE/work/solver_agent/cap20_rep53_v4_shards.audit.json	189	44cdf1ad09d16e5f7c2c9e58378b60ac4d020b5aa3099e4116f9e05b677270df
Q10_HPC_HANDOFF_PACKAGE/work/solver_agent/cap20_rep53_v4_shards.log	599019	c76456159c1795828e0d5114d14dd09f091b24f94cfce4af8b89883bba6f671b
Q10_HPC_HANDOFF_PACKAGE/work/solver_agent/cap20_rep53_v4_shards.summary.json	671	8b20b775f9a7ff886976ca4820edeae9d1d77aeedafd66dc5bbc854c5283cbcc
Q10_HPC_HANDOFF_PACKAGE/work/solver_agent/cap20_rep76_all_masks_v4.hex	8072928	d4b6ba4d66754097779b6d82c162a5db70577cb0ffc4a35731db72af6756ce5f
Q10_HPC_HANDOFF_PACKAGE/work/solver_agent/cap20_rep76_v4_shards.audit.json	189	01df83c81f79aba78b150b8049c4984bd936088d7634e1adabcc5f3029563cc8
Q10_HPC_HANDOFF_PACKAGE/work/solver_agent/cap20_rep76_v4_shards.log	598166	c7ad839e7eb4c2b660f962a01497fa95fac871a1b42c5cdafb34815eac68285c
Q10_HPC_HANDOFF_PACKAGE/work/solver_agent/cap20_rep76_v4_shards.summary.json	672	a2c8b6f282b5b7b2f06e29bb18fe15542765cbec37d9cbba919f6ac4c9581038
Q10_HPC_HANDOFF_PACKAGE/work/solver_agent/cap20_rep88_runner_v1/all_masks.hex	3529696	6d9944f33a2689d5c2fdfaaf9158392e160fee62bb032d2a035e52723dcc353f
Q10_HPC_HANDOFF_PACKAGE/work/solver_agent/cap20_rep88_runner_v1/catalogue.audit.log	97	8b451e8c303d9911f2c2778ace1996f31101f2d0dbb8f5a8decac4e67010a1ff
Q10_HPC_HANDOFF_PACKAGE/work/solver_agent/cap20_rep88_runner_v1/result.json	1734	3bb087ae2e9ca37c346dfa41ad360c9f13d7ac3960748d9baec33756b834269d
Q10_HPC_HANDOFF_PACKAGE/work/solver_agent/cap20_rep88_runner_v1/run.meta.json	2100	88be253b54a5146fc03a70ee0cc6ebdc54a4d38eeafa88565ff2a6a26d6e18ca
Q10_HPC_HANDOFF_PACKAGE/work/solver_agent/cap20_rep88_runner_v1/shard_audit.json	189	28ed73f5864baedf99b1112dbe58e05b5c461ca281c7f4e0cd76a5a60448b5b8
Q10_HPC_HANDOFF_PACKAGE/work/solver_agent/cap20_rep88_runner_v1/summary.json	768	8e729ab470feb35a6f359bd616a16612499b236365a077c29ce0b64c214c7c7b
